Parameter,Object,Object timestamp,Writable,Writable timestamp,Value,Value type,Value timestamp,Notification,Notification timestamp,Access list,Access list timestamp
DeviceID.ID,false,2026-08-08T18:51:06.893Z,false,2026-08-08T18:51:06.893Z,"000271-ZNID24xx-5a4e54530318c3f9",xsd:string,2026-08-08T18:51:06.893Z,,,,
DeviceID.Manufacturer,false,2026-08-08T18:51:06.893Z,false,2026-08-08T18:51:06.893Z,"Zhone",xsd:string,2026-08-08T18:51:06.893Z,,,,
DeviceID.OUI,false,2026-08-08T18:51:06.893Z,false,2026-08-08T18:51:06.893Z,"000271",xsd:string,2026-08-08T18:51:06.893Z,,,,
DeviceID.ProductClass,false,2026-08-08T18:51:06.893Z,false,2026-08-08T18:51:06.893Z,"ZNID24xx",xsd:string,2026-08-08T18:51:06.893Z,,,,
DeviceID.SerialNumber,false,2026-08-08T18:51:06.893Z,false,2026-08-08T18:51:06.893Z,"5a4e54530318c3f9",xsd:string,2026-08-08T18:51:06.893Z,,,,
Events.0_BOOTSTRAP,false,2026-08-08T18:51:06.893Z,false,2026-08-08T18:51:06.893Z,"2026-06-09T18:22:40.056Z",xsd:dateTime,2026-08-08T18:51:06.893Z,,,,
Events.1_BOOT,false,2026-08-08T18:51:06.893Z,false,2026-08-08T18:51:06.893Z,"2026-07-22T20:17:36.810Z",xsd:dateTime,2026-08-08T18:51:06.893Z,,,,
Events.Inform,false,2026-08-08T18:51:06.893Z,false,2026-08-08T18:51:06.893Z,"2026-08-08T18:51:06.893Z",xsd:dateTime,2026-08-08T18:51:06.893Z,,,,
Events.Registered,false,2026-08-08T18:51:06.893Z,false,2026-08-08T18:51:06.893Z,"2026-06-09T18:22:40.056Z",xsd:dateTime,2026-08-08T18:51:06.893Z,,,,
InternetGatewayDevice,true,2026-07-21T20:50:23.275Z,false,2026-07-21T20:50:23.275Z,"",,,,,,
InternetGatewayDevice.Device,true,2026-07-21T20:50:23.275Z,false,2026-07-21T20:50:23.275Z,"",,,,,,
InternetGatewayDevice.Device.Optical,true,2026-07-21T20:50:23.275Z,false,2026-07-21T20:50:23.275Z,"",,,,,,
InternetGatewayDevice.Device.Optical.Interface,true,2026-07-21T20:50:23.275Z,true,2026-07-21T20:50:23.275Z,"",,,,,,
InternetGatewayDevice.Device.Optical.Interface.1,true,2026-07-21T20:50:23.275Z,true,2026-07-21T20:50:23.275Z,"",,,,,,
InternetGatewayDevice.Device.Optical.Interface.1.Enable,false,2026-07-21T20:50:23.275Z,true,2026-07-21T20:50:23.275Z,"true",xsd:boolean,2026-07-21T20:50:23.279Z,,,,
InternetGatewayDevice.Device.Optical.Interface.1.Name,false,2026-07-21T20:50:23.275Z,false,2026-07-21T20:50:23.275Z,"Optical",xsd:string,2026-07-21T20:50:23.279Z,,,,
InternetGatewayDevice.Device.Optical.Interface.1.OpticalSignalLevel,false,2026-07-21T20:50:23.275Z,false,2026-07-21T20:50:23.275Z,"56056",xsd:int,2026-07-21T20:50:23.279Z,,,,
InternetGatewayDevice.Device.Optical.Interface.1.Stats,true,2026-07-21T20:50:23.275Z,false,2026-07-21T20:50:23.275Z,"",,,,,,
InternetGatewayDevice.Device.Optical.Interface.1.Stats.BytesReceived,false,2026-07-21T20:50:23.275Z,false,2026-07-21T20:50:23.275Z,"1974831240",xsd:unsignedLong,2026-07-21T20:50:23.279Z,,,,
InternetGatewayDevice.Device.Optical.Interface.1.Stats.BytesSent,false,2026-07-21T20:50:23.275Z,false,2026-07-21T20:50:23.275Z,"70865624",xsd:unsignedLong,2026-07-21T20:50:23.279Z,,,,
InternetGatewayDevice.Device.Optical.Interface.1.Stats.DiscardPacketsReceived,false,2026-07-21T20:50:23.275Z,false,2026-07-21T20:50:23.275Z,"0",xsd:unsignedInt,2026-07-21T20:50:23.279Z,,,,
InternetGatewayDevice.Device.Optical.Interface.1.Stats.DiscardPacketsSent,false,2026-07-21T20:50:23.275Z,false,2026-07-21T20:50:23.275Z,"0",xsd:unsignedInt,2026-07-21T20:50:23.279Z,,,,
InternetGatewayDevice.Device.Optical.Interface.1.Stats.ErrorsReceived,false,2026-07-21T20:50:23.275Z,false,2026-07-21T20:50:23.275Z,"0",xsd:unsignedInt,2026-07-21T20:50:23.279Z,,,,
InternetGatewayDevice.Device.Optical.Interface.1.Stats.ErrorsSent,false,2026-07-21T20:50:23.275Z,false,2026-07-21T20:50:23.275Z,"0",xsd:unsignedInt,2026-07-21T20:50:23.279Z,,,,
InternetGatewayDevice.Device.Optical.Interface.1.Stats.PacketsReceived,false,2026-07-21T20:50:23.275Z,false,2026-07-21T20:50:23.275Z,"1612810",xsd:unsignedLong,2026-07-21T20:50:23.279Z,,,,
InternetGatewayDevice.Device.Optical.Interface.1.Stats.PacketsSent,false,2026-07-21T20:50:23.275Z,false,2026-07-21T20:50:23.275Z,"257197",xsd:unsignedLong,2026-07-21T20:50:23.279Z,,,,
InternetGatewayDevice.Device.Optical.Interface.1.Status,false,2026-07-21T20:50:23.275Z,false,2026-07-21T20:50:23.275Z,"Up",xsd:string,2026-07-21T20:50:23.279Z,,,,
InternetGatewayDevice.Device.Optical.Interface.1.TransmitOpticalLevel,false,2026-07-21T20:50:23.275Z,false,2026-07-21T20:50:23.275Z,"5",xsd:int,2026-07-21T20:50:23.279Z,,,,
InternetGatewayDevice.Device.Optical.InterfaceNumberOfEntries,false,2026-07-21T20:50:23.275Z,false,2026-07-21T20:50:23.275Z,"1",xsd:unsignedInt,2026-07-21T20:50:23.279Z,,,,
InternetGatewayDevice.DeviceConfig,true,2026-07-21T20:50:23.275Z,false,2026-07-21T20:50:23.275Z,"",,,,,,
InternetGatewayDevice.DeviceConfig.ConfigFile,false,2026-07-21T20:50:23.275Z,true,2026-07-21T20:50:23.275Z,"",xsd:string,2026-07-21T20:50:23.279Z,,,,
InternetGatewayDevice.DeviceConfig.PersistentData,false,2026-07-21T20:50:23.275Z,true,2026-07-21T20:50:23.275Z,"",xsd:string,2026-07-21T20:50:23.279Z,,,,
InternetGatewayDevice.DeviceInfo,true,2026-07-21T20:50:23.275Z,false,2026-07-21T20:50:23.275Z,"",,,,,,
InternetGatewayDevice.DeviceInfo.AdditionalHardwareVersion,false,2026-07-21T20:50:23.275Z,false,2026-07-21T20:50:23.275Z,"BoardId=ZNID24xx",xsd:string,2026-07-21T20:50:23.279Z,,,,
InternetGatewayDevice.DeviceInfo.AdditionalSoftwareVersion,false,2026-07-21T20:50:23.275Z,false,2026-07-21T20:50:23.275Z,"S3.0.047",xsd:string,2026-07-21T20:50:23.279Z,,,,
InternetGatewayDevice.DeviceInfo.Description,false,2026-07-21T20:50:23.275Z,false,2026-07-21T20:50:23.275Z,"Zhone Indoor Network Interface Device",xsd:string,2026-07-21T20:50:23.279Z,,,,
InternetGatewayDevice.DeviceInfo.DeviceLog,false,2026-07-21T20:50:23.275Z,false,2026-07-21T20:50:23.275Z,"Jan  1 00:00:46 ZNID24xx-Router syslog.notice 301623033 syslog: System log daemon started
Jan  1 00:00:46 ZNID24xx-Router daemon.notice 301623033 kernel: Kernel log daemon started
Jan  1 00:00:47 ZNID24xx-Router daemon.crit 301623033 kernel: Bridge Loop Detection Enabled!
Jan  1 00:00:50 ZNID24xx-Router daemon.notice 301623033 smd: Setting alarm ""Interface Down"" for interface eth0
Jan  1 00:00:53 ZNID24xx-Router daemon.notice 301623033 smd: Looking for fullpath to 10.1.237.185
Jan  1 00:00:53 ZNID24xx-Router daemon.err 301623033 smd: could not build full path to 10.1.237.185
Jan  1 00:00:54 ZNID24xx-Router daemon.notice 301623033 smd: vodsl is Already down
Jan  1 00:00:55 ZNID24xx-Router daemon.notice 301623033 smd: exiting with code 0
Jan  1 00:01:09 ZNID24xx-Router daemon.err 301623033 smd: Open dir /proc/1883 failed, restart ppp
Jan  1 00:01:09 ZNID24xx-Router daemon.notice 301623033 smd: (edit changed): pppoe eth0.v190.ppp
Jan  1 00:01:09 ZNID24xx-Router daemon.err 301623033 smd: could not find specificEid=0x75b0016 (pid=1883 eid=22)
Jan  1 00:01:09 ZNID24xx-Router daemon.err 301623033 smd: failed to get mac for eth0.v190
Jan  1 00:01:09 ZNID24xx-Router daemon.err 301623033 smd: pppoe L2 interface eth0.v190 does not exist, return
Jan  1 00:01:09 ZNID24xx-Router daemon.notice 301623033 smd: => enable gpon switch port !!!
Jan  1 00:01:10 ZNID24xx-Router daemon.crit 301623033 kernel: eth0 Link UP 1000 mbps full duplex
Jan  1 00:01:10 ZNID24xx-Router daemon.notice 301623033 smd: Perform DHCP Release/Discovery
Jan  1 00:01:10 ZNID24xx-Router daemon.notice 301623033 smd: Send DHCP signal 37 for interface eth0
Jan  1 00:01:10 ZNID24xx-Router daemon.notice 301623033 smd: Clearing alarm ""Interface Down"" for interface eth0
Jan  1 00:01:13 ZNID24xx-Router daemon.notice 301623033 smd: Voice MibReset
Jul 21 10:02:28 ZNID24xx-Router daemon.err 301623033 smd: OMCID set time to Tue Jul 21 10:02:28 2026
Jul 21 10:02:28 ZNID24xx-Router daemon.notice 301623033 smd: mcastGem 4095 already cfg for video index !!!
Jul 21 10:02:32 ZNID24xx-Router daemon.crit 301623033 kernel: Bridge Loop Detection: Delay Startup done!
Jul 21 10:02:32 ZNID24xx-Router daemon.crit 301623033 kernel: Bridge Loop Detection: Congestion Control disabled!
Jul 21 10:02:33 ZNID24xx-Router daemon.err 301623033 smd: could not find specificEid=0x75b0016 (pid=1883 eid=22)
Jul 21 10:02:34 ZNID24xx-Router daemon.notice 301623033 smd: pppd 2.4.1 started by root, uid 0
Jul 21 10:02:35 ZNID24xx-Router daemon.notice 301623033 smd: PPP: Start to connect ...
Jul 21 10:02:35 ZNID24xx-Router daemon.notice 301623033 smd: First zhnFirstVoiceMibResetAfterBootup, delay VoiceReadyForUse!
Jul 21 10:02:35 ZNID24xx-Router daemon.crit 301623033 smd: PPP server detected.
Jul 21 10:02:35 ZNID24xx-Router daemon.crit 301623033 smd: PPP session established.
Jul 21 10:02:36 ZNID24xx-Router daemon.crit 301623033 kernel: eth1 Link DOWN.
Jul 21 10:02:37 ZNID24xx-Router daemon.crit 301623033 smd: PPP LCP UP.
Jul 21 10:02:38 ZNID24xx-Router daemon.notice 301623033 smd: exiting with code 0
Jul 21 10:02:38 ZNID24xx-Router daemon.crit 301623033 smd: Received valid IP address from server.  Connection UP.
Jul 21 10:02:54 ZNID24xx-Router daemon.crit 301623033 kernel: eth1 Link UP 100 mbps full duplex
Jul 21 10:03:02 ZNID24xx-Router daemon.notice 301623033 smd: dhcpc pid=1941 dataLength=1416 addressAssigned=1 expired=0
Jul 21 10:03:02 ZNID24xx-Router daemon.notice 301623033 smd: DHCP bound, update
Jul 21 10:03:02 ZNID24xx-Router daemon.err 301623033 smd: assigned ip=10.1.237.185 netmask=255.255.0.0 gateway=10.1.0.1 nameserver=190.92.103.232,190.92.103.241,190.92.103.243, ntpserver=
Jul 21 10:03:02 ZNID24xx-Router daemon.err 301623033 smd: DHCP addr acquired on brvlan10 ip 10.1.237.185, tzone , dns 190.92.103.232,190.92.103.241,190.92.103.243, ntp 
Jul 21 10:03:02 ZNID24xx-Router daemon.err 301623033 smd: assigned prim_ntp_str=0.0.0.0
Jul 21 10:03:04 ZNID24xx-Router daemon.notice 301623033 smd: Looking for fullpath to 10.1.237.185
Jul 21 10:03:04 ZNID24xx-Router daemon.notice 301623033 smd: entering eventLoop with 2 events, listeners=0x4a7abc
Jul 21 10:03:35 ZNID24xx-Router daemon.err 301623033 smd: Post to ACS failed, Status = 2 Host (10.0.2.14:7547) is not responding, timeout
Jul 21 10:03:35 ZNID24xx-Router daemon.err 301623033 smd: request failed, ret=9003
Jul 21 10:03:35 ZNID24xx-Router daemon.err 301623033 smd: ACS Disconnect with error 3
Jul 21 10:03:35 ZNID24xx-Router daemon.notice 301623033 smd: Continue processing even though ACS Disconnect with error
Jul 21 10:03:37 ZNID24xx-Router daemon.err 301623033 smd: ACS connect failed, retryCount = 1, backOffTime = 5000ms
Jul 21 10:04:12 ZNID24xx-Router daemon.err 301623033 smd: Post to ACS failed, Status = 2 Host (10.0.2.14:7547) is not responding, timeout
Jul 21 10:04:12 ZNID24xx-Router daemon.err 301623033 smd: request failed, ret=9003
Jul 21 10:04:12 ZNID24xx-Router daemon.err 301623033 smd: ACS Disconnect with error 3
Jul 21 10:04:12 ZNID24xx-Router daemon.notice 301623033 smd: Continue processing even though ACS Disconnect with error
Jul 21 10:04:14 ZNID24xx-Router daemon.err 301623033 smd: ACS connect failed, retryCount = 2, backOffTime = 18000ms
Jul 21 10:05:02 ZNID24xx-Router daemon.err 301623033 smd: Post to ACS failed, Status = 2 Host (10.0.2.14:7547) is not responding, timeout
Jul 21 10:05:02 ZNID24xx-Router daemon.err 301623033 smd: request failed, ret=9003
Jul 21 10:05:02 ZNID24xx-Router daemon.err 301623033 smd: ACS Disconnect with error 3
Jul 21 10:05:02 ZNID24xx-Router daemon.notice 301623033 smd: Continue processing even though ACS Disconnect with error
Jul 21 10:05:04 ZNID24xx-Router daemon.err 301623033 smd: ACS connect failed, retryCount = 3, backOffTime = 37000ms
Jul 21 10:05:05 ZNID24xx-Router daemon.notice 301623033 smd: ethswctl -c pktratecfg -v channel 0 -x 0
Jul 21 10:05:20 ZNID24xx-Router daemon.notice 301623033 smd: Voice Ready for use. First Voice start after MibReset!
Jul 21 10:05:20 ZNID24xx-Router daemon.notice 301623033 smd: vodsl start requested, vodsl never has run
Jul 21 10:05:20 ZNID24xx-Router daemon.err 301623033 smd: failed to  get ip for None
Jul 21 10:05:20 ZNID24xx-Router daemon.err 301623033 smd: voip boundIF None: boundIP 871a6001 is different than network ip 0 
Jul 21 10:05:20 ZNID24xx-Router daemon.notice 301623033 smd: invalid bound IP address, vodsl start aborted
Jul 21 10:05:20 ZNID24xx-Router daemon.notice 301623033 smd: vodsl shutdown ignored since vodsl never has run
Jul 21 10:06:12 ZNID24xx-Router daemon.err 301623033 smd: Post to ACS failed, Status = 2 Host (10.0.2.14:7547) is not responding, timeout
Jul 21 10:06:12 ZNID24xx-Router daemon.err 301623033 smd: request failed, ret=9003
Jul 21 10:06:12 ZNID24xx-Router daemon.err 301623033 smd: ACS Disconnect with error 3
Jul 21 10:06:12 ZNID24xx-Router daemon.notice 301623033 smd: Continue processing even though ACS Disconnect with error
Jul 21 10:06:13 ZNID24xx-Router daemon.err 301623033 smd: ACS connect failed, retryCount = 4, backOffTime = 77000ms
Jul 21 10:08:01 ZNID24xx-Router daemon.err 301623033 smd: Post to ACS failed, Status = 2 Host (10.0.2.14:7547) is not responding, timeout
Jul 21 10:08:01 ZNID24xx-Router daemon.err 301623033 smd: request failed, ret=9003
Jul 21 10:08:01 ZNID24xx-Router daemon.err 301623033 smd: ACS Disconnect with error 3
Jul 21 10:08:01 ZNID24xx-Router daemon.notice 301623033 smd: Continue processing even though ACS Disconnect with error
Jul 21 10:08:02 ZNID24xx-Router daemon.err 301623033 smd: ACS connect failed, retryCount = 5, backOffTime = 90000ms
Jul 21 10:10:03 ZNID24xx-Router daemon.err 301623033 smd: Post to ACS failed, Status = 2 Host (10.0.2.14:7547) is not responding, timeout
Jul 21 10:10:03 ZNID24xx-Router daemon.err 301623033 smd: request failed, ret=9003
Jul 21 10:10:03 ZNID24xx-Router daemon.err 301623033 smd: ACS Disconnect with error 3
Jul 21 10:10:03 ZNID24xx-Router daemon.notice 301623033 smd: Continue processing even though ACS Disconnect with error
Jul 21 10:10:04 ZNID24xx-Router daemon.err 301623033 smd: ACS connect failed, retryCount = 6, backOffTime = 165000ms
Jul 21 10:13:20 ZNID24xx-Router daemon.err 301623033 smd: Post to ACS failed, Status = 2 Host (10.0.2.14:7547) is not responding, timeout
Jul 21 10:13:20 ZNID24xx-Router daemon.err 301623033 smd: request failed, ret=9003
Jul 21 10:13:20 ZNID24xx-Router daemon.err 301623033 smd: ACS Disconnect with error 3
Jul 21 10:13:20 ZNID24xx-Router daemon.notice 301623033 smd: Continue processing even though ACS Disconnect with error
Jul 21 10:13:22 ZNID24xx-Router daemon.err 301623033 smd: ACS connect failed, retryCount = 7, backOffTime = 403000ms
Jul 21 10:13:28 ZNID24xx-Router daemon.notice 301623033 smd: No activity for httpd after 600 seconds, exit
Jul 21 10:20:35 ZNID24xx-Router daemon.err 301623033 smd: Post to ACS failed, Status = 2 Host (10.0.2.14:7547) is not responding, timeout
Jul 21 10:20:35 ZNID24xx-Router daemon.err 301623033 smd: request failed, ret=9003
Jul 21 10:20:35 ZNID24xx-Router daemon.err 301623033 smd: ACS Disconnect with error 3
Jul 21 10:20:35 ZNID24xx-Router daemon.notice 301623033 smd: Continue processing even though ACS Disconnect with error
Jul 21 10:20:37 ZNID24xx-Router daemon.err 301623033 smd: ACS connect failed, retryCount = 8, backOffTime = 970000ms
Jul 21 10:37:17 ZNID24xx-Router daemon.err 301623033 smd: Post to ACS failed, Status = 2 Host (10.0.2.14:7547) is not responding, timeout
Jul 21 10:37:17 ZNID24xx-Router daemon.err 301623033 smd: request failed, ret=9003
Jul 21 10:37:17 ZNID24xx-Router daemon.err 301623033 smd: ACS Disconnect with error 3
Jul 21 10:37:17 ZNID24xx-Router daemon.notice 301623033 smd: Continue processing even though ACS Disconnect with error
Jul 21 10:37:19 ZNID24xx-Router daemon.err 301623033 smd: ACS connect failed, retryCount = 9, backOffTime = 1605000ms
Jul 21 11:04:35 ZNID24xx-Router daemon.err 301623033 smd: Post to ACS failed, Status = 2 Host (10.0.2.14:7547) is not responding, timeout
Jul 21 11:04:35 ZNID24xx-Router daemon.err 301623033 smd: request failed, ret=9003
Jul 21 11:04:35 ZNID24xx-Router daemon.err 301623033 smd: ACS Disconnect with error 3
Jul 21 11:04:35 ZNID24xx-Router daemon.notice 301623033 smd: Continue processing even though ACS Disconnect with error
Jul 21 11:04:36 ZNID24xx-Router daemon.err 301623033 smd: ACS connect failed, retryCount = 10, backOffTime = 4053000ms
Jul 21 12:12:40 ZNID24xx-Router daemon.err 301623033 smd: Post to ACS failed, Status = 2 Host (10.0.2.14:7547) is not responding, timeout
Jul 21 12:12:40 ZNID24xx-Router daemon.err 301623033 smd: request failed, ret=9003
Jul 21 12:12:40 ZNID24xx-Router daemon.err 301623033 smd: ACS Disconnect with error 3
Jul 21 12:12:40 ZNID24xx-Router daemon.notice 301623033 smd: Continue processing even though ACS Disconnect with error
Jul 21 12:12:41 ZNID24xx-Router daemon.err 301623033 smd: ACS connect failed, retryCount = 10, backOffTime = 5022000ms
Jul 21 13:37:07 ZNID24xx-Router daemon.notice 301623033 smd: exiting from bottom of function
Jul 21 13:37:07 ZNID24xx-Router daemon.notice 301623033 smd: exiting with code 0
Jul 21 13:41:33 ZNID24xx-Router daemon.notice 301623033 smd: Looking for fullpath to 10.1.237.185
Jul 21 13:41:33 ZNID24xx-Router daemon.notice 301623033 smd: entering eventLoop with 2 events, listeners=0x4a7c34
Jul 21 13:42:15 ZNID24xx-Router daemon.notice 301623033 smd: exiting from bottom of function
Jul 21 13:42:15 ZNID24xx-Router daemon.notice 301623033 smd: exiting with code 0
Jul 21 13:46:32 ZNID24xx-Router daemon.notice 301623033 smd: Looking for fullpath to 10.1.237.185
Jul 21 13:46:33 ZNID24xx-Router daemon.notice 301623033 smd: entering eventLoop with 2 events, listeners=0x4a7c34
Jul 21 13:47:14 ZNID24xx-Router daemon.notice 301623033 smd: exiting from bottom of function
Jul 21 13:47:14 ZNID24xx-Router daemon.notice 301623033 smd: exiting with code 0
Jul 21 13:51:32 ZNID24xx-Router daemon.notice 301623033 smd: Looking for fullpath to 10.1.237.185
Jul 21 13:51:32 ZNID24xx-Router daemon.notice 301623033 smd: entering eventLoop with 2 events, listeners=0x4a7c34
Jul 21 13:52:14 ZNID24xx-Router daemon.notice 301623033 smd: exiting from bottom of function
Jul 21 13:52:14 ZNID24xx-Router daemon.notice 301623033 smd: exiting with code 0
Jul 21 13:56:31 ZNID24xx-Router daemon.notice 301623033 smd: Looking for fullpath to 10.1.237.185
Jul 21 13:56:32 ZNID24xx-Router daemon.notice 301623033 smd: entering eventLoop with 2 events, listeners=0x4a7c34
Jul 21 13:57:13 ZNID24xx-Router daemon.notice 301623033 smd: exiting from bottom of function
Jul 21 13:57:13 ZNID24xx-Router daemon.notice 301623033 smd: exiting with code 0
Jul 21 14:01:31 ZNID24xx-Router daemon.notice 301623033 smd: Looking for fullpath to 10.1.237.185
Jul 21 14:01:31 ZNID24xx-Router daemon.notice 301623033 smd: entering eventLoop with 2 events, listeners=0x4a7c34
Jul 21 14:02:13 ZNID24xx-Router daemon.notice 301623033 smd: exiting from bottom of function
Jul 21 14:02:13 ZNID24xx-Router daemon.notice 301623033 smd: exiting with code 0
Jul 21 14:06:30 ZNID24xx-Router daemon.notice 301623033 smd: Looking for fullpath to 10.1.237.185
Jul 21 14:06:31 ZNID24xx-Router daemon.notice 301623033 smd: entering eventLoop with 2 events, listeners=0x4a7c34
Jul 21 14:07:12 ZNID24xx-Router daemon.notice 301623033 smd: exiting from bottom of function
Jul 21 14:07:12 ZNID24xx-Router daemon.notice 301623033 smd: exiting with code 0
Jul 21 14:11:30 ZNID24xx-Router daemon.notice 301623033 smd: Looking for fullpath to 10.1.237.185
Jul 21 14:11:30 ZNID24xx-Router daemon.notice 301623033 smd: entering eventLoop with 2 events, listeners=0x4a7c34
Jul 21 14:12:12 ZNID24xx-Router daemon.notice 301623033 smd: exiting from bottom of function
Jul 21 14:12:12 ZNID24xx-Router daemon.notice 301623033 smd: exiting with code 0
Jul 21 14:16:29 ZNID24xx-Router daemon.notice 301623033 smd: Looking for fullpath to 10.1.237.185
Jul 21 14:16:30 ZNID24xx-Router daemon.notice 301623033 smd: entering eventLoop with 2 events, listeners=0x4a7c34
Jul 21 14:17:11 ZNID24xx-Router daemon.notice 301623033 smd: exiting from bottom of function
Jul 21 14:17:11 ZNID24xx-Router daemon.notice 301623033 smd: exiting with code 0
Jul 21 14:17:59 ZNID24xx-Router daemon.notice 301623033 smd: Looking for fullpath to 10.1.237.185
Jul 21 14:17:59 ZNID24xx-Router daemon.notice 301623033 smd: entering eventLoop with 2 events, listeners=0x4a7ac4
Jul 21 14:18:52 ZNID24xx-Router daemon.notice 301623033 smd: Invalid extended check code for SFP serial information
Jul 21 14:18:52 ZNID24xx-Router daemon.notice 301623033 smd: Invalid extended check code for SFP serial information
Jul 21 14:18:52 ZNID24xx-Router daemon.notice 301623033 smd: Invalid extended check code for SFP serial information
Jul 21 14:18:53 ZNID24xx-Router daemon.notice 301623033 smd: Invalid extended check code for SFP serial information
Jul 21 14:19:27 ZNID24xx-Router daemon.notice 301623033 smd: exiting from bottom of function
Jul 21 14:19:27 ZNID24xx-Router daemon.notice 301623033 smd: exiting with code 0
Jul 21 14:22:59 ZNID24xx-Router daemon.notice 301623033 smd: Looking for fullpath to 10.1.237.185
Jul 21 14:22:59 ZNID24xx-Router daemon.notice 301623033 smd: entering eventLoop with 2 events, listeners=0x4a7c34
Jul 21 14:23:42 ZNID24xx-Router daemon.notice 301623033 smd: exiting from bottom of function
Jul 21 14:23:42 ZNID24xx-Router daemon.notice 301623033 smd: exiting with code 0
Jul 21 14:27:58 ZNID24xx-Router daemon.notice 301623033 smd: Looking for fullpath to 10.1.237.185
Jul 21 14:27:59 ZNID24xx-Router daemon.notice 301623033 smd: entering eventLoop with 2 events, listeners=0x4a7c34
Jul 21 14:28:40 ZNID24xx-Router daemon.notice 301623033 smd: exiting from bottom of function
Jul 21 14:28:40 ZNID24xx-Router daemon.notice 301623033 smd: exiting with code 0
Jul 21 14:32:58 ZNID24xx-Router daemon.notice 301623033 smd: Looking for fullpath to 10.1.237.185
Jul 21 14:32:58 ZNID24xx-Router daemon.notice 301623033 smd: entering eventLoop with 2 events, listeners=0x4a7c34
Jul 21 14:33:40 ZNID24xx-Router daemon.notice 301623033 smd: exiting from bottom of function
Jul 21 14:33:40 ZNID24xx-Router daemon.notice 301623033 smd: exiting with code 0
Jul 21 14:37:57 ZNID24xx-Router daemon.notice 301623033 smd: Looking for fullpath to 10.1.237.185
Jul 21 14:37:58 ZNID24xx-Router daemon.notice 301623033 smd: entering eventLoop with 2 events, listeners=0x4a7c34
Jul 21 14:38:39 ZNID24xx-Router daemon.notice 301623033 smd: exiting from bottom of function
Jul 21 14:38:39 ZNID24xx-Router daemon.notice 301623033 smd: exiting with code 0
Jul 21 14:42:56 ZNID24xx-Router daemon.notice 301623033 smd: Looking for fullpath to 10.1.237.185
Jul 21 14:42:57 ZNID24xx-Router daemon.notice 301623033 smd: entering eventLoop with 2 events, listeners=0x4a7c34
Jul 21 14:43:39 ZNID24xx-Router daemon.notice 301623033 smd: exiting from bottom of function
Jul 21 14:43:39 ZNID24xx-Router daemon.notice 301623033 smd: exiting with code 0
Jul 21 14:47:56 ZNID24xx-Router daemon.notice 301623033 smd: Looking for fullpath to 10.1.237.185
Jul 21 14:47:57 ZNID24xx-Router daemon.notice 301623033 smd: entering eventLoop with 2 events, listeners=0x4a7c34
Jul 21 14:48:38 ZNID24xx-Router daemon.notice 301623033 smd: exiting from bottom of function
Jul 21 14:48:38 ZNID24xx-Router daemon.notice 301623033 smd: exiting with code 0
Jul 21 14:52:55 ZNID24xx-Router daemon.notice 301623033 smd: Looking for fullpath to 10.1.237.185
Jul 21 14:52:56 ZNID24xx-Router daemon.notice 301623033 smd: entering eventLoop with 2 events, listeners=0x4a7c34
Jul 21 14:53:38 ZNID24xx-Router daemon.notice 301623033 smd: exiting from bottom of function
Jul 21 14:53:38 ZNID24xx-Router daemon.notice 301623033 smd: exiting with code 0
Jul 21 14:57:55 ZNID24xx-Router daemon.notice 301623033 smd: Looking for fullpath to 10.1.237.185
Jul 21 14:57:56 ZNID24xx-Router daemon.notice 301623033 smd: entering eventLoop with 2 events, listeners=0x4a7c34
Jul 21 14:58:27 ZNID24xx-Router daemon.notice 301623033 smd: exiting from bottom of function
Jul 21 14:58:27 ZNID24xx-Router daemon.notice 301623033 smd: exiting with code 0
Jul 21 15:02:54 ZNID24xx-Router daemon.notice 301623033 smd: Looking for fullpath to 10.1.237.185
Jul 21 15:02:55 ZNID24xx-Router daemon.notice 301623033 smd: entering eventLoop with 2 events, listeners=0x4a7c34
Jul 21 15:03:26 ZNID24xx-Router daemon.notice 301623033 smd: exiting from bottom of function
Jul 21 15:03:26 ZNID24xx-Router daemon.notice 301623033 smd: exiting with code 0
Jul 21 15:07:54 ZNID24xx-Router daemon.notice 301623033 smd: Looking for fullpath to 10.1.237.185
Jul 21 15:07:54 ZNID24xx-Router daemon.notice 301623033 smd: entering eventLoop with 2 events, listeners=0x4a7c34
Jul 21 15:08:30 ZNID24xx-Router daemon.notice 301623033 smd: exiting from bottom of function
Jul 21 15:08:30 ZNID24xx-Router daemon.notice 301623033 smd: exiting with code 0
Jul 21 15:12:53 ZNID24xx-Router daemon.notice 301623033 smd: Looking for fullpath to 10.1.237.185
Jul 21 15:12:54 ZNID24xx-Router daemon.notice 301623033 smd: entering eventLoop with 2 events, listeners=0x4a7c34
Jul 21 15:13:25 ZNID24xx-Router daemon.notice 301623033 smd: exiting from bottom of function
Jul 21 15:13:25 ZNID24xx-Router daemon.notice 301623033 smd: exiting with code 0
Jul 21 15:17:53 ZNID24xx-Router daemon.notice 301623033 smd: Looking for fullpath to 10.1.237.185
Jul 21 15:17:53 ZNID24xx-Router daemon.notice 301623033 smd: entering eventLoop with 2 events, listeners=0x4a7c34
Jul 21 15:18:29 ZNID24xx-Router daemon.notice 301623033 smd: exiting from bottom of function
Jul 21 15:18:29 ZNID24xx-Router daemon.notice 301623033 smd: exiting with code 0
Jul 21 15:22:52 ZNID24xx-Router daemon.notice 301623033 smd: Looking for fullpath to 10.1.237.185
Jul 21 15:22:53 ZNID24xx-Router daemon.notice 301623033 smd: entering eventLoop with 2 events, listeners=0x4a7c34
Jul 21 15:23:28 ZNID24xx-Router daemon.notice 301623033 smd: exiting from bottom of function
Jul 21 15:23:28 ZNID24xx-Router daemon.notice 301623033 smd: exiting with code 0
Jul 21 15:27:52 ZNID24xx-Router daemon.notice 301623033 smd: Looking for fullpath to 10.1.237.185
Jul 21 15:27:52 ZNID24xx-Router daemon.notice 301623033 smd: entering eventLoop with 2 events, listeners=0x4a7c34
Jul 21 15:28:28 ZNID24xx-Router daemon.notice 301623033 smd: exiting from bottom of function
Jul 21 15:28:28 ZNID24xx-Router daemon.notice 301623033 smd: exiting with code 0
Jul 21 15:32:51 ZNID24xx-Router daemon.notice 301623033 smd: Looking for fullpath to 10.1.237.185
Jul 21 15:32:52 ZNID24xx-Router daemon.notice 301623033 smd: entering eventLoop with 2 events, listeners=0x4a7c34
Jul 21 15:33:27 ZNID24xx-Router daemon.notice 301623033 smd: exiting from bottom of function
Jul 21 15:33:27 ZNID24xx-Router daemon.notice 301623033 smd: exiting with code 0
Jul 21 15:33:50 ZNID24xx-Router daemon.notice 301623033 smd: Looking for fullpath to 10.1.237.185
Jul 21 15:33:50 ZNID24xx-Router daemon.notice 301623033 smd: entering eventLoop with 2 events, listeners=0x4a7ac4
",xsd:string,2026-07-21T20:50:23.279Z,,,,
InternetGatewayDevice.DeviceInfo.EnabledOptions,false,2026-07-21T20:50:23.275Z,false,2026-07-21T20:50:23.275Z,"",xsd:string,2026-07-21T20:50:23.279Z,,,,
InternetGatewayDevice.DeviceInfo.FirstUseDate,false,2026-07-21T20:50:23.275Z,false,2026-07-21T20:50:23.275Z,"0001-01-01T00:00:00.000Z",xsd:dateTime,2026-07-21T20:50:23.279Z,,,,
InternetGatewayDevice.DeviceInfo.HardwareVersion,false,2026-07-21T20:50:23.275Z,false,2026-07-21T20:50:23.275Z,"02",xsd:string,2026-08-08T18:51:06.894Z,,,,
InternetGatewayDevice.DeviceInfo.Manufacturer,false,2026-07-21T20:50:23.275Z,false,2026-07-21T20:50:23.275Z,"Zhone",xsd:string,2026-07-21T20:50:23.279Z,,,,
InternetGatewayDevice.DeviceInfo.ManufacturerOUI,false,2026-07-21T20:50:23.275Z,false,2026-07-21T20:50:23.275Z,"000271",xsd:string,2026-07-21T20:50:23.279Z,,,,
InternetGatewayDevice.DeviceInfo.ModelName,false,2026-07-21T20:50:23.275Z,false,2026-07-21T20:50:23.275Z,"ZNID-GPON-2424",xsd:string,2026-07-21T20:50:23.279Z,,,,
InternetGatewayDevice.DeviceInfo.ModemFirmwareVersion,false,2026-07-21T20:50:23.275Z,false,2026-07-21T20:50:23.275Z,"CFE=1.0.38-114.101 (3.0.733)",xsd:string,2026-07-21T20:50:23.279Z,,,,
InternetGatewayDevice.DeviceInfo.ProductClass,false,2026-07-21T20:50:23.275Z,false,2026-07-21T20:50:23.275Z,"ZNID24xx",xsd:string,2026-07-21T20:50:23.279Z,,,,
InternetGatewayDevice.DeviceInfo.ProvisioningCode,false,2026-07-21T20:50:23.275Z,true,2026-07-21T20:50:23.275Z,"",xsd:string,2026-08-08T18:51:06.894Z,,,,
InternetGatewayDevice.DeviceInfo.SerialNumber,false,2026-07-21T20:50:23.275Z,false,2026-07-21T20:50:23.275Z,"5a4e54530318c3f9",xsd:string,2026-07-21T20:50:23.279Z,,,,
InternetGatewayDevice.DeviceInfo.SoftwareVersion,false,2026-07-21T20:50:23.275Z,false,2026-07-21T20:50:23.275Z,"S3.0.733",xsd:string,2026-08-08T18:51:06.894Z,,,,
InternetGatewayDevice.DeviceInfo.SpecVersion,false,2026-07-21T20:50:23.275Z,false,2026-07-21T20:50:23.275Z,"1.0",xsd:string,2026-08-08T18:51:06.894Z,,,,
InternetGatewayDevice.DeviceInfo.UpTime,false,2026-07-21T20:50:23.275Z,false,2026-07-21T20:50:23.275Z,"19964",xsd:unsignedInt,2026-07-21T20:50:23.279Z,,,,
InternetGatewayDevice.DeviceInfo.VendorConfigFileNumberOfEntries,false,2026-07-21T20:50:23.275Z,false,2026-07-21T20:50:23.275Z,"0",xsd:unsignedInt,2026-07-21T20:50:23.279Z,,,,
InternetGatewayDevice.DeviceInfo.X_BROADCOM_COM_NumberOfCpuThreads,false,2026-07-21T20:50:23.275Z,false,2026-07-21T20:50:23.275Z,"1",xsd:unsignedInt,2026-07-21T20:50:23.279Z,,,,
InternetGatewayDevice.DeviceInfo.X_BROADCOM_COM_SwBuildTimestamp,false,2026-07-21T20:50:23.275Z,false,2026-07-21T20:50:23.275Z,"160616_0018",xsd:string,2026-07-21T20:50:23.279Z,,,,
InternetGatewayDevice.DeviceSummary,false,2026-07-21T20:50:23.275Z,false,2026-07-21T20:50:23.275Z,"InternetGatewayDevice:1.1[](Baseline:1, EthernetLAN:1, WiFiLAN:1, Time:1, IPPing:1, DeviceAssociation:1), VoiceService:1.0[1](Endpoint:1, SIPEndpoint:1)",xsd:string,2026-08-08T18:51:06.894Z,,,,
InternetGatewayDevice.IPPingDiagnostics,true,2026-07-21T20:50:23.275Z,false,2026-07-21T20:50:23.275Z,"",,,,,,
InternetGatewayDevice.IPPingDiagnostics.AverageResponseTime,false,2026-07-21T20:50:23.275Z,false,2026-07-21T20:50:23.275Z,"0",xsd:unsignedInt,2026-07-21T20:50:23.279Z,,,,
InternetGatewayDevice.IPPingDiagnostics.DSCP,false,2026-07-21T20:50:23.275Z,true,2026-07-21T20:50:23.275Z,"0",xsd:unsignedInt,2026-07-21T20:50:23.279Z,,,,
InternetGatewayDevice.IPPingDiagnostics.DataBlockSize,false,2026-07-21T20:50:23.275Z,true,2026-07-21T20:50:23.275Z,"0",xsd:unsignedInt,2026-07-21T20:50:23.279Z,,,,
InternetGatewayDevice.IPPingDiagnostics.DiagnosticsState,false,2026-07-21T20:50:23.275Z,true,2026-07-21T20:50:23.275Z,"None",xsd:string,2026-07-21T20:50:23.279Z,,,,
InternetGatewayDevice.IPPingDiagnostics.FailureCount,false,2026-07-21T20:50:23.275Z,false,2026-07-21T20:50:23.275Z,"0",xsd:unsignedInt,2026-07-21T20:50:23.279Z,,,,
InternetGatewayDevice.IPPingDiagnostics.Host,false,2026-07-21T20:50:23.275Z,true,2026-07-21T20:50:23.275Z,"",xsd:string,2026-07-21T20:50:23.279Z,,,,
InternetGatewayDevice.IPPingDiagnostics.Interface,false,2026-07-21T20:50:23.275Z,true,2026-07-21T20:50:23.275Z,"",xsd:string,2026-07-21T20:50:23.279Z,,,,
InternetGatewayDevice.IPPingDiagnostics.MaximumResponseTime,false,2026-07-21T20:50:23.275Z,false,2026-07-21T20:50:23.275Z,"0",xsd:unsignedInt,2026-07-21T20:50:23.279Z,,,,
InternetGatewayDevice.IPPingDiagnostics.MinimumResponseTime,false,2026-07-21T20:50:23.275Z,false,2026-07-21T20:50:23.275Z,"0",xsd:unsignedInt,2026-07-21T20:50:23.279Z,,,,
InternetGatewayDevice.IPPingDiagnostics.NumberOfRepetitions,false,2026-07-21T20:50:23.275Z,true,2026-07-21T20:50:23.275Z,"0",xsd:unsignedInt,2026-07-21T20:50:23.279Z,,,,
InternetGatewayDevice.IPPingDiagnostics.SuccessCount,false,2026-07-21T20:50:23.275Z,false,2026-07-21T20:50:23.275Z,"0",xsd:unsignedInt,2026-07-21T20:50:23.279Z,,,,
InternetGatewayDevice.IPPingDiagnostics.Timeout,false,2026-07-21T20:50:23.275Z,true,2026-07-21T20:50:23.275Z,"0",xsd:unsignedInt,2026-07-21T20:50:23.279Z,,,,
InternetGatewayDevice.LANDevice,true,2026-07-21T20:50:23.275Z,true,2026-07-21T20:50:23.275Z,"",,,,,,
InternetGatewayDevice.LANDevice.1,true,2026-08-08T18:01:12.342Z,false,2026-08-08T18:01:12.342Z,"",,,,,,
InternetGatewayDevice.LANDevice.1.Hosts,true,2026-08-08T18:01:12.342Z,false,2026-08-08T18:01:12.342Z,"",,,,,,
InternetGatewayDevice.LANDevice.1.Hosts.Host,true,2026-08-08T18:01:12.342Z,false,2026-08-08T18:01:12.342Z,"",,,,,,
InternetGatewayDevice.LANDevice.1.Hosts.HostNumberOfEntries,false,2026-08-08T18:01:12.342Z,false,2026-08-08T18:01:12.342Z,"0",xsd:unsignedInt,2026-07-21T20:50:23.277Z,,,,
InternetGatewayDevice.LANDevice.1.LANEthernetInterfaceConfig,true,2026-08-08T18:01:12.342Z,false,2026-08-08T18:01:12.342Z,"",,,,,,
InternetGatewayDevice.LANDevice.1.LANEthernetInterfaceConfig.1,true,2026-08-08T18:01:12.342Z,false,2026-08-08T18:01:12.342Z,"",,,,,,
InternetGatewayDevice.LANDevice.1.LANEthernetInterfaceConfig.1.DuplexMode,false,2026-08-08T18:01:12.342Z,true,2026-08-08T18:01:12.342Z,"Auto",xsd:string,2026-07-21T20:50:23.279Z,,,,
InternetGatewayDevice.LANDevice.1.LANEthernetInterfaceConfig.1.Enable,false,2026-08-08T18:01:12.342Z,true,2026-08-08T18:01:12.342Z,"true",xsd:boolean,2026-07-21T20:50:23.279Z,,,,
InternetGatewayDevice.LANDevice.1.LANEthernetInterfaceConfig.1.MACAddress,false,2026-08-08T18:01:12.342Z,false,2026-08-08T18:01:12.342Z,"00:02:71:18:c3:f9",xsd:string,2026-07-21T20:50:23.279Z,,,,
InternetGatewayDevice.LANDevice.1.LANEthernetInterfaceConfig.1.MACAddressControlEnabled,false,2026-08-08T18:01:12.342Z,true,2026-08-08T18:01:12.342Z,"false",xsd:boolean,2026-07-21T20:50:23.279Z,,,,
InternetGatewayDevice.LANDevice.1.LANEthernetInterfaceConfig.1.MaxBitRate,false,2026-08-08T18:01:12.342Z,true,2026-08-08T18:01:12.342Z,"Auto",xsd:string,2026-07-21T20:50:23.279Z,,,,
InternetGatewayDevice.LANDevice.1.LANEthernetInterfaceConfig.1.Stats,true,2026-08-08T18:01:12.342Z,false,2026-08-08T18:01:12.342Z,"",,,,,,
InternetGatewayDevice.LANDevice.1.LANEthernetInterfaceConfig.1.Stats.BytesReceived,false,2026-08-08T18:01:12.342Z,false,2026-08-08T18:01:12.342Z,"1962960758",xsd:unsignedInt,2026-07-21T20:50:23.279Z,,,,
InternetGatewayDevice.LANDevice.1.LANEthernetInterfaceConfig.1.Stats.BytesSent,false,2026-08-08T18:01:12.342Z,false,2026-08-08T18:01:12.342Z,"0",xsd:unsignedInt,2026-07-21T20:50:23.279Z,,,,
InternetGatewayDevice.LANDevice.1.LANEthernetInterfaceConfig.1.Stats.PacketsReceived,false,2026-08-08T18:01:12.342Z,false,2026-08-08T18:01:12.342Z,"1612805",xsd:unsignedInt,2026-07-21T20:50:23.279Z,,,,
InternetGatewayDevice.LANDevice.1.LANEthernetInterfaceConfig.1.Stats.PacketsSent,false,2026-08-08T18:01:12.342Z,false,2026-08-08T18:01:12.342Z,"0",xsd:unsignedInt,2026-07-21T20:50:23.279Z,,,,
InternetGatewayDevice.LANDevice.1.LANEthernetInterfaceConfig.1.Stats.X_BROADCOM_COM_PacketsReceived,false,2026-08-08T18:01:12.342Z,false,2026-08-08T18:01:12.342Z,"0",xsd:unsignedInt,2026-07-21T20:50:23.279Z,,,,
InternetGatewayDevice.LANDevice.1.LANEthernetInterfaceConfig.1.Stats.X_BROADCOM_COM_PacketsSent,false,2026-08-08T18:01:12.342Z,false,2026-08-08T18:01:12.342Z,"0",xsd:unsignedInt,2026-07-21T20:50:23.279Z,,,,
InternetGatewayDevice.LANDevice.1.LANEthernetInterfaceConfig.1.Stats.X_BROADCOM_COM_RxDrops,false,2026-08-08T18:01:12.342Z,false,2026-08-08T18:01:12.342Z,"0",xsd:unsignedInt,2026-07-21T20:50:23.279Z,,,,
InternetGatewayDevice.LANDevice.1.LANEthernetInterfaceConfig.1.Stats.X_BROADCOM_COM_RxErrors,false,2026-08-08T18:01:12.342Z,false,2026-08-08T18:01:12.342Z,"0",xsd:unsignedInt,2026-07-21T20:50:23.279Z,,,,
InternetGatewayDevice.LANDevice.1.LANEthernetInterfaceConfig.1.Stats.X_BROADCOM_COM_TxDrops,false,2026-08-08T18:01:12.342Z,false,2026-08-08T18:01:12.342Z,"0",xsd:unsignedInt,2026-07-21T20:50:23.279Z,,,,
InternetGatewayDevice.LANDevice.1.LANEthernetInterfaceConfig.1.Stats.X_BROADCOM_COM_TxErrors,false,2026-08-08T18:01:12.342Z,false,2026-08-08T18:01:12.342Z,"0",xsd:unsignedInt,2026-07-21T20:50:23.279Z,,,,
InternetGatewayDevice.LANDevice.1.LANEthernetInterfaceConfig.1.Stats.X_ZHONE_COM_BytesReceived,false,2026-08-08T18:01:12.342Z,false,2026-08-08T18:01:12.342Z,"1962960758",xsd:unsignedLong,2026-07-21T20:50:23.279Z,,,,
InternetGatewayDevice.LANDevice.1.LANEthernetInterfaceConfig.1.Stats.X_ZHONE_COM_BytesSent,false,2026-08-08T18:01:12.342Z,false,2026-08-08T18:01:12.342Z,"0",xsd:unsignedLong,2026-07-21T20:50:23.279Z,,,,
InternetGatewayDevice.LANDevice.1.LANEthernetInterfaceConfig.1.Stats.X_ZHONE_COM_PacketsReceived,false,2026-08-08T18:01:12.342Z,false,2026-08-08T18:01:12.342Z,"1612805",xsd:unsignedLong,2026-07-21T20:50:23.279Z,,,,
InternetGatewayDevice.LANDevice.1.LANEthernetInterfaceConfig.1.Stats.X_ZHONE_COM_PacketsSent,false,2026-08-08T18:01:12.342Z,false,2026-08-08T18:01:12.342Z,"0",xsd:unsignedLong,2026-07-21T20:50:23.279Z,,,,
InternetGatewayDevice.LANDevice.1.LANEthernetInterfaceConfig.1.Status,false,2026-08-08T18:01:12.342Z,false,2026-08-08T18:01:12.342Z,"Up",xsd:string,2026-07-21T20:50:23.279Z,,,,
InternetGatewayDevice.LANDevice.1.LANEthernetInterfaceConfig.1.X_BROADCOM_COM_EthernetPriorityMark,false,2026-08-08T18:01:12.342Z,true,2026-08-08T18:01:12.342Z,"0",xsd:int,2026-07-21T20:50:23.279Z,,,,
InternetGatewayDevice.LANDevice.1.LANEthernetInterfaceConfig.1.X_BROADCOM_COM_IfName,false,2026-08-08T18:01:12.342Z,false,2026-08-08T18:01:12.342Z,"eth0",xsd:string,2026-07-21T20:50:23.279Z,,,,
InternetGatewayDevice.LANDevice.1.LANEthernetInterfaceConfig.1.X_BROADCOM_COM_VLAN_Enable,false,2026-08-08T18:01:12.342Z,true,2026-08-08T18:01:12.342Z,"0",xsd:unsignedInt,2026-07-21T20:50:23.279Z,,,,
InternetGatewayDevice.LANDevice.1.LANEthernetInterfaceConfig.1.X_BROADCOM_COM_VLAN_TagList,false,2026-08-08T18:01:12.342Z,true,2026-08-08T18:01:12.342Z,"",xsd:string,2026-07-21T20:50:23.279Z,,,,
InternetGatewayDevice.LANDevice.1.LANEthernetInterfaceConfig.1.X_BROADCOM_COM_dot1qPvid,false,2026-08-08T18:01:12.342Z,true,2026-08-08T18:01:12.342Z,"4095",xsd:int,2026-07-21T20:50:23.279Z,,,,
InternetGatewayDevice.LANDevice.1.LANEthernetInterfaceConfig.1.X_ZHONE_Acl,false,2026-08-08T18:01:12.342Z,true,2026-08-08T18:01:12.342Z,"Unsupported",xsd:string,2026-07-21T20:50:23.279Z,,,,
InternetGatewayDevice.LANDevice.1.LANEthernetInterfaceConfig.1.X_ZHONE_AclKey,false,2026-08-08T18:01:12.342Z,true,2026-08-08T18:01:12.342Z,"-1",xsd:int,2026-07-21T20:50:23.279Z,,,,
InternetGatewayDevice.LANDevice.1.LANEthernetInterfaceConfig.1.X_ZHONE_AclRuleNumberOfEntries,false,2026-08-08T18:01:12.342Z,false,2026-08-08T18:01:12.342Z,"0",xsd:unsignedInt,2026-07-21T20:50:23.279Z,,,,
InternetGatewayDevice.LANDevice.1.LANEthernetInterfaceConfig.1.X_ZHONE_COM_Alias,false,2026-08-08T18:01:12.342Z,true,2026-08-08T18:01:12.342Z,"Fiber WAN",xsd:string,2026-07-21T20:50:23.279Z,,,,
InternetGatewayDevice.LANDevice.1.LANEthernetInterfaceConfig.1.X_ZHONE_COM_RateLimit,true,2026-08-08T18:01:12.342Z,false,2026-08-08T18:01:12.342Z,"",,,,,,
InternetGatewayDevice.LANDevice.1.LANEthernetInterfaceConfig.1.X_ZHONE_COM_RateLimit.BurstSize,false,2026-08-08T18:01:12.342Z,true,2026-08-08T18:01:12.342Z,"500KB",xsd:string,2026-07-21T20:50:23.279Z,,,,
InternetGatewayDevice.LANDevice.1.LANEthernetInterfaceConfig.1.X_ZHONE_COM_RateLimit.Enable,false,2026-08-08T18:01:12.342Z,true,2026-08-08T18:01:12.342Z,"false",xsd:boolean,2026-07-21T20:50:23.279Z,,,,
InternetGatewayDevice.LANDevice.1.LANEthernetInterfaceConfig.1.X_ZHONE_COM_RateLimit.InboundPeakRate,false,2026-08-08T18:01:12.342Z,true,2026-08-08T18:01:12.342Z,"0",xsd:unsignedInt,2026-07-21T20:50:23.279Z,,,,
InternetGatewayDevice.LANDevice.1.LANEthernetInterfaceConfig.1.X_ZHONE_COM_RateLimit.PeakRate,false,2026-08-08T18:01:12.342Z,true,2026-08-08T18:01:12.342Z,"0",xsd:unsignedInt,2026-07-21T20:50:23.279Z,,,,
InternetGatewayDevice.LANDevice.1.LANEthernetInterfaceConfig.1.X_ZHONE_COM_RateLimit.RateDirection,false,2026-08-08T18:01:12.342Z,true,2026-08-08T18:01:12.342Z,"Direction-None",xsd:string,2026-07-21T20:50:23.279Z,,,,
InternetGatewayDevice.LANDevice.1.LANEthernetInterfaceConfig.1.X_ZHONE_COM_Status,true,2026-08-08T18:01:12.342Z,false,2026-08-08T18:01:12.342Z,"",,,,,,
InternetGatewayDevice.LANDevice.1.LANEthernetInterfaceConfig.1.X_ZHONE_COM_Status.DuplexStatus,false,2026-08-08T18:01:12.342Z,false,2026-08-08T18:01:12.342Z,"Full",xsd:string,2026-07-21T20:50:23.279Z,,,,
InternetGatewayDevice.LANDevice.1.LANEthernetInterfaceConfig.1.X_ZHONE_COM_Status.LinkStatus,false,2026-08-08T18:01:12.342Z,false,2026-08-08T18:01:12.342Z,"Up",xsd:string,2026-07-21T20:50:23.279Z,,,,
InternetGatewayDevice.LANDevice.1.LANEthernetInterfaceConfig.1.X_ZHONE_COM_Status.PauseStatus,false,2026-08-08T18:01:12.342Z,false,2026-08-08T18:01:12.342Z,"Disable",xsd:string,2026-07-21T20:50:23.279Z,,,,
InternetGatewayDevice.LANDevice.1.LANEthernetInterfaceConfig.1.X_ZHONE_COM_Status.RateStatus,false,2026-08-08T18:01:12.342Z,false,2026-08-08T18:01:12.342Z,"1000",xsd:string,2026-07-21T20:50:23.279Z,,,,
InternetGatewayDevice.LANDevice.1.LANEthernetInterfaceConfig.1.X_ZHONE_IgmpPriorityMark,false,2026-08-08T18:01:12.342Z,true,2026-08-08T18:01:12.342Z,"0",xsd:int,2026-07-21T20:50:23.279Z,,,,
InternetGatewayDevice.LANDevice.1.LANEthernetInterfaceConfig.1.X_ZHONE_IgmpPvid,false,2026-08-08T18:01:12.342Z,true,2026-08-08T18:01:12.342Z,"0",xsd:int,2026-07-21T20:50:23.279Z,,,,
InternetGatewayDevice.LANDevice.1.LANEthernetInterfaceConfig.1.X_ZHONE_LanFollowsWan,false,2026-08-08T18:01:12.342Z,true,2026-08-08T18:01:12.342Z,"false",xsd:boolean,2026-07-21T20:50:23.279Z,,,,
InternetGatewayDevice.LANDevice.1.LANEthernetInterfaceConfig.1.X_ZHONE_Pause,false,2026-08-08T18:01:12.342Z,true,2026-08-08T18:01:12.342Z,"Auto",xsd:string,2026-07-21T20:50:23.279Z,,,,
InternetGatewayDevice.LANDevice.1.LANEthernetInterfaceConfig.1.X_ZHONE_PowerSheddingState,false,2026-08-08T18:01:12.342Z,true,2026-08-08T18:01:12.342Z,"false",xsd:boolean,2026-07-21T20:50:23.279Z,,,,
InternetGatewayDevice.LANDevice.1.LANEthernetInterfaceConfig.2,true,2026-08-08T18:01:12.342Z,false,2026-08-08T18:01:12.342Z,"",,,,,,
InternetGatewayDevice.LANDevice.1.LANEthernetInterfaceConfig.2.DuplexMode,false,2026-08-08T18:01:12.342Z,true,2026-08-08T18:01:12.342Z,"Auto",xsd:string,2026-07-21T20:50:23.279Z,,,,
InternetGatewayDevice.LANDevice.1.LANEthernetInterfaceConfig.2.Enable,false,2026-08-08T18:01:12.342Z,true,2026-08-08T18:01:12.342Z,"true",xsd:boolean,2026-07-21T20:50:23.279Z,,,,
InternetGatewayDevice.LANDevice.1.LANEthernetInterfaceConfig.2.MACAddress,false,2026-08-08T18:01:12.342Z,false,2026-08-08T18:01:12.342Z,"2a:02:71:18:c3:fa",xsd:string,2026-07-21T20:50:23.279Z,,,,
InternetGatewayDevice.LANDevice.1.LANEthernetInterfaceConfig.2.MACAddressControlEnabled,false,2026-08-08T18:01:12.342Z,true,2026-08-08T18:01:12.342Z,"false",xsd:boolean,2026-07-21T20:50:23.279Z,,,,
InternetGatewayDevice.LANDevice.1.LANEthernetInterfaceConfig.2.MaxBitRate,false,2026-08-08T18:01:12.342Z,true,2026-08-08T18:01:12.342Z,"Auto",xsd:string,2026-07-21T20:50:23.279Z,,,,
InternetGatewayDevice.LANDevice.1.LANEthernetInterfaceConfig.2.Stats,true,2026-08-08T18:01:12.342Z,false,2026-08-08T18:01:12.342Z,"",,,,,,
InternetGatewayDevice.LANDevice.1.LANEthernetInterfaceConfig.2.Stats.BytesReceived,false,2026-08-08T18:01:12.342Z,false,2026-08-08T18:01:12.342Z,"65679420",xsd:unsignedInt,2026-07-21T20:50:23.279Z,,,,
InternetGatewayDevice.LANDevice.1.LANEthernetInterfaceConfig.2.Stats.BytesSent,false,2026-08-08T18:01:12.342Z,false,2026-08-08T18:01:12.342Z,"1937391488",xsd:unsignedInt,2026-07-21T20:50:23.279Z,,,,
InternetGatewayDevice.LANDevice.1.LANEthernetInterfaceConfig.2.Stats.PacketsReceived,false,2026-08-08T18:01:12.342Z,false,2026-08-08T18:01:12.342Z,"250239",xsd:unsignedInt,2026-07-21T20:50:23.279Z,,,,
InternetGatewayDevice.LANDevice.1.LANEthernetInterfaceConfig.2.Stats.PacketsSent,false,2026-08-08T18:01:12.342Z,false,2026-08-08T18:01:12.342Z,"1598274",xsd:unsignedInt,2026-07-21T20:50:23.279Z,,,,
InternetGatewayDevice.LANDevice.1.LANEthernetInterfaceConfig.2.Stats.X_BROADCOM_COM_PacketsReceived,false,2026-08-08T18:01:12.342Z,false,2026-08-08T18:01:12.342Z,"0",xsd:unsignedInt,2026-07-21T20:50:23.279Z,,,,
InternetGatewayDevice.LANDevice.1.LANEthernetInterfaceConfig.2.Stats.X_BROADCOM_COM_PacketsSent,false,2026-08-08T18:01:12.342Z,false,2026-08-08T18:01:12.342Z,"0",xsd:unsignedInt,2026-07-21T20:50:23.279Z,,,,
InternetGatewayDevice.LANDevice.1.LANEthernetInterfaceConfig.2.Stats.X_BROADCOM_COM_RxDrops,false,2026-08-08T18:01:12.342Z,false,2026-08-08T18:01:12.342Z,"0",xsd:unsignedInt,2026-07-21T20:50:23.279Z,,,,
InternetGatewayDevice.LANDevice.1.LANEthernetInterfaceConfig.2.Stats.X_BROADCOM_COM_RxErrors,false,2026-08-08T18:01:12.342Z,false,2026-08-08T18:01:12.342Z,"0",xsd:unsignedInt,2026-07-21T20:50:23.279Z,,,,
InternetGatewayDevice.LANDevice.1.LANEthernetInterfaceConfig.2.Stats.X_BROADCOM_COM_TxDrops,false,2026-08-08T18:01:12.342Z,false,2026-08-08T18:01:12.342Z,"0",xsd:unsignedInt,2026-07-21T20:50:23.279Z,,,,
InternetGatewayDevice.LANDevice.1.LANEthernetInterfaceConfig.2.Stats.X_BROADCOM_COM_TxErrors,false,2026-08-08T18:01:12.342Z,false,2026-08-08T18:01:12.342Z,"0",xsd:unsignedInt,2026-07-21T20:50:23.279Z,,,,
InternetGatewayDevice.LANDevice.1.LANEthernetInterfaceConfig.2.Stats.X_ZHONE_COM_BytesReceived,false,2026-08-08T18:01:12.342Z,false,2026-08-08T18:01:12.342Z,"65679420",xsd:unsignedLong,2026-07-21T20:50:23.279Z,,,,
InternetGatewayDevice.LANDevice.1.LANEthernetInterfaceConfig.2.Stats.X_ZHONE_COM_BytesSent,false,2026-08-08T18:01:12.342Z,false,2026-08-08T18:01:12.342Z,"1937391488",xsd:unsignedLong,2026-07-21T20:50:23.279Z,,,,
InternetGatewayDevice.LANDevice.1.LANEthernetInterfaceConfig.2.Stats.X_ZHONE_COM_PacketsReceived,false,2026-08-08T18:01:12.342Z,false,2026-08-08T18:01:12.342Z,"250239",xsd:unsignedLong,2026-07-21T20:50:23.279Z,,,,
InternetGatewayDevice.LANDevice.1.LANEthernetInterfaceConfig.2.Stats.X_ZHONE_COM_PacketsSent,false,2026-08-08T18:01:12.342Z,false,2026-08-08T18:01:12.342Z,"1598274",xsd:unsignedLong,2026-07-21T20:50:23.279Z,,,,
InternetGatewayDevice.LANDevice.1.LANEthernetInterfaceConfig.2.Status,false,2026-08-08T18:01:12.342Z,false,2026-08-08T18:01:12.342Z,"Up",xsd:string,2026-07-21T20:50:23.279Z,,,,
InternetGatewayDevice.LANDevice.1.LANEthernetInterfaceConfig.2.X_BROADCOM_COM_EthernetPriorityMark,false,2026-08-08T18:01:12.342Z,true,2026-08-08T18:01:12.342Z,"0",xsd:int,2026-07-21T20:50:23.279Z,,,,
InternetGatewayDevice.LANDevice.1.LANEthernetInterfaceConfig.2.X_BROADCOM_COM_IfName,false,2026-08-08T18:01:12.342Z,false,2026-08-08T18:01:12.342Z,"eth1",xsd:string,2026-07-21T20:50:23.279Z,,,,
InternetGatewayDevice.LANDevice.1.LANEthernetInterfaceConfig.2.X_BROADCOM_COM_VLAN_Enable,false,2026-08-08T18:01:12.342Z,true,2026-08-08T18:01:12.342Z,"0",xsd:unsignedInt,2026-07-21T20:50:23.279Z,,,,
InternetGatewayDevice.LANDevice.1.LANEthernetInterfaceConfig.2.X_BROADCOM_COM_VLAN_TagList,false,2026-08-08T18:01:12.342Z,true,2026-08-08T18:01:12.342Z,"",xsd:string,2026-07-21T20:50:23.279Z,,,,
InternetGatewayDevice.LANDevice.1.LANEthernetInterfaceConfig.2.X_BROADCOM_COM_dot1qPvid,false,2026-08-08T18:01:12.342Z,true,2026-08-08T18:01:12.342Z,"190",xsd:int,2026-07-21T20:50:23.279Z,,,,
InternetGatewayDevice.LANDevice.1.LANEthernetInterfaceConfig.2.X_ZHONE_Acl,false,2026-08-08T18:01:12.342Z,true,2026-08-08T18:01:12.342Z,"Disable",xsd:string,2026-07-21T20:50:23.279Z,,,,
InternetGatewayDevice.LANDevice.1.LANEthernetInterfaceConfig.2.X_ZHONE_AclKey,false,2026-08-08T18:01:12.342Z,true,2026-08-08T18:01:12.342Z,"0",xsd:int,2026-07-21T20:50:23.279Z,,,,
InternetGatewayDevice.LANDevice.1.LANEthernetInterfaceConfig.2.X_ZHONE_AclRuleNumberOfEntries,false,2026-08-08T18:01:12.342Z,false,2026-08-08T18:01:12.342Z,"0",xsd:unsignedInt,2026-07-21T20:50:23.279Z,,,,
InternetGatewayDevice.LANDevice.1.LANEthernetInterfaceConfig.2.X_ZHONE_COM_Alias,false,2026-08-08T18:01:12.342Z,true,2026-08-08T18:01:12.342Z,"GE1 - GigE",xsd:string,2026-07-21T20:50:23.279Z,,,,
InternetGatewayDevice.LANDevice.1.LANEthernetInterfaceConfig.2.X_ZHONE_COM_RateLimit,true,2026-08-08T18:01:12.342Z,false,2026-08-08T18:01:12.342Z,"",,,,,,
InternetGatewayDevice.LANDevice.1.LANEthernetInterfaceConfig.2.X_ZHONE_COM_RateLimit.BurstSize,false,2026-08-08T18:01:12.342Z,true,2026-08-08T18:01:12.342Z,"500KB",xsd:string,2026-07-21T20:50:23.279Z,,,,
InternetGatewayDevice.LANDevice.1.LANEthernetInterfaceConfig.2.X_ZHONE_COM_RateLimit.Enable,false,2026-08-08T18:01:12.342Z,true,2026-08-08T18:01:12.342Z,"false",xsd:boolean,2026-07-21T20:50:23.279Z,,,,
InternetGatewayDevice.LANDevice.1.LANEthernetInterfaceConfig.2.X_ZHONE_COM_RateLimit.InboundPeakRate,false,2026-08-08T18:01:12.342Z,true,2026-08-08T18:01:12.342Z,"0",xsd:unsignedInt,2026-07-21T20:50:23.279Z,,,,
InternetGatewayDevice.LANDevice.1.LANEthernetInterfaceConfig.2.X_ZHONE_COM_RateLimit.PeakRate,false,2026-08-08T18:01:12.342Z,true,2026-08-08T18:01:12.342Z,"0",xsd:unsignedInt,2026-07-21T20:50:23.279Z,,,,
InternetGatewayDevice.LANDevice.1.LANEthernetInterfaceConfig.2.X_ZHONE_COM_RateLimit.RateDirection,false,2026-08-08T18:01:12.342Z,true,2026-08-08T18:01:12.342Z,"Direction-None",xsd:string,2026-07-21T20:50:23.279Z,,,,
InternetGatewayDevice.LANDevice.1.LANEthernetInterfaceConfig.2.X_ZHONE_COM_Status,true,2026-08-08T18:01:12.342Z,false,2026-08-08T18:01:12.342Z,"",,,,,,
InternetGatewayDevice.LANDevice.1.LANEthernetInterfaceConfig.2.X_ZHONE_COM_Status.DuplexStatus,false,2026-08-08T18:01:12.342Z,false,2026-08-08T18:01:12.342Z,"Full",xsd:string,2026-07-21T20:50:23.279Z,,,,
InternetGatewayDevice.LANDevice.1.LANEthernetInterfaceConfig.2.X_ZHONE_COM_Status.LinkStatus,false,2026-08-08T18:01:12.342Z,false,2026-08-08T18:01:12.342Z,"Up",xsd:string,2026-07-21T20:50:23.279Z,,,,
InternetGatewayDevice.LANDevice.1.LANEthernetInterfaceConfig.2.X_ZHONE_COM_Status.PauseStatus,false,2026-08-08T18:01:12.342Z,false,2026-08-08T18:01:12.342Z,"Disable",xsd:string,2026-07-21T20:50:23.279Z,,,,
InternetGatewayDevice.LANDevice.1.LANEthernetInterfaceConfig.2.X_ZHONE_COM_Status.RateStatus,false,2026-08-08T18:01:12.342Z,false,2026-08-08T18:01:12.342Z,"100",xsd:string,2026-07-21T20:50:23.279Z,,,,
InternetGatewayDevice.LANDevice.1.LANEthernetInterfaceConfig.2.X_ZHONE_IgmpPriorityMark,false,2026-08-08T18:01:12.342Z,true,2026-08-08T18:01:12.342Z,"0",xsd:int,2026-07-21T20:50:23.279Z,,,,
InternetGatewayDevice.LANDevice.1.LANEthernetInterfaceConfig.2.X_ZHONE_IgmpPvid,false,2026-08-08T18:01:12.342Z,true,2026-08-08T18:01:12.342Z,"0",xsd:int,2026-07-21T20:50:23.279Z,,,,
InternetGatewayDevice.LANDevice.1.LANEthernetInterfaceConfig.2.X_ZHONE_LanFollowsWan,false,2026-08-08T18:01:12.342Z,true,2026-08-08T18:01:12.342Z,"false",xsd:boolean,2026-07-21T20:50:23.279Z,,,,
InternetGatewayDevice.LANDevice.1.LANEthernetInterfaceConfig.2.X_ZHONE_Pause,false,2026-08-08T18:01:12.342Z,true,2026-08-08T18:01:12.342Z,"Auto",xsd:string,2026-07-21T20:50:23.279Z,,,,
InternetGatewayDevice.LANDevice.1.LANEthernetInterfaceConfig.2.X_ZHONE_PowerSheddingState,false,2026-08-08T18:01:12.342Z,true,2026-08-08T18:01:12.342Z,"false",xsd:boolean,2026-07-21T20:50:23.279Z,,,,
InternetGatewayDevice.LANDevice.1.LANEthernetInterfaceConfig.3,true,2026-08-08T18:01:12.342Z,false,2026-08-08T18:01:12.342Z,"",,,,,,
InternetGatewayDevice.LANDevice.1.LANEthernetInterfaceConfig.3.DuplexMode,false,2026-08-08T18:01:12.342Z,true,2026-08-08T18:01:12.342Z,"Auto",xsd:string,2026-07-21T20:50:23.279Z,,,,
InternetGatewayDevice.LANDevice.1.LANEthernetInterfaceConfig.3.Enable,false,2026-08-08T18:01:12.342Z,true,2026-08-08T18:01:12.342Z,"true",xsd:boolean,2026-07-21T20:50:23.279Z,,,,
InternetGatewayDevice.LANDevice.1.LANEthernetInterfaceConfig.3.MACAddress,false,2026-08-08T18:01:12.342Z,false,2026-08-08T18:01:12.342Z,"2a:02:71:18:c3:fb",xsd:string,2026-07-21T20:50:23.279Z,,,,
InternetGatewayDevice.LANDevice.1.LANEthernetInterfaceConfig.3.MACAddressControlEnabled,false,2026-08-08T18:01:12.342Z,true,2026-08-08T18:01:12.342Z,"false",xsd:boolean,2026-07-21T20:50:23.279Z,,,,
InternetGatewayDevice.LANDevice.1.LANEthernetInterfaceConfig.3.MaxBitRate,false,2026-08-08T18:01:12.342Z,true,2026-08-08T18:01:12.342Z,"Auto",xsd:string,2026-07-21T20:50:23.279Z,,,,
InternetGatewayDevice.LANDevice.1.LANEthernetInterfaceConfig.3.Stats,true,2026-08-08T18:01:12.342Z,false,2026-08-08T18:01:12.342Z,"",,,,,,
InternetGatewayDevice.LANDevice.1.LANEthernetInterfaceConfig.3.Stats.BytesReceived,false,2026-08-08T18:01:12.342Z,false,2026-08-08T18:01:12.342Z,"0",xsd:unsignedInt,2026-07-21T20:50:23.279Z,,,,
InternetGatewayDevice.LANDevice.1.LANEthernetInterfaceConfig.3.Stats.BytesSent,false,2026-08-08T18:01:12.342Z,false,2026-08-08T18:01:12.342Z,"0",xsd:unsignedInt,2026-07-21T20:50:23.279Z,,,,
InternetGatewayDevice.LANDevice.1.LANEthernetInterfaceConfig.3.Stats.PacketsReceived,false,2026-08-08T18:01:12.342Z,false,2026-08-08T18:01:12.342Z,"0",xsd:unsignedInt,2026-07-21T20:50:23.279Z,,,,
InternetGatewayDevice.LANDevice.1.LANEthernetInterfaceConfig.3.Stats.PacketsSent,false,2026-08-08T18:01:12.342Z,false,2026-08-08T18:01:12.342Z,"0",xsd:unsignedInt,2026-07-21T20:50:23.279Z,,,,
InternetGatewayDevice.LANDevice.1.LANEthernetInterfaceConfig.3.Stats.X_BROADCOM_COM_PacketsReceived,false,2026-08-08T18:01:12.342Z,false,2026-08-08T18:01:12.342Z,"0",xsd:unsignedInt,2026-07-21T20:50:23.279Z,,,,
InternetGatewayDevice.LANDevice.1.LANEthernetInterfaceConfig.3.Stats.X_BROADCOM_COM_PacketsSent,false,2026-08-08T18:01:12.342Z,false,2026-08-08T18:01:12.342Z,"0",xsd:unsignedInt,2026-07-21T20:50:23.279Z,,,,
InternetGatewayDevice.LANDevice.1.LANEthernetInterfaceConfig.3.Stats.X_BROADCOM_COM_RxDrops,false,2026-08-08T18:01:12.342Z,false,2026-08-08T18:01:12.342Z,"0",xsd:unsignedInt,2026-07-21T20:50:23.279Z,,,,
InternetGatewayDevice.LANDevice.1.LANEthernetInterfaceConfig.3.Stats.X_BROADCOM_COM_RxErrors,false,2026-08-08T18:01:12.342Z,false,2026-08-08T18:01:12.342Z,"0",xsd:unsignedInt,2026-07-21T20:50:23.279Z,,,,
InternetGatewayDevice.LANDevice.1.LANEthernetInterfaceConfig.3.Stats.X_BROADCOM_COM_TxDrops,false,2026-08-08T18:01:12.342Z,false,2026-08-08T18:01:12.342Z,"0",xsd:unsignedInt,2026-07-21T20:50:23.279Z,,,,
InternetGatewayDevice.LANDevice.1.LANEthernetInterfaceConfig.3.Stats.X_BROADCOM_COM_TxErrors,false,2026-08-08T18:01:12.342Z,false,2026-08-08T18:01:12.342Z,"0",xsd:unsignedInt,2026-07-21T20:50:23.279Z,,,,
InternetGatewayDevice.LANDevice.1.LANEthernetInterfaceConfig.3.Stats.X_ZHONE_COM_BytesReceived,false,2026-08-08T18:01:12.342Z,false,2026-08-08T18:01:12.342Z,"0",xsd:unsignedLong,2026-07-21T20:50:23.279Z,,,,
InternetGatewayDevice.LANDevice.1.LANEthernetInterfaceConfig.3.Stats.X_ZHONE_COM_BytesSent,false,2026-08-08T18:01:12.342Z,false,2026-08-08T18:01:12.342Z,"0",xsd:unsignedLong,2026-07-21T20:50:23.279Z,,,,
InternetGatewayDevice.LANDevice.1.LANEthernetInterfaceConfig.3.Stats.X_ZHONE_COM_PacketsReceived,false,2026-08-08T18:01:12.342Z,false,2026-08-08T18:01:12.342Z,"0",xsd:unsignedLong,2026-07-21T20:50:23.279Z,,,,
InternetGatewayDevice.LANDevice.1.LANEthernetInterfaceConfig.3.Stats.X_ZHONE_COM_PacketsSent,false,2026-08-08T18:01:12.342Z,false,2026-08-08T18:01:12.342Z,"0",xsd:unsignedLong,2026-07-21T20:50:23.279Z,,,,
InternetGatewayDevice.LANDevice.1.LANEthernetInterfaceConfig.3.Status,false,2026-08-08T18:01:12.342Z,false,2026-08-08T18:01:12.342Z,"NoLink",xsd:string,2026-07-21T20:50:23.279Z,,,,
InternetGatewayDevice.LANDevice.1.LANEthernetInterfaceConfig.3.X_BROADCOM_COM_EthernetPriorityMark,false,2026-08-08T18:01:12.342Z,true,2026-08-08T18:01:12.342Z,"0",xsd:int,2026-07-21T20:50:23.279Z,,,,
InternetGatewayDevice.LANDevice.1.LANEthernetInterfaceConfig.3.X_BROADCOM_COM_IfName,false,2026-08-08T18:01:12.342Z,false,2026-08-08T18:01:12.342Z,"eth2",xsd:string,2026-07-21T20:50:23.279Z,,,,
InternetGatewayDevice.LANDevice.1.LANEthernetInterfaceConfig.3.X_BROADCOM_COM_VLAN_Enable,false,2026-08-08T18:01:12.342Z,true,2026-08-08T18:01:12.342Z,"0",xsd:unsignedInt,2026-07-21T20:50:23.279Z,,,,
InternetGatewayDevice.LANDevice.1.LANEthernetInterfaceConfig.3.X_BROADCOM_COM_VLAN_TagList,false,2026-08-08T18:01:12.342Z,true,2026-08-08T18:01:12.342Z,"",xsd:string,2026-07-21T20:50:23.279Z,,,,
InternetGatewayDevice.LANDevice.1.LANEthernetInterfaceConfig.3.X_BROADCOM_COM_dot1qPvid,false,2026-08-08T18:01:12.342Z,true,2026-08-08T18:01:12.342Z,"190",xsd:int,2026-07-21T20:50:23.279Z,,,,
InternetGatewayDevice.LANDevice.1.LANEthernetInterfaceConfig.3.X_ZHONE_Acl,false,2026-08-08T18:01:12.342Z,true,2026-08-08T18:01:12.342Z,"Disable",xsd:string,2026-07-21T20:50:23.279Z,,,,
InternetGatewayDevice.LANDevice.1.LANEthernetInterfaceConfig.3.X_ZHONE_AclKey,false,2026-08-08T18:01:12.342Z,true,2026-08-08T18:01:12.342Z,"1",xsd:int,2026-07-21T20:50:23.279Z,,,,
InternetGatewayDevice.LANDevice.1.LANEthernetInterfaceConfig.3.X_ZHONE_AclRuleNumberOfEntries,false,2026-08-08T18:01:12.342Z,false,2026-08-08T18:01:12.342Z,"0",xsd:unsignedInt,2026-07-21T20:50:23.279Z,,,,
InternetGatewayDevice.LANDevice.1.LANEthernetInterfaceConfig.3.X_ZHONE_COM_Alias,false,2026-08-08T18:01:12.342Z,true,2026-08-08T18:01:12.342Z,"GE2 - GigE",xsd:string,2026-07-21T20:50:23.279Z,,,,
InternetGatewayDevice.LANDevice.1.LANEthernetInterfaceConfig.3.X_ZHONE_COM_RateLimit,true,2026-08-08T18:01:12.342Z,false,2026-08-08T18:01:12.342Z,"",,,,,,
InternetGatewayDevice.LANDevice.1.LANEthernetInterfaceConfig.3.X_ZHONE_COM_RateLimit.BurstSize,false,2026-08-08T18:01:12.342Z,true,2026-08-08T18:01:12.342Z,"500KB",xsd:string,2026-07-21T20:50:23.279Z,,,,
InternetGatewayDevice.LANDevice.1.LANEthernetInterfaceConfig.3.X_ZHONE_COM_RateLimit.Enable,false,2026-08-08T18:01:12.342Z,true,2026-08-08T18:01:12.342Z,"false",xsd:boolean,2026-07-21T20:50:23.279Z,,,,
InternetGatewayDevice.LANDevice.1.LANEthernetInterfaceConfig.3.X_ZHONE_COM_RateLimit.InboundPeakRate,false,2026-08-08T18:01:12.342Z,true,2026-08-08T18:01:12.342Z,"0",xsd:unsignedInt,2026-07-21T20:50:23.279Z,,,,
InternetGatewayDevice.LANDevice.1.LANEthernetInterfaceConfig.3.X_ZHONE_COM_RateLimit.PeakRate,false,2026-08-08T18:01:12.342Z,true,2026-08-08T18:01:12.342Z,"0",xsd:unsignedInt,2026-07-21T20:50:23.279Z,,,,
InternetGatewayDevice.LANDevice.1.LANEthernetInterfaceConfig.3.X_ZHONE_COM_RateLimit.RateDirection,false,2026-08-08T18:01:12.342Z,true,2026-08-08T18:01:12.342Z,"Direction-None",xsd:string,2026-07-21T20:50:23.279Z,,,,
InternetGatewayDevice.LANDevice.1.LANEthernetInterfaceConfig.3.X_ZHONE_COM_Status,true,2026-08-08T18:01:12.342Z,false,2026-08-08T18:01:12.342Z,"",,,,,,
InternetGatewayDevice.LANDevice.1.LANEthernetInterfaceConfig.3.X_ZHONE_COM_Status.DuplexStatus,false,2026-08-08T18:01:12.342Z,false,2026-08-08T18:01:12.342Z,"Half",xsd:string,2026-07-21T20:50:23.279Z,,,,
InternetGatewayDevice.LANDevice.1.LANEthernetInterfaceConfig.3.X_ZHONE_COM_Status.LinkStatus,false,2026-08-08T18:01:12.342Z,false,2026-08-08T18:01:12.342Z,"NoLink",xsd:string,2026-07-21T20:50:23.279Z,,,,
InternetGatewayDevice.LANDevice.1.LANEthernetInterfaceConfig.3.X_ZHONE_COM_Status.PauseStatus,false,2026-08-08T18:01:12.342Z,false,2026-08-08T18:01:12.342Z,"Disable",xsd:string,2026-07-21T20:50:23.279Z,,,,
InternetGatewayDevice.LANDevice.1.LANEthernetInterfaceConfig.3.X_ZHONE_COM_Status.RateStatus,false,2026-08-08T18:01:12.342Z,false,2026-08-08T18:01:12.342Z,"10",xsd:string,2026-07-21T20:50:23.279Z,,,,
InternetGatewayDevice.LANDevice.1.LANEthernetInterfaceConfig.3.X_ZHONE_IgmpPriorityMark,false,2026-08-08T18:01:12.342Z,true,2026-08-08T18:01:12.342Z,"0",xsd:int,2026-07-21T20:50:23.279Z,,,,
InternetGatewayDevice.LANDevice.1.LANEthernetInterfaceConfig.3.X_ZHONE_IgmpPvid,false,2026-08-08T18:01:12.342Z,true,2026-08-08T18:01:12.342Z,"0",xsd:int,2026-07-21T20:50:23.279Z,,,,
InternetGatewayDevice.LANDevice.1.LANEthernetInterfaceConfig.3.X_ZHONE_LanFollowsWan,false,2026-08-08T18:01:12.342Z,true,2026-08-08T18:01:12.342Z,"false",xsd:boolean,2026-07-21T20:50:23.279Z,,,,
InternetGatewayDevice.LANDevice.1.LANEthernetInterfaceConfig.3.X_ZHONE_Pause,false,2026-08-08T18:01:12.342Z,true,2026-08-08T18:01:12.342Z,"Auto",xsd:string,2026-07-21T20:50:23.279Z,,,,
InternetGatewayDevice.LANDevice.1.LANEthernetInterfaceConfig.3.X_ZHONE_PowerSheddingState,false,2026-08-08T18:01:12.342Z,true,2026-08-08T18:01:12.342Z,"false",xsd:boolean,2026-07-21T20:50:23.279Z,,,,
InternetGatewayDevice.LANDevice.1.LANEthernetInterfaceConfig.4,true,2026-08-08T18:01:12.342Z,false,2026-08-08T18:01:12.342Z,"",,,,,,
InternetGatewayDevice.LANDevice.1.LANEthernetInterfaceConfig.4.DuplexMode,false,2026-08-08T18:01:12.342Z,true,2026-08-08T18:01:12.342Z,"Auto",xsd:string,2026-07-21T20:50:23.279Z,,,,
InternetGatewayDevice.LANDevice.1.LANEthernetInterfaceConfig.4.Enable,false,2026-08-08T18:01:12.342Z,true,2026-08-08T18:01:12.342Z,"true",xsd:boolean,2026-07-21T20:50:23.279Z,,,,
InternetGatewayDevice.LANDevice.1.LANEthernetInterfaceConfig.4.MACAddress,false,2026-08-08T18:01:12.342Z,false,2026-08-08T18:01:12.342Z,"2a:02:71:18:c3:fc",xsd:string,2026-07-21T20:50:23.279Z,,,,
InternetGatewayDevice.LANDevice.1.LANEthernetInterfaceConfig.4.MACAddressControlEnabled,false,2026-08-08T18:01:12.342Z,true,2026-08-08T18:01:12.342Z,"false",xsd:boolean,2026-07-21T20:50:23.279Z,,,,
InternetGatewayDevice.LANDevice.1.LANEthernetInterfaceConfig.4.MaxBitRate,false,2026-08-08T18:01:12.342Z,true,2026-08-08T18:01:12.342Z,"Auto",xsd:string,2026-07-21T20:50:23.279Z,,,,
InternetGatewayDevice.LANDevice.1.LANEthernetInterfaceConfig.4.Stats,true,2026-08-08T18:01:12.342Z,false,2026-08-08T18:01:12.342Z,"",,,,,,
InternetGatewayDevice.LANDevice.1.LANEthernetInterfaceConfig.4.Stats.BytesReceived,false,2026-08-08T18:01:12.342Z,false,2026-08-08T18:01:12.342Z,"0",xsd:unsignedInt,2026-07-21T20:50:23.279Z,,,,
InternetGatewayDevice.LANDevice.1.LANEthernetInterfaceConfig.4.Stats.BytesSent,false,2026-08-08T18:01:12.342Z,false,2026-08-08T18:01:12.342Z,"0",xsd:unsignedInt,2026-07-21T20:50:23.279Z,,,,
InternetGatewayDevice.LANDevice.1.LANEthernetInterfaceConfig.4.Stats.PacketsReceived,false,2026-08-08T18:01:12.342Z,false,2026-08-08T18:01:12.342Z,"0",xsd:unsignedInt,2026-07-21T20:50:23.279Z,,,,
InternetGatewayDevice.LANDevice.1.LANEthernetInterfaceConfig.4.Stats.PacketsSent,false,2026-08-08T18:01:12.342Z,false,2026-08-08T18:01:12.342Z,"0",xsd:unsignedInt,2026-07-21T20:50:23.279Z,,,,
InternetGatewayDevice.LANDevice.1.LANEthernetInterfaceConfig.4.Stats.X_BROADCOM_COM_PacketsReceived,false,2026-08-08T18:01:12.342Z,false,2026-08-08T18:01:12.342Z,"0",xsd:unsignedInt,2026-07-21T20:50:23.279Z,,,,
InternetGatewayDevice.LANDevice.1.LANEthernetInterfaceConfig.4.Stats.X_BROADCOM_COM_PacketsSent,false,2026-08-08T18:01:12.342Z,false,2026-08-08T18:01:12.342Z,"0",xsd:unsignedInt,2026-07-21T20:50:23.279Z,,,,
InternetGatewayDevice.LANDevice.1.LANEthernetInterfaceConfig.4.Stats.X_BROADCOM_COM_RxDrops,false,2026-08-08T18:01:12.342Z,false,2026-08-08T18:01:12.342Z,"0",xsd:unsignedInt,2026-07-21T20:50:23.279Z,,,,
InternetGatewayDevice.LANDevice.1.LANEthernetInterfaceConfig.4.Stats.X_BROADCOM_COM_RxErrors,false,2026-08-08T18:01:12.342Z,false,2026-08-08T18:01:12.342Z,"0",xsd:unsignedInt,2026-07-21T20:50:23.279Z,,,,
InternetGatewayDevice.LANDevice.1.LANEthernetInterfaceConfig.4.Stats.X_BROADCOM_COM_TxDrops,false,2026-08-08T18:01:12.342Z,false,2026-08-08T18:01:12.342Z,"0",xsd:unsignedInt,2026-07-21T20:50:23.279Z,,,,
InternetGatewayDevice.LANDevice.1.LANEthernetInterfaceConfig.4.Stats.X_BROADCOM_COM_TxErrors,false,2026-08-08T18:01:12.342Z,false,2026-08-08T18:01:12.342Z,"0",xsd:unsignedInt,2026-07-21T20:50:23.279Z,,,,
InternetGatewayDevice.LANDevice.1.LANEthernetInterfaceConfig.4.Stats.X_ZHONE_COM_BytesReceived,false,2026-08-08T18:01:12.342Z,false,2026-08-08T18:01:12.342Z,"0",xsd:unsignedLong,2026-07-21T20:50:23.279Z,,,,
InternetGatewayDevice.LANDevice.1.LANEthernetInterfaceConfig.4.Stats.X_ZHONE_COM_BytesSent,false,2026-08-08T18:01:12.342Z,false,2026-08-08T18:01:12.342Z,"0",xsd:unsignedLong,2026-07-21T20:50:23.279Z,,,,
InternetGatewayDevice.LANDevice.1.LANEthernetInterfaceConfig.4.Stats.X_ZHONE_COM_PacketsReceived,false,2026-08-08T18:01:12.342Z,false,2026-08-08T18:01:12.342Z,"0",xsd:unsignedLong,2026-07-21T20:50:23.279Z,,,,
InternetGatewayDevice.LANDevice.1.LANEthernetInterfaceConfig.4.Stats.X_ZHONE_COM_PacketsSent,false,2026-08-08T18:01:12.342Z,false,2026-08-08T18:01:12.342Z,"0",xsd:unsignedLong,2026-07-21T20:50:23.279Z,,,,
InternetGatewayDevice.LANDevice.1.LANEthernetInterfaceConfig.4.Status,false,2026-08-08T18:01:12.342Z,false,2026-08-08T18:01:12.342Z,"NoLink",xsd:string,2026-07-21T20:50:23.279Z,,,,
InternetGatewayDevice.LANDevice.1.LANEthernetInterfaceConfig.4.X_BROADCOM_COM_EthernetPriorityMark,false,2026-08-08T18:01:12.342Z,true,2026-08-08T18:01:12.342Z,"0",xsd:int,2026-07-21T20:50:23.279Z,,,,
InternetGatewayDevice.LANDevice.1.LANEthernetInterfaceConfig.4.X_BROADCOM_COM_IfName,false,2026-08-08T18:01:12.342Z,false,2026-08-08T18:01:12.342Z,"eth3",xsd:string,2026-07-21T20:50:23.279Z,,,,
InternetGatewayDevice.LANDevice.1.LANEthernetInterfaceConfig.4.X_BROADCOM_COM_VLAN_Enable,false,2026-08-08T18:01:12.342Z,true,2026-08-08T18:01:12.342Z,"0",xsd:unsignedInt,2026-07-21T20:50:23.279Z,,,,
InternetGatewayDevice.LANDevice.1.LANEthernetInterfaceConfig.4.X_BROADCOM_COM_VLAN_TagList,false,2026-08-08T18:01:12.342Z,true,2026-08-08T18:01:12.342Z,"",xsd:string,2026-07-21T20:50:23.279Z,,,,
InternetGatewayDevice.LANDevice.1.LANEthernetInterfaceConfig.4.X_BROADCOM_COM_dot1qPvid,false,2026-08-08T18:01:12.342Z,true,2026-08-08T18:01:12.342Z,"11",xsd:int,2026-07-21T20:50:23.279Z,,,,
InternetGatewayDevice.LANDevice.1.LANEthernetInterfaceConfig.4.X_ZHONE_Acl,false,2026-08-08T18:01:12.342Z,true,2026-08-08T18:01:12.342Z,"Disable",xsd:string,2026-07-21T20:50:23.279Z,,,,
InternetGatewayDevice.LANDevice.1.LANEthernetInterfaceConfig.4.X_ZHONE_AclKey,false,2026-08-08T18:01:12.342Z,true,2026-08-08T18:01:12.342Z,"2",xsd:int,2026-07-21T20:50:23.279Z,,,,
InternetGatewayDevice.LANDevice.1.LANEthernetInterfaceConfig.4.X_ZHONE_AclRuleNumberOfEntries,false,2026-08-08T18:01:12.342Z,false,2026-08-08T18:01:12.342Z,"0",xsd:unsignedInt,2026-07-21T20:50:23.279Z,,,,
InternetGatewayDevice.LANDevice.1.LANEthernetInterfaceConfig.4.X_ZHONE_COM_Alias,false,2026-08-08T18:01:12.342Z,true,2026-08-08T18:01:12.342Z,"GE3 - GigE",xsd:string,2026-07-21T20:50:23.279Z,,,,
InternetGatewayDevice.LANDevice.1.LANEthernetInterfaceConfig.4.X_ZHONE_COM_RateLimit,true,2026-08-08T18:01:12.342Z,false,2026-08-08T18:01:12.342Z,"",,,,,,
InternetGatewayDevice.LANDevice.1.LANEthernetInterfaceConfig.4.X_ZHONE_COM_RateLimit.BurstSize,false,2026-08-08T18:01:12.342Z,true,2026-08-08T18:01:12.342Z,"500KB",xsd:string,2026-07-21T20:50:23.279Z,,,,
InternetGatewayDevice.LANDevice.1.LANEthernetInterfaceConfig.4.X_ZHONE_COM_RateLimit.Enable,false,2026-08-08T18:01:12.342Z,true,2026-08-08T18:01:12.342Z,"false",xsd:boolean,2026-07-21T20:50:23.279Z,,,,
InternetGatewayDevice.LANDevice.1.LANEthernetInterfaceConfig.4.X_ZHONE_COM_RateLimit.InboundPeakRate,false,2026-08-08T18:01:12.342Z,true,2026-08-08T18:01:12.342Z,"0",xsd:unsignedInt,2026-07-21T20:50:23.279Z,,,,
InternetGatewayDevice.LANDevice.1.LANEthernetInterfaceConfig.4.X_ZHONE_COM_RateLimit.PeakRate,false,2026-08-08T18:01:12.342Z,true,2026-08-08T18:01:12.342Z,"0",xsd:unsignedInt,2026-07-21T20:50:23.279Z,,,,
InternetGatewayDevice.LANDevice.1.LANEthernetInterfaceConfig.4.X_ZHONE_COM_RateLimit.RateDirection,false,2026-08-08T18:01:12.342Z,true,2026-08-08T18:01:12.342Z,"Direction-None",xsd:string,2026-07-21T20:50:23.279Z,,,,
InternetGatewayDevice.LANDevice.1.LANEthernetInterfaceConfig.4.X_ZHONE_COM_Status,true,2026-08-08T18:01:12.342Z,false,2026-08-08T18:01:12.342Z,"",,,,,,
InternetGatewayDevice.LANDevice.1.LANEthernetInterfaceConfig.4.X_ZHONE_COM_Status.DuplexStatus,false,2026-08-08T18:01:12.342Z,false,2026-08-08T18:01:12.342Z,"Half",xsd:string,2026-07-21T20:50:23.279Z,,,,
InternetGatewayDevice.LANDevice.1.LANEthernetInterfaceConfig.4.X_ZHONE_COM_Status.LinkStatus,false,2026-08-08T18:01:12.342Z,false,2026-08-08T18:01:12.342Z,"NoLink",xsd:string,2026-07-21T20:50:23.279Z,,,,
InternetGatewayDevice.LANDevice.1.LANEthernetInterfaceConfig.4.X_ZHONE_COM_Status.PauseStatus,false,2026-08-08T18:01:12.342Z,false,2026-08-08T18:01:12.342Z,"Disable",xsd:string,2026-07-21T20:50:23.279Z,,,,
InternetGatewayDevice.LANDevice.1.LANEthernetInterfaceConfig.4.X_ZHONE_COM_Status.RateStatus,false,2026-08-08T18:01:12.342Z,false,2026-08-08T18:01:12.342Z,"10",xsd:string,2026-07-21T20:50:23.279Z,,,,
InternetGatewayDevice.LANDevice.1.LANEthernetInterfaceConfig.4.X_ZHONE_IgmpPriorityMark,false,2026-08-08T18:01:12.342Z,true,2026-08-08T18:01:12.342Z,"0",xsd:int,2026-07-21T20:50:23.279Z,,,,
InternetGatewayDevice.LANDevice.1.LANEthernetInterfaceConfig.4.X_ZHONE_IgmpPvid,false,2026-08-08T18:01:12.342Z,true,2026-08-08T18:01:12.342Z,"0",xsd:int,2026-07-21T20:50:23.279Z,,,,
InternetGatewayDevice.LANDevice.1.LANEthernetInterfaceConfig.4.X_ZHONE_LanFollowsWan,false,2026-08-08T18:01:12.342Z,true,2026-08-08T18:01:12.342Z,"false",xsd:boolean,2026-07-21T20:50:23.279Z,,,,
InternetGatewayDevice.LANDevice.1.LANEthernetInterfaceConfig.4.X_ZHONE_Pause,false,2026-08-08T18:01:12.342Z,true,2026-08-08T18:01:12.342Z,"Auto",xsd:string,2026-07-21T20:50:23.279Z,,,,
InternetGatewayDevice.LANDevice.1.LANEthernetInterfaceConfig.4.X_ZHONE_PowerSheddingState,false,2026-08-08T18:01:12.342Z,true,2026-08-08T18:01:12.342Z,"false",xsd:boolean,2026-07-21T20:50:23.279Z,,,,
InternetGatewayDevice.LANDevice.1.LANEthernetInterfaceConfig.5,true,2026-08-08T18:01:12.342Z,false,2026-08-08T18:01:12.342Z,"",,,,,,
InternetGatewayDevice.LANDevice.1.LANEthernetInterfaceConfig.5.DuplexMode,false,2026-08-08T18:01:12.342Z,true,2026-08-08T18:01:12.342Z,"Auto",xsd:string,2026-07-21T20:50:23.279Z,,,,
InternetGatewayDevice.LANDevice.1.LANEthernetInterfaceConfig.5.Enable,false,2026-08-08T18:01:12.342Z,true,2026-08-08T18:01:12.342Z,"true",xsd:boolean,2026-07-21T20:50:23.279Z,,,,
InternetGatewayDevice.LANDevice.1.LANEthernetInterfaceConfig.5.MACAddress,false,2026-08-08T18:01:12.342Z,false,2026-08-08T18:01:12.342Z,"2a:02:71:18:c3:fd",xsd:string,2026-07-21T20:50:23.279Z,,,,
InternetGatewayDevice.LANDevice.1.LANEthernetInterfaceConfig.5.MACAddressControlEnabled,false,2026-08-08T18:01:12.342Z,true,2026-08-08T18:01:12.342Z,"false",xsd:boolean,2026-07-21T20:50:23.279Z,,,,
InternetGatewayDevice.LANDevice.1.LANEthernetInterfaceConfig.5.MaxBitRate,false,2026-08-08T18:01:12.342Z,true,2026-08-08T18:01:12.342Z,"Auto",xsd:string,2026-07-21T20:50:23.279Z,,,,
InternetGatewayDevice.LANDevice.1.LANEthernetInterfaceConfig.5.Stats,true,2026-08-08T18:01:12.342Z,false,2026-08-08T18:01:12.342Z,"",,,,,,
InternetGatewayDevice.LANDevice.1.LANEthernetInterfaceConfig.5.Stats.BytesReceived,false,2026-08-08T18:01:12.342Z,false,2026-08-08T18:01:12.342Z,"0",xsd:unsignedInt,2026-07-21T20:50:23.279Z,,,,
InternetGatewayDevice.LANDevice.1.LANEthernetInterfaceConfig.5.Stats.BytesSent,false,2026-08-08T18:01:12.342Z,false,2026-08-08T18:01:12.342Z,"0",xsd:unsignedInt,2026-07-21T20:50:23.279Z,,,,
InternetGatewayDevice.LANDevice.1.LANEthernetInterfaceConfig.5.Stats.PacketsReceived,false,2026-08-08T18:01:12.342Z,false,2026-08-08T18:01:12.342Z,"0",xsd:unsignedInt,2026-07-21T20:50:23.279Z,,,,
InternetGatewayDevice.LANDevice.1.LANEthernetInterfaceConfig.5.Stats.PacketsSent,false,2026-08-08T18:01:12.342Z,false,2026-08-08T18:01:12.342Z,"0",xsd:unsignedInt,2026-07-21T20:50:23.279Z,,,,
InternetGatewayDevice.LANDevice.1.LANEthernetInterfaceConfig.5.Stats.X_BROADCOM_COM_PacketsReceived,false,2026-08-08T18:01:12.342Z,false,2026-08-08T18:01:12.342Z,"0",xsd:unsignedInt,2026-07-21T20:50:23.279Z,,,,
InternetGatewayDevice.LANDevice.1.LANEthernetInterfaceConfig.5.Stats.X_BROADCOM_COM_PacketsSent,false,2026-08-08T18:01:12.342Z,false,2026-08-08T18:01:12.342Z,"0",xsd:unsignedInt,2026-07-21T20:50:23.279Z,,,,
InternetGatewayDevice.LANDevice.1.LANEthernetInterfaceConfig.5.Stats.X_BROADCOM_COM_RxDrops,false,2026-08-08T18:01:12.342Z,false,2026-08-08T18:01:12.342Z,"0",xsd:unsignedInt,2026-07-21T20:50:23.279Z,,,,
InternetGatewayDevice.LANDevice.1.LANEthernetInterfaceConfig.5.Stats.X_BROADCOM_COM_RxErrors,false,2026-08-08T18:01:12.342Z,false,2026-08-08T18:01:12.342Z,"0",xsd:unsignedInt,2026-07-21T20:50:23.279Z,,,,
InternetGatewayDevice.LANDevice.1.LANEthernetInterfaceConfig.5.Stats.X_BROADCOM_COM_TxDrops,false,2026-08-08T18:01:12.342Z,false,2026-08-08T18:01:12.342Z,"0",xsd:unsignedInt,2026-07-21T20:50:23.279Z,,,,
InternetGatewayDevice.LANDevice.1.LANEthernetInterfaceConfig.5.Stats.X_BROADCOM_COM_TxErrors,false,2026-08-08T18:01:12.342Z,false,2026-08-08T18:01:12.342Z,"0",xsd:unsignedInt,2026-07-21T20:50:23.279Z,,,,
InternetGatewayDevice.LANDevice.1.LANEthernetInterfaceConfig.5.Stats.X_ZHONE_COM_BytesReceived,false,2026-08-08T18:01:12.342Z,false,2026-08-08T18:01:12.342Z,"0",xsd:unsignedLong,2026-07-21T20:50:23.279Z,,,,
InternetGatewayDevice.LANDevice.1.LANEthernetInterfaceConfig.5.Stats.X_ZHONE_COM_BytesSent,false,2026-08-08T18:01:12.342Z,false,2026-08-08T18:01:12.342Z,"0",xsd:unsignedLong,2026-07-21T20:50:23.279Z,,,,
InternetGatewayDevice.LANDevice.1.LANEthernetInterfaceConfig.5.Stats.X_ZHONE_COM_PacketsReceived,false,2026-08-08T18:01:12.342Z,false,2026-08-08T18:01:12.342Z,"0",xsd:unsignedLong,2026-07-21T20:50:23.279Z,,,,
InternetGatewayDevice.LANDevice.1.LANEthernetInterfaceConfig.5.Stats.X_ZHONE_COM_PacketsSent,false,2026-08-08T18:01:12.342Z,false,2026-08-08T18:01:12.342Z,"0",xsd:unsignedLong,2026-07-21T20:50:23.279Z,,,,
InternetGatewayDevice.LANDevice.1.LANEthernetInterfaceConfig.5.Status,false,2026-08-08T18:01:12.342Z,false,2026-08-08T18:01:12.342Z,"NoLink",xsd:string,2026-07-21T20:50:23.279Z,,,,
InternetGatewayDevice.LANDevice.1.LANEthernetInterfaceConfig.5.X_BROADCOM_COM_EthernetPriorityMark,false,2026-08-08T18:01:12.342Z,true,2026-08-08T18:01:12.342Z,"0",xsd:int,2026-07-21T20:50:23.279Z,,,,
InternetGatewayDevice.LANDevice.1.LANEthernetInterfaceConfig.5.X_BROADCOM_COM_IfName,false,2026-08-08T18:01:12.342Z,false,2026-08-08T18:01:12.342Z,"eth4",xsd:string,2026-07-21T20:50:23.279Z,,,,
InternetGatewayDevice.LANDevice.1.LANEthernetInterfaceConfig.5.X_BROADCOM_COM_VLAN_Enable,false,2026-08-08T18:01:12.342Z,true,2026-08-08T18:01:12.342Z,"0",xsd:unsignedInt,2026-07-21T20:50:23.279Z,,,,
InternetGatewayDevice.LANDevice.1.LANEthernetInterfaceConfig.5.X_BROADCOM_COM_VLAN_TagList,false,2026-08-08T18:01:12.342Z,true,2026-08-08T18:01:12.342Z,"",xsd:string,2026-07-21T20:50:23.279Z,,,,
InternetGatewayDevice.LANDevice.1.LANEthernetInterfaceConfig.5.X_BROADCOM_COM_dot1qPvid,false,2026-08-08T18:01:12.342Z,true,2026-08-08T18:01:12.342Z,"11",xsd:int,2026-07-21T20:50:23.279Z,,,,
InternetGatewayDevice.LANDevice.1.LANEthernetInterfaceConfig.5.X_ZHONE_Acl,false,2026-08-08T18:01:12.342Z,true,2026-08-08T18:01:12.342Z,"Disable",xsd:string,2026-07-21T20:50:23.279Z,,,,
InternetGatewayDevice.LANDevice.1.LANEthernetInterfaceConfig.5.X_ZHONE_AclKey,false,2026-08-08T18:01:12.342Z,true,2026-08-08T18:01:12.342Z,"3",xsd:int,2026-07-21T20:50:23.279Z,,,,
InternetGatewayDevice.LANDevice.1.LANEthernetInterfaceConfig.5.X_ZHONE_AclRuleNumberOfEntries,false,2026-08-08T18:01:12.342Z,false,2026-08-08T18:01:12.342Z,"0",xsd:unsignedInt,2026-07-21T20:50:23.279Z,,,,
InternetGatewayDevice.LANDevice.1.LANEthernetInterfaceConfig.5.X_ZHONE_COM_Alias,false,2026-08-08T18:01:12.342Z,true,2026-08-08T18:01:12.342Z,"GE4 - GigE",xsd:string,2026-07-21T20:50:23.279Z,,,,
InternetGatewayDevice.LANDevice.1.LANEthernetInterfaceConfig.5.X_ZHONE_COM_RateLimit,true,2026-08-08T18:01:12.342Z,false,2026-08-08T18:01:12.342Z,"",,,,,,
InternetGatewayDevice.LANDevice.1.LANEthernetInterfaceConfig.5.X_ZHONE_COM_RateLimit.BurstSize,false,2026-08-08T18:01:12.342Z,true,2026-08-08T18:01:12.342Z,"500KB",xsd:string,2026-07-21T20:50:23.279Z,,,,
InternetGatewayDevice.LANDevice.1.LANEthernetInterfaceConfig.5.X_ZHONE_COM_RateLimit.Enable,false,2026-08-08T18:01:12.342Z,true,2026-08-08T18:01:12.342Z,"false",xsd:boolean,2026-07-21T20:50:23.279Z,,,,
InternetGatewayDevice.LANDevice.1.LANEthernetInterfaceConfig.5.X_ZHONE_COM_RateLimit.InboundPeakRate,false,2026-08-08T18:01:12.342Z,true,2026-08-08T18:01:12.342Z,"0",xsd:unsignedInt,2026-07-21T20:50:23.279Z,,,,
InternetGatewayDevice.LANDevice.1.LANEthernetInterfaceConfig.5.X_ZHONE_COM_RateLimit.PeakRate,false,2026-08-08T18:01:12.342Z,true,2026-08-08T18:01:12.342Z,"0",xsd:unsignedInt,2026-07-21T20:50:23.279Z,,,,
InternetGatewayDevice.LANDevice.1.LANEthernetInterfaceConfig.5.X_ZHONE_COM_RateLimit.RateDirection,false,2026-08-08T18:01:12.342Z,true,2026-08-08T18:01:12.342Z,"Direction-None",xsd:string,2026-07-21T20:50:23.279Z,,,,
InternetGatewayDevice.LANDevice.1.LANEthernetInterfaceConfig.5.X_ZHONE_COM_Status,true,2026-08-08T18:01:12.342Z,false,2026-08-08T18:01:12.342Z,"",,,,,,
InternetGatewayDevice.LANDevice.1.LANEthernetInterfaceConfig.5.X_ZHONE_COM_Status.DuplexStatus,false,2026-08-08T18:01:12.342Z,false,2026-08-08T18:01:12.342Z,"Half",xsd:string,2026-07-21T20:50:23.279Z,,,,
InternetGatewayDevice.LANDevice.1.LANEthernetInterfaceConfig.5.X_ZHONE_COM_Status.LinkStatus,false,2026-08-08T18:01:12.342Z,false,2026-08-08T18:01:12.342Z,"NoLink",xsd:string,2026-07-21T20:50:23.279Z,,,,
InternetGatewayDevice.LANDevice.1.LANEthernetInterfaceConfig.5.X_ZHONE_COM_Status.PauseStatus,false,2026-08-08T18:01:12.342Z,false,2026-08-08T18:01:12.342Z,"Disable",xsd:string,2026-07-21T20:50:23.279Z,,,,
InternetGatewayDevice.LANDevice.1.LANEthernetInterfaceConfig.5.X_ZHONE_COM_Status.RateStatus,false,2026-08-08T18:01:12.342Z,false,2026-08-08T18:01:12.342Z,"10",xsd:string,2026-07-21T20:50:23.279Z,,,,
InternetGatewayDevice.LANDevice.1.LANEthernetInterfaceConfig.5.X_ZHONE_IgmpPriorityMark,false,2026-08-08T18:01:12.342Z,true,2026-08-08T18:01:12.342Z,"0",xsd:int,2026-07-21T20:50:23.279Z,,,,
InternetGatewayDevice.LANDevice.1.LANEthernetInterfaceConfig.5.X_ZHONE_IgmpPvid,false,2026-08-08T18:01:12.342Z,true,2026-08-08T18:01:12.342Z,"0",xsd:int,2026-07-21T20:50:23.279Z,,,,
InternetGatewayDevice.LANDevice.1.LANEthernetInterfaceConfig.5.X_ZHONE_LanFollowsWan,false,2026-08-08T18:01:12.342Z,true,2026-08-08T18:01:12.342Z,"false",xsd:boolean,2026-07-21T20:50:23.279Z,,,,
InternetGatewayDevice.LANDevice.1.LANEthernetInterfaceConfig.5.X_ZHONE_Pause,false,2026-08-08T18:01:12.342Z,true,2026-08-08T18:01:12.342Z,"Auto",xsd:string,2026-07-21T20:50:23.279Z,,,,
InternetGatewayDevice.LANDevice.1.LANEthernetInterfaceConfig.5.X_ZHONE_PowerSheddingState,false,2026-08-08T18:01:12.342Z,true,2026-08-08T18:01:12.342Z,"false",xsd:boolean,2026-07-21T20:50:23.279Z,,,,
InternetGatewayDevice.LANDevice.1.LANEthernetInterfaceNumberOfEntries,false,2026-08-08T18:01:12.342Z,false,2026-08-08T18:01:12.342Z,"5",xsd:unsignedInt,2026-07-21T20:50:23.277Z,,,,
InternetGatewayDevice.LANDevice.1.LANHostConfigManagement,true,2026-08-08T18:01:12.342Z,false,2026-08-08T18:01:12.342Z,"",,,,,,
InternetGatewayDevice.LANDevice.1.LANHostConfigManagement.DHCPLeaseTime,false,2026-08-08T18:01:12.342Z,true,2026-08-08T18:01:12.342Z,"86400",xsd:int,2026-07-21T20:50:23.279Z,,,,
InternetGatewayDevice.LANDevice.1.LANHostConfigManagement.DHCPRelay,false,2026-08-08T18:01:12.342Z,false,2026-08-08T18:01:12.342Z,"false",xsd:boolean,2026-07-21T20:50:23.279Z,,,,
InternetGatewayDevice.LANDevice.1.LANHostConfigManagement.DHCPServerConfigurable,false,2026-08-08T18:01:12.342Z,true,2026-08-08T18:01:12.342Z,"true",xsd:boolean,2026-07-21T20:50:23.279Z,,,,
InternetGatewayDevice.LANDevice.1.LANHostConfigManagement.DHCPServerEnable,false,2026-08-08T18:01:12.342Z,true,2026-08-08T18:01:12.342Z,"false",xsd:boolean,2026-07-21T20:50:23.279Z,,,,
InternetGatewayDevice.LANDevice.1.LANHostConfigManagement.DNSServers,false,2026-08-08T18:01:12.342Z,true,2026-08-08T18:01:12.342Z,"0.0.0.0,0.0.0.0",xsd:string,2026-07-21T20:50:23.279Z,,,,
InternetGatewayDevice.LANDevice.1.LANHostConfigManagement.DomainName,false,2026-08-08T18:01:12.342Z,true,2026-08-08T18:01:12.342Z,"",xsd:string,2026-07-21T20:50:23.279Z,,,,
InternetGatewayDevice.LANDevice.1.LANHostConfigManagement.IPInterface,true,2026-08-08T18:01:12.342Z,true,2026-08-08T18:01:12.342Z,"",,,,,,
InternetGatewayDevice.LANDevice.1.LANHostConfigManagement.IPInterface.1,true,2026-08-08T18:01:12.342Z,true,2026-08-08T18:01:12.342Z,"",,,,,,
InternetGatewayDevice.LANDevice.1.LANHostConfigManagement.IPInterface.1.Enable,false,2026-08-08T18:01:12.342Z,true,2026-08-08T18:01:12.342Z,"true",xsd:boolean,2026-07-21T20:50:23.279Z,,,,
InternetGatewayDevice.LANDevice.1.LANHostConfigManagement.IPInterface.1.IPInterfaceAddressingType,false,2026-08-08T18:01:12.342Z,true,2026-08-08T18:01:12.342Z,"Static",xsd:string,2026-07-21T20:50:23.279Z,,,,
InternetGatewayDevice.LANDevice.1.LANHostConfigManagement.IPInterface.1.IPInterfaceIPAddress,false,2026-08-08T18:01:12.342Z,true,2026-08-08T18:01:12.342Z,"0.0.0.0",xsd:string,2026-07-21T20:50:23.279Z,,,,
InternetGatewayDevice.LANDevice.1.LANHostConfigManagement.IPInterface.1.IPInterfaceSubnetMask,false,2026-08-08T18:01:12.342Z,true,2026-08-08T18:01:12.342Z,"0.0.0.0",xsd:string,2026-07-21T20:50:23.279Z,,,,
InternetGatewayDevice.LANDevice.1.LANHostConfigManagement.IPInterface.1.X_BROADCOM_COM_DhcpConnectionStatus,false,2026-08-08T18:01:12.342Z,false,2026-08-08T18:01:12.342Z,"Unconfigured",xsd:string,2026-07-21T20:50:23.279Z,,,,
InternetGatewayDevice.LANDevice.1.LANHostConfigManagement.IPInterface.1.X_BROADCOM_COM_DhcpDefaultGateway,false,2026-08-08T18:01:12.342Z,false,2026-08-08T18:01:12.342Z,"0.0.0.0",xsd:string,2026-07-21T20:50:23.279Z,,,,
InternetGatewayDevice.LANDevice.1.LANHostConfigManagement.IPInterface.1.X_BROADCOM_COM_DhcpIpAddress,false,2026-08-08T18:01:12.342Z,false,2026-08-08T18:01:12.342Z,"0.0.0.0",xsd:string,2026-07-21T20:50:23.279Z,,,,
InternetGatewayDevice.LANDevice.1.LANHostConfigManagement.IPInterface.1.X_BROADCOM_COM_DhcpSubnetMask,false,2026-08-08T18:01:12.342Z,false,2026-08-08T18:01:12.342Z,"0.0.0.0",xsd:string,2026-07-21T20:50:23.279Z,,,,
InternetGatewayDevice.LANDevice.1.LANHostConfigManagement.IPInterface.1.X_BROADCOM_COM_FirewallEnabled,false,2026-08-08T18:01:12.342Z,true,2026-08-08T18:01:12.342Z,"false",xsd:boolean,2026-07-21T20:50:23.279Z,,,,
InternetGatewayDevice.LANDevice.1.LANHostConfigManagement.IPInterface.1.X_BROADCOM_COM_IfName,false,2026-08-08T18:01:12.342Z,false,2026-08-08T18:01:12.342Z,"br0",xsd:string,2026-07-21T20:50:23.279Z,,,,
InternetGatewayDevice.LANDevice.1.LANHostConfigManagement.IPInterface.1.X_ZHONE_COM_AlternateWanIfname,false,2026-08-08T18:01:12.342Z,true,2026-08-08T18:01:12.342Z,"None",xsd:string,2026-07-21T20:50:23.279Z,,,,
InternetGatewayDevice.LANDevice.1.LANHostConfigManagement.IPInterface.1.X_ZHONE_COM_ConnectionType,false,2026-08-08T18:01:12.342Z,true,2026-08-08T18:01:12.342Z,"IP_Bridged",xsd:string,2026-07-21T20:50:23.279Z,,,,
InternetGatewayDevice.LANDevice.1.LANHostConfigManagement.IPInterface.1.X_ZHONE_COM_DefaultGateway,false,2026-08-08T18:01:12.342Z,true,2026-08-08T18:01:12.342Z,"0.0.0.0",xsd:string,2026-07-21T20:50:23.279Z,,,,
InternetGatewayDevice.LANDevice.1.LANHostConfigManagement.IPInterface.1.X_ZHONE_COM_DhcpcPid,false,2026-08-08T18:01:12.342Z,true,2026-08-08T18:01:12.342Z,"0",xsd:unsignedInt,2026-07-21T20:50:23.279Z,,,,
InternetGatewayDevice.LANDevice.1.LANHostConfigManagement.IPInterface.1.X_ZHONE_COM_DnsType,false,2026-08-08T18:01:12.342Z,true,2026-08-08T18:01:12.342Z,"DHCP",xsd:string,2026-07-21T20:50:23.279Z,,,,
InternetGatewayDevice.LANDevice.1.LANHostConfigManagement.IPInterface.1.X_ZHONE_COM_MacAddress,false,2026-08-08T18:01:12.342Z,false,2026-08-08T18:01:12.342Z,"00:02:71:18:c3:f9",xsd:string,2026-07-21T20:50:23.279Z,,,,
InternetGatewayDevice.LANDevice.1.LANHostConfigManagement.IPInterface.1.X_ZHONE_COM_MaxMTUSize,false,2026-08-08T18:01:12.342Z,true,2026-08-08T18:01:12.342Z,"1500",xsd:unsignedInt,2026-07-21T20:50:23.279Z,,,,
InternetGatewayDevice.LANDevice.1.LANHostConfigManagement.IPInterface.1.X_ZHONE_COM_NAPTenabled,false,2026-08-08T18:01:12.342Z,true,2026-08-08T18:01:12.342Z,"false",xsd:boolean,2026-07-21T20:50:23.279Z,,,,
InternetGatewayDevice.LANDevice.1.LANHostConfigManagement.IPInterface.1.X_ZHONE_COM_NATenabled,false,2026-08-08T18:01:12.342Z,true,2026-08-08T18:01:12.342Z,"false",xsd:boolean,2026-07-21T20:50:23.279Z,,,,
InternetGatewayDevice.LANDevice.1.LANHostConfigManagement.IPInterface.1.X_ZHONE_COM_Name,false,2026-08-08T18:01:12.342Z,true,2026-08-08T18:01:12.342Z,"",xsd:string,2026-07-21T20:50:23.279Z,,,,
InternetGatewayDevice.LANDevice.1.LANHostConfigManagement.IPInterface.1.X_ZHONE_COM_PPPoEConfig,true,2026-08-08T18:01:12.342Z,false,2026-08-08T18:01:12.342Z,"",,,,,,
InternetGatewayDevice.LANDevice.1.LANHostConfigManagement.IPInterface.1.X_ZHONE_COM_PPPoEConfig.Authentication,false,2026-08-08T18:01:12.342Z,true,2026-08-08T18:01:12.342Z,"AUTO_AUTH",xsd:string,2026-07-21T20:50:23.279Z,,,,
InternetGatewayDevice.LANDevice.1.LANHostConfigManagement.IPInterface.1.X_ZHONE_COM_PPPoEConfig.CompressionProtocol,false,2026-08-08T18:01:12.342Z,true,2026-08-08T18:01:12.342Z,"None",xsd:string,2026-07-21T20:50:23.279Z,,,,
InternetGatewayDevice.LANDevice.1.LANHostConfigManagement.IPInterface.1.X_ZHONE_COM_PPPoEConfig.ConnectionRequest,false,2026-08-08T18:01:12.342Z,true,2026-08-08T18:01:12.342Z,"None",xsd:string,2026-07-21T20:50:23.279Z,,,,
InternetGatewayDevice.LANDevice.1.LANHostConfigManagement.IPInterface.1.X_ZHONE_COM_PPPoEConfig.EnableDebug,false,2026-08-08T18:01:12.342Z,true,2026-08-08T18:01:12.342Z,"false",xsd:boolean,2026-07-21T20:50:23.279Z,,,,
InternetGatewayDevice.LANDevice.1.LANHostConfigManagement.IPInterface.1.X_ZHONE_COM_PPPoEConfig.EncryptionProtocol,false,2026-08-08T18:01:12.342Z,true,2026-08-08T18:01:12.342Z,"None",xsd:string,2026-07-21T20:50:23.279Z,,,,
InternetGatewayDevice.LANDevice.1.LANHostConfigManagement.IPInterface.1.X_ZHONE_COM_PPPoEConfig.HoldOffTime,false,2026-08-08T18:01:12.342Z,true,2026-08-08T18:01:12.342Z,"3",xsd:unsignedInt,2026-07-21T20:50:23.279Z,,,,
InternetGatewayDevice.LANDevice.1.LANHostConfigManagement.IPInterface.1.X_ZHONE_COM_PPPoEConfig.IdleDisconnectTime,false,2026-08-08T18:01:12.342Z,true,2026-08-08T18:01:12.342Z,"0",xsd:unsignedInt,2026-07-21T20:50:23.279Z,,,,
InternetGatewayDevice.LANDevice.1.LANHostConfigManagement.IPInterface.1.X_ZHONE_COM_PPPoEConfig.IfName,false,2026-08-08T18:01:12.342Z,true,2026-08-08T18:01:12.342Z,"",xsd:string,2026-07-21T20:50:23.279Z,,,,
InternetGatewayDevice.LANDevice.1.LANHostConfigManagement.IPInterface.1.X_ZHONE_COM_PPPoEConfig.Password,false,2026-08-08T18:01:12.342Z,true,2026-08-08T18:01:12.342Z,"guest",xsd:string,2026-07-21T20:50:23.279Z,,,,
InternetGatewayDevice.LANDevice.1.LANHostConfigManagement.IPInterface.1.X_ZHONE_COM_PPPoEConfig.Pid,false,2026-08-08T18:01:12.342Z,true,2026-08-08T18:01:12.342Z,"0",xsd:unsignedInt,2026-07-21T20:50:23.279Z,,,,
InternetGatewayDevice.LANDevice.1.LANHostConfigManagement.IPInterface.1.X_ZHONE_COM_PPPoEConfig.ServiceName,false,2026-08-08T18:01:12.342Z,true,2026-08-08T18:01:12.342Z,"",xsd:string,2026-07-21T20:50:23.279Z,,,,
InternetGatewayDevice.LANDevice.1.LANHostConfigManagement.IPInterface.1.X_ZHONE_COM_PPPoEConfig.StaticIpAddress,false,2026-08-08T18:01:12.342Z,true,2026-08-08T18:01:12.342Z,"0.0.0.0",xsd:string,2026-07-21T20:50:23.279Z,,,,
InternetGatewayDevice.LANDevice.1.LANHostConfigManagement.IPInterface.1.X_ZHONE_COM_PPPoEConfig.UseStaticIpAddress,false,2026-08-08T18:01:12.342Z,true,2026-08-08T18:01:12.342Z,"false",xsd:boolean,2026-07-21T20:50:23.279Z,,,,
InternetGatewayDevice.LANDevice.1.LANHostConfigManagement.IPInterface.1.X_ZHONE_COM_PPPoEConfig.Username,false,2026-08-08T18:01:12.342Z,true,2026-08-08T18:01:12.342Z,"guest",xsd:string,2026-07-21T20:50:23.279Z,,,,
InternetGatewayDevice.LANDevice.1.LANHostConfigManagement.IPInterface.1.X_ZHONE_COM_PPPoEStatus,true,2026-08-08T18:01:12.342Z,false,2026-08-08T18:01:12.342Z,"",,,,,,
InternetGatewayDevice.LANDevice.1.LANHostConfigManagement.IPInterface.1.X_ZHONE_COM_PPPoEStatus.ConnectionEstablishedTime,false,2026-08-08T18:01:12.342Z,true,2026-08-08T18:01:12.342Z,"0",xsd:unsignedInt,2026-07-21T20:50:23.279Z,,,,
InternetGatewayDevice.LANDevice.1.LANHostConfigManagement.IPInterface.1.X_ZHONE_COM_PPPoEStatus.ConnectionStatus,false,2026-08-08T18:01:12.342Z,true,2026-08-08T18:01:12.342Z,"Disconnected",xsd:string,2026-07-21T20:50:23.279Z,,,,
InternetGatewayDevice.LANDevice.1.LANHostConfigManagement.IPInterface.1.X_ZHONE_COM_PPPoEStatus.CurrentMTUSize,false,2026-08-08T18:01:12.342Z,false,2026-08-08T18:01:12.342Z,"0",xsd:unsignedInt,2026-07-21T20:50:23.279Z,,,,
InternetGatewayDevice.LANDevice.1.LANHostConfigManagement.IPInterface.1.X_ZHONE_COM_PPPoEStatus.LastConnectionError,false,2026-08-08T18:01:12.342Z,true,2026-08-08T18:01:12.342Z,"ERROR_NONE",xsd:string,2026-07-21T20:50:23.279Z,,,,
InternetGatewayDevice.LANDevice.1.LANHostConfigManagement.IPInterface.1.X_ZHONE_COM_PPPoEStatus.PPPLCPEcho,false,2026-08-08T18:01:12.342Z,false,2026-08-08T18:01:12.342Z,"30",xsd:unsignedInt,2026-07-21T20:50:23.279Z,,,,
InternetGatewayDevice.LANDevice.1.LANHostConfigManagement.IPInterface.1.X_ZHONE_COM_PPPoEStatus.PPPLCPEchoRetry,false,2026-08-08T18:01:12.342Z,false,2026-08-08T18:01:12.342Z,"5",xsd:unsignedInt,2026-07-21T20:50:23.279Z,,,,
InternetGatewayDevice.LANDevice.1.LANHostConfigManagement.IPInterface.1.X_ZHONE_COM_PPPoEStatus.SessionID,false,2026-08-08T18:01:12.342Z,false,2026-08-08T18:01:12.342Z,"0",xsd:unsignedInt,2026-07-21T20:50:23.279Z,,,,
InternetGatewayDevice.LANDevice.1.LANHostConfigManagement.IPInterface.1.X_ZHONE_COM_PPPoEStatus.Uptime,false,2026-08-08T18:01:12.342Z,false,2026-08-08T18:01:12.342Z,"0",xsd:unsignedInt,2026-07-21T20:50:23.279Z,,,,
InternetGatewayDevice.LANDevice.1.LANHostConfigManagement.IPInterface.1.X_ZHONE_COM_PortMappingNumberOfEntries,false,2026-08-08T18:01:12.342Z,false,2026-08-08T18:01:12.342Z,"0",xsd:unsignedInt,2026-07-21T20:50:23.279Z,,,,
InternetGatewayDevice.LANDevice.1.LANHostConfigManagement.IPInterface.1.X_ZHONE_COM_PrimaryDnsIPAddress,false,2026-08-08T18:01:12.342Z,true,2026-08-08T18:01:12.342Z,"0.0.0.0",xsd:string,2026-07-21T20:50:23.279Z,,,,
InternetGatewayDevice.LANDevice.1.LANHostConfigManagement.IPInterface.1.X_ZHONE_COM_SecondaryDnsIPAddress,false,2026-08-08T18:01:12.342Z,true,2026-08-08T18:01:12.342Z,"0.0.0.0",xsd:string,2026-07-21T20:50:23.279Z,,,,
InternetGatewayDevice.LANDevice.1.LANHostConfigManagement.IPInterface.1.X_ZHONE_COM_SentDHCPOptionNumberOfEntries,false,2026-08-08T18:01:12.342Z,false,2026-08-08T18:01:12.342Z,"0",xsd:unsignedInt,2026-07-21T20:50:23.279Z,,,,
InternetGatewayDevice.LANDevice.1.LANHostConfigManagement.IPInterface.1.X_ZHONE_COM_UPNPenabled,false,2026-08-08T18:01:12.342Z,true,2026-08-08T18:01:12.342Z,"false",xsd:boolean,2026-07-21T20:50:23.279Z,,,,
InternetGatewayDevice.LANDevice.1.LANHostConfigManagement.IPInterface.1.X_ZHONE_COM_UpnpPid,false,2026-08-08T18:01:12.342Z,true,2026-08-08T18:01:12.342Z,"0",xsd:unsignedInt,2026-07-21T20:50:23.279Z,,,,
InternetGatewayDevice.LANDevice.1.LANHostConfigManagement.IPInterface.1.X_ZHONE_COM_UseDerivedMac,false,2026-08-08T18:01:12.342Z,true,2026-08-08T18:01:12.342Z,"false",xsd:boolean,2026-07-21T20:50:23.279Z,,,,
InternetGatewayDevice.LANDevice.1.LANHostConfigManagement.IPInterface.1.X_ZHONE_COM_VlanType,false,2026-08-08T18:01:12.342Z,true,2026-08-08T18:01:12.342Z,"Bridged",xsd:string,2026-07-21T20:50:23.279Z,,,,
InternetGatewayDevice.LANDevice.1.LANHostConfigManagement.IPInterface.1.X_ZHONE_MgmtAccessCfg,true,2026-08-08T18:01:12.342Z,true,2026-08-08T18:01:12.342Z,"",,,,,,
InternetGatewayDevice.LANDevice.1.LANHostConfigManagement.IPInterface.1.X_ZHONE_MgmtAccessCfg.1,true,2026-08-08T18:01:12.342Z,true,2026-08-08T18:01:12.342Z,"",,,,,,
InternetGatewayDevice.LANDevice.1.LANHostConfigManagement.IPInterface.1.X_ZHONE_MgmtAccessCfg.1.Action,false,2026-08-08T18:01:12.342Z,true,2026-08-08T18:01:12.342Z,"Allow",xsd:string,2026-07-21T20:50:23.279Z,,,,
InternetGatewayDevice.LANDevice.1.LANHostConfigManagement.IPInterface.1.X_ZHONE_MgmtAccessCfg.1.Service,false,2026-08-08T18:01:12.342Z,true,2026-08-08T18:01:12.342Z,"Http",xsd:string,2026-07-21T20:50:23.279Z,,,,
InternetGatewayDevice.LANDevice.1.LANHostConfigManagement.IPInterface.1.X_ZHONE_MgmtAccessCfg.2,true,2026-08-08T18:01:12.342Z,true,2026-08-08T18:01:12.342Z,"",,,,,,
InternetGatewayDevice.LANDevice.1.LANHostConfigManagement.IPInterface.1.X_ZHONE_MgmtAccessCfg.2.Action,false,2026-08-08T18:01:12.342Z,true,2026-08-08T18:01:12.342Z,"Allow",xsd:string,2026-07-21T20:50:23.279Z,,,,
InternetGatewayDevice.LANDevice.1.LANHostConfigManagement.IPInterface.1.X_ZHONE_MgmtAccessCfg.2.Service,false,2026-08-08T18:01:12.342Z,true,2026-08-08T18:01:12.342Z,"Https",xsd:string,2026-07-21T20:50:23.279Z,,,,
InternetGatewayDevice.LANDevice.1.LANHostConfigManagement.IPInterface.1.X_ZHONE_MgmtAccessCfg.3,true,2026-08-08T18:01:12.342Z,true,2026-08-08T18:01:12.342Z,"",,,,,,
InternetGatewayDevice.LANDevice.1.LANHostConfigManagement.IPInterface.1.X_ZHONE_MgmtAccessCfg.3.Action,false,2026-08-08T18:01:12.342Z,true,2026-08-08T18:01:12.342Z,"Allow",xsd:string,2026-07-21T20:50:23.279Z,,,,
InternetGatewayDevice.LANDevice.1.LANHostConfigManagement.IPInterface.1.X_ZHONE_MgmtAccessCfg.3.Service,false,2026-08-08T18:01:12.342Z,true,2026-08-08T18:01:12.342Z,"Ping",xsd:string,2026-07-21T20:50:23.279Z,,,,
InternetGatewayDevice.LANDevice.1.LANHostConfigManagement.IPInterface.1.X_ZHONE_MgmtAccessCfg.4,true,2026-08-08T18:01:12.342Z,true,2026-08-08T18:01:12.342Z,"",,,,,,
InternetGatewayDevice.LANDevice.1.LANHostConfigManagement.IPInterface.1.X_ZHONE_MgmtAccessCfg.4.Action,false,2026-08-08T18:01:12.342Z,true,2026-08-08T18:01:12.342Z,"Allow",xsd:string,2026-07-21T20:50:23.279Z,,,,
InternetGatewayDevice.LANDevice.1.LANHostConfigManagement.IPInterface.1.X_ZHONE_MgmtAccessCfg.4.Service,false,2026-08-08T18:01:12.342Z,true,2026-08-08T18:01:12.342Z,"Snmp",xsd:string,2026-07-21T20:50:23.279Z,,,,
InternetGatewayDevice.LANDevice.1.LANHostConfigManagement.IPInterface.1.X_ZHONE_MgmtAccessCfg.5,true,2026-08-08T18:01:12.342Z,true,2026-08-08T18:01:12.342Z,"",,,,,,
InternetGatewayDevice.LANDevice.1.LANHostConfigManagement.IPInterface.1.X_ZHONE_MgmtAccessCfg.5.Action,false,2026-08-08T18:01:12.342Z,true,2026-08-08T18:01:12.342Z,"Allow",xsd:string,2026-07-21T20:50:23.279Z,,,,
InternetGatewayDevice.LANDevice.1.LANHostConfigManagement.IPInterface.1.X_ZHONE_MgmtAccessCfg.5.Service,false,2026-08-08T18:01:12.342Z,true,2026-08-08T18:01:12.342Z,"SnmpTrap",xsd:string,2026-07-21T20:50:23.279Z,,,,
InternetGatewayDevice.LANDevice.1.LANHostConfigManagement.IPInterface.1.X_ZHONE_MgmtAccessCfg.6,true,2026-08-08T18:01:12.342Z,true,2026-08-08T18:01:12.342Z,"",,,,,,
InternetGatewayDevice.LANDevice.1.LANHostConfigManagement.IPInterface.1.X_ZHONE_MgmtAccessCfg.6.Action,false,2026-08-08T18:01:12.342Z,true,2026-08-08T18:01:12.342Z,"Allow",xsd:string,2026-07-21T20:50:23.279Z,,,,
InternetGatewayDevice.LANDevice.1.LANHostConfigManagement.IPInterface.1.X_ZHONE_MgmtAccessCfg.6.Service,false,2026-08-08T18:01:12.342Z,true,2026-08-08T18:01:12.342Z,"Ssh",xsd:string,2026-07-21T20:50:23.279Z,,,,
InternetGatewayDevice.LANDevice.1.LANHostConfigManagement.IPInterface.1.X_ZHONE_MgmtAccessCfg.7,true,2026-08-08T18:01:12.342Z,true,2026-08-08T18:01:12.342Z,"",,,,,,
InternetGatewayDevice.LANDevice.1.LANHostConfigManagement.IPInterface.1.X_ZHONE_MgmtAccessCfg.7.Action,false,2026-08-08T18:01:12.342Z,true,2026-08-08T18:01:12.342Z,"Allow",xsd:string,2026-07-21T20:50:23.279Z,,,,
InternetGatewayDevice.LANDevice.1.LANHostConfigManagement.IPInterface.1.X_ZHONE_MgmtAccessCfg.7.Service,false,2026-08-08T18:01:12.342Z,true,2026-08-08T18:01:12.342Z,"Telnet",xsd:string,2026-07-21T20:50:23.279Z,,,,
InternetGatewayDevice.LANDevice.1.LANHostConfigManagement.IPInterfaceNumberOfEntries,false,2026-08-08T18:01:12.342Z,false,2026-08-08T18:01:12.342Z,"1",xsd:unsignedInt,2026-07-21T20:50:23.279Z,,,,
InternetGatewayDevice.LANDevice.1.LANHostConfigManagement.IPRouters,false,2026-08-08T18:01:12.342Z,true,2026-08-08T18:01:12.342Z,"",xsd:string,2026-07-21T20:50:23.279Z,,,,
InternetGatewayDevice.LANDevice.1.LANHostConfigManagement.MACAddress,false,2026-08-08T18:01:12.342Z,false,2026-08-08T18:01:12.342Z,"00:02:71:18:c3:f9",xsd:string,2026-07-21T20:50:23.279Z,,,,
InternetGatewayDevice.LANDevice.1.LANHostConfigManagement.MaxAddress,false,2026-08-08T18:01:12.342Z,true,2026-08-08T18:01:12.342Z,"0.0.0.0",xsd:string,2026-07-21T20:50:23.279Z,,,,
InternetGatewayDevice.LANDevice.1.LANHostConfigManagement.MinAddress,false,2026-08-08T18:01:12.342Z,true,2026-08-08T18:01:12.342Z,"0.0.0.0",xsd:string,2026-07-21T20:50:23.279Z,,,,
InternetGatewayDevice.LANDevice.1.LANHostConfigManagement.ReservedAddresses,false,2026-08-08T18:01:12.342Z,true,2026-08-08T18:01:12.342Z,"",xsd:string,2026-07-21T20:50:23.279Z,,,,
InternetGatewayDevice.LANDevice.1.LANHostConfigManagement.SubnetMask,false,2026-08-08T18:01:12.342Z,true,2026-08-08T18:01:12.342Z,"255.255.255.0",xsd:string,2026-07-21T20:50:23.279Z,,,,
InternetGatewayDevice.LANDevice.1.LANHostConfigManagement.UseAllocatedWAN,false,2026-08-08T18:01:12.342Z,true,2026-08-08T18:01:12.342Z,"Normal",xsd:string,2026-07-21T20:50:23.279Z,,,,
InternetGatewayDevice.LANDevice.1.LANHostConfigManagement.X_BROADCOM_COM_DhcpRelayServer,false,2026-08-08T18:01:12.342Z,true,2026-08-08T18:01:12.342Z,"",xsd:string,2026-07-21T20:50:23.279Z,,,,
InternetGatewayDevice.LANDevice.1.LANUSBInterfaceNumberOfEntries,false,2026-08-08T18:01:12.342Z,false,2026-08-08T18:01:12.342Z,"0",xsd:unsignedInt,2026-07-21T20:50:23.277Z,,,,
InternetGatewayDevice.LANDevice.1.LANWLANConfigurationNumberOfEntries,false,2026-08-08T18:01:12.342Z,false,2026-08-08T18:01:12.342Z,"0",xsd:unsignedInt,2026-07-21T20:50:23.277Z,,,,
InternetGatewayDevice.LANDevice.1.WLANConfiguration,true,2026-08-08T18:01:12.342Z,false,2026-08-08T18:01:12.342Z,"",,,,,,
InternetGatewayDevice.LANDevice.1.X_BROADCOM_COM_IgmpSnoopingConfig,true,2026-08-08T18:01:12.342Z,false,2026-08-08T18:01:12.342Z,"",,,,,,
InternetGatewayDevice.LANDevice.1.X_BROADCOM_COM_IgmpSnoopingConfig.Enable,false,2026-08-08T18:01:12.342Z,true,2026-08-08T18:01:12.342Z,"false",xsd:boolean,2026-07-21T20:50:23.279Z,,,,
InternetGatewayDevice.LANDevice.1.X_BROADCOM_COM_IgmpSnoopingConfig.Mode,false,2026-08-08T18:01:12.342Z,true,2026-08-08T18:01:12.342Z,"Standard",xsd:string,2026-07-21T20:50:23.279Z,,,,
InternetGatewayDevice.LANDevice.1.X_BROADCOM_COM_IgmpSnoopingConfig.X_ZHONE_COM_IgmpForking,false,2026-08-08T18:01:12.342Z,true,2026-08-08T18:01:12.342Z,"false",xsd:boolean,2026-07-21T20:50:23.279Z,,,,
InternetGatewayDevice.LANDevice.1.X_BROADCOM_COM_IgmpSnoopingConfig.X_ZHONE_COM_IgmpForkingVlan,false,2026-08-08T18:01:12.342Z,true,2026-08-08T18:01:12.342Z,"0",xsd:unsignedInt,2026-07-21T20:50:23.279Z,,,,
InternetGatewayDevice.LANDevice.1.X_BROADCOM_COM_IgmpSnoopingConfig.X_ZHONE_COM_IgmpProxy,false,2026-08-08T18:01:12.342Z,true,2026-08-08T18:01:12.342Z,"false",xsd:boolean,2026-07-21T20:50:23.279Z,,,,
InternetGatewayDevice.LANDevice.1.X_BROADCOM_COM_IgmpSnoopingConfig.X_ZHONE_COM_IgmpQuerier,false,2026-08-08T18:01:12.342Z,true,2026-08-08T18:01:12.342Z,"false",xsd:boolean,2026-07-21T20:50:23.279Z,,,,
InternetGatewayDevice.LANDevice.1.X_BROADCOM_COM_IgmpSnoopingConfig.X_ZHONE_COM_IgmpV3,false,2026-08-08T18:01:12.342Z,true,2026-08-08T18:01:12.342Z,"false",xsd:boolean,2026-07-21T20:50:23.279Z,,,,
InternetGatewayDevice.LANDevice.1.X_BROADCOM_COM_LANMocaInterfaceNumberOfEntries,false,2026-08-08T18:01:12.342Z,false,2026-08-08T18:01:12.342Z,"0",xsd:unsignedInt,2026-07-21T20:50:23.277Z,,,,
InternetGatewayDevice.LANDevice.1.X_ZHONE_COM_BridgeKey,false,2026-08-08T18:01:12.342Z,false,2026-08-08T18:01:12.342Z,"0",xsd:unsignedInt,2026-07-21T20:50:23.277Z,,,,
InternetGatewayDevice.LANDevice.1.X_ZHONE_COM_WANIfType,false,2026-08-08T18:01:12.342Z,false,2026-08-08T18:01:12.342Z,"",xsd:string,2026-07-21T20:50:23.277Z,,,,
InternetGatewayDevice.LANDevice.11,true,2026-08-08T18:01:12.342Z,false,2026-08-08T18:01:12.342Z,"",,,,,,
InternetGatewayDevice.LANDevice.11.Hosts,true,2026-08-08T18:01:12.342Z,false,2026-08-08T18:01:12.342Z,"",,,,,,
InternetGatewayDevice.LANDevice.11.Hosts.Host,true,2026-08-08T18:01:12.342Z,true,2026-08-08T18:01:12.342Z,"",,,,,,
InternetGatewayDevice.LANDevice.11.Hosts.Host.23,true,2026-08-08T18:01:12.342Z,false,2026-08-08T18:01:12.342Z,"",,,,,,
InternetGatewayDevice.LANDevice.11.Hosts.Host.23.Active,false,2026-08-08T18:01:12.342Z,false,2026-08-08T18:01:12.342Z,"",,,,,,
InternetGatewayDevice.LANDevice.11.Hosts.Host.23.AddressSource,false,2026-08-08T18:01:12.342Z,false,2026-08-08T18:01:12.342Z,"",,,,,,
InternetGatewayDevice.LANDevice.11.Hosts.Host.23.HostName,false,2026-08-08T18:01:12.342Z,false,2026-08-08T18:01:12.342Z,"TL-WR840N",xsd:string,2026-08-08T18:01:12.344Z,,,,
InternetGatewayDevice.LANDevice.11.Hosts.Host.23.IPAddress,false,2026-08-08T18:01:12.342Z,false,2026-08-08T18:01:12.342Z,"192.168.3.10",xsd:string,2026-08-08T18:01:12.344Z,,,,
InternetGatewayDevice.LANDevice.11.Hosts.Host.23.InterfaceType,false,2026-08-08T18:01:12.342Z,false,2026-08-08T18:01:12.342Z,"",,,,,,
InternetGatewayDevice.LANDevice.11.Hosts.Host.23.LeaseTimeRemaining,false,2026-08-08T18:01:12.342Z,false,2026-08-08T18:01:12.342Z,"",,,,,,
InternetGatewayDevice.LANDevice.11.Hosts.Host.23.MACAddress,false,2026-08-08T18:01:12.342Z,false,2026-08-08T18:01:12.342Z,"98:da:c4:ec:5f:bd",xsd:string,2026-08-08T18:01:12.344Z,,,,
InternetGatewayDevice.LANDevice.11.Hosts.HostNumberOfEntries,false,2026-08-08T18:01:12.342Z,false,2026-08-08T18:01:12.342Z,"1",xsd:unsignedInt,2026-07-21T20:50:23.277Z,,,,
InternetGatewayDevice.LANDevice.11.LANEthernetInterfaceConfig,true,2026-08-08T18:01:12.342Z,false,2026-08-08T18:01:12.342Z,"",,,,,,
InternetGatewayDevice.LANDevice.11.LANEthernetInterfaceNumberOfEntries,false,2026-08-08T18:01:12.342Z,false,2026-08-08T18:01:12.342Z,"0",xsd:unsignedInt,2026-07-21T20:50:23.277Z,,,,
InternetGatewayDevice.LANDevice.11.LANHostConfigManagement,true,2026-08-08T18:01:12.342Z,false,2026-08-08T18:01:12.342Z,"",,,,,,
InternetGatewayDevice.LANDevice.11.LANHostConfigManagement.DHCPLeaseTime,false,2026-08-08T18:01:12.342Z,true,2026-08-08T18:01:12.342Z,"86400",xsd:int,2026-07-21T20:50:23.279Z,,,,
InternetGatewayDevice.LANDevice.11.LANHostConfigManagement.DHCPRelay,false,2026-08-08T18:01:12.342Z,false,2026-08-08T18:01:12.342Z,"false",xsd:boolean,2026-07-21T20:50:23.279Z,,,,
InternetGatewayDevice.LANDevice.11.LANHostConfigManagement.DHCPServerConfigurable,false,2026-08-08T18:01:12.342Z,true,2026-08-08T18:01:12.342Z,"true",xsd:boolean,2026-07-21T20:50:23.279Z,,,,
InternetGatewayDevice.LANDevice.11.LANHostConfigManagement.DHCPServerEnable,false,2026-08-08T18:01:12.342Z,true,2026-08-08T18:01:12.342Z,"true",xsd:boolean,2026-07-21T20:50:23.279Z,,,,
InternetGatewayDevice.LANDevice.11.LANHostConfigManagement.DNSServers,false,2026-08-08T18:01:12.342Z,true,2026-08-08T18:01:12.342Z,"0.0.0.0,0.0.0.0",xsd:string,2026-07-21T20:50:23.279Z,,,,
InternetGatewayDevice.LANDevice.11.LANHostConfigManagement.DomainName,false,2026-08-08T18:01:12.342Z,true,2026-08-08T18:01:12.342Z,"",xsd:string,2026-07-21T20:50:23.279Z,,,,
InternetGatewayDevice.LANDevice.11.LANHostConfigManagement.IPInterface,true,2026-08-08T18:01:12.342Z,true,2026-08-08T18:01:12.342Z,"",,,,,,
InternetGatewayDevice.LANDevice.11.LANHostConfigManagement.IPInterface.1,true,2026-08-08T18:01:12.342Z,true,2026-08-08T18:01:12.342Z,"",,,,,,
InternetGatewayDevice.LANDevice.11.LANHostConfigManagement.IPInterface.1.Enable,false,2026-08-08T18:01:12.342Z,true,2026-08-08T18:01:12.342Z,"true",xsd:boolean,2026-07-21T20:50:23.279Z,,,,
InternetGatewayDevice.LANDevice.11.LANHostConfigManagement.IPInterface.1.IPInterfaceAddressingType,false,2026-08-08T18:01:12.342Z,true,2026-08-08T18:01:12.342Z,"Static",xsd:string,2026-07-21T20:50:23.279Z,,,,
InternetGatewayDevice.LANDevice.11.LANHostConfigManagement.IPInterface.1.IPInterfaceIPAddress,false,2026-08-08T18:01:12.342Z,true,2026-08-08T18:01:12.342Z,"192.168.3.1",xsd:string,2026-07-21T20:50:23.279Z,,,,
InternetGatewayDevice.LANDevice.11.LANHostConfigManagement.IPInterface.1.IPInterfaceSubnetMask,false,2026-08-08T18:01:12.342Z,true,2026-08-08T18:01:12.342Z,"255.255.255.0",xsd:string,2026-07-21T20:50:23.279Z,,,,
InternetGatewayDevice.LANDevice.11.LANHostConfigManagement.IPInterface.1.X_BROADCOM_COM_DhcpConnectionStatus,false,2026-08-08T18:01:12.342Z,false,2026-08-08T18:01:12.342Z,"Unconfigured",xsd:string,2026-07-21T20:50:23.279Z,,,,
InternetGatewayDevice.LANDevice.11.LANHostConfigManagement.IPInterface.1.X_BROADCOM_COM_DhcpDefaultGateway,false,2026-08-08T18:01:12.342Z,false,2026-08-08T18:01:12.342Z,"0.0.0.0",xsd:string,2026-07-21T20:50:23.279Z,,,,
InternetGatewayDevice.LANDevice.11.LANHostConfigManagement.IPInterface.1.X_BROADCOM_COM_DhcpIpAddress,false,2026-08-08T18:01:12.342Z,false,2026-08-08T18:01:12.342Z,"0.0.0.0",xsd:string,2026-07-21T20:50:23.279Z,,,,
InternetGatewayDevice.LANDevice.11.LANHostConfigManagement.IPInterface.1.X_BROADCOM_COM_DhcpSubnetMask,false,2026-08-08T18:01:12.342Z,false,2026-08-08T18:01:12.342Z,"0.0.0.0",xsd:string,2026-07-21T20:50:23.279Z,,,,
InternetGatewayDevice.LANDevice.11.LANHostConfigManagement.IPInterface.1.X_BROADCOM_COM_FirewallEnabled,false,2026-08-08T18:01:12.342Z,true,2026-08-08T18:01:12.342Z,"false",xsd:boolean,2026-07-21T20:50:23.279Z,,,,
InternetGatewayDevice.LANDevice.11.LANHostConfigManagement.IPInterface.1.X_BROADCOM_COM_IfName,false,2026-08-08T18:01:12.342Z,false,2026-08-08T18:01:12.342Z,"brvlan190",xsd:string,2026-07-21T20:50:23.279Z,,,,
InternetGatewayDevice.LANDevice.11.LANHostConfigManagement.IPInterface.1.X_ZHONE_COM_AlternateWanIfname,false,2026-08-08T18:01:12.342Z,true,2026-08-08T18:01:12.342Z,"None",xsd:string,2026-07-21T20:50:23.279Z,,,,
InternetGatewayDevice.LANDevice.11.LANHostConfigManagement.IPInterface.1.X_ZHONE_COM_ConnectionType,false,2026-08-08T18:01:12.342Z,true,2026-08-08T18:01:12.342Z,"IP_Bridged",xsd:string,2026-07-21T20:50:23.279Z,,,,
InternetGatewayDevice.LANDevice.11.LANHostConfigManagement.IPInterface.1.X_ZHONE_COM_DefaultGateway,false,2026-08-08T18:01:12.342Z,true,2026-08-08T18:01:12.342Z,"0.0.0.0",xsd:string,2026-07-21T20:50:23.279Z,,,,
InternetGatewayDevice.LANDevice.11.LANHostConfigManagement.IPInterface.1.X_ZHONE_COM_DhcpcPid,false,2026-08-08T18:01:12.342Z,true,2026-08-08T18:01:12.342Z,"0",xsd:unsignedInt,2026-07-21T20:50:23.279Z,,,,
InternetGatewayDevice.LANDevice.11.LANHostConfigManagement.IPInterface.1.X_ZHONE_COM_DnsType,false,2026-08-08T18:01:12.342Z,true,2026-08-08T18:01:12.342Z,"Default",xsd:string,2026-07-21T20:50:23.279Z,,,,
InternetGatewayDevice.LANDevice.11.LANHostConfigManagement.IPInterface.1.X_ZHONE_COM_MacAddress,false,2026-08-08T18:01:12.342Z,false,2026-08-08T18:01:12.342Z,"2a:02:71:18:c3:fa",xsd:string,2026-07-21T20:50:23.279Z,,,,
InternetGatewayDevice.LANDevice.11.LANHostConfigManagement.IPInterface.1.X_ZHONE_COM_MaxMTUSize,false,2026-08-08T18:01:12.342Z,true,2026-08-08T18:01:12.342Z,"1500",xsd:unsignedInt,2026-07-21T20:50:23.279Z,,,,
InternetGatewayDevice.LANDevice.11.LANHostConfigManagement.IPInterface.1.X_ZHONE_COM_NAPTenabled,false,2026-08-08T18:01:12.342Z,true,2026-08-08T18:01:12.342Z,"false",xsd:boolean,2026-07-21T20:50:23.279Z,,,,
InternetGatewayDevice.LANDevice.11.LANHostConfigManagement.IPInterface.1.X_ZHONE_COM_NATenabled,false,2026-08-08T18:01:12.342Z,true,2026-08-08T18:01:12.342Z,"false",xsd:boolean,2026-07-21T20:50:23.279Z,,,,
InternetGatewayDevice.LANDevice.11.LANHostConfigManagement.IPInterface.1.X_ZHONE_COM_Name,false,2026-08-08T18:01:12.342Z,true,2026-08-08T18:01:12.342Z,"",xsd:string,2026-07-21T20:50:23.279Z,,,,
InternetGatewayDevice.LANDevice.11.LANHostConfigManagement.IPInterface.1.X_ZHONE_COM_PPPoEConfig,true,2026-08-08T18:01:12.342Z,false,2026-08-08T18:01:12.342Z,"",,,,,,
InternetGatewayDevice.LANDevice.11.LANHostConfigManagement.IPInterface.1.X_ZHONE_COM_PPPoEConfig.Authentication,false,2026-08-08T18:01:12.342Z,true,2026-08-08T18:01:12.342Z,"AUTO_AUTH",xsd:string,2026-07-21T20:50:23.279Z,,,,
InternetGatewayDevice.LANDevice.11.LANHostConfigManagement.IPInterface.1.X_ZHONE_COM_PPPoEConfig.CompressionProtocol,false,2026-08-08T18:01:12.342Z,true,2026-08-08T18:01:12.342Z,"None",xsd:string,2026-07-21T20:50:23.279Z,,,,
InternetGatewayDevice.LANDevice.11.LANHostConfigManagement.IPInterface.1.X_ZHONE_COM_PPPoEConfig.ConnectionRequest,false,2026-08-08T18:01:12.342Z,true,2026-08-08T18:01:12.342Z,"None",xsd:string,2026-07-21T20:50:23.279Z,,,,
InternetGatewayDevice.LANDevice.11.LANHostConfigManagement.IPInterface.1.X_ZHONE_COM_PPPoEConfig.EnableDebug,false,2026-08-08T18:01:12.342Z,true,2026-08-08T18:01:12.342Z,"false",xsd:boolean,2026-07-21T20:50:23.279Z,,,,
InternetGatewayDevice.LANDevice.11.LANHostConfigManagement.IPInterface.1.X_ZHONE_COM_PPPoEConfig.EncryptionProtocol,false,2026-08-08T18:01:12.342Z,true,2026-08-08T18:01:12.342Z,"None",xsd:string,2026-07-21T20:50:23.279Z,,,,
InternetGatewayDevice.LANDevice.11.LANHostConfigManagement.IPInterface.1.X_ZHONE_COM_PPPoEConfig.HoldOffTime,false,2026-08-08T18:01:12.342Z,true,2026-08-08T18:01:12.342Z,"3",xsd:unsignedInt,2026-07-21T20:50:23.279Z,,,,
InternetGatewayDevice.LANDevice.11.LANHostConfigManagement.IPInterface.1.X_ZHONE_COM_PPPoEConfig.IdleDisconnectTime,false,2026-08-08T18:01:12.342Z,true,2026-08-08T18:01:12.342Z,"0",xsd:unsignedInt,2026-07-21T20:50:23.279Z,,,,
InternetGatewayDevice.LANDevice.11.LANHostConfigManagement.IPInterface.1.X_ZHONE_COM_PPPoEConfig.IfName,false,2026-08-08T18:01:12.342Z,true,2026-08-08T18:01:12.342Z,"",xsd:string,2026-07-21T20:50:23.279Z,,,,
InternetGatewayDevice.LANDevice.11.LANHostConfigManagement.IPInterface.1.X_ZHONE_COM_PPPoEConfig.Password,false,2026-08-08T18:01:12.342Z,true,2026-08-08T18:01:12.342Z,"guest",xsd:string,2026-07-21T20:50:23.279Z,,,,
InternetGatewayDevice.LANDevice.11.LANHostConfigManagement.IPInterface.1.X_ZHONE_COM_PPPoEConfig.Pid,false,2026-08-08T18:01:12.342Z,true,2026-08-08T18:01:12.342Z,"0",xsd:unsignedInt,2026-07-21T20:50:23.279Z,,,,
InternetGatewayDevice.LANDevice.11.LANHostConfigManagement.IPInterface.1.X_ZHONE_COM_PPPoEConfig.ServiceName,false,2026-08-08T18:01:12.342Z,true,2026-08-08T18:01:12.342Z,"",xsd:string,2026-07-21T20:50:23.279Z,,,,
InternetGatewayDevice.LANDevice.11.LANHostConfigManagement.IPInterface.1.X_ZHONE_COM_PPPoEConfig.StaticIpAddress,false,2026-08-08T18:01:12.342Z,true,2026-08-08T18:01:12.342Z,"0.0.0.0",xsd:string,2026-07-21T20:50:23.279Z,,,,
InternetGatewayDevice.LANDevice.11.LANHostConfigManagement.IPInterface.1.X_ZHONE_COM_PPPoEConfig.UseStaticIpAddress,false,2026-08-08T18:01:12.342Z,true,2026-08-08T18:01:12.342Z,"false",xsd:boolean,2026-07-21T20:50:23.279Z,,,,
InternetGatewayDevice.LANDevice.11.LANHostConfigManagement.IPInterface.1.X_ZHONE_COM_PPPoEConfig.Username,false,2026-08-08T18:01:12.342Z,true,2026-08-08T18:01:12.342Z,"guest",xsd:string,2026-07-21T20:50:23.279Z,,,,
InternetGatewayDevice.LANDevice.11.LANHostConfigManagement.IPInterface.1.X_ZHONE_COM_PPPoEStatus,true,2026-08-08T18:01:12.342Z,false,2026-08-08T18:01:12.342Z,"",,,,,,
InternetGatewayDevice.LANDevice.11.LANHostConfigManagement.IPInterface.1.X_ZHONE_COM_PPPoEStatus.ConnectionEstablishedTime,false,2026-08-08T18:01:12.342Z,true,2026-08-08T18:01:12.342Z,"0",xsd:unsignedInt,2026-07-21T20:50:23.279Z,,,,
InternetGatewayDevice.LANDevice.11.LANHostConfigManagement.IPInterface.1.X_ZHONE_COM_PPPoEStatus.ConnectionStatus,false,2026-08-08T18:01:12.342Z,true,2026-08-08T18:01:12.342Z,"Disconnected",xsd:string,2026-07-21T20:50:23.279Z,,,,
InternetGatewayDevice.LANDevice.11.LANHostConfigManagement.IPInterface.1.X_ZHONE_COM_PPPoEStatus.CurrentMTUSize,false,2026-08-08T18:01:12.342Z,false,2026-08-08T18:01:12.342Z,"0",xsd:unsignedInt,2026-07-21T20:50:23.279Z,,,,
InternetGatewayDevice.LANDevice.11.LANHostConfigManagement.IPInterface.1.X_ZHONE_COM_PPPoEStatus.LastConnectionError,false,2026-08-08T18:01:12.342Z,true,2026-08-08T18:01:12.342Z,"ERROR_NONE",xsd:string,2026-07-21T20:50:23.279Z,,,,
InternetGatewayDevice.LANDevice.11.LANHostConfigManagement.IPInterface.1.X_ZHONE_COM_PPPoEStatus.PPPLCPEcho,false,2026-08-08T18:01:12.342Z,false,2026-08-08T18:01:12.342Z,"30",xsd:unsignedInt,2026-07-21T20:50:23.279Z,,,,
InternetGatewayDevice.LANDevice.11.LANHostConfigManagement.IPInterface.1.X_ZHONE_COM_PPPoEStatus.PPPLCPEchoRetry,false,2026-08-08T18:01:12.342Z,false,2026-08-08T18:01:12.342Z,"5",xsd:unsignedInt,2026-07-21T20:50:23.279Z,,,,
InternetGatewayDevice.LANDevice.11.LANHostConfigManagement.IPInterface.1.X_ZHONE_COM_PPPoEStatus.SessionID,false,2026-08-08T18:01:12.342Z,false,2026-08-08T18:01:12.342Z,"0",xsd:unsignedInt,2026-07-21T20:50:23.279Z,,,,
InternetGatewayDevice.LANDevice.11.LANHostConfigManagement.IPInterface.1.X_ZHONE_COM_PPPoEStatus.Uptime,false,2026-08-08T18:01:12.342Z,false,2026-08-08T18:01:12.342Z,"0",xsd:unsignedInt,2026-07-21T20:50:23.279Z,,,,
InternetGatewayDevice.LANDevice.11.LANHostConfigManagement.IPInterface.1.X_ZHONE_COM_PortMappingNumberOfEntries,false,2026-08-08T18:01:12.342Z,false,2026-08-08T18:01:12.342Z,"0",xsd:unsignedInt,2026-07-21T20:50:23.279Z,,,,
InternetGatewayDevice.LANDevice.11.LANHostConfigManagement.IPInterface.1.X_ZHONE_COM_PrimaryDnsIPAddress,false,2026-08-08T18:01:12.342Z,true,2026-08-08T18:01:12.342Z,"190.92.103.232",xsd:string,2026-07-21T20:50:23.279Z,,,,
InternetGatewayDevice.LANDevice.11.LANHostConfigManagement.IPInterface.1.X_ZHONE_COM_SecondaryDnsIPAddress,false,2026-08-08T18:01:12.342Z,true,2026-08-08T18:01:12.342Z,"190.92.103.241",xsd:string,2026-07-21T20:50:23.279Z,,,,
InternetGatewayDevice.LANDevice.11.LANHostConfigManagement.IPInterface.1.X_ZHONE_COM_SentDHCPOptionNumberOfEntries,false,2026-08-08T18:01:12.342Z,false,2026-08-08T18:01:12.342Z,"0",xsd:unsignedInt,2026-07-21T20:50:23.279Z,,,,
InternetGatewayDevice.LANDevice.11.LANHostConfigManagement.IPInterface.1.X_ZHONE_COM_UPNPenabled,false,2026-08-08T18:01:12.342Z,true,2026-08-08T18:01:12.342Z,"false",xsd:boolean,2026-07-21T20:50:23.279Z,,,,
InternetGatewayDevice.LANDevice.11.LANHostConfigManagement.IPInterface.1.X_ZHONE_COM_UpnpPid,false,2026-08-08T18:01:12.342Z,true,2026-08-08T18:01:12.342Z,"0",xsd:unsignedInt,2026-07-21T20:50:23.279Z,,,,
InternetGatewayDevice.LANDevice.11.LANHostConfigManagement.IPInterface.1.X_ZHONE_COM_UseDerivedMac,false,2026-08-08T18:01:12.342Z,true,2026-08-08T18:01:12.342Z,"false",xsd:boolean,2026-07-21T20:50:23.279Z,,,,
InternetGatewayDevice.LANDevice.11.LANHostConfigManagement.IPInterface.1.X_ZHONE_COM_VlanType,false,2026-08-08T18:01:12.342Z,true,2026-08-08T18:01:12.342Z,"PPPoE_Bridged",xsd:string,2026-07-21T20:50:23.279Z,,,,
InternetGatewayDevice.LANDevice.11.LANHostConfigManagement.IPInterface.1.X_ZHONE_MgmtAccessCfg,true,2026-08-08T18:01:12.342Z,true,2026-08-08T18:01:12.342Z,"",,,,,,
InternetGatewayDevice.LANDevice.11.LANHostConfigManagement.IPInterface.1.X_ZHONE_MgmtAccessCfg.1,true,2026-08-08T18:01:12.342Z,true,2026-08-08T18:01:12.342Z,"",,,,,,
InternetGatewayDevice.LANDevice.11.LANHostConfigManagement.IPInterface.1.X_ZHONE_MgmtAccessCfg.1.Action,false,2026-08-08T18:01:12.342Z,true,2026-08-08T18:01:12.342Z,"Allow",xsd:string,2026-07-21T20:50:23.279Z,,,,
InternetGatewayDevice.LANDevice.11.LANHostConfigManagement.IPInterface.1.X_ZHONE_MgmtAccessCfg.1.Service,false,2026-08-08T18:01:12.342Z,true,2026-08-08T18:01:12.342Z,"Http",xsd:string,2026-07-21T20:50:23.279Z,,,,
InternetGatewayDevice.LANDevice.11.LANHostConfigManagement.IPInterface.1.X_ZHONE_MgmtAccessCfg.2,true,2026-08-08T18:01:12.342Z,true,2026-08-08T18:01:12.342Z,"",,,,,,
InternetGatewayDevice.LANDevice.11.LANHostConfigManagement.IPInterface.1.X_ZHONE_MgmtAccessCfg.2.Action,false,2026-08-08T18:01:12.342Z,true,2026-08-08T18:01:12.342Z,"Allow",xsd:string,2026-07-21T20:50:23.279Z,,,,
InternetGatewayDevice.LANDevice.11.LANHostConfigManagement.IPInterface.1.X_ZHONE_MgmtAccessCfg.2.Service,false,2026-08-08T18:01:12.342Z,true,2026-08-08T18:01:12.342Z,"Https",xsd:string,2026-07-21T20:50:23.279Z,,,,
InternetGatewayDevice.LANDevice.11.LANHostConfigManagement.IPInterface.1.X_ZHONE_MgmtAccessCfg.3,true,2026-08-08T18:01:12.342Z,true,2026-08-08T18:01:12.342Z,"",,,,,,
InternetGatewayDevice.LANDevice.11.LANHostConfigManagement.IPInterface.1.X_ZHONE_MgmtAccessCfg.3.Action,false,2026-08-08T18:01:12.342Z,true,2026-08-08T18:01:12.342Z,"Allow",xsd:string,2026-07-21T20:50:23.279Z,,,,
InternetGatewayDevice.LANDevice.11.LANHostConfigManagement.IPInterface.1.X_ZHONE_MgmtAccessCfg.3.Service,false,2026-08-08T18:01:12.342Z,true,2026-08-08T18:01:12.342Z,"Ping",xsd:string,2026-07-21T20:50:23.279Z,,,,
InternetGatewayDevice.LANDevice.11.LANHostConfigManagement.IPInterface.1.X_ZHONE_MgmtAccessCfg.4,true,2026-08-08T18:01:12.342Z,true,2026-08-08T18:01:12.342Z,"",,,,,,
InternetGatewayDevice.LANDevice.11.LANHostConfigManagement.IPInterface.1.X_ZHONE_MgmtAccessCfg.4.Action,false,2026-08-08T18:01:12.342Z,true,2026-08-08T18:01:12.342Z,"Allow",xsd:string,2026-07-21T20:50:23.279Z,,,,
InternetGatewayDevice.LANDevice.11.LANHostConfigManagement.IPInterface.1.X_ZHONE_MgmtAccessCfg.4.Service,false,2026-08-08T18:01:12.342Z,true,2026-08-08T18:01:12.342Z,"Snmp",xsd:string,2026-07-21T20:50:23.279Z,,,,
InternetGatewayDevice.LANDevice.11.LANHostConfigManagement.IPInterface.1.X_ZHONE_MgmtAccessCfg.5,true,2026-08-08T18:01:12.342Z,true,2026-08-08T18:01:12.342Z,"",,,,,,
InternetGatewayDevice.LANDevice.11.LANHostConfigManagement.IPInterface.1.X_ZHONE_MgmtAccessCfg.5.Action,false,2026-08-08T18:01:12.342Z,true,2026-08-08T18:01:12.342Z,"Allow",xsd:string,2026-07-21T20:50:23.279Z,,,,
InternetGatewayDevice.LANDevice.11.LANHostConfigManagement.IPInterface.1.X_ZHONE_MgmtAccessCfg.5.Service,false,2026-08-08T18:01:12.342Z,true,2026-08-08T18:01:12.342Z,"SnmpTrap",xsd:string,2026-07-21T20:50:23.279Z,,,,
InternetGatewayDevice.LANDevice.11.LANHostConfigManagement.IPInterface.1.X_ZHONE_MgmtAccessCfg.6,true,2026-08-08T18:01:12.342Z,true,2026-08-08T18:01:12.342Z,"",,,,,,
InternetGatewayDevice.LANDevice.11.LANHostConfigManagement.IPInterface.1.X_ZHONE_MgmtAccessCfg.6.Action,false,2026-08-08T18:01:12.342Z,true,2026-08-08T18:01:12.342Z,"Allow",xsd:string,2026-07-21T20:50:23.279Z,,,,
InternetGatewayDevice.LANDevice.11.LANHostConfigManagement.IPInterface.1.X_ZHONE_MgmtAccessCfg.6.Service,false,2026-08-08T18:01:12.342Z,true,2026-08-08T18:01:12.342Z,"Ssh",xsd:string,2026-07-21T20:50:23.279Z,,,,
InternetGatewayDevice.LANDevice.11.LANHostConfigManagement.IPInterface.1.X_ZHONE_MgmtAccessCfg.7,true,2026-08-08T18:01:12.342Z,true,2026-08-08T18:01:12.342Z,"",,,,,,
InternetGatewayDevice.LANDevice.11.LANHostConfigManagement.IPInterface.1.X_ZHONE_MgmtAccessCfg.7.Action,false,2026-08-08T18:01:12.342Z,true,2026-08-08T18:01:12.342Z,"Allow",xsd:string,2026-07-21T20:50:23.279Z,,,,
InternetGatewayDevice.LANDevice.11.LANHostConfigManagement.IPInterface.1.X_ZHONE_MgmtAccessCfg.7.Service,false,2026-08-08T18:01:12.342Z,true,2026-08-08T18:01:12.342Z,"Telnet",xsd:string,2026-07-21T20:50:23.279Z,,,,
InternetGatewayDevice.LANDevice.11.LANHostConfigManagement.IPInterfaceNumberOfEntries,false,2026-08-08T18:01:12.342Z,false,2026-08-08T18:01:12.342Z,"1",xsd:unsignedInt,2026-07-21T20:50:23.279Z,,,,
InternetGatewayDevice.LANDevice.11.LANHostConfigManagement.IPRouters,false,2026-08-08T18:01:12.342Z,true,2026-08-08T18:01:12.342Z,"",xsd:string,2026-07-21T20:50:23.279Z,,,,
InternetGatewayDevice.LANDevice.11.LANHostConfigManagement.MACAddress,false,2026-08-08T18:01:12.342Z,false,2026-08-08T18:01:12.342Z,"2a:02:71:18:c3:fa",xsd:string,2026-07-21T20:50:23.279Z,,,,
InternetGatewayDevice.LANDevice.11.LANHostConfigManagement.MaxAddress,false,2026-08-08T18:01:12.342Z,true,2026-08-08T18:01:12.342Z,"192.168.3.100",xsd:string,2026-07-21T20:50:23.279Z,,,,
InternetGatewayDevice.LANDevice.11.LANHostConfigManagement.MinAddress,false,2026-08-08T18:01:12.342Z,true,2026-08-08T18:01:12.342Z,"192.168.3.10",xsd:string,2026-07-21T20:50:23.279Z,,,,
InternetGatewayDevice.LANDevice.11.LANHostConfigManagement.ReservedAddresses,false,2026-08-08T18:01:12.342Z,true,2026-08-08T18:01:12.342Z,"",xsd:string,2026-07-21T20:50:23.279Z,,,,
InternetGatewayDevice.LANDevice.11.LANHostConfigManagement.SubnetMask,false,2026-08-08T18:01:12.342Z,true,2026-08-08T18:01:12.342Z,"255.255.255.0",xsd:string,2026-07-21T20:50:23.279Z,,,,
InternetGatewayDevice.LANDevice.11.LANHostConfigManagement.UseAllocatedWAN,false,2026-08-08T18:01:12.342Z,true,2026-08-08T18:01:12.342Z,"Normal",xsd:string,2026-07-21T20:50:23.279Z,,,,
InternetGatewayDevice.LANDevice.11.LANHostConfigManagement.X_BROADCOM_COM_DhcpRelayServer,false,2026-08-08T18:01:12.342Z,true,2026-08-08T18:01:12.342Z,"",xsd:string,2026-07-21T20:50:23.279Z,,,,
InternetGatewayDevice.LANDevice.11.LANUSBInterfaceNumberOfEntries,false,2026-08-08T18:01:12.342Z,false,2026-08-08T18:01:12.342Z,"0",xsd:unsignedInt,2026-07-21T20:50:23.277Z,,,,
InternetGatewayDevice.LANDevice.11.LANWLANConfigurationNumberOfEntries,false,2026-08-08T18:01:12.342Z,false,2026-08-08T18:01:12.342Z,"0",xsd:unsignedInt,2026-07-21T20:50:23.277Z,,,,
InternetGatewayDevice.LANDevice.11.WLANConfiguration,true,2026-08-08T18:01:12.342Z,false,2026-08-08T18:01:12.342Z,"",,,,,,
InternetGatewayDevice.LANDevice.11.X_BROADCOM_COM_IgmpSnoopingConfig,true,2026-08-08T18:01:12.342Z,false,2026-08-08T18:01:12.342Z,"",,,,,,
InternetGatewayDevice.LANDevice.11.X_BROADCOM_COM_IgmpSnoopingConfig.Enable,false,2026-08-08T18:01:12.342Z,true,2026-08-08T18:01:12.342Z,"false",xsd:boolean,2026-07-21T20:50:23.279Z,,,,
InternetGatewayDevice.LANDevice.11.X_BROADCOM_COM_IgmpSnoopingConfig.Mode,false,2026-08-08T18:01:12.342Z,true,2026-08-08T18:01:12.342Z,"Standard",xsd:string,2026-07-21T20:50:23.279Z,,,,
InternetGatewayDevice.LANDevice.11.X_BROADCOM_COM_IgmpSnoopingConfig.X_ZHONE_COM_IgmpForking,false,2026-08-08T18:01:12.342Z,true,2026-08-08T18:01:12.342Z,"false",xsd:boolean,2026-07-21T20:50:23.279Z,,,,
InternetGatewayDevice.LANDevice.11.X_BROADCOM_COM_IgmpSnoopingConfig.X_ZHONE_COM_IgmpForkingVlan,false,2026-08-08T18:01:12.342Z,true,2026-08-08T18:01:12.342Z,"0",xsd:unsignedInt,2026-07-21T20:50:23.279Z,,,,
InternetGatewayDevice.LANDevice.11.X_BROADCOM_COM_IgmpSnoopingConfig.X_ZHONE_COM_IgmpProxy,false,2026-08-08T18:01:12.342Z,true,2026-08-08T18:01:12.342Z,"false",xsd:boolean,2026-07-21T20:50:23.279Z,,,,
InternetGatewayDevice.LANDevice.11.X_BROADCOM_COM_IgmpSnoopingConfig.X_ZHONE_COM_IgmpQuerier,false,2026-08-08T18:01:12.342Z,true,2026-08-08T18:01:12.342Z,"false",xsd:boolean,2026-07-21T20:50:23.279Z,,,,
InternetGatewayDevice.LANDevice.11.X_BROADCOM_COM_IgmpSnoopingConfig.X_ZHONE_COM_IgmpV3,false,2026-08-08T18:01:12.342Z,true,2026-08-08T18:01:12.342Z,"false",xsd:boolean,2026-07-21T20:50:23.279Z,,,,
InternetGatewayDevice.LANDevice.11.X_BROADCOM_COM_LANMocaInterfaceNumberOfEntries,false,2026-08-08T18:01:12.342Z,false,2026-08-08T18:01:12.342Z,"0",xsd:unsignedInt,2026-07-21T20:50:23.277Z,,,,
InternetGatewayDevice.LANDevice.11.X_ZHONE_COM_BridgeKey,false,2026-08-08T18:01:12.342Z,false,2026-08-08T18:01:12.342Z,"0",xsd:unsignedInt,2026-07-21T20:50:23.277Z,,,,
InternetGatewayDevice.LANDevice.11.X_ZHONE_COM_WANIfType,false,2026-08-08T18:01:12.342Z,false,2026-08-08T18:01:12.342Z,"",xsd:string,2026-07-21T20:50:23.277Z,,,,
InternetGatewayDevice.LANDevice.13,true,2026-08-08T18:01:12.342Z,false,2026-08-08T18:01:12.342Z,"",,,,,,
InternetGatewayDevice.LANDevice.13.Hosts,true,2026-08-08T18:01:12.342Z,false,2026-08-08T18:01:12.342Z,"",,,,,,
InternetGatewayDevice.LANDevice.13.Hosts.Host,true,2026-08-08T18:01:12.342Z,false,2026-08-08T18:01:12.342Z,"",,,,,,
InternetGatewayDevice.LANDevice.13.Hosts.HostNumberOfEntries,false,2026-08-08T18:01:12.342Z,false,2026-08-08T18:01:12.342Z,"0",xsd:unsignedInt,2026-07-21T20:50:23.277Z,,,,
InternetGatewayDevice.LANDevice.13.LANEthernetInterfaceConfig,true,2026-08-08T18:01:12.342Z,false,2026-08-08T18:01:12.342Z,"",,,,,,
InternetGatewayDevice.LANDevice.13.LANEthernetInterfaceNumberOfEntries,false,2026-08-08T18:01:12.342Z,false,2026-08-08T18:01:12.342Z,"0",xsd:unsignedInt,2026-07-21T20:50:23.277Z,,,,
InternetGatewayDevice.LANDevice.13.LANHostConfigManagement,true,2026-08-08T18:01:12.342Z,false,2026-08-08T18:01:12.342Z,"",,,,,,
InternetGatewayDevice.LANDevice.13.LANHostConfigManagement.DHCPLeaseTime,false,2026-08-08T18:01:12.342Z,true,2026-08-08T18:01:12.342Z,"86400",xsd:int,2026-07-21T20:50:23.279Z,,,,
InternetGatewayDevice.LANDevice.13.LANHostConfigManagement.DHCPRelay,false,2026-08-08T18:01:12.342Z,false,2026-08-08T18:01:12.342Z,"false",xsd:boolean,2026-07-21T20:50:23.279Z,,,,
InternetGatewayDevice.LANDevice.13.LANHostConfigManagement.DHCPServerConfigurable,false,2026-08-08T18:01:12.342Z,true,2026-08-08T18:01:12.342Z,"true",xsd:boolean,2026-07-21T20:50:23.279Z,,,,
InternetGatewayDevice.LANDevice.13.LANHostConfigManagement.DHCPServerEnable,false,2026-08-08T18:01:12.342Z,true,2026-08-08T18:01:12.342Z,"false",xsd:boolean,2026-07-21T20:50:23.279Z,,,,
InternetGatewayDevice.LANDevice.13.LANHostConfigManagement.DNSServers,false,2026-08-08T18:01:12.342Z,true,2026-08-08T18:01:12.342Z,"0.0.0.0,0.0.0.0",xsd:string,2026-07-21T20:50:23.279Z,,,,
InternetGatewayDevice.LANDevice.13.LANHostConfigManagement.DomainName,false,2026-08-08T18:01:12.342Z,true,2026-08-08T18:01:12.342Z,"",xsd:string,2026-07-21T20:50:23.279Z,,,,
InternetGatewayDevice.LANDevice.13.LANHostConfigManagement.IPInterface,true,2026-08-08T18:01:12.342Z,true,2026-08-08T18:01:12.342Z,"",,,,,,
InternetGatewayDevice.LANDevice.13.LANHostConfigManagement.IPInterface.1,true,2026-08-08T18:01:12.342Z,true,2026-08-08T18:01:12.342Z,"",,,,,,
InternetGatewayDevice.LANDevice.13.LANHostConfigManagement.IPInterface.1.Enable,false,2026-08-08T18:01:12.342Z,true,2026-08-08T18:01:12.342Z,"true",xsd:boolean,2026-07-21T20:50:23.279Z,,,,
InternetGatewayDevice.LANDevice.13.LANHostConfigManagement.IPInterface.1.IPInterfaceAddressingType,false,2026-08-08T18:01:12.342Z,true,2026-08-08T18:01:12.342Z,"PPPoE",xsd:string,2026-07-21T20:50:23.279Z,,,,
InternetGatewayDevice.LANDevice.13.LANHostConfigManagement.IPInterface.1.IPInterfaceIPAddress,false,2026-08-08T18:01:12.342Z,true,2026-08-08T18:01:12.342Z,"172.17.17.94",xsd:string,2026-07-21T20:50:23.279Z,,,,
InternetGatewayDevice.LANDevice.13.LANHostConfigManagement.IPInterface.1.IPInterfaceSubnetMask,false,2026-08-08T18:01:12.342Z,true,2026-08-08T18:01:12.342Z,"255.255.255.255",xsd:string,2026-07-21T20:50:23.279Z,,,,
InternetGatewayDevice.LANDevice.13.LANHostConfigManagement.IPInterface.1.X_BROADCOM_COM_DhcpConnectionStatus,false,2026-08-08T18:01:12.342Z,false,2026-08-08T18:01:12.342Z,"Unconfigured",xsd:string,2026-07-21T20:50:23.279Z,,,,
InternetGatewayDevice.LANDevice.13.LANHostConfigManagement.IPInterface.1.X_BROADCOM_COM_DhcpDefaultGateway,false,2026-08-08T18:01:12.342Z,false,2026-08-08T18:01:12.342Z,"0.0.0.0",xsd:string,2026-07-21T20:50:23.279Z,,,,
InternetGatewayDevice.LANDevice.13.LANHostConfigManagement.IPInterface.1.X_BROADCOM_COM_DhcpIpAddress,false,2026-08-08T18:01:12.342Z,false,2026-08-08T18:01:12.342Z,"0.0.0.0",xsd:string,2026-07-21T20:50:23.279Z,,,,
InternetGatewayDevice.LANDevice.13.LANHostConfigManagement.IPInterface.1.X_BROADCOM_COM_DhcpSubnetMask,false,2026-08-08T18:01:12.342Z,false,2026-08-08T18:01:12.342Z,"0.0.0.0",xsd:string,2026-07-21T20:50:23.279Z,,,,
InternetGatewayDevice.LANDevice.13.LANHostConfigManagement.IPInterface.1.X_BROADCOM_COM_FirewallEnabled,false,2026-08-08T18:01:12.342Z,true,2026-08-08T18:01:12.342Z,"false",xsd:boolean,2026-07-21T20:50:23.279Z,,,,
InternetGatewayDevice.LANDevice.13.LANHostConfigManagement.IPInterface.1.X_BROADCOM_COM_IfName,false,2026-08-08T18:01:12.342Z,false,2026-08-08T18:01:12.342Z,"eth0.v190.ppp",xsd:string,2026-07-21T20:50:23.279Z,,,,
InternetGatewayDevice.LANDevice.13.LANHostConfigManagement.IPInterface.1.X_ZHONE_COM_AlternateWanIfname,false,2026-08-08T18:01:12.342Z,true,2026-08-08T18:01:12.342Z,"None",xsd:string,2026-07-21T20:50:23.279Z,,,,
InternetGatewayDevice.LANDevice.13.LANHostConfigManagement.IPInterface.1.X_ZHONE_COM_ConnectionType,false,2026-08-08T18:01:12.342Z,true,2026-08-08T18:01:12.342Z,"PPPoE_IP_Bridged",xsd:string,2026-07-21T20:50:23.279Z,,,,
InternetGatewayDevice.LANDevice.13.LANHostConfigManagement.IPInterface.1.X_ZHONE_COM_DefaultGateway,false,2026-08-08T18:01:12.342Z,true,2026-08-08T18:01:12.342Z,"172.17.16.1",xsd:string,2026-07-21T20:50:23.279Z,,,,
InternetGatewayDevice.LANDevice.13.LANHostConfigManagement.IPInterface.1.X_ZHONE_COM_DhcpcPid,false,2026-08-08T18:01:12.342Z,true,2026-08-08T18:01:12.342Z,"0",xsd:unsignedInt,2026-07-21T20:50:23.279Z,,,,
InternetGatewayDevice.LANDevice.13.LANHostConfigManagement.IPInterface.1.X_ZHONE_COM_DnsType,false,2026-08-08T18:01:12.342Z,true,2026-08-08T18:01:12.342Z,"Default",xsd:string,2026-07-21T20:50:23.279Z,,,,
InternetGatewayDevice.LANDevice.13.LANHostConfigManagement.IPInterface.1.X_ZHONE_COM_MacAddress,false,2026-08-08T18:01:12.342Z,false,2026-08-08T18:01:12.342Z,"00:00:00:00:00:00",xsd:string,2026-07-21T20:50:23.279Z,,,,
InternetGatewayDevice.LANDevice.13.LANHostConfigManagement.IPInterface.1.X_ZHONE_COM_MaxMTUSize,false,2026-08-08T18:01:12.342Z,true,2026-08-08T18:01:12.342Z,"1500",xsd:unsignedInt,2026-07-21T20:50:23.279Z,,,,
InternetGatewayDevice.LANDevice.13.LANHostConfigManagement.IPInterface.1.X_ZHONE_COM_NAPTenabled,false,2026-08-08T18:01:12.342Z,true,2026-08-08T18:01:12.342Z,"false",xsd:boolean,2026-07-21T20:50:23.279Z,,,,
InternetGatewayDevice.LANDevice.13.LANHostConfigManagement.IPInterface.1.X_ZHONE_COM_NATenabled,false,2026-08-08T18:01:12.342Z,true,2026-08-08T18:01:12.342Z,"true",xsd:boolean,2026-07-21T20:50:23.279Z,,,,
InternetGatewayDevice.LANDevice.13.LANHostConfigManagement.IPInterface.1.X_ZHONE_COM_Name,false,2026-08-08T18:01:12.342Z,true,2026-08-08T18:01:12.342Z,"",xsd:string,2026-07-21T20:50:23.279Z,,,,
InternetGatewayDevice.LANDevice.13.LANHostConfigManagement.IPInterface.1.X_ZHONE_COM_PPPoEConfig,true,2026-08-08T18:01:12.342Z,false,2026-08-08T18:01:12.342Z,"",,,,,,
InternetGatewayDevice.LANDevice.13.LANHostConfigManagement.IPInterface.1.X_ZHONE_COM_PPPoEConfig.Authentication,false,2026-08-08T18:01:12.342Z,true,2026-08-08T18:01:12.342Z,"AUTO_AUTH",xsd:string,2026-07-21T20:50:23.279Z,,,,
InternetGatewayDevice.LANDevice.13.LANHostConfigManagement.IPInterface.1.X_ZHONE_COM_PPPoEConfig.CompressionProtocol,false,2026-08-08T18:01:12.342Z,true,2026-08-08T18:01:12.342Z,"None",xsd:string,2026-07-21T20:50:23.279Z,,,,
InternetGatewayDevice.LANDevice.13.LANHostConfigManagement.IPInterface.1.X_ZHONE_COM_PPPoEConfig.ConnectionRequest,false,2026-08-08T18:01:12.342Z,true,2026-08-08T18:01:12.342Z,"None",xsd:string,2026-07-21T20:50:23.279Z,,,,
InternetGatewayDevice.LANDevice.13.LANHostConfigManagement.IPInterface.1.X_ZHONE_COM_PPPoEConfig.EnableDebug,false,2026-08-08T18:01:12.342Z,true,2026-08-08T18:01:12.342Z,"false",xsd:boolean,2026-07-21T20:50:23.279Z,,,,
InternetGatewayDevice.LANDevice.13.LANHostConfigManagement.IPInterface.1.X_ZHONE_COM_PPPoEConfig.EncryptionProtocol,false,2026-08-08T18:01:12.342Z,true,2026-08-08T18:01:12.342Z,"None",xsd:string,2026-07-21T20:50:23.279Z,,,,
InternetGatewayDevice.LANDevice.13.LANHostConfigManagement.IPInterface.1.X_ZHONE_COM_PPPoEConfig.HoldOffTime,false,2026-08-08T18:01:12.342Z,true,2026-08-08T18:01:12.342Z,"3",xsd:unsignedInt,2026-07-21T20:50:23.279Z,,,,
InternetGatewayDevice.LANDevice.13.LANHostConfigManagement.IPInterface.1.X_ZHONE_COM_PPPoEConfig.IdleDisconnectTime,false,2026-08-08T18:01:12.342Z,true,2026-08-08T18:01:12.342Z,"0",xsd:unsignedInt,2026-07-21T20:50:23.279Z,,,,
InternetGatewayDevice.LANDevice.13.LANHostConfigManagement.IPInterface.1.X_ZHONE_COM_PPPoEConfig.IfName,false,2026-08-08T18:01:12.342Z,true,2026-08-08T18:01:12.342Z,"ppp0.190",xsd:string,2026-07-21T20:50:23.279Z,,,,
InternetGatewayDevice.LANDevice.13.LANHostConfigManagement.IPInterface.1.X_ZHONE_COM_PPPoEConfig.Password,false,2026-08-08T18:01:12.342Z,true,2026-08-08T18:01:12.342Z,"albertoantogiovanni",xsd:string,2026-07-21T20:50:23.279Z,,,,
InternetGatewayDevice.LANDevice.13.LANHostConfigManagement.IPInterface.1.X_ZHONE_COM_PPPoEConfig.Pid,false,2026-08-08T18:01:12.342Z,true,2026-08-08T18:01:12.342Z,"1883",xsd:unsignedInt,2026-07-21T20:50:23.279Z,,,,
InternetGatewayDevice.LANDevice.13.LANHostConfigManagement.IPInterface.1.X_ZHONE_COM_PPPoEConfig.ServiceName,false,2026-08-08T18:01:12.342Z,true,2026-08-08T18:01:12.342Z,"",xsd:string,2026-07-21T20:50:23.279Z,,,,
InternetGatewayDevice.LANDevice.13.LANHostConfigManagement.IPInterface.1.X_ZHONE_COM_PPPoEConfig.StaticIpAddress,false,2026-08-08T18:01:12.342Z,true,2026-08-08T18:01:12.342Z,"0.0.0.0",xsd:string,2026-07-21T20:50:23.279Z,,,,
InternetGatewayDevice.LANDevice.13.LANHostConfigManagement.IPInterface.1.X_ZHONE_COM_PPPoEConfig.UseStaticIpAddress,false,2026-08-08T18:01:12.342Z,true,2026-08-08T18:01:12.342Z,"false",xsd:boolean,2026-07-21T20:50:23.279Z,,,,
InternetGatewayDevice.LANDevice.13.LANHostConfigManagement.IPInterface.1.X_ZHONE_COM_PPPoEConfig.Username,false,2026-08-08T18:01:12.342Z,true,2026-08-08T18:01:12.342Z,"albertoantogiovanni",xsd:string,2026-07-21T20:50:23.279Z,,,,
InternetGatewayDevice.LANDevice.13.LANHostConfigManagement.IPInterface.1.X_ZHONE_COM_PPPoEStatus,true,2026-08-08T18:01:12.342Z,false,2026-08-08T18:01:12.342Z,"",,,,,,
InternetGatewayDevice.LANDevice.13.LANHostConfigManagement.IPInterface.1.X_ZHONE_COM_PPPoEStatus.ConnectionEstablishedTime,false,2026-08-08T18:01:12.342Z,true,2026-08-08T18:01:12.342Z,"86",xsd:unsignedInt,2026-07-21T20:50:23.279Z,,,,
InternetGatewayDevice.LANDevice.13.LANHostConfigManagement.IPInterface.1.X_ZHONE_COM_PPPoEStatus.ConnectionStatus,false,2026-08-08T18:01:12.342Z,true,2026-08-08T18:01:12.342Z,"Connected",xsd:string,2026-07-21T20:50:23.279Z,,,,
InternetGatewayDevice.LANDevice.13.LANHostConfigManagement.IPInterface.1.X_ZHONE_COM_PPPoEStatus.CurrentMTUSize,false,2026-08-08T18:01:12.342Z,false,2026-08-08T18:01:12.342Z,"1492",xsd:unsignedInt,2026-07-21T20:50:23.279Z,,,,
InternetGatewayDevice.LANDevice.13.LANHostConfigManagement.IPInterface.1.X_ZHONE_COM_PPPoEStatus.LastConnectionError,false,2026-08-08T18:01:12.342Z,true,2026-08-08T18:01:12.342Z,"ERROR_NONE",xsd:string,2026-07-21T20:50:23.279Z,,,,
InternetGatewayDevice.LANDevice.13.LANHostConfigManagement.IPInterface.1.X_ZHONE_COM_PPPoEStatus.PPPLCPEcho,false,2026-08-08T18:01:12.342Z,false,2026-08-08T18:01:12.342Z,"30",xsd:unsignedInt,2026-07-21T20:50:23.279Z,,,,
InternetGatewayDevice.LANDevice.13.LANHostConfigManagement.IPInterface.1.X_ZHONE_COM_PPPoEStatus.PPPLCPEchoRetry,false,2026-08-08T18:01:12.342Z,false,2026-08-08T18:01:12.342Z,"5",xsd:unsignedInt,2026-07-21T20:50:23.279Z,,,,
InternetGatewayDevice.LANDevice.13.LANHostConfigManagement.IPInterface.1.X_ZHONE_COM_PPPoEStatus.SessionID,false,2026-08-08T18:01:12.342Z,false,2026-08-08T18:01:12.342Z,"14716",xsd:unsignedInt,2026-07-21T20:50:23.279Z,,,,
InternetGatewayDevice.LANDevice.13.LANHostConfigManagement.IPInterface.1.X_ZHONE_COM_PPPoEStatus.Uptime,false,2026-08-08T18:01:12.342Z,false,2026-08-08T18:01:12.342Z,"19888",xsd:unsignedInt,2026-07-21T20:50:23.279Z,,,,
InternetGatewayDevice.LANDevice.13.LANHostConfigManagement.IPInterface.1.X_ZHONE_COM_PortMappingNumberOfEntries,false,2026-08-08T18:01:12.342Z,false,2026-08-08T18:01:12.342Z,"0",xsd:unsignedInt,2026-07-21T20:50:23.279Z,,,,
InternetGatewayDevice.LANDevice.13.LANHostConfigManagement.IPInterface.1.X_ZHONE_COM_PrimaryDnsIPAddress,false,2026-08-08T18:01:12.342Z,true,2026-08-08T18:01:12.342Z,"190.92.103.232",xsd:string,2026-07-21T20:50:23.279Z,,,,
InternetGatewayDevice.LANDevice.13.LANHostConfigManagement.IPInterface.1.X_ZHONE_COM_SecondaryDnsIPAddress,false,2026-08-08T18:01:12.342Z,true,2026-08-08T18:01:12.342Z,"190.92.103.241",xsd:string,2026-07-21T20:50:23.279Z,,,,
InternetGatewayDevice.LANDevice.13.LANHostConfigManagement.IPInterface.1.X_ZHONE_COM_SentDHCPOptionNumberOfEntries,false,2026-08-08T18:01:12.342Z,false,2026-08-08T18:01:12.342Z,"0",xsd:unsignedInt,2026-07-21T20:50:23.279Z,,,,
InternetGatewayDevice.LANDevice.13.LANHostConfigManagement.IPInterface.1.X_ZHONE_COM_UPNPenabled,false,2026-08-08T18:01:12.342Z,true,2026-08-08T18:01:12.342Z,"true",xsd:boolean,2026-07-21T20:50:23.279Z,,,,
InternetGatewayDevice.LANDevice.13.LANHostConfigManagement.IPInterface.1.X_ZHONE_COM_UpnpPid,false,2026-08-08T18:01:12.342Z,true,2026-08-08T18:01:12.342Z,"0",xsd:unsignedInt,2026-07-21T20:50:23.279Z,,,,
InternetGatewayDevice.LANDevice.13.LANHostConfigManagement.IPInterface.1.X_ZHONE_COM_UseDerivedMac,false,2026-08-08T18:01:12.342Z,true,2026-08-08T18:01:12.342Z,"true",xsd:boolean,2026-07-21T20:50:23.279Z,,,,
InternetGatewayDevice.LANDevice.13.LANHostConfigManagement.IPInterface.1.X_ZHONE_COM_VlanType,false,2026-08-08T18:01:12.342Z,true,2026-08-08T18:01:12.342Z,"PPPoE_Bridged",xsd:string,2026-07-21T20:50:23.279Z,,,,
InternetGatewayDevice.LANDevice.13.LANHostConfigManagement.IPInterface.1.X_ZHONE_MgmtAccessCfg,true,2026-08-08T18:01:12.342Z,true,2026-08-08T18:01:12.342Z,"",,,,,,
InternetGatewayDevice.LANDevice.13.LANHostConfigManagement.IPInterface.1.X_ZHONE_MgmtAccessCfg.1,true,2026-08-08T18:01:12.342Z,true,2026-08-08T18:01:12.342Z,"",,,,,,
InternetGatewayDevice.LANDevice.13.LANHostConfigManagement.IPInterface.1.X_ZHONE_MgmtAccessCfg.1.Action,false,2026-08-08T18:01:12.342Z,true,2026-08-08T18:01:12.342Z,"Deny",xsd:string,2026-07-21T20:50:23.279Z,,,,
InternetGatewayDevice.LANDevice.13.LANHostConfigManagement.IPInterface.1.X_ZHONE_MgmtAccessCfg.1.Service,false,2026-08-08T18:01:12.342Z,true,2026-08-08T18:01:12.342Z,"Http",xsd:string,2026-07-21T20:50:23.279Z,,,,
InternetGatewayDevice.LANDevice.13.LANHostConfigManagement.IPInterface.1.X_ZHONE_MgmtAccessCfg.2,true,2026-08-08T18:01:12.342Z,true,2026-08-08T18:01:12.342Z,"",,,,,,
InternetGatewayDevice.LANDevice.13.LANHostConfigManagement.IPInterface.1.X_ZHONE_MgmtAccessCfg.2.Action,false,2026-08-08T18:01:12.342Z,true,2026-08-08T18:01:12.342Z,"Deny",xsd:string,2026-07-21T20:50:23.279Z,,,,
InternetGatewayDevice.LANDevice.13.LANHostConfigManagement.IPInterface.1.X_ZHONE_MgmtAccessCfg.2.Service,false,2026-08-08T18:01:12.342Z,true,2026-08-08T18:01:12.342Z,"Https",xsd:string,2026-07-21T20:50:23.279Z,,,,
InternetGatewayDevice.LANDevice.13.LANHostConfigManagement.IPInterface.1.X_ZHONE_MgmtAccessCfg.3,true,2026-08-08T18:01:12.342Z,true,2026-08-08T18:01:12.342Z,"",,,,,,
InternetGatewayDevice.LANDevice.13.LANHostConfigManagement.IPInterface.1.X_ZHONE_MgmtAccessCfg.3.Action,false,2026-08-08T18:01:12.342Z,true,2026-08-08T18:01:12.342Z,"Allow",xsd:string,2026-07-21T20:50:23.279Z,,,,
InternetGatewayDevice.LANDevice.13.LANHostConfigManagement.IPInterface.1.X_ZHONE_MgmtAccessCfg.3.Service,false,2026-08-08T18:01:12.342Z,true,2026-08-08T18:01:12.342Z,"Ping",xsd:string,2026-07-21T20:50:23.279Z,,,,
InternetGatewayDevice.LANDevice.13.LANHostConfigManagement.IPInterface.1.X_ZHONE_MgmtAccessCfg.4,true,2026-08-08T18:01:12.342Z,true,2026-08-08T18:01:12.342Z,"",,,,,,
InternetGatewayDevice.LANDevice.13.LANHostConfigManagement.IPInterface.1.X_ZHONE_MgmtAccessCfg.4.Action,false,2026-08-08T18:01:12.342Z,true,2026-08-08T18:01:12.342Z,"Deny",xsd:string,2026-07-21T20:50:23.279Z,,,,
InternetGatewayDevice.LANDevice.13.LANHostConfigManagement.IPInterface.1.X_ZHONE_MgmtAccessCfg.4.Service,false,2026-08-08T18:01:12.342Z,true,2026-08-08T18:01:12.342Z,"Snmp",xsd:string,2026-07-21T20:50:23.279Z,,,,
InternetGatewayDevice.LANDevice.13.LANHostConfigManagement.IPInterface.1.X_ZHONE_MgmtAccessCfg.5,true,2026-08-08T18:01:12.342Z,true,2026-08-08T18:01:12.342Z,"",,,,,,
InternetGatewayDevice.LANDevice.13.LANHostConfigManagement.IPInterface.1.X_ZHONE_MgmtAccessCfg.5.Action,false,2026-08-08T18:01:12.342Z,true,2026-08-08T18:01:12.342Z,"Deny",xsd:string,2026-07-21T20:50:23.279Z,,,,
InternetGatewayDevice.LANDevice.13.LANHostConfigManagement.IPInterface.1.X_ZHONE_MgmtAccessCfg.5.Service,false,2026-08-08T18:01:12.342Z,true,2026-08-08T18:01:12.342Z,"SnmpTrap",xsd:string,2026-07-21T20:50:23.279Z,,,,
InternetGatewayDevice.LANDevice.13.LANHostConfigManagement.IPInterface.1.X_ZHONE_MgmtAccessCfg.6,true,2026-08-08T18:01:12.342Z,true,2026-08-08T18:01:12.342Z,"",,,,,,
InternetGatewayDevice.LANDevice.13.LANHostConfigManagement.IPInterface.1.X_ZHONE_MgmtAccessCfg.6.Action,false,2026-08-08T18:01:12.342Z,true,2026-08-08T18:01:12.342Z,"Deny",xsd:string,2026-07-21T20:50:23.279Z,,,,
InternetGatewayDevice.LANDevice.13.LANHostConfigManagement.IPInterface.1.X_ZHONE_MgmtAccessCfg.6.Service,false,2026-08-08T18:01:12.342Z,true,2026-08-08T18:01:12.342Z,"Ssh",xsd:string,2026-07-21T20:50:23.279Z,,,,
InternetGatewayDevice.LANDevice.13.LANHostConfigManagement.IPInterface.1.X_ZHONE_MgmtAccessCfg.7,true,2026-08-08T18:01:12.342Z,true,2026-08-08T18:01:12.342Z,"",,,,,,
InternetGatewayDevice.LANDevice.13.LANHostConfigManagement.IPInterface.1.X_ZHONE_MgmtAccessCfg.7.Action,false,2026-08-08T18:01:12.342Z,true,2026-08-08T18:01:12.342Z,"Deny",xsd:string,2026-07-21T20:50:23.279Z,,,,
InternetGatewayDevice.LANDevice.13.LANHostConfigManagement.IPInterface.1.X_ZHONE_MgmtAccessCfg.7.Service,false,2026-08-08T18:01:12.342Z,true,2026-08-08T18:01:12.342Z,"Telnet",xsd:string,2026-07-21T20:50:23.279Z,,,,
InternetGatewayDevice.LANDevice.13.LANHostConfigManagement.IPInterfaceNumberOfEntries,false,2026-08-08T18:01:12.342Z,false,2026-08-08T18:01:12.342Z,"1",xsd:unsignedInt,2026-07-21T20:50:23.279Z,,,,
InternetGatewayDevice.LANDevice.13.LANHostConfigManagement.IPRouters,false,2026-08-08T18:01:12.342Z,true,2026-08-08T18:01:12.342Z,"",xsd:string,2026-07-21T20:50:23.279Z,,,,
InternetGatewayDevice.LANDevice.13.LANHostConfigManagement.MACAddress,false,2026-08-08T18:01:12.342Z,false,2026-08-08T18:01:12.342Z,"00:00:00:00:00:00",xsd:string,2026-07-21T20:50:23.279Z,,,,
InternetGatewayDevice.LANDevice.13.LANHostConfigManagement.MaxAddress,false,2026-08-08T18:01:12.342Z,true,2026-08-08T18:01:12.342Z,"0.0.0.0",xsd:string,2026-07-21T20:50:23.279Z,,,,
InternetGatewayDevice.LANDevice.13.LANHostConfigManagement.MinAddress,false,2026-08-08T18:01:12.342Z,true,2026-08-08T18:01:12.342Z,"0.0.0.0",xsd:string,2026-07-21T20:50:23.279Z,,,,
InternetGatewayDevice.LANDevice.13.LANHostConfigManagement.ReservedAddresses,false,2026-08-08T18:01:12.342Z,true,2026-08-08T18:01:12.342Z,"",xsd:string,2026-07-21T20:50:23.279Z,,,,
InternetGatewayDevice.LANDevice.13.LANHostConfigManagement.SubnetMask,false,2026-08-08T18:01:12.342Z,true,2026-08-08T18:01:12.342Z,"255.255.255.0",xsd:string,2026-07-21T20:50:23.279Z,,,,
InternetGatewayDevice.LANDevice.13.LANHostConfigManagement.UseAllocatedWAN,false,2026-08-08T18:01:12.342Z,true,2026-08-08T18:01:12.342Z,"Normal",xsd:string,2026-07-21T20:50:23.279Z,,,,
InternetGatewayDevice.LANDevice.13.LANHostConfigManagement.X_BROADCOM_COM_DhcpRelayServer,false,2026-08-08T18:01:12.342Z,true,2026-08-08T18:01:12.342Z,"",xsd:string,2026-07-21T20:50:23.279Z,,,,
InternetGatewayDevice.LANDevice.13.LANUSBInterfaceNumberOfEntries,false,2026-08-08T18:01:12.342Z,false,2026-08-08T18:01:12.342Z,"0",xsd:unsignedInt,2026-07-21T20:50:23.277Z,,,,
InternetGatewayDevice.LANDevice.13.LANWLANConfigurationNumberOfEntries,false,2026-08-08T18:01:12.342Z,false,2026-08-08T18:01:12.342Z,"0",xsd:unsignedInt,2026-07-21T20:50:23.277Z,,,,
InternetGatewayDevice.LANDevice.13.WLANConfiguration,true,2026-08-08T18:01:12.342Z,false,2026-08-08T18:01:12.342Z,"",,,,,,
InternetGatewayDevice.LANDevice.13.X_BROADCOM_COM_IgmpSnoopingConfig,true,2026-08-08T18:01:12.342Z,false,2026-08-08T18:01:12.342Z,"",,,,,,
InternetGatewayDevice.LANDevice.13.X_BROADCOM_COM_IgmpSnoopingConfig.Enable,false,2026-08-08T18:01:12.342Z,true,2026-08-08T18:01:12.342Z,"false",xsd:boolean,2026-07-21T20:50:23.279Z,,,,
InternetGatewayDevice.LANDevice.13.X_BROADCOM_COM_IgmpSnoopingConfig.Mode,false,2026-08-08T18:01:12.342Z,true,2026-08-08T18:01:12.342Z,"Standard",xsd:string,2026-07-21T20:50:23.279Z,,,,
InternetGatewayDevice.LANDevice.13.X_BROADCOM_COM_IgmpSnoopingConfig.X_ZHONE_COM_IgmpForking,false,2026-08-08T18:01:12.342Z,true,2026-08-08T18:01:12.342Z,"false",xsd:boolean,2026-07-21T20:50:23.279Z,,,,
InternetGatewayDevice.LANDevice.13.X_BROADCOM_COM_IgmpSnoopingConfig.X_ZHONE_COM_IgmpForkingVlan,false,2026-08-08T18:01:12.342Z,true,2026-08-08T18:01:12.342Z,"0",xsd:unsignedInt,2026-07-21T20:50:23.279Z,,,,
InternetGatewayDevice.LANDevice.13.X_BROADCOM_COM_IgmpSnoopingConfig.X_ZHONE_COM_IgmpProxy,false,2026-08-08T18:01:12.342Z,true,2026-08-08T18:01:12.342Z,"false",xsd:boolean,2026-07-21T20:50:23.279Z,,,,
InternetGatewayDevice.LANDevice.13.X_BROADCOM_COM_IgmpSnoopingConfig.X_ZHONE_COM_IgmpQuerier,false,2026-08-08T18:01:12.342Z,true,2026-08-08T18:01:12.342Z,"false",xsd:boolean,2026-07-21T20:50:23.279Z,,,,
InternetGatewayDevice.LANDevice.13.X_BROADCOM_COM_IgmpSnoopingConfig.X_ZHONE_COM_IgmpV3,false,2026-08-08T18:01:12.342Z,true,2026-08-08T18:01:12.342Z,"false",xsd:boolean,2026-07-21T20:50:23.279Z,,,,
InternetGatewayDevice.LANDevice.13.X_BROADCOM_COM_LANMocaInterfaceNumberOfEntries,false,2026-08-08T18:01:12.342Z,false,2026-08-08T18:01:12.342Z,"0",xsd:unsignedInt,2026-07-21T20:50:23.277Z,,,,
InternetGatewayDevice.LANDevice.13.X_ZHONE_COM_BridgeKey,false,2026-08-08T18:01:12.342Z,false,2026-08-08T18:01:12.342Z,"0",xsd:unsignedInt,2026-07-21T20:50:23.277Z,,,,
InternetGatewayDevice.LANDevice.13.X_ZHONE_COM_WANIfType,false,2026-08-08T18:01:12.342Z,false,2026-08-08T18:01:12.342Z,"",xsd:string,2026-07-21T20:50:23.277Z,,,,
InternetGatewayDevice.LANDevice.14,true,2026-08-08T18:01:12.342Z,false,2026-08-08T18:01:12.342Z,"",,,,,,
InternetGatewayDevice.LANDevice.14.Hosts,true,2026-08-08T18:01:12.342Z,false,2026-08-08T18:01:12.342Z,"",,,,,,
InternetGatewayDevice.LANDevice.14.Hosts.Host,true,2026-08-08T18:01:12.342Z,false,2026-08-08T18:01:12.342Z,"",,,,,,
InternetGatewayDevice.LANDevice.14.Hosts.HostNumberOfEntries,false,2026-08-08T18:01:12.342Z,false,2026-08-08T18:01:12.342Z,"0",xsd:unsignedInt,2026-07-21T20:50:23.277Z,,,,
InternetGatewayDevice.LANDevice.14.LANEthernetInterfaceConfig,true,2026-08-08T18:01:12.342Z,false,2026-08-08T18:01:12.342Z,"",,,,,,
InternetGatewayDevice.LANDevice.14.LANEthernetInterfaceNumberOfEntries,false,2026-08-08T18:01:12.342Z,false,2026-08-08T18:01:12.342Z,"0",xsd:unsignedInt,2026-07-21T20:50:23.277Z,,,,
InternetGatewayDevice.LANDevice.14.LANHostConfigManagement,true,2026-08-08T18:01:12.342Z,false,2026-08-08T18:01:12.342Z,"",,,,,,
InternetGatewayDevice.LANDevice.14.LANHostConfigManagement.DHCPLeaseTime,false,2026-08-08T18:01:12.342Z,true,2026-08-08T18:01:12.342Z,"86400",xsd:int,2026-07-21T20:50:23.279Z,,,,
InternetGatewayDevice.LANDevice.14.LANHostConfigManagement.DHCPRelay,false,2026-08-08T18:01:12.342Z,false,2026-08-08T18:01:12.342Z,"false",xsd:boolean,2026-07-21T20:50:23.279Z,,,,
InternetGatewayDevice.LANDevice.14.LANHostConfigManagement.DHCPServerConfigurable,false,2026-08-08T18:01:12.342Z,true,2026-08-08T18:01:12.342Z,"true",xsd:boolean,2026-07-21T20:50:23.279Z,,,,
InternetGatewayDevice.LANDevice.14.LANHostConfigManagement.DHCPServerEnable,false,2026-08-08T18:01:12.342Z,true,2026-08-08T18:01:12.342Z,"false",xsd:boolean,2026-07-21T20:50:23.279Z,,,,
InternetGatewayDevice.LANDevice.14.LANHostConfigManagement.DNSServers,false,2026-08-08T18:01:12.342Z,true,2026-08-08T18:01:12.342Z,"0.0.0.0,0.0.0.0",xsd:string,2026-07-21T20:50:23.279Z,,,,
InternetGatewayDevice.LANDevice.14.LANHostConfigManagement.DomainName,false,2026-08-08T18:01:12.342Z,true,2026-08-08T18:01:12.342Z,"",xsd:string,2026-07-21T20:50:23.279Z,,,,
InternetGatewayDevice.LANDevice.14.LANHostConfigManagement.IPInterface,true,2026-08-08T18:01:12.342Z,true,2026-08-08T18:01:12.342Z,"",,,,,,
InternetGatewayDevice.LANDevice.14.LANHostConfigManagement.IPInterface.1,true,2026-08-08T18:01:12.342Z,true,2026-08-08T18:01:12.342Z,"",,,,,,
InternetGatewayDevice.LANDevice.14.LANHostConfigManagement.IPInterface.1.Enable,false,2026-08-08T18:01:12.342Z,true,2026-08-08T18:01:12.342Z,"true",xsd:boolean,2026-07-21T20:50:23.279Z,,,,
InternetGatewayDevice.LANDevice.14.LANHostConfigManagement.IPInterface.1.IPInterfaceAddressingType,false,2026-08-08T18:01:12.342Z,true,2026-08-08T18:01:12.342Z,"DHCP",xsd:string,2026-07-21T20:50:23.279Z,,,,
InternetGatewayDevice.LANDevice.14.LANHostConfigManagement.IPInterface.1.IPInterfaceIPAddress,false,2026-08-08T18:01:12.342Z,true,2026-08-08T18:01:12.342Z,"10.1.237.185",xsd:string,2026-07-21T20:50:23.279Z,,,,
InternetGatewayDevice.LANDevice.14.LANHostConfigManagement.IPInterface.1.IPInterfaceSubnetMask,false,2026-08-08T18:01:12.342Z,true,2026-08-08T18:01:12.342Z,"255.255.0.0",xsd:string,2026-07-21T20:50:23.279Z,,,,
InternetGatewayDevice.LANDevice.14.LANHostConfigManagement.IPInterface.1.X_BROADCOM_COM_DhcpConnectionStatus,false,2026-08-08T18:01:12.342Z,false,2026-08-08T18:01:12.342Z,"Unconfigured",xsd:string,2026-07-21T20:50:23.279Z,,,,
InternetGatewayDevice.LANDevice.14.LANHostConfigManagement.IPInterface.1.X_BROADCOM_COM_DhcpDefaultGateway,false,2026-08-08T18:01:12.342Z,false,2026-08-08T18:01:12.342Z,"0.0.0.0",xsd:string,2026-07-21T20:50:23.279Z,,,,
InternetGatewayDevice.LANDevice.14.LANHostConfigManagement.IPInterface.1.X_BROADCOM_COM_DhcpIpAddress,false,2026-08-08T18:01:12.342Z,false,2026-08-08T18:01:12.342Z,"0.0.0.0",xsd:string,2026-07-21T20:50:23.279Z,,,,
InternetGatewayDevice.LANDevice.14.LANHostConfigManagement.IPInterface.1.X_BROADCOM_COM_DhcpSubnetMask,false,2026-08-08T18:01:12.342Z,false,2026-08-08T18:01:12.342Z,"0.0.0.0",xsd:string,2026-07-21T20:50:23.279Z,,,,
InternetGatewayDevice.LANDevice.14.LANHostConfigManagement.IPInterface.1.X_BROADCOM_COM_FirewallEnabled,false,2026-08-08T18:01:12.342Z,true,2026-08-08T18:01:12.342Z,"false",xsd:boolean,2026-07-21T20:50:23.279Z,,,,
InternetGatewayDevice.LANDevice.14.LANHostConfigManagement.IPInterface.1.X_BROADCOM_COM_IfName,false,2026-08-08T18:01:12.342Z,false,2026-08-08T18:01:12.342Z,"brvlan10",xsd:string,2026-07-21T20:50:23.279Z,,,,
InternetGatewayDevice.LANDevice.14.LANHostConfigManagement.IPInterface.1.X_ZHONE_COM_AlternateWanIfname,false,2026-08-08T18:01:12.342Z,true,2026-08-08T18:01:12.342Z,"None",xsd:string,2026-07-21T20:50:23.279Z,,,,
InternetGatewayDevice.LANDevice.14.LANHostConfigManagement.IPInterface.1.X_ZHONE_COM_ConnectionType,false,2026-08-08T18:01:12.342Z,true,2026-08-08T18:01:12.342Z,"IP_Bridged",xsd:string,2026-07-21T20:50:23.279Z,,,,
InternetGatewayDevice.LANDevice.14.LANHostConfigManagement.IPInterface.1.X_ZHONE_COM_DefaultGateway,false,2026-08-08T18:01:12.342Z,true,2026-08-08T18:01:12.342Z,"10.1.0.1",xsd:string,2026-07-21T20:50:23.279Z,,,,
InternetGatewayDevice.LANDevice.14.LANHostConfigManagement.IPInterface.1.X_ZHONE_COM_DhcpcPid,false,2026-08-08T18:01:12.342Z,true,2026-08-08T18:01:12.342Z,"1941",xsd:unsignedInt,2026-07-21T20:50:23.279Z,,,,
InternetGatewayDevice.LANDevice.14.LANHostConfigManagement.IPInterface.1.X_ZHONE_COM_DnsType,false,2026-08-08T18:01:12.342Z,true,2026-08-08T18:01:12.342Z,"Default",xsd:string,2026-07-21T20:50:23.279Z,,,,
InternetGatewayDevice.LANDevice.14.LANHostConfigManagement.IPInterface.1.X_ZHONE_COM_MacAddress,false,2026-08-08T18:01:12.342Z,false,2026-08-08T18:01:12.342Z,"00:02:71:18:c3:f9",xsd:string,2026-07-21T20:50:23.279Z,,,,
InternetGatewayDevice.LANDevice.14.LANHostConfigManagement.IPInterface.1.X_ZHONE_COM_MaxMTUSize,false,2026-08-08T18:01:12.342Z,true,2026-08-08T18:01:12.342Z,"1500",xsd:unsignedInt,2026-07-21T20:50:23.279Z,,,,
InternetGatewayDevice.LANDevice.14.LANHostConfigManagement.IPInterface.1.X_ZHONE_COM_NAPTenabled,false,2026-08-08T18:01:12.342Z,true,2026-08-08T18:01:12.342Z,"false",xsd:boolean,2026-07-21T20:50:23.279Z,,,,
InternetGatewayDevice.LANDevice.14.LANHostConfigManagement.IPInterface.1.X_ZHONE_COM_NATenabled,false,2026-08-08T18:01:12.342Z,true,2026-08-08T18:01:12.342Z,"true",xsd:boolean,2026-07-21T20:50:23.279Z,,,,
InternetGatewayDevice.LANDevice.14.LANHostConfigManagement.IPInterface.1.X_ZHONE_COM_Name,false,2026-08-08T18:01:12.342Z,true,2026-08-08T18:01:12.342Z,"",xsd:string,2026-07-21T20:50:23.279Z,,,,
InternetGatewayDevice.LANDevice.14.LANHostConfigManagement.IPInterface.1.X_ZHONE_COM_PPPoEConfig,true,2026-08-08T18:01:12.342Z,false,2026-08-08T18:01:12.342Z,"",,,,,,
InternetGatewayDevice.LANDevice.14.LANHostConfigManagement.IPInterface.1.X_ZHONE_COM_PPPoEConfig.Authentication,false,2026-08-08T18:01:12.342Z,true,2026-08-08T18:01:12.342Z,"AUTO_AUTH",xsd:string,2026-07-21T20:50:23.279Z,,,,
InternetGatewayDevice.LANDevice.14.LANHostConfigManagement.IPInterface.1.X_ZHONE_COM_PPPoEConfig.CompressionProtocol,false,2026-08-08T18:01:12.342Z,true,2026-08-08T18:01:12.342Z,"None",xsd:string,2026-07-21T20:50:23.279Z,,,,
InternetGatewayDevice.LANDevice.14.LANHostConfigManagement.IPInterface.1.X_ZHONE_COM_PPPoEConfig.ConnectionRequest,false,2026-08-08T18:01:12.342Z,true,2026-08-08T18:01:12.342Z,"None",xsd:string,2026-07-21T20:50:23.279Z,,,,
InternetGatewayDevice.LANDevice.14.LANHostConfigManagement.IPInterface.1.X_ZHONE_COM_PPPoEConfig.EnableDebug,false,2026-08-08T18:01:12.342Z,true,2026-08-08T18:01:12.342Z,"false",xsd:boolean,2026-07-21T20:50:23.279Z,,,,
InternetGatewayDevice.LANDevice.14.LANHostConfigManagement.IPInterface.1.X_ZHONE_COM_PPPoEConfig.EncryptionProtocol,false,2026-08-08T18:01:12.342Z,true,2026-08-08T18:01:12.342Z,"None",xsd:string,2026-07-21T20:50:23.279Z,,,,
InternetGatewayDevice.LANDevice.14.LANHostConfigManagement.IPInterface.1.X_ZHONE_COM_PPPoEConfig.HoldOffTime,false,2026-08-08T18:01:12.342Z,true,2026-08-08T18:01:12.342Z,"3",xsd:unsignedInt,2026-07-21T20:50:23.279Z,,,,
InternetGatewayDevice.LANDevice.14.LANHostConfigManagement.IPInterface.1.X_ZHONE_COM_PPPoEConfig.IdleDisconnectTime,false,2026-08-08T18:01:12.342Z,true,2026-08-08T18:01:12.342Z,"0",xsd:unsignedInt,2026-07-21T20:50:23.279Z,,,,
InternetGatewayDevice.LANDevice.14.LANHostConfigManagement.IPInterface.1.X_ZHONE_COM_PPPoEConfig.IfName,false,2026-08-08T18:01:12.342Z,true,2026-08-08T18:01:12.342Z,"",xsd:string,2026-07-21T20:50:23.279Z,,,,
InternetGatewayDevice.LANDevice.14.LANHostConfigManagement.IPInterface.1.X_ZHONE_COM_PPPoEConfig.Password,false,2026-08-08T18:01:12.342Z,true,2026-08-08T18:01:12.342Z,"guest",xsd:string,2026-07-21T20:50:23.279Z,,,,
InternetGatewayDevice.LANDevice.14.LANHostConfigManagement.IPInterface.1.X_ZHONE_COM_PPPoEConfig.Pid,false,2026-08-08T18:01:12.342Z,true,2026-08-08T18:01:12.342Z,"0",xsd:unsignedInt,2026-07-21T20:50:23.279Z,,,,
InternetGatewayDevice.LANDevice.14.LANHostConfigManagement.IPInterface.1.X_ZHONE_COM_PPPoEConfig.ServiceName,false,2026-08-08T18:01:12.342Z,true,2026-08-08T18:01:12.342Z,"",xsd:string,2026-07-21T20:50:23.279Z,,,,
InternetGatewayDevice.LANDevice.14.LANHostConfigManagement.IPInterface.1.X_ZHONE_COM_PPPoEConfig.StaticIpAddress,false,2026-08-08T18:01:12.342Z,true,2026-08-08T18:01:12.342Z,"0.0.0.0",xsd:string,2026-07-21T20:50:23.279Z,,,,
InternetGatewayDevice.LANDevice.14.LANHostConfigManagement.IPInterface.1.X_ZHONE_COM_PPPoEConfig.UseStaticIpAddress,false,2026-08-08T18:01:12.342Z,true,2026-08-08T18:01:12.342Z,"false",xsd:boolean,2026-07-21T20:50:23.279Z,,,,
InternetGatewayDevice.LANDevice.14.LANHostConfigManagement.IPInterface.1.X_ZHONE_COM_PPPoEConfig.Username,false,2026-08-08T18:01:12.342Z,true,2026-08-08T18:01:12.342Z,"guest",xsd:string,2026-07-21T20:50:23.279Z,,,,
InternetGatewayDevice.LANDevice.14.LANHostConfigManagement.IPInterface.1.X_ZHONE_COM_PPPoEStatus,true,2026-08-08T18:01:12.342Z,false,2026-08-08T18:01:12.342Z,"",,,,,,
InternetGatewayDevice.LANDevice.14.LANHostConfigManagement.IPInterface.1.X_ZHONE_COM_PPPoEStatus.ConnectionEstablishedTime,false,2026-08-08T18:01:12.342Z,true,2026-08-08T18:01:12.342Z,"0",xsd:unsignedInt,2026-07-21T20:50:23.279Z,,,,
InternetGatewayDevice.LANDevice.14.LANHostConfigManagement.IPInterface.1.X_ZHONE_COM_PPPoEStatus.ConnectionStatus,false,2026-08-08T18:01:12.342Z,true,2026-08-08T18:01:12.342Z,"Disconnected",xsd:string,2026-07-21T20:50:23.279Z,,,,
InternetGatewayDevice.LANDevice.14.LANHostConfigManagement.IPInterface.1.X_ZHONE_COM_PPPoEStatus.CurrentMTUSize,false,2026-08-08T18:01:12.342Z,false,2026-08-08T18:01:12.342Z,"0",xsd:unsignedInt,2026-07-21T20:50:23.279Z,,,,
InternetGatewayDevice.LANDevice.14.LANHostConfigManagement.IPInterface.1.X_ZHONE_COM_PPPoEStatus.LastConnectionError,false,2026-08-08T18:01:12.342Z,true,2026-08-08T18:01:12.342Z,"ERROR_NONE",xsd:string,2026-07-21T20:50:23.279Z,,,,
InternetGatewayDevice.LANDevice.14.LANHostConfigManagement.IPInterface.1.X_ZHONE_COM_PPPoEStatus.PPPLCPEcho,false,2026-08-08T18:01:12.342Z,false,2026-08-08T18:01:12.342Z,"30",xsd:unsignedInt,2026-07-21T20:50:23.279Z,,,,
InternetGatewayDevice.LANDevice.14.LANHostConfigManagement.IPInterface.1.X_ZHONE_COM_PPPoEStatus.PPPLCPEchoRetry,false,2026-08-08T18:01:12.342Z,false,2026-08-08T18:01:12.342Z,"5",xsd:unsignedInt,2026-07-21T20:50:23.279Z,,,,
InternetGatewayDevice.LANDevice.14.LANHostConfigManagement.IPInterface.1.X_ZHONE_COM_PPPoEStatus.SessionID,false,2026-08-08T18:01:12.342Z,false,2026-08-08T18:01:12.342Z,"0",xsd:unsignedInt,2026-07-21T20:50:23.279Z,,,,
InternetGatewayDevice.LANDevice.14.LANHostConfigManagement.IPInterface.1.X_ZHONE_COM_PPPoEStatus.Uptime,false,2026-08-08T18:01:12.342Z,false,2026-08-08T18:01:12.342Z,"0",xsd:unsignedInt,2026-07-21T20:50:23.279Z,,,,
InternetGatewayDevice.LANDevice.14.LANHostConfigManagement.IPInterface.1.X_ZHONE_COM_PortMappingNumberOfEntries,false,2026-08-08T18:01:12.342Z,false,2026-08-08T18:01:12.342Z,"0",xsd:unsignedInt,2026-07-21T20:50:23.279Z,,,,
InternetGatewayDevice.LANDevice.14.LANHostConfigManagement.IPInterface.1.X_ZHONE_COM_PrimaryDnsIPAddress,false,2026-08-08T18:01:12.342Z,true,2026-08-08T18:01:12.342Z,"190.92.103.232",xsd:string,2026-07-21T20:50:23.279Z,,,,
InternetGatewayDevice.LANDevice.14.LANHostConfigManagement.IPInterface.1.X_ZHONE_COM_SecondaryDnsIPAddress,false,2026-08-08T18:01:12.342Z,true,2026-08-08T18:01:12.342Z,"190.92.103.241",xsd:string,2026-07-21T20:50:23.279Z,,,,
InternetGatewayDevice.LANDevice.14.LANHostConfigManagement.IPInterface.1.X_ZHONE_COM_SentDHCPOptionNumberOfEntries,false,2026-08-08T18:01:12.342Z,false,2026-08-08T18:01:12.342Z,"0",xsd:unsignedInt,2026-07-21T20:50:23.279Z,,,,
InternetGatewayDevice.LANDevice.14.LANHostConfigManagement.IPInterface.1.X_ZHONE_COM_UPNPenabled,false,2026-08-08T18:01:12.342Z,true,2026-08-08T18:01:12.342Z,"false",xsd:boolean,2026-07-21T20:50:23.279Z,,,,
InternetGatewayDevice.LANDevice.14.LANHostConfigManagement.IPInterface.1.X_ZHONE_COM_UpnpPid,false,2026-08-08T18:01:12.342Z,true,2026-08-08T18:01:12.342Z,"0",xsd:unsignedInt,2026-07-21T20:50:23.279Z,,,,
InternetGatewayDevice.LANDevice.14.LANHostConfigManagement.IPInterface.1.X_ZHONE_COM_UseDerivedMac,false,2026-08-08T18:01:12.342Z,true,2026-08-08T18:01:12.342Z,"false",xsd:boolean,2026-07-21T20:50:23.279Z,,,,
InternetGatewayDevice.LANDevice.14.LANHostConfigManagement.IPInterface.1.X_ZHONE_COM_VlanType,false,2026-08-08T18:01:12.342Z,true,2026-08-08T18:01:12.342Z,"Bridged",xsd:string,2026-07-21T20:50:23.279Z,,,,
InternetGatewayDevice.LANDevice.14.LANHostConfigManagement.IPInterface.1.X_ZHONE_MgmtAccessCfg,true,2026-08-08T18:01:12.342Z,true,2026-08-08T18:01:12.342Z,"",,,,,,
InternetGatewayDevice.LANDevice.14.LANHostConfigManagement.IPInterface.1.X_ZHONE_MgmtAccessCfg.1,true,2026-08-08T18:01:12.342Z,true,2026-08-08T18:01:12.342Z,"",,,,,,
InternetGatewayDevice.LANDevice.14.LANHostConfigManagement.IPInterface.1.X_ZHONE_MgmtAccessCfg.1.Action,false,2026-08-08T18:01:12.342Z,true,2026-08-08T18:01:12.342Z,"Deny",xsd:string,2026-07-21T20:50:23.279Z,,,,
InternetGatewayDevice.LANDevice.14.LANHostConfigManagement.IPInterface.1.X_ZHONE_MgmtAccessCfg.1.Service,false,2026-08-08T18:01:12.342Z,true,2026-08-08T18:01:12.342Z,"Http",xsd:string,2026-07-21T20:50:23.279Z,,,,
InternetGatewayDevice.LANDevice.14.LANHostConfigManagement.IPInterface.1.X_ZHONE_MgmtAccessCfg.2,true,2026-08-08T18:01:12.342Z,true,2026-08-08T18:01:12.342Z,"",,,,,,
InternetGatewayDevice.LANDevice.14.LANHostConfigManagement.IPInterface.1.X_ZHONE_MgmtAccessCfg.2.Action,false,2026-08-08T18:01:12.342Z,true,2026-08-08T18:01:12.342Z,"Deny",xsd:string,2026-07-21T20:50:23.279Z,,,,
InternetGatewayDevice.LANDevice.14.LANHostConfigManagement.IPInterface.1.X_ZHONE_MgmtAccessCfg.2.Service,false,2026-08-08T18:01:12.342Z,true,2026-08-08T18:01:12.342Z,"Https",xsd:string,2026-07-21T20:50:23.279Z,,,,
InternetGatewayDevice.LANDevice.14.LANHostConfigManagement.IPInterface.1.X_ZHONE_MgmtAccessCfg.3,true,2026-08-08T18:01:12.342Z,true,2026-08-08T18:01:12.342Z,"",,,,,,
InternetGatewayDevice.LANDevice.14.LANHostConfigManagement.IPInterface.1.X_ZHONE_MgmtAccessCfg.3.Action,false,2026-08-08T18:01:12.342Z,true,2026-08-08T18:01:12.342Z,"Allow",xsd:string,2026-07-21T20:50:23.279Z,,,,
InternetGatewayDevice.LANDevice.14.LANHostConfigManagement.IPInterface.1.X_ZHONE_MgmtAccessCfg.3.Service,false,2026-08-08T18:01:12.342Z,true,2026-08-08T18:01:12.342Z,"Ping",xsd:string,2026-07-21T20:50:23.279Z,,,,
InternetGatewayDevice.LANDevice.14.LANHostConfigManagement.IPInterface.1.X_ZHONE_MgmtAccessCfg.4,true,2026-08-08T18:01:12.342Z,true,2026-08-08T18:01:12.342Z,"",,,,,,
InternetGatewayDevice.LANDevice.14.LANHostConfigManagement.IPInterface.1.X_ZHONE_MgmtAccessCfg.4.Action,false,2026-08-08T18:01:12.342Z,true,2026-08-08T18:01:12.342Z,"Deny",xsd:string,2026-07-21T20:50:23.279Z,,,,
InternetGatewayDevice.LANDevice.14.LANHostConfigManagement.IPInterface.1.X_ZHONE_MgmtAccessCfg.4.Service,false,2026-08-08T18:01:12.342Z,true,2026-08-08T18:01:12.342Z,"Snmp",xsd:string,2026-07-21T20:50:23.279Z,,,,
InternetGatewayDevice.LANDevice.14.LANHostConfigManagement.IPInterface.1.X_ZHONE_MgmtAccessCfg.5,true,2026-08-08T18:01:12.342Z,true,2026-08-08T18:01:12.342Z,"",,,,,,
InternetGatewayDevice.LANDevice.14.LANHostConfigManagement.IPInterface.1.X_ZHONE_MgmtAccessCfg.5.Action,false,2026-08-08T18:01:12.342Z,true,2026-08-08T18:01:12.342Z,"Deny",xsd:string,2026-07-21T20:50:23.279Z,,,,
InternetGatewayDevice.LANDevice.14.LANHostConfigManagement.IPInterface.1.X_ZHONE_MgmtAccessCfg.5.Service,false,2026-08-08T18:01:12.342Z,true,2026-08-08T18:01:12.342Z,"SnmpTrap",xsd:string,2026-07-21T20:50:23.279Z,,,,
InternetGatewayDevice.LANDevice.14.LANHostConfigManagement.IPInterface.1.X_ZHONE_MgmtAccessCfg.6,true,2026-08-08T18:01:12.342Z,true,2026-08-08T18:01:12.342Z,"",,,,,,
InternetGatewayDevice.LANDevice.14.LANHostConfigManagement.IPInterface.1.X_ZHONE_MgmtAccessCfg.6.Action,false,2026-08-08T18:01:12.342Z,true,2026-08-08T18:01:12.342Z,"Deny",xsd:string,2026-07-21T20:50:23.279Z,,,,
InternetGatewayDevice.LANDevice.14.LANHostConfigManagement.IPInterface.1.X_ZHONE_MgmtAccessCfg.6.Service,false,2026-08-08T18:01:12.342Z,true,2026-08-08T18:01:12.342Z,"Ssh",xsd:string,2026-07-21T20:50:23.279Z,,,,
InternetGatewayDevice.LANDevice.14.LANHostConfigManagement.IPInterface.1.X_ZHONE_MgmtAccessCfg.7,true,2026-08-08T18:01:12.342Z,true,2026-08-08T18:01:12.342Z,"",,,,,,
InternetGatewayDevice.LANDevice.14.LANHostConfigManagement.IPInterface.1.X_ZHONE_MgmtAccessCfg.7.Action,false,2026-08-08T18:01:12.342Z,true,2026-08-08T18:01:12.342Z,"Deny",xsd:string,2026-07-21T20:50:23.279Z,,,,
InternetGatewayDevice.LANDevice.14.LANHostConfigManagement.IPInterface.1.X_ZHONE_MgmtAccessCfg.7.Service,false,2026-08-08T18:01:12.342Z,true,2026-08-08T18:01:12.342Z,"Telnet",xsd:string,2026-07-21T20:50:23.279Z,,,,
InternetGatewayDevice.LANDevice.14.LANHostConfigManagement.IPInterfaceNumberOfEntries,false,2026-08-08T18:01:12.342Z,false,2026-08-08T18:01:12.342Z,"1",xsd:unsignedInt,2026-07-21T20:50:23.279Z,,,,
InternetGatewayDevice.LANDevice.14.LANHostConfigManagement.IPRouters,false,2026-08-08T18:01:12.342Z,true,2026-08-08T18:01:12.342Z,"",xsd:string,2026-07-21T20:50:23.279Z,,,,
InternetGatewayDevice.LANDevice.14.LANHostConfigManagement.MACAddress,false,2026-08-08T18:01:12.342Z,false,2026-08-08T18:01:12.342Z,"00:02:71:18:c3:f9",xsd:string,2026-07-21T20:50:23.279Z,,,,
InternetGatewayDevice.LANDevice.14.LANHostConfigManagement.MaxAddress,false,2026-08-08T18:01:12.342Z,true,2026-08-08T18:01:12.342Z,"0.0.0.0",xsd:string,2026-07-21T20:50:23.279Z,,,,
InternetGatewayDevice.LANDevice.14.LANHostConfigManagement.MinAddress,false,2026-08-08T18:01:12.342Z,true,2026-08-08T18:01:12.342Z,"0.0.0.0",xsd:string,2026-07-21T20:50:23.279Z,,,,
InternetGatewayDevice.LANDevice.14.LANHostConfigManagement.ReservedAddresses,false,2026-08-08T18:01:12.342Z,true,2026-08-08T18:01:12.342Z,"",xsd:string,2026-07-21T20:50:23.279Z,,,,
InternetGatewayDevice.LANDevice.14.LANHostConfigManagement.SubnetMask,false,2026-08-08T18:01:12.342Z,true,2026-08-08T18:01:12.342Z,"255.255.255.0",xsd:string,2026-07-21T20:50:23.279Z,,,,
InternetGatewayDevice.LANDevice.14.LANHostConfigManagement.UseAllocatedWAN,false,2026-08-08T18:01:12.342Z,true,2026-08-08T18:01:12.342Z,"Normal",xsd:string,2026-07-21T20:50:23.279Z,,,,
InternetGatewayDevice.LANDevice.14.LANHostConfigManagement.X_BROADCOM_COM_DhcpRelayServer,false,2026-08-08T18:01:12.342Z,true,2026-08-08T18:01:12.342Z,"",xsd:string,2026-07-21T20:50:23.279Z,,,,
InternetGatewayDevice.LANDevice.14.LANUSBInterfaceNumberOfEntries,false,2026-08-08T18:01:12.342Z,false,2026-08-08T18:01:12.342Z,"0",xsd:unsignedInt,2026-07-21T20:50:23.277Z,,,,
InternetGatewayDevice.LANDevice.14.LANWLANConfigurationNumberOfEntries,false,2026-08-08T18:01:12.342Z,false,2026-08-08T18:01:12.342Z,"0",xsd:unsignedInt,2026-07-21T20:50:23.277Z,,,,
InternetGatewayDevice.LANDevice.14.WLANConfiguration,true,2026-08-08T18:01:12.342Z,false,2026-08-08T18:01:12.342Z,"",,,,,,
InternetGatewayDevice.LANDevice.14.X_BROADCOM_COM_IgmpSnoopingConfig,true,2026-08-08T18:01:12.342Z,false,2026-08-08T18:01:12.342Z,"",,,,,,
InternetGatewayDevice.LANDevice.14.X_BROADCOM_COM_IgmpSnoopingConfig.Enable,false,2026-08-08T18:01:12.342Z,true,2026-08-08T18:01:12.342Z,"false",xsd:boolean,2026-07-21T20:50:23.279Z,,,,
InternetGatewayDevice.LANDevice.14.X_BROADCOM_COM_IgmpSnoopingConfig.Mode,false,2026-08-08T18:01:12.342Z,true,2026-08-08T18:01:12.342Z,"Standard",xsd:string,2026-07-21T20:50:23.279Z,,,,
InternetGatewayDevice.LANDevice.14.X_BROADCOM_COM_IgmpSnoopingConfig.X_ZHONE_COM_IgmpForking,false,2026-08-08T18:01:12.342Z,true,2026-08-08T18:01:12.342Z,"false",xsd:boolean,2026-07-21T20:50:23.279Z,,,,
InternetGatewayDevice.LANDevice.14.X_BROADCOM_COM_IgmpSnoopingConfig.X_ZHONE_COM_IgmpForkingVlan,false,2026-08-08T18:01:12.342Z,true,2026-08-08T18:01:12.342Z,"0",xsd:unsignedInt,2026-07-21T20:50:23.279Z,,,,
InternetGatewayDevice.LANDevice.14.X_BROADCOM_COM_IgmpSnoopingConfig.X_ZHONE_COM_IgmpProxy,false,2026-08-08T18:01:12.342Z,true,2026-08-08T18:01:12.342Z,"true",xsd:boolean,2026-07-21T20:50:23.279Z,,,,
InternetGatewayDevice.LANDevice.14.X_BROADCOM_COM_IgmpSnoopingConfig.X_ZHONE_COM_IgmpQuerier,false,2026-08-08T18:01:12.342Z,true,2026-08-08T18:01:12.342Z,"false",xsd:boolean,2026-07-21T20:50:23.279Z,,,,
InternetGatewayDevice.LANDevice.14.X_BROADCOM_COM_IgmpSnoopingConfig.X_ZHONE_COM_IgmpV3,false,2026-08-08T18:01:12.342Z,true,2026-08-08T18:01:12.342Z,"false",xsd:boolean,2026-07-21T20:50:23.279Z,,,,
InternetGatewayDevice.LANDevice.14.X_BROADCOM_COM_LANMocaInterfaceNumberOfEntries,false,2026-08-08T18:01:12.342Z,false,2026-08-08T18:01:12.342Z,"0",xsd:unsignedInt,2026-07-21T20:50:23.277Z,,,,
InternetGatewayDevice.LANDevice.14.X_ZHONE_COM_BridgeKey,false,2026-08-08T18:01:12.342Z,false,2026-08-08T18:01:12.342Z,"0",xsd:unsignedInt,2026-07-21T20:50:23.277Z,,,,
InternetGatewayDevice.LANDevice.14.X_ZHONE_COM_WANIfType,false,2026-08-08T18:01:12.342Z,false,2026-08-08T18:01:12.342Z,"",xsd:string,2026-07-21T20:50:23.277Z,,,,
InternetGatewayDevice.LANDevice.4,true,2026-08-08T18:01:12.342Z,false,2026-08-08T18:01:12.342Z,"",,,,,,
InternetGatewayDevice.LANDevice.4.Hosts,true,2026-08-08T18:01:12.342Z,false,2026-08-08T18:01:12.342Z,"",,,,,,
InternetGatewayDevice.LANDevice.4.Hosts.Host,true,2026-08-08T18:01:12.342Z,false,2026-08-08T18:01:12.342Z,"",,,,,,
InternetGatewayDevice.LANDevice.4.Hosts.HostNumberOfEntries,false,2026-08-08T18:01:12.342Z,false,2026-08-08T18:01:12.342Z,"0",xsd:unsignedInt,2026-07-21T20:50:23.277Z,,,,
InternetGatewayDevice.LANDevice.4.LANEthernetInterfaceConfig,true,2026-08-08T18:01:12.342Z,false,2026-08-08T18:01:12.342Z,"",,,,,,
InternetGatewayDevice.LANDevice.4.LANEthernetInterfaceNumberOfEntries,false,2026-08-08T18:01:12.342Z,false,2026-08-08T18:01:12.342Z,"0",xsd:unsignedInt,2026-07-21T20:50:23.277Z,,,,
InternetGatewayDevice.LANDevice.4.LANHostConfigManagement,true,2026-08-08T18:01:12.342Z,false,2026-08-08T18:01:12.342Z,"",,,,,,
InternetGatewayDevice.LANDevice.4.LANHostConfigManagement.DHCPLeaseTime,false,2026-08-08T18:01:12.342Z,true,2026-08-08T18:01:12.342Z,"86400",xsd:int,2026-07-21T20:50:23.279Z,,,,
InternetGatewayDevice.LANDevice.4.LANHostConfigManagement.DHCPRelay,false,2026-08-08T18:01:12.342Z,false,2026-08-08T18:01:12.342Z,"false",xsd:boolean,2026-07-21T20:50:23.279Z,,,,
InternetGatewayDevice.LANDevice.4.LANHostConfigManagement.DHCPServerConfigurable,false,2026-08-08T18:01:12.342Z,true,2026-08-08T18:01:12.342Z,"true",xsd:boolean,2026-07-21T20:50:23.279Z,,,,
InternetGatewayDevice.LANDevice.4.LANHostConfigManagement.DHCPServerEnable,false,2026-08-08T18:01:12.342Z,true,2026-08-08T18:01:12.342Z,"false",xsd:boolean,2026-07-21T20:50:23.279Z,,,,
InternetGatewayDevice.LANDevice.4.LANHostConfigManagement.DNSServers,false,2026-08-08T18:01:12.342Z,true,2026-08-08T18:01:12.342Z,"0.0.0.0,0.0.0.0",xsd:string,2026-07-21T20:50:23.279Z,,,,
InternetGatewayDevice.LANDevice.4.LANHostConfigManagement.DomainName,false,2026-08-08T18:01:12.342Z,true,2026-08-08T18:01:12.342Z,"",xsd:string,2026-07-21T20:50:23.279Z,,,,
InternetGatewayDevice.LANDevice.4.LANHostConfigManagement.IPInterface,true,2026-08-08T18:01:12.342Z,true,2026-08-08T18:01:12.342Z,"",,,,,,
InternetGatewayDevice.LANDevice.4.LANHostConfigManagement.IPInterface.1,true,2026-08-08T18:01:12.342Z,true,2026-08-08T18:01:12.342Z,"",,,,,,
InternetGatewayDevice.LANDevice.4.LANHostConfigManagement.IPInterface.1.Enable,false,2026-08-08T18:01:12.342Z,true,2026-08-08T18:01:12.342Z,"true",xsd:boolean,2026-07-21T20:50:23.279Z,,,,
InternetGatewayDevice.LANDevice.4.LANHostConfigManagement.IPInterface.1.IPInterfaceAddressingType,false,2026-08-08T18:01:12.342Z,true,2026-08-08T18:01:12.342Z,"DHCP",xsd:string,2026-07-21T20:50:23.279Z,,,,
InternetGatewayDevice.LANDevice.4.LANHostConfigManagement.IPInterface.1.IPInterfaceIPAddress,false,2026-08-08T18:01:12.342Z,true,2026-08-08T18:01:12.342Z,"0.0.0.0",xsd:string,2026-07-21T20:50:23.279Z,,,,
InternetGatewayDevice.LANDevice.4.LANHostConfigManagement.IPInterface.1.IPInterfaceSubnetMask,false,2026-08-08T18:01:12.342Z,true,2026-08-08T18:01:12.342Z,"0.0.0.0",xsd:string,2026-07-21T20:50:23.279Z,,,,
InternetGatewayDevice.LANDevice.4.LANHostConfigManagement.IPInterface.1.X_BROADCOM_COM_DhcpConnectionStatus,false,2026-08-08T18:01:12.342Z,false,2026-08-08T18:01:12.342Z,"Unconfigured",xsd:string,2026-07-21T20:50:23.279Z,,,,
InternetGatewayDevice.LANDevice.4.LANHostConfigManagement.IPInterface.1.X_BROADCOM_COM_DhcpDefaultGateway,false,2026-08-08T18:01:12.342Z,false,2026-08-08T18:01:12.342Z,"0.0.0.0",xsd:string,2026-07-21T20:50:23.279Z,,,,
InternetGatewayDevice.LANDevice.4.LANHostConfigManagement.IPInterface.1.X_BROADCOM_COM_DhcpIpAddress,false,2026-08-08T18:01:12.342Z,false,2026-08-08T18:01:12.342Z,"0.0.0.0",xsd:string,2026-07-21T20:50:23.279Z,,,,
InternetGatewayDevice.LANDevice.4.LANHostConfigManagement.IPInterface.1.X_BROADCOM_COM_DhcpSubnetMask,false,2026-08-08T18:01:12.342Z,false,2026-08-08T18:01:12.342Z,"0.0.0.0",xsd:string,2026-07-21T20:50:23.279Z,,,,
InternetGatewayDevice.LANDevice.4.LANHostConfigManagement.IPInterface.1.X_BROADCOM_COM_FirewallEnabled,false,2026-08-08T18:01:12.342Z,true,2026-08-08T18:01:12.342Z,"false",xsd:boolean,2026-07-21T20:50:23.279Z,,,,
InternetGatewayDevice.LANDevice.4.LANHostConfigManagement.IPInterface.1.X_BROADCOM_COM_IfName,false,2026-08-08T18:01:12.342Z,false,2026-08-08T18:01:12.342Z,"brvlan7",xsd:string,2026-07-21T20:50:23.279Z,,,,
InternetGatewayDevice.LANDevice.4.LANHostConfigManagement.IPInterface.1.X_ZHONE_COM_AlternateWanIfname,false,2026-08-08T18:01:12.342Z,true,2026-08-08T18:01:12.342Z,"None",xsd:string,2026-07-21T20:50:23.279Z,,,,
InternetGatewayDevice.LANDevice.4.LANHostConfigManagement.IPInterface.1.X_ZHONE_COM_ConnectionType,false,2026-08-08T18:01:12.342Z,true,2026-08-08T18:01:12.342Z,"IP_Bridged",xsd:string,2026-07-21T20:50:23.279Z,,,,
InternetGatewayDevice.LANDevice.4.LANHostConfigManagement.IPInterface.1.X_ZHONE_COM_DefaultGateway,false,2026-08-08T18:01:12.342Z,true,2026-08-08T18:01:12.342Z,"0.0.0.0",xsd:string,2026-07-21T20:50:23.279Z,,,,
InternetGatewayDevice.LANDevice.4.LANHostConfigManagement.IPInterface.1.X_ZHONE_COM_DhcpcPid,false,2026-08-08T18:01:12.342Z,true,2026-08-08T18:01:12.342Z,"877",xsd:unsignedInt,2026-07-21T20:50:23.279Z,,,,
InternetGatewayDevice.LANDevice.4.LANHostConfigManagement.IPInterface.1.X_ZHONE_COM_DnsType,false,2026-08-08T18:01:12.342Z,true,2026-08-08T18:01:12.342Z,"DHCP",xsd:string,2026-07-21T20:50:23.279Z,,,,
InternetGatewayDevice.LANDevice.4.LANHostConfigManagement.IPInterface.1.X_ZHONE_COM_MacAddress,false,2026-08-08T18:01:12.342Z,false,2026-08-08T18:01:12.342Z,"00:02:71:18:c3:f9",xsd:string,2026-07-21T20:50:23.279Z,,,,
InternetGatewayDevice.LANDevice.4.LANHostConfigManagement.IPInterface.1.X_ZHONE_COM_MaxMTUSize,false,2026-08-08T18:01:12.342Z,true,2026-08-08T18:01:12.342Z,"1500",xsd:unsignedInt,2026-07-21T20:50:23.279Z,,,,
InternetGatewayDevice.LANDevice.4.LANHostConfigManagement.IPInterface.1.X_ZHONE_COM_NAPTenabled,false,2026-08-08T18:01:12.342Z,true,2026-08-08T18:01:12.342Z,"false",xsd:boolean,2026-07-21T20:50:23.279Z,,,,
InternetGatewayDevice.LANDevice.4.LANHostConfigManagement.IPInterface.1.X_ZHONE_COM_NATenabled,false,2026-08-08T18:01:12.342Z,true,2026-08-08T18:01:12.342Z,"false",xsd:boolean,2026-07-21T20:50:23.279Z,,,,
InternetGatewayDevice.LANDevice.4.LANHostConfigManagement.IPInterface.1.X_ZHONE_COM_Name,false,2026-08-08T18:01:12.342Z,true,2026-08-08T18:01:12.342Z,"",xsd:string,2026-07-21T20:50:23.279Z,,,,
InternetGatewayDevice.LANDevice.4.LANHostConfigManagement.IPInterface.1.X_ZHONE_COM_PPPoEConfig,true,2026-08-08T18:01:12.342Z,false,2026-08-08T18:01:12.342Z,"",,,,,,
InternetGatewayDevice.LANDevice.4.LANHostConfigManagement.IPInterface.1.X_ZHONE_COM_PPPoEConfig.Authentication,false,2026-08-08T18:01:12.342Z,true,2026-08-08T18:01:12.342Z,"AUTO_AUTH",xsd:string,2026-07-21T20:50:23.279Z,,,,
InternetGatewayDevice.LANDevice.4.LANHostConfigManagement.IPInterface.1.X_ZHONE_COM_PPPoEConfig.CompressionProtocol,false,2026-08-08T18:01:12.342Z,true,2026-08-08T18:01:12.342Z,"None",xsd:string,2026-07-21T20:50:23.279Z,,,,
InternetGatewayDevice.LANDevice.4.LANHostConfigManagement.IPInterface.1.X_ZHONE_COM_PPPoEConfig.ConnectionRequest,false,2026-08-08T18:01:12.342Z,true,2026-08-08T18:01:12.342Z,"None",xsd:string,2026-07-21T20:50:23.279Z,,,,
InternetGatewayDevice.LANDevice.4.LANHostConfigManagement.IPInterface.1.X_ZHONE_COM_PPPoEConfig.EnableDebug,false,2026-08-08T18:01:12.342Z,true,2026-08-08T18:01:12.342Z,"false",xsd:boolean,2026-07-21T20:50:23.279Z,,,,
InternetGatewayDevice.LANDevice.4.LANHostConfigManagement.IPInterface.1.X_ZHONE_COM_PPPoEConfig.EncryptionProtocol,false,2026-08-08T18:01:12.342Z,true,2026-08-08T18:01:12.342Z,"None",xsd:string,2026-07-21T20:50:23.279Z,,,,
InternetGatewayDevice.LANDevice.4.LANHostConfigManagement.IPInterface.1.X_ZHONE_COM_PPPoEConfig.HoldOffTime,false,2026-08-08T18:01:12.342Z,true,2026-08-08T18:01:12.342Z,"3",xsd:unsignedInt,2026-07-21T20:50:23.279Z,,,,
InternetGatewayDevice.LANDevice.4.LANHostConfigManagement.IPInterface.1.X_ZHONE_COM_PPPoEConfig.IdleDisconnectTime,false,2026-08-08T18:01:12.342Z,true,2026-08-08T18:01:12.342Z,"0",xsd:unsignedInt,2026-07-21T20:50:23.279Z,,,,
InternetGatewayDevice.LANDevice.4.LANHostConfigManagement.IPInterface.1.X_ZHONE_COM_PPPoEConfig.IfName,false,2026-08-08T18:01:12.342Z,true,2026-08-08T18:01:12.342Z,"",xsd:string,2026-07-21T20:50:23.279Z,,,,
InternetGatewayDevice.LANDevice.4.LANHostConfigManagement.IPInterface.1.X_ZHONE_COM_PPPoEConfig.Password,false,2026-08-08T18:01:12.342Z,true,2026-08-08T18:01:12.342Z,"guest",xsd:string,2026-07-21T20:50:23.279Z,,,,
InternetGatewayDevice.LANDevice.4.LANHostConfigManagement.IPInterface.1.X_ZHONE_COM_PPPoEConfig.Pid,false,2026-08-08T18:01:12.342Z,true,2026-08-08T18:01:12.342Z,"0",xsd:unsignedInt,2026-07-21T20:50:23.279Z,,,,
InternetGatewayDevice.LANDevice.4.LANHostConfigManagement.IPInterface.1.X_ZHONE_COM_PPPoEConfig.ServiceName,false,2026-08-08T18:01:12.342Z,true,2026-08-08T18:01:12.342Z,"",xsd:string,2026-07-21T20:50:23.279Z,,,,
InternetGatewayDevice.LANDevice.4.LANHostConfigManagement.IPInterface.1.X_ZHONE_COM_PPPoEConfig.StaticIpAddress,false,2026-08-08T18:01:12.342Z,true,2026-08-08T18:01:12.342Z,"0.0.0.0",xsd:string,2026-07-21T20:50:23.279Z,,,,
InternetGatewayDevice.LANDevice.4.LANHostConfigManagement.IPInterface.1.X_ZHONE_COM_PPPoEConfig.UseStaticIpAddress,false,2026-08-08T18:01:12.342Z,true,2026-08-08T18:01:12.342Z,"false",xsd:boolean,2026-07-21T20:50:23.279Z,,,,
InternetGatewayDevice.LANDevice.4.LANHostConfigManagement.IPInterface.1.X_ZHONE_COM_PPPoEConfig.Username,false,2026-08-08T18:01:12.342Z,true,2026-08-08T18:01:12.342Z,"guest",xsd:string,2026-07-21T20:50:23.279Z,,,,
InternetGatewayDevice.LANDevice.4.LANHostConfigManagement.IPInterface.1.X_ZHONE_COM_PPPoEStatus,true,2026-08-08T18:01:12.342Z,false,2026-08-08T18:01:12.342Z,"",,,,,,
InternetGatewayDevice.LANDevice.4.LANHostConfigManagement.IPInterface.1.X_ZHONE_COM_PPPoEStatus.ConnectionEstablishedTime,false,2026-08-08T18:01:12.342Z,true,2026-08-08T18:01:12.342Z,"0",xsd:unsignedInt,2026-07-21T20:50:23.279Z,,,,
InternetGatewayDevice.LANDevice.4.LANHostConfigManagement.IPInterface.1.X_ZHONE_COM_PPPoEStatus.ConnectionStatus,false,2026-08-08T18:01:12.342Z,true,2026-08-08T18:01:12.342Z,"Disconnected",xsd:string,2026-07-21T20:50:23.279Z,,,,
InternetGatewayDevice.LANDevice.4.LANHostConfigManagement.IPInterface.1.X_ZHONE_COM_PPPoEStatus.CurrentMTUSize,false,2026-08-08T18:01:12.342Z,false,2026-08-08T18:01:12.342Z,"0",xsd:unsignedInt,2026-07-21T20:50:23.279Z,,,,
InternetGatewayDevice.LANDevice.4.LANHostConfigManagement.IPInterface.1.X_ZHONE_COM_PPPoEStatus.LastConnectionError,false,2026-08-08T18:01:12.342Z,true,2026-08-08T18:01:12.342Z,"ERROR_NONE",xsd:string,2026-07-21T20:50:23.279Z,,,,
InternetGatewayDevice.LANDevice.4.LANHostConfigManagement.IPInterface.1.X_ZHONE_COM_PPPoEStatus.PPPLCPEcho,false,2026-08-08T18:01:12.342Z,false,2026-08-08T18:01:12.342Z,"30",xsd:unsignedInt,2026-07-21T20:50:23.279Z,,,,
InternetGatewayDevice.LANDevice.4.LANHostConfigManagement.IPInterface.1.X_ZHONE_COM_PPPoEStatus.PPPLCPEchoRetry,false,2026-08-08T18:01:12.342Z,false,2026-08-08T18:01:12.342Z,"5",xsd:unsignedInt,2026-07-21T20:50:23.279Z,,,,
InternetGatewayDevice.LANDevice.4.LANHostConfigManagement.IPInterface.1.X_ZHONE_COM_PPPoEStatus.SessionID,false,2026-08-08T18:01:12.342Z,false,2026-08-08T18:01:12.342Z,"0",xsd:unsignedInt,2026-07-21T20:50:23.279Z,,,,
InternetGatewayDevice.LANDevice.4.LANHostConfigManagement.IPInterface.1.X_ZHONE_COM_PPPoEStatus.Uptime,false,2026-08-08T18:01:12.342Z,false,2026-08-08T18:01:12.342Z,"0",xsd:unsignedInt,2026-07-21T20:50:23.279Z,,,,
InternetGatewayDevice.LANDevice.4.LANHostConfigManagement.IPInterface.1.X_ZHONE_COM_PortMappingNumberOfEntries,false,2026-08-08T18:01:12.342Z,false,2026-08-08T18:01:12.342Z,"0",xsd:unsignedInt,2026-07-21T20:50:23.279Z,,,,
InternetGatewayDevice.LANDevice.4.LANHostConfigManagement.IPInterface.1.X_ZHONE_COM_PrimaryDnsIPAddress,false,2026-08-08T18:01:12.342Z,true,2026-08-08T18:01:12.342Z,"0.0.0.0",xsd:string,2026-07-21T20:50:23.279Z,,,,
InternetGatewayDevice.LANDevice.4.LANHostConfigManagement.IPInterface.1.X_ZHONE_COM_SecondaryDnsIPAddress,false,2026-08-08T18:01:12.342Z,true,2026-08-08T18:01:12.342Z,"0.0.0.0",xsd:string,2026-07-21T20:50:23.279Z,,,,
InternetGatewayDevice.LANDevice.4.LANHostConfigManagement.IPInterface.1.X_ZHONE_COM_SentDHCPOptionNumberOfEntries,false,2026-08-08T18:01:12.342Z,false,2026-08-08T18:01:12.342Z,"0",xsd:unsignedInt,2026-07-21T20:50:23.279Z,,,,
InternetGatewayDevice.LANDevice.4.LANHostConfigManagement.IPInterface.1.X_ZHONE_COM_UPNPenabled,false,2026-08-08T18:01:12.342Z,true,2026-08-08T18:01:12.342Z,"false",xsd:boolean,2026-07-21T20:50:23.279Z,,,,
InternetGatewayDevice.LANDevice.4.LANHostConfigManagement.IPInterface.1.X_ZHONE_COM_UpnpPid,false,2026-08-08T18:01:12.342Z,true,2026-08-08T18:01:12.342Z,"0",xsd:unsignedInt,2026-07-21T20:50:23.279Z,,,,
InternetGatewayDevice.LANDevice.4.LANHostConfigManagement.IPInterface.1.X_ZHONE_COM_UseDerivedMac,false,2026-08-08T18:01:12.342Z,true,2026-08-08T18:01:12.342Z,"false",xsd:boolean,2026-07-21T20:50:23.279Z,,,,
InternetGatewayDevice.LANDevice.4.LANHostConfigManagement.IPInterface.1.X_ZHONE_COM_VlanType,false,2026-08-08T18:01:12.342Z,true,2026-08-08T18:01:12.342Z,"Bridged",xsd:string,2026-07-21T20:50:23.279Z,,,,
InternetGatewayDevice.LANDevice.4.LANHostConfigManagement.IPInterface.1.X_ZHONE_MgmtAccessCfg,true,2026-08-08T18:01:12.342Z,true,2026-08-08T18:01:12.342Z,"",,,,,,
InternetGatewayDevice.LANDevice.4.LANHostConfigManagement.IPInterface.1.X_ZHONE_MgmtAccessCfg.1,true,2026-08-08T18:01:12.342Z,true,2026-08-08T18:01:12.342Z,"",,,,,,
InternetGatewayDevice.LANDevice.4.LANHostConfigManagement.IPInterface.1.X_ZHONE_MgmtAccessCfg.1.Action,false,2026-08-08T18:01:12.342Z,true,2026-08-08T18:01:12.342Z,"Allow",xsd:string,2026-07-21T20:50:23.279Z,,,,
InternetGatewayDevice.LANDevice.4.LANHostConfigManagement.IPInterface.1.X_ZHONE_MgmtAccessCfg.1.Service,false,2026-08-08T18:01:12.342Z,true,2026-08-08T18:01:12.342Z,"Http",xsd:string,2026-07-21T20:50:23.279Z,,,,
InternetGatewayDevice.LANDevice.4.LANHostConfigManagement.IPInterface.1.X_ZHONE_MgmtAccessCfg.2,true,2026-08-08T18:01:12.342Z,true,2026-08-08T18:01:12.342Z,"",,,,,,
InternetGatewayDevice.LANDevice.4.LANHostConfigManagement.IPInterface.1.X_ZHONE_MgmtAccessCfg.2.Action,false,2026-08-08T18:01:12.342Z,true,2026-08-08T18:01:12.342Z,"Allow",xsd:string,2026-07-21T20:50:23.279Z,,,,
InternetGatewayDevice.LANDevice.4.LANHostConfigManagement.IPInterface.1.X_ZHONE_MgmtAccessCfg.2.Service,false,2026-08-08T18:01:12.342Z,true,2026-08-08T18:01:12.342Z,"Https",xsd:string,2026-07-21T20:50:23.279Z,,,,
InternetGatewayDevice.LANDevice.4.LANHostConfigManagement.IPInterface.1.X_ZHONE_MgmtAccessCfg.3,true,2026-08-08T18:01:12.342Z,true,2026-08-08T18:01:12.342Z,"",,,,,,
InternetGatewayDevice.LANDevice.4.LANHostConfigManagement.IPInterface.1.X_ZHONE_MgmtAccessCfg.3.Action,false,2026-08-08T18:01:12.342Z,true,2026-08-08T18:01:12.342Z,"Allow",xsd:string,2026-07-21T20:50:23.279Z,,,,
InternetGatewayDevice.LANDevice.4.LANHostConfigManagement.IPInterface.1.X_ZHONE_MgmtAccessCfg.3.Service,false,2026-08-08T18:01:12.342Z,true,2026-08-08T18:01:12.342Z,"Ping",xsd:string,2026-07-21T20:50:23.279Z,,,,
InternetGatewayDevice.LANDevice.4.LANHostConfigManagement.IPInterface.1.X_ZHONE_MgmtAccessCfg.4,true,2026-08-08T18:01:12.342Z,true,2026-08-08T18:01:12.342Z,"",,,,,,
InternetGatewayDevice.LANDevice.4.LANHostConfigManagement.IPInterface.1.X_ZHONE_MgmtAccessCfg.4.Action,false,2026-08-08T18:01:12.342Z,true,2026-08-08T18:01:12.342Z,"Allow",xsd:string,2026-07-21T20:50:23.279Z,,,,
InternetGatewayDevice.LANDevice.4.LANHostConfigManagement.IPInterface.1.X_ZHONE_MgmtAccessCfg.4.Service,false,2026-08-08T18:01:12.342Z,true,2026-08-08T18:01:12.342Z,"Snmp",xsd:string,2026-07-21T20:50:23.279Z,,,,
InternetGatewayDevice.LANDevice.4.LANHostConfigManagement.IPInterface.1.X_ZHONE_MgmtAccessCfg.5,true,2026-08-08T18:01:12.342Z,true,2026-08-08T18:01:12.342Z,"",,,,,,
InternetGatewayDevice.LANDevice.4.LANHostConfigManagement.IPInterface.1.X_ZHONE_MgmtAccessCfg.5.Action,false,2026-08-08T18:01:12.342Z,true,2026-08-08T18:01:12.342Z,"Allow",xsd:string,2026-07-21T20:50:23.279Z,,,,
InternetGatewayDevice.LANDevice.4.LANHostConfigManagement.IPInterface.1.X_ZHONE_MgmtAccessCfg.5.Service,false,2026-08-08T18:01:12.342Z,true,2026-08-08T18:01:12.342Z,"SnmpTrap",xsd:string,2026-07-21T20:50:23.279Z,,,,
InternetGatewayDevice.LANDevice.4.LANHostConfigManagement.IPInterface.1.X_ZHONE_MgmtAccessCfg.6,true,2026-08-08T18:01:12.342Z,true,2026-08-08T18:01:12.342Z,"",,,,,,
InternetGatewayDevice.LANDevice.4.LANHostConfigManagement.IPInterface.1.X_ZHONE_MgmtAccessCfg.6.Action,false,2026-08-08T18:01:12.342Z,true,2026-08-08T18:01:12.342Z,"Allow",xsd:string,2026-07-21T20:50:23.279Z,,,,
InternetGatewayDevice.LANDevice.4.LANHostConfigManagement.IPInterface.1.X_ZHONE_MgmtAccessCfg.6.Service,false,2026-08-08T18:01:12.342Z,true,2026-08-08T18:01:12.342Z,"Ssh",xsd:string,2026-07-21T20:50:23.279Z,,,,
InternetGatewayDevice.LANDevice.4.LANHostConfigManagement.IPInterface.1.X_ZHONE_MgmtAccessCfg.7,true,2026-08-08T18:01:12.342Z,true,2026-08-08T18:01:12.342Z,"",,,,,,
InternetGatewayDevice.LANDevice.4.LANHostConfigManagement.IPInterface.1.X_ZHONE_MgmtAccessCfg.7.Action,false,2026-08-08T18:01:12.342Z,true,2026-08-08T18:01:12.342Z,"Allow",xsd:string,2026-07-21T20:50:23.279Z,,,,
InternetGatewayDevice.LANDevice.4.LANHostConfigManagement.IPInterface.1.X_ZHONE_MgmtAccessCfg.7.Service,false,2026-08-08T18:01:12.342Z,true,2026-08-08T18:01:12.342Z,"Telnet",xsd:string,2026-07-21T20:50:23.279Z,,,,
InternetGatewayDevice.LANDevice.4.LANHostConfigManagement.IPInterfaceNumberOfEntries,false,2026-08-08T18:01:12.342Z,false,2026-08-08T18:01:12.342Z,"1",xsd:unsignedInt,2026-07-21T20:50:23.279Z,,,,
InternetGatewayDevice.LANDevice.4.LANHostConfigManagement.IPRouters,false,2026-08-08T18:01:12.342Z,true,2026-08-08T18:01:12.342Z,"",xsd:string,2026-07-21T20:50:23.279Z,,,,
InternetGatewayDevice.LANDevice.4.LANHostConfigManagement.MACAddress,false,2026-08-08T18:01:12.342Z,false,2026-08-08T18:01:12.342Z,"00:02:71:18:c3:f9",xsd:string,2026-07-21T20:50:23.279Z,,,,
InternetGatewayDevice.LANDevice.4.LANHostConfigManagement.MaxAddress,false,2026-08-08T18:01:12.342Z,true,2026-08-08T18:01:12.342Z,"0.0.0.0",xsd:string,2026-07-21T20:50:23.279Z,,,,
InternetGatewayDevice.LANDevice.4.LANHostConfigManagement.MinAddress,false,2026-08-08T18:01:12.342Z,true,2026-08-08T18:01:12.342Z,"0.0.0.0",xsd:string,2026-07-21T20:50:23.279Z,,,,
InternetGatewayDevice.LANDevice.4.LANHostConfigManagement.ReservedAddresses,false,2026-08-08T18:01:12.342Z,true,2026-08-08T18:01:12.342Z,"",xsd:string,2026-07-21T20:50:23.279Z,,,,
InternetGatewayDevice.LANDevice.4.LANHostConfigManagement.SubnetMask,false,2026-08-08T18:01:12.342Z,true,2026-08-08T18:01:12.342Z,"255.255.255.0",xsd:string,2026-07-21T20:50:23.279Z,,,,
InternetGatewayDevice.LANDevice.4.LANHostConfigManagement.UseAllocatedWAN,false,2026-08-08T18:01:12.342Z,true,2026-08-08T18:01:12.342Z,"Normal",xsd:string,2026-07-21T20:50:23.279Z,,,,
InternetGatewayDevice.LANDevice.4.LANHostConfigManagement.X_BROADCOM_COM_DhcpRelayServer,false,2026-08-08T18:01:12.342Z,true,2026-08-08T18:01:12.342Z,"",xsd:string,2026-07-21T20:50:23.279Z,,,,
InternetGatewayDevice.LANDevice.4.LANUSBInterfaceNumberOfEntries,false,2026-08-08T18:01:12.342Z,false,2026-08-08T18:01:12.342Z,"0",xsd:unsignedInt,2026-07-21T20:50:23.277Z,,,,
InternetGatewayDevice.LANDevice.4.LANWLANConfigurationNumberOfEntries,false,2026-08-08T18:01:12.342Z,false,2026-08-08T18:01:12.342Z,"0",xsd:unsignedInt,2026-07-21T20:50:23.277Z,,,,
InternetGatewayDevice.LANDevice.4.WLANConfiguration,true,2026-08-08T18:01:12.342Z,false,2026-08-08T18:01:12.342Z,"",,,,,,
InternetGatewayDevice.LANDevice.4.X_BROADCOM_COM_IgmpSnoopingConfig,true,2026-08-08T18:01:12.342Z,false,2026-08-08T18:01:12.342Z,"",,,,,,
InternetGatewayDevice.LANDevice.4.X_BROADCOM_COM_IgmpSnoopingConfig.Enable,false,2026-08-08T18:01:12.342Z,true,2026-08-08T18:01:12.342Z,"false",xsd:boolean,2026-07-21T20:50:23.279Z,,,,
InternetGatewayDevice.LANDevice.4.X_BROADCOM_COM_IgmpSnoopingConfig.Mode,false,2026-08-08T18:01:12.342Z,true,2026-08-08T18:01:12.342Z,"Standard",xsd:string,2026-07-21T20:50:23.279Z,,,,
InternetGatewayDevice.LANDevice.4.X_BROADCOM_COM_IgmpSnoopingConfig.X_ZHONE_COM_IgmpForking,false,2026-08-08T18:01:12.342Z,true,2026-08-08T18:01:12.342Z,"false",xsd:boolean,2026-07-21T20:50:23.279Z,,,,
InternetGatewayDevice.LANDevice.4.X_BROADCOM_COM_IgmpSnoopingConfig.X_ZHONE_COM_IgmpForkingVlan,false,2026-08-08T18:01:12.342Z,true,2026-08-08T18:01:12.342Z,"0",xsd:unsignedInt,2026-07-21T20:50:23.279Z,,,,
InternetGatewayDevice.LANDevice.4.X_BROADCOM_COM_IgmpSnoopingConfig.X_ZHONE_COM_IgmpProxy,false,2026-08-08T18:01:12.342Z,true,2026-08-08T18:01:12.342Z,"false",xsd:boolean,2026-07-21T20:50:23.279Z,,,,
InternetGatewayDevice.LANDevice.4.X_BROADCOM_COM_IgmpSnoopingConfig.X_ZHONE_COM_IgmpQuerier,false,2026-08-08T18:01:12.342Z,true,2026-08-08T18:01:12.342Z,"false",xsd:boolean,2026-07-21T20:50:23.279Z,,,,
InternetGatewayDevice.LANDevice.4.X_BROADCOM_COM_IgmpSnoopingConfig.X_ZHONE_COM_IgmpV3,false,2026-08-08T18:01:12.342Z,true,2026-08-08T18:01:12.342Z,"false",xsd:boolean,2026-07-21T20:50:23.279Z,,,,
InternetGatewayDevice.LANDevice.4.X_BROADCOM_COM_LANMocaInterfaceNumberOfEntries,false,2026-08-08T18:01:12.342Z,false,2026-08-08T18:01:12.342Z,"0",xsd:unsignedInt,2026-07-21T20:50:23.277Z,,,,
InternetGatewayDevice.LANDevice.4.X_ZHONE_COM_BridgeKey,false,2026-08-08T18:01:12.342Z,false,2026-08-08T18:01:12.342Z,"0",xsd:unsignedInt,2026-07-21T20:50:23.277Z,,,,
InternetGatewayDevice.LANDevice.4.X_ZHONE_COM_WANIfType,false,2026-08-08T18:01:12.342Z,false,2026-08-08T18:01:12.342Z,"",xsd:string,2026-07-21T20:50:23.277Z,,,,
InternetGatewayDevice.LANDeviceNumberOfEntries,false,2026-07-21T20:50:23.275Z,false,2026-07-21T20:50:23.275Z,"1",xsd:unsignedInt,2026-07-21T20:50:23.277Z,,,,
InternetGatewayDevice.Layer2Bridging,true,2026-07-21T20:50:23.275Z,false,2026-07-21T20:50:23.275Z,"",,,,,,
InternetGatewayDevice.Layer2Bridging.AvailableInterface,true,2026-07-21T20:50:23.275Z,true,2026-07-21T20:50:23.275Z,"",,,,,,
InternetGatewayDevice.Layer2Bridging.AvailableInterface.1,true,2026-07-21T20:50:23.275Z,true,2026-07-21T20:50:23.275Z,"",,,,,,
InternetGatewayDevice.Layer2Bridging.AvailableInterface.1.AvailableInterfaceKey,false,2026-07-21T20:50:23.275Z,false,2026-07-21T20:50:23.275Z,"1",xsd:unsignedInt,2026-07-21T20:50:23.279Z,,,,
InternetGatewayDevice.Layer2Bridging.AvailableInterface.1.InterfaceReference,false,2026-07-21T20:50:23.275Z,false,2026-07-21T20:50:23.275Z,"InternetGatewayDevice.WANDevice.1.WANConnectionDevice.1",xsd:string,2026-07-21T20:50:23.279Z,,,,
InternetGatewayDevice.Layer2Bridging.AvailableInterface.1.InterfaceType,false,2026-07-21T20:50:23.275Z,false,2026-07-21T20:50:23.275Z,"WANInterface",xsd:string,2026-07-21T20:50:23.279Z,,,,
InternetGatewayDevice.Layer2Bridging.AvailableInterface.2,true,2026-07-21T20:50:23.275Z,true,2026-07-21T20:50:23.275Z,"",,,,,,
InternetGatewayDevice.Layer2Bridging.AvailableInterface.2.AvailableInterfaceKey,false,2026-07-21T20:50:23.275Z,false,2026-07-21T20:50:23.275Z,"2",xsd:unsignedInt,2026-07-21T20:50:23.279Z,,,,
InternetGatewayDevice.Layer2Bridging.AvailableInterface.2.InterfaceReference,false,2026-07-21T20:50:23.275Z,false,2026-07-21T20:50:23.275Z,"InternetGatewayDevice.LANDevice.1.LANEthernetInterfaceConfig.2",xsd:string,2026-07-21T20:50:23.279Z,,,,
InternetGatewayDevice.Layer2Bridging.AvailableInterface.2.InterfaceType,false,2026-07-21T20:50:23.275Z,false,2026-07-21T20:50:23.275Z,"LANInterface",xsd:string,2026-07-21T20:50:23.279Z,,,,
InternetGatewayDevice.Layer2Bridging.AvailableInterface.3,true,2026-07-21T20:50:23.275Z,true,2026-07-21T20:50:23.275Z,"",,,,,,
InternetGatewayDevice.Layer2Bridging.AvailableInterface.3.AvailableInterfaceKey,false,2026-07-21T20:50:23.275Z,false,2026-07-21T20:50:23.275Z,"3",xsd:unsignedInt,2026-07-21T20:50:23.279Z,,,,
InternetGatewayDevice.Layer2Bridging.AvailableInterface.3.InterfaceReference,false,2026-07-21T20:50:23.275Z,false,2026-07-21T20:50:23.275Z,"InternetGatewayDevice.LANDevice.1.LANEthernetInterfaceConfig.3",xsd:string,2026-07-21T20:50:23.279Z,,,,
InternetGatewayDevice.Layer2Bridging.AvailableInterface.3.InterfaceType,false,2026-07-21T20:50:23.275Z,false,2026-07-21T20:50:23.275Z,"LANInterface",xsd:string,2026-07-21T20:50:23.279Z,,,,
InternetGatewayDevice.Layer2Bridging.AvailableInterface.4,true,2026-07-21T20:50:23.275Z,true,2026-07-21T20:50:23.275Z,"",,,,,,
InternetGatewayDevice.Layer2Bridging.AvailableInterface.4.AvailableInterfaceKey,false,2026-07-21T20:50:23.275Z,false,2026-07-21T20:50:23.275Z,"4",xsd:unsignedInt,2026-07-21T20:50:23.279Z,,,,
InternetGatewayDevice.Layer2Bridging.AvailableInterface.4.InterfaceReference,false,2026-07-21T20:50:23.275Z,false,2026-07-21T20:50:23.275Z,"InternetGatewayDevice.LANDevice.1.LANEthernetInterfaceConfig.4",xsd:string,2026-07-21T20:50:23.279Z,,,,
InternetGatewayDevice.Layer2Bridging.AvailableInterface.4.InterfaceType,false,2026-07-21T20:50:23.275Z,false,2026-07-21T20:50:23.275Z,"LANInterface",xsd:string,2026-07-21T20:50:23.279Z,,,,
InternetGatewayDevice.Layer2Bridging.AvailableInterface.5,true,2026-07-21T20:50:23.275Z,true,2026-07-21T20:50:23.275Z,"",,,,,,
InternetGatewayDevice.Layer2Bridging.AvailableInterface.5.AvailableInterfaceKey,false,2026-07-21T20:50:23.275Z,false,2026-07-21T20:50:23.275Z,"5",xsd:unsignedInt,2026-07-21T20:50:23.279Z,,,,
InternetGatewayDevice.Layer2Bridging.AvailableInterface.5.InterfaceReference,false,2026-07-21T20:50:23.275Z,false,2026-07-21T20:50:23.275Z,"InternetGatewayDevice.LANDevice.1.LANEthernetInterfaceConfig.5",xsd:string,2026-07-21T20:50:23.279Z,,,,
InternetGatewayDevice.Layer2Bridging.AvailableInterface.5.InterfaceType,false,2026-07-21T20:50:23.275Z,false,2026-07-21T20:50:23.275Z,"LANInterface",xsd:string,2026-07-21T20:50:23.279Z,,,,
InternetGatewayDevice.Layer2Bridging.AvailableInterfaceNumberOfEntries,false,2026-07-21T20:50:23.275Z,false,2026-07-21T20:50:23.275Z,"5",xsd:unsignedInt,2026-07-21T20:50:23.279Z,,,,
InternetGatewayDevice.Layer2Bridging.Bridge,true,2026-07-21T20:50:23.275Z,true,2026-07-21T20:50:23.275Z,"",,,,,,
InternetGatewayDevice.Layer2Bridging.Bridge.1,true,2026-07-21T20:50:23.275Z,true,2026-07-21T20:50:23.275Z,"",,,,,,
InternetGatewayDevice.Layer2Bridging.Bridge.1.BridgeEnable,false,2026-07-21T20:50:23.275Z,true,2026-07-21T20:50:23.275Z,"true",xsd:boolean,2026-07-21T20:50:23.279Z,,,,
InternetGatewayDevice.Layer2Bridging.Bridge.1.BridgeKey,false,2026-07-21T20:50:23.275Z,false,2026-07-21T20:50:23.275Z,"0",xsd:unsignedInt,2026-07-21T20:50:23.279Z,,,,
InternetGatewayDevice.Layer2Bridging.Bridge.1.BridgeName,false,2026-07-21T20:50:23.275Z,true,2026-07-21T20:50:23.275Z,"Default",xsd:string,2026-07-21T20:50:23.279Z,,,,
InternetGatewayDevice.Layer2Bridging.Bridge.1.BridgeStandard,false,2026-07-21T20:50:23.275Z,true,2026-07-21T20:50:23.275Z,"802.1Q",xsd:string,2026-07-21T20:50:23.279Z,,,,
InternetGatewayDevice.Layer2Bridging.Bridge.1.BridgeStatus,false,2026-07-21T20:50:23.275Z,false,2026-07-21T20:50:23.275Z,"Disabled",xsd:string,2026-07-21T20:50:23.279Z,,,,
InternetGatewayDevice.Layer2Bridging.Bridge.1.VLANID,false,2026-07-21T20:50:23.275Z,true,2026-07-21T20:50:23.275Z,"0",xsd:unsignedInt,2026-07-21T20:50:23.279Z,,,,
InternetGatewayDevice.Layer2Bridging.Bridge.1.X_ZHONE_COM_SecureVlan,false,2026-07-21T20:50:23.275Z,true,2026-07-21T20:50:23.275Z,"Disable",xsd:string,2026-07-21T20:50:23.279Z,,,,
InternetGatewayDevice.Layer2Bridging.Bridge.1.X_ZHONE_COM_VlanType,false,2026-07-21T20:50:23.275Z,true,2026-07-21T20:50:23.275Z,"Bridged",xsd:string,2026-07-21T20:50:23.279Z,,,,
InternetGatewayDevice.Layer2Bridging.Bridge.3,true,2026-07-21T20:50:23.275Z,true,2026-07-21T20:50:23.275Z,"",,,,,,
InternetGatewayDevice.Layer2Bridging.Bridge.3.BridgeEnable,false,2026-07-21T20:50:23.275Z,true,2026-07-21T20:50:23.275Z,"true",xsd:boolean,2026-07-21T20:50:23.279Z,,,,
InternetGatewayDevice.Layer2Bridging.Bridge.3.BridgeKey,false,2026-07-21T20:50:23.275Z,false,2026-07-21T20:50:23.275Z,"7",xsd:unsignedInt,2026-07-21T20:50:23.279Z,,,,
InternetGatewayDevice.Layer2Bridging.Bridge.3.BridgeName,false,2026-07-21T20:50:23.275Z,true,2026-07-21T20:50:23.275Z,"Mgmt_Vlan",xsd:string,2026-07-21T20:50:23.279Z,,,,
InternetGatewayDevice.Layer2Bridging.Bridge.3.BridgeStandard,false,2026-07-21T20:50:23.275Z,true,2026-07-21T20:50:23.275Z,"802.1Q",xsd:string,2026-07-21T20:50:23.279Z,,,,
InternetGatewayDevice.Layer2Bridging.Bridge.3.BridgeStatus,false,2026-07-21T20:50:23.275Z,false,2026-07-21T20:50:23.275Z,"Disabled",xsd:string,2026-07-21T20:50:23.279Z,,,,
InternetGatewayDevice.Layer2Bridging.Bridge.3.VLANID,false,2026-07-21T20:50:23.275Z,true,2026-07-21T20:50:23.275Z,"7",xsd:unsignedInt,2026-07-21T20:50:23.279Z,,,,
InternetGatewayDevice.Layer2Bridging.Bridge.3.X_ZHONE_COM_SecureVlan,false,2026-07-21T20:50:23.275Z,true,2026-07-21T20:50:23.275Z,"Enable",xsd:string,2026-07-21T20:50:23.279Z,,,,
InternetGatewayDevice.Layer2Bridging.Bridge.3.X_ZHONE_COM_VlanType,false,2026-07-21T20:50:23.275Z,true,2026-07-21T20:50:23.275Z,"Bridged",xsd:string,2026-07-21T20:50:23.279Z,,,,
InternetGatewayDevice.Layer2Bridging.Bridge.8,true,2026-07-21T20:50:23.275Z,true,2026-07-21T20:50:23.275Z,"",,,,,,
InternetGatewayDevice.Layer2Bridging.Bridge.8.BridgeEnable,false,2026-07-21T20:50:23.275Z,true,2026-07-21T20:50:23.275Z,"true",xsd:boolean,2026-07-21T20:50:23.279Z,,,,
InternetGatewayDevice.Layer2Bridging.Bridge.8.BridgeKey,false,2026-07-21T20:50:23.275Z,false,2026-07-21T20:50:23.275Z,"190",xsd:unsignedInt,2026-07-21T20:50:23.279Z,,,,
InternetGatewayDevice.Layer2Bridging.Bridge.8.BridgeName,false,2026-07-21T20:50:23.275Z,true,2026-07-21T20:50:23.275Z,"veip1_vlan190_slan0",xsd:string,2026-07-21T20:50:23.279Z,,,,
InternetGatewayDevice.Layer2Bridging.Bridge.8.BridgeStandard,false,2026-07-21T20:50:23.275Z,true,2026-07-21T20:50:23.275Z,"802.1Q",xsd:string,2026-07-21T20:50:23.279Z,,,,
InternetGatewayDevice.Layer2Bridging.Bridge.8.BridgeStatus,false,2026-07-21T20:50:23.275Z,false,2026-07-21T20:50:23.275Z,"Disabled",xsd:string,2026-07-21T20:50:23.279Z,,,,
InternetGatewayDevice.Layer2Bridging.Bridge.8.VLANID,false,2026-07-21T20:50:23.275Z,true,2026-07-21T20:50:23.275Z,"190",xsd:unsignedInt,2026-07-21T20:50:23.279Z,,,,
InternetGatewayDevice.Layer2Bridging.Bridge.8.X_ZHONE_COM_SecureVlan,false,2026-07-21T20:50:23.275Z,true,2026-07-21T20:50:23.275Z,"Disable",xsd:string,2026-07-21T20:50:23.279Z,,,,
InternetGatewayDevice.Layer2Bridging.Bridge.8.X_ZHONE_COM_VlanType,false,2026-07-21T20:50:23.275Z,true,2026-07-21T20:50:23.275Z,"PPPoE_Bridged",xsd:string,2026-07-21T20:50:23.279Z,,,,
InternetGatewayDevice.Layer2Bridging.Bridge.9,true,2026-07-21T20:50:23.275Z,true,2026-07-21T20:50:23.275Z,"",,,,,,
InternetGatewayDevice.Layer2Bridging.Bridge.9.BridgeEnable,false,2026-07-21T20:50:23.275Z,true,2026-07-21T20:50:23.275Z,"true",xsd:boolean,2026-07-21T20:50:23.279Z,,,,
InternetGatewayDevice.Layer2Bridging.Bridge.9.BridgeKey,false,2026-07-21T20:50:23.275Z,false,2026-07-21T20:50:23.275Z,"10",xsd:unsignedInt,2026-07-21T20:50:23.279Z,,,,
InternetGatewayDevice.Layer2Bridging.Bridge.9.BridgeName,false,2026-07-21T20:50:23.275Z,true,2026-07-21T20:50:23.275Z,"veip1_vlan10_slan0",xsd:string,2026-07-21T20:50:23.279Z,,,,
InternetGatewayDevice.Layer2Bridging.Bridge.9.BridgeStandard,false,2026-07-21T20:50:23.275Z,true,2026-07-21T20:50:23.275Z,"802.1Q",xsd:string,2026-07-21T20:50:23.279Z,,,,
InternetGatewayDevice.Layer2Bridging.Bridge.9.BridgeStatus,false,2026-07-21T20:50:23.275Z,false,2026-07-21T20:50:23.275Z,"Disabled",xsd:string,2026-07-21T20:50:23.279Z,,,,
InternetGatewayDevice.Layer2Bridging.Bridge.9.VLANID,false,2026-07-21T20:50:23.275Z,true,2026-07-21T20:50:23.275Z,"10",xsd:unsignedInt,2026-07-21T20:50:23.279Z,,,,
InternetGatewayDevice.Layer2Bridging.Bridge.9.X_ZHONE_COM_SecureVlan,false,2026-07-21T20:50:23.275Z,true,2026-07-21T20:50:23.275Z,"Disable",xsd:string,2026-07-21T20:50:23.279Z,,,,
InternetGatewayDevice.Layer2Bridging.Bridge.9.X_ZHONE_COM_VlanType,false,2026-07-21T20:50:23.275Z,true,2026-07-21T20:50:23.275Z,"CPU-Bridged",xsd:string,2026-07-21T20:50:23.279Z,,,,
InternetGatewayDevice.Layer2Bridging.BridgeNumberOfEntries,false,2026-07-21T20:50:23.275Z,false,2026-07-21T20:50:23.275Z,"4",xsd:unsignedInt,2026-07-21T20:50:23.279Z,,,,
InternetGatewayDevice.Layer2Bridging.Filter,true,2026-07-21T20:50:23.275Z,true,2026-07-21T20:50:23.275Z,"",,,,,,
InternetGatewayDevice.Layer2Bridging.Filter.1,true,2026-07-21T20:50:23.275Z,true,2026-07-21T20:50:23.275Z,"",,,,,,
InternetGatewayDevice.Layer2Bridging.Filter.1.AdmitOnlyVLANTagged,false,2026-07-21T20:50:23.275Z,true,2026-07-21T20:50:23.275Z,"false",xsd:boolean,2026-07-21T20:50:23.279Z,,,,
InternetGatewayDevice.Layer2Bridging.Filter.1.FilterBridgeReference,false,2026-07-21T20:50:23.275Z,true,2026-07-21T20:50:23.275Z,"0",xsd:int,2026-07-21T20:50:23.279Z,,,,
InternetGatewayDevice.Layer2Bridging.Filter.1.FilterEnable,false,2026-07-21T20:50:23.275Z,true,2026-07-21T20:50:23.275Z,"true",xsd:boolean,2026-07-21T20:50:23.279Z,,,,
InternetGatewayDevice.Layer2Bridging.Filter.1.FilterInterface,false,2026-07-21T20:50:23.275Z,true,2026-07-21T20:50:23.275Z,"1",xsd:string,2026-07-21T20:50:23.279Z,,,,
InternetGatewayDevice.Layer2Bridging.Filter.1.FilterKey,false,2026-07-21T20:50:23.275Z,false,2026-07-21T20:50:23.275Z,"1",xsd:unsignedInt,2026-07-21T20:50:23.279Z,,,,
InternetGatewayDevice.Layer2Bridging.Filter.1.FilterStatus,false,2026-07-21T20:50:23.275Z,false,2026-07-21T20:50:23.275Z,"Disabled",xsd:string,2026-07-21T20:50:23.279Z,,,,
InternetGatewayDevice.Layer2Bridging.Filter.1.SourceMACFromVendorClassIDFilter,false,2026-07-21T20:50:23.275Z,true,2026-07-21T20:50:23.275Z,"",xsd:string,2026-07-21T20:50:23.279Z,,,,
InternetGatewayDevice.Layer2Bridging.Filter.1.SourceMACFromVendorClassIDFilterExclude,false,2026-07-21T20:50:23.275Z,true,2026-07-21T20:50:23.275Z,"true",xsd:boolean,2026-07-21T20:50:23.279Z,,,,
InternetGatewayDevice.Layer2Bridging.Filter.1.VLANIDFilter,false,2026-07-21T20:50:23.275Z,true,2026-07-21T20:50:23.275Z,"-1",xsd:int,2026-07-21T20:50:23.279Z,,,,
InternetGatewayDevice.Layer2Bridging.Filter.1.X_BROADCOM_COM_VLANIDFilter,false,2026-07-21T20:50:23.275Z,true,2026-07-21T20:50:23.275Z,"0",xsd:int,2026-07-21T20:50:23.279Z,,,,
InternetGatewayDevice.Layer2Bridging.Filter.10,true,2026-07-21T20:50:23.275Z,true,2026-07-21T20:50:23.275Z,"",,,,,,
InternetGatewayDevice.Layer2Bridging.Filter.10.AdmitOnlyVLANTagged,false,2026-07-21T20:50:23.275Z,true,2026-07-21T20:50:23.275Z,"false",xsd:boolean,2026-07-21T20:50:23.279Z,,,,
InternetGatewayDevice.Layer2Bridging.Filter.10.FilterBridgeReference,false,2026-07-21T20:50:23.275Z,true,2026-07-21T20:50:23.275Z,"0",xsd:int,2026-07-21T20:50:23.279Z,,,,
InternetGatewayDevice.Layer2Bridging.Filter.10.FilterEnable,false,2026-07-21T20:50:23.275Z,true,2026-07-21T20:50:23.275Z,"true",xsd:boolean,2026-07-21T20:50:23.279Z,,,,
InternetGatewayDevice.Layer2Bridging.Filter.10.FilterInterface,false,2026-07-21T20:50:23.275Z,true,2026-07-21T20:50:23.275Z,"3",xsd:string,2026-07-21T20:50:23.279Z,,,,
InternetGatewayDevice.Layer2Bridging.Filter.10.FilterKey,false,2026-07-21T20:50:23.275Z,false,2026-07-21T20:50:23.275Z,"3",xsd:unsignedInt,2026-07-21T20:50:23.279Z,,,,
InternetGatewayDevice.Layer2Bridging.Filter.10.FilterStatus,false,2026-07-21T20:50:23.275Z,false,2026-07-21T20:50:23.275Z,"Disabled",xsd:string,2026-07-21T20:50:23.279Z,,,,
InternetGatewayDevice.Layer2Bridging.Filter.10.SourceMACFromVendorClassIDFilter,false,2026-07-21T20:50:23.275Z,true,2026-07-21T20:50:23.275Z,"",xsd:string,2026-07-21T20:50:23.279Z,,,,
InternetGatewayDevice.Layer2Bridging.Filter.10.SourceMACFromVendorClassIDFilterExclude,false,2026-07-21T20:50:23.275Z,true,2026-07-21T20:50:23.275Z,"true",xsd:boolean,2026-07-21T20:50:23.279Z,,,,
InternetGatewayDevice.Layer2Bridging.Filter.10.VLANIDFilter,false,2026-07-21T20:50:23.275Z,true,2026-07-21T20:50:23.275Z,"-1",xsd:int,2026-07-21T20:50:23.279Z,,,,
InternetGatewayDevice.Layer2Bridging.Filter.10.X_BROADCOM_COM_VLANIDFilter,false,2026-07-21T20:50:23.275Z,true,2026-07-21T20:50:23.275Z,"0",xsd:int,2026-07-21T20:50:23.279Z,,,,
InternetGatewayDevice.Layer2Bridging.Filter.14,true,2026-07-21T20:50:23.275Z,true,2026-07-21T20:50:23.275Z,"",,,,,,
InternetGatewayDevice.Layer2Bridging.Filter.14.AdmitOnlyVLANTagged,false,2026-07-21T20:50:23.275Z,true,2026-07-21T20:50:23.275Z,"false",xsd:boolean,2026-07-21T20:50:23.279Z,,,,
InternetGatewayDevice.Layer2Bridging.Filter.14.FilterBridgeReference,false,2026-07-21T20:50:23.275Z,true,2026-07-21T20:50:23.275Z,"0",xsd:int,2026-07-21T20:50:23.279Z,,,,
InternetGatewayDevice.Layer2Bridging.Filter.14.FilterEnable,false,2026-07-21T20:50:23.275Z,true,2026-07-21T20:50:23.275Z,"true",xsd:boolean,2026-07-21T20:50:23.279Z,,,,
InternetGatewayDevice.Layer2Bridging.Filter.14.FilterInterface,false,2026-07-21T20:50:23.275Z,true,2026-07-21T20:50:23.275Z,"4",xsd:string,2026-07-21T20:50:23.279Z,,,,
InternetGatewayDevice.Layer2Bridging.Filter.14.FilterKey,false,2026-07-21T20:50:23.275Z,false,2026-07-21T20:50:23.275Z,"4",xsd:unsignedInt,2026-07-21T20:50:23.279Z,,,,
InternetGatewayDevice.Layer2Bridging.Filter.14.FilterStatus,false,2026-07-21T20:50:23.275Z,false,2026-07-21T20:50:23.275Z,"Disabled",xsd:string,2026-07-21T20:50:23.279Z,,,,
InternetGatewayDevice.Layer2Bridging.Filter.14.SourceMACFromVendorClassIDFilter,false,2026-07-21T20:50:23.275Z,true,2026-07-21T20:50:23.275Z,"",xsd:string,2026-07-21T20:50:23.279Z,,,,
InternetGatewayDevice.Layer2Bridging.Filter.14.SourceMACFromVendorClassIDFilterExclude,false,2026-07-21T20:50:23.275Z,true,2026-07-21T20:50:23.275Z,"true",xsd:boolean,2026-07-21T20:50:23.279Z,,,,
InternetGatewayDevice.Layer2Bridging.Filter.14.VLANIDFilter,false,2026-07-21T20:50:23.275Z,true,2026-07-21T20:50:23.275Z,"-1",xsd:int,2026-07-21T20:50:23.279Z,,,,
InternetGatewayDevice.Layer2Bridging.Filter.14.X_BROADCOM_COM_VLANIDFilter,false,2026-07-21T20:50:23.275Z,true,2026-07-21T20:50:23.275Z,"0",xsd:int,2026-07-21T20:50:23.279Z,,,,
InternetGatewayDevice.Layer2Bridging.Filter.18,true,2026-07-21T20:50:23.275Z,true,2026-07-21T20:50:23.275Z,"",,,,,,
InternetGatewayDevice.Layer2Bridging.Filter.18.AdmitOnlyVLANTagged,false,2026-07-21T20:50:23.275Z,true,2026-07-21T20:50:23.275Z,"false",xsd:boolean,2026-07-21T20:50:23.279Z,,,,
InternetGatewayDevice.Layer2Bridging.Filter.18.FilterBridgeReference,false,2026-07-21T20:50:23.275Z,true,2026-07-21T20:50:23.275Z,"0",xsd:int,2026-07-21T20:50:23.279Z,,,,
InternetGatewayDevice.Layer2Bridging.Filter.18.FilterEnable,false,2026-07-21T20:50:23.275Z,true,2026-07-21T20:50:23.275Z,"true",xsd:boolean,2026-07-21T20:50:23.279Z,,,,
InternetGatewayDevice.Layer2Bridging.Filter.18.FilterInterface,false,2026-07-21T20:50:23.275Z,true,2026-07-21T20:50:23.275Z,"5",xsd:string,2026-07-21T20:50:23.279Z,,,,
InternetGatewayDevice.Layer2Bridging.Filter.18.FilterKey,false,2026-07-21T20:50:23.275Z,false,2026-07-21T20:50:23.275Z,"5",xsd:unsignedInt,2026-07-21T20:50:23.279Z,,,,
InternetGatewayDevice.Layer2Bridging.Filter.18.FilterStatus,false,2026-07-21T20:50:23.275Z,false,2026-07-21T20:50:23.275Z,"Disabled",xsd:string,2026-07-21T20:50:23.279Z,,,,
InternetGatewayDevice.Layer2Bridging.Filter.18.SourceMACFromVendorClassIDFilter,false,2026-07-21T20:50:23.275Z,true,2026-07-21T20:50:23.275Z,"",xsd:string,2026-07-21T20:50:23.279Z,,,,
InternetGatewayDevice.Layer2Bridging.Filter.18.SourceMACFromVendorClassIDFilterExclude,false,2026-07-21T20:50:23.275Z,true,2026-07-21T20:50:23.275Z,"true",xsd:boolean,2026-07-21T20:50:23.279Z,,,,
InternetGatewayDevice.Layer2Bridging.Filter.18.VLANIDFilter,false,2026-07-21T20:50:23.275Z,true,2026-07-21T20:50:23.275Z,"-1",xsd:int,2026-07-21T20:50:23.279Z,,,,
InternetGatewayDevice.Layer2Bridging.Filter.18.X_BROADCOM_COM_VLANIDFilter,false,2026-07-21T20:50:23.275Z,true,2026-07-21T20:50:23.275Z,"0",xsd:int,2026-07-21T20:50:23.279Z,,,,
InternetGatewayDevice.Layer2Bridging.Filter.30,true,2026-07-21T20:50:23.275Z,true,2026-07-21T20:50:23.275Z,"",,,,,,
InternetGatewayDevice.Layer2Bridging.Filter.30.AdmitOnlyVLANTagged,false,2026-07-21T20:50:23.275Z,true,2026-07-21T20:50:23.275Z,"false",xsd:boolean,2026-07-21T20:50:23.279Z,,,,
InternetGatewayDevice.Layer2Bridging.Filter.30.FilterBridgeReference,false,2026-07-21T20:50:23.275Z,true,2026-07-21T20:50:23.275Z,"190",xsd:int,2026-07-21T20:50:23.279Z,,,,
InternetGatewayDevice.Layer2Bridging.Filter.30.FilterEnable,false,2026-07-21T20:50:23.275Z,true,2026-07-21T20:50:23.275Z,"false",xsd:boolean,2026-07-21T20:50:23.279Z,,,,
InternetGatewayDevice.Layer2Bridging.Filter.30.FilterInterface,false,2026-07-21T20:50:23.275Z,true,2026-07-21T20:50:23.275Z,"1",xsd:string,2026-07-21T20:50:23.279Z,,,,
InternetGatewayDevice.Layer2Bridging.Filter.30.FilterKey,false,2026-07-21T20:50:23.275Z,false,2026-07-21T20:50:23.275Z,"30",xsd:unsignedInt,2026-07-21T20:50:23.279Z,,,,
InternetGatewayDevice.Layer2Bridging.Filter.30.FilterStatus,false,2026-07-21T20:50:23.275Z,false,2026-07-21T20:50:23.275Z,"Disabled",xsd:string,2026-07-21T20:50:23.279Z,,,,
InternetGatewayDevice.Layer2Bridging.Filter.30.SourceMACFromVendorClassIDFilter,false,2026-07-21T20:50:23.275Z,true,2026-07-21T20:50:23.275Z,"",xsd:string,2026-07-21T20:50:23.279Z,,,,
InternetGatewayDevice.Layer2Bridging.Filter.30.SourceMACFromVendorClassIDFilterExclude,false,2026-07-21T20:50:23.275Z,true,2026-07-21T20:50:23.275Z,"true",xsd:boolean,2026-07-21T20:50:23.279Z,,,,
InternetGatewayDevice.Layer2Bridging.Filter.30.VLANIDFilter,false,2026-07-21T20:50:23.275Z,true,2026-07-21T20:50:23.275Z,"-1",xsd:int,2026-07-21T20:50:23.279Z,,,,
InternetGatewayDevice.Layer2Bridging.Filter.30.X_BROADCOM_COM_VLANIDFilter,false,2026-07-21T20:50:23.275Z,true,2026-07-21T20:50:23.275Z,"0",xsd:int,2026-07-21T20:50:23.279Z,,,,
InternetGatewayDevice.Layer2Bridging.Filter.31,true,2026-07-21T20:50:23.275Z,true,2026-07-21T20:50:23.275Z,"",,,,,,
InternetGatewayDevice.Layer2Bridging.Filter.31.AdmitOnlyVLANTagged,false,2026-07-21T20:50:23.275Z,true,2026-07-21T20:50:23.275Z,"false",xsd:boolean,2026-07-21T20:50:23.279Z,,,,
InternetGatewayDevice.Layer2Bridging.Filter.31.FilterBridgeReference,false,2026-07-21T20:50:23.275Z,true,2026-07-21T20:50:23.275Z,"190",xsd:int,2026-07-21T20:50:23.279Z,,,,
InternetGatewayDevice.Layer2Bridging.Filter.31.FilterEnable,false,2026-07-21T20:50:23.275Z,true,2026-07-21T20:50:23.275Z,"false",xsd:boolean,2026-07-21T20:50:23.279Z,,,,
InternetGatewayDevice.Layer2Bridging.Filter.31.FilterInterface,false,2026-07-21T20:50:23.275Z,true,2026-07-21T20:50:23.275Z,"3",xsd:string,2026-07-21T20:50:23.279Z,,,,
InternetGatewayDevice.Layer2Bridging.Filter.31.FilterKey,false,2026-07-21T20:50:23.275Z,false,2026-07-21T20:50:23.275Z,"31",xsd:unsignedInt,2026-07-21T20:50:23.279Z,,,,
InternetGatewayDevice.Layer2Bridging.Filter.31.FilterStatus,false,2026-07-21T20:50:23.275Z,false,2026-07-21T20:50:23.275Z,"Disabled",xsd:string,2026-07-21T20:50:23.279Z,,,,
InternetGatewayDevice.Layer2Bridging.Filter.31.SourceMACFromVendorClassIDFilter,false,2026-07-21T20:50:23.275Z,true,2026-07-21T20:50:23.275Z,"",xsd:string,2026-07-21T20:50:23.279Z,,,,
InternetGatewayDevice.Layer2Bridging.Filter.31.SourceMACFromVendorClassIDFilterExclude,false,2026-07-21T20:50:23.275Z,true,2026-07-21T20:50:23.275Z,"true",xsd:boolean,2026-07-21T20:50:23.279Z,,,,
InternetGatewayDevice.Layer2Bridging.Filter.31.VLANIDFilter,false,2026-07-21T20:50:23.275Z,true,2026-07-21T20:50:23.275Z,"-1",xsd:int,2026-07-21T20:50:23.279Z,,,,
InternetGatewayDevice.Layer2Bridging.Filter.31.X_BROADCOM_COM_VLANIDFilter,false,2026-07-21T20:50:23.275Z,true,2026-07-21T20:50:23.275Z,"0",xsd:int,2026-07-21T20:50:23.279Z,,,,
InternetGatewayDevice.Layer2Bridging.Filter.32,true,2026-07-21T20:50:23.275Z,true,2026-07-21T20:50:23.275Z,"",,,,,,
InternetGatewayDevice.Layer2Bridging.Filter.32.AdmitOnlyVLANTagged,false,2026-07-21T20:50:23.275Z,true,2026-07-21T20:50:23.275Z,"false",xsd:boolean,2026-07-21T20:50:23.279Z,,,,
InternetGatewayDevice.Layer2Bridging.Filter.32.FilterBridgeReference,false,2026-07-21T20:50:23.275Z,true,2026-07-21T20:50:23.275Z,"190",xsd:int,2026-07-21T20:50:23.279Z,,,,
InternetGatewayDevice.Layer2Bridging.Filter.32.FilterEnable,false,2026-07-21T20:50:23.275Z,true,2026-07-21T20:50:23.275Z,"false",xsd:boolean,2026-07-21T20:50:23.279Z,,,,
InternetGatewayDevice.Layer2Bridging.Filter.32.FilterInterface,false,2026-07-21T20:50:23.275Z,true,2026-07-21T20:50:23.275Z,"2",xsd:string,2026-07-21T20:50:23.279Z,,,,
InternetGatewayDevice.Layer2Bridging.Filter.32.FilterKey,false,2026-07-21T20:50:23.275Z,false,2026-07-21T20:50:23.275Z,"32",xsd:unsignedInt,2026-07-21T20:50:23.279Z,,,,
InternetGatewayDevice.Layer2Bridging.Filter.32.FilterStatus,false,2026-07-21T20:50:23.275Z,false,2026-07-21T20:50:23.275Z,"Disabled",xsd:string,2026-07-21T20:50:23.279Z,,,,
InternetGatewayDevice.Layer2Bridging.Filter.32.SourceMACFromVendorClassIDFilter,false,2026-07-21T20:50:23.275Z,true,2026-07-21T20:50:23.275Z,"",xsd:string,2026-07-21T20:50:23.279Z,,,,
InternetGatewayDevice.Layer2Bridging.Filter.32.SourceMACFromVendorClassIDFilterExclude,false,2026-07-21T20:50:23.275Z,true,2026-07-21T20:50:23.275Z,"true",xsd:boolean,2026-07-21T20:50:23.279Z,,,,
InternetGatewayDevice.Layer2Bridging.Filter.32.VLANIDFilter,false,2026-07-21T20:50:23.275Z,true,2026-07-21T20:50:23.275Z,"-1",xsd:int,2026-07-21T20:50:23.279Z,,,,
InternetGatewayDevice.Layer2Bridging.Filter.32.X_BROADCOM_COM_VLANIDFilter,false,2026-07-21T20:50:23.275Z,true,2026-07-21T20:50:23.275Z,"0",xsd:int,2026-07-21T20:50:23.279Z,,,,
InternetGatewayDevice.Layer2Bridging.Filter.33,true,2026-07-21T20:50:23.275Z,true,2026-07-21T20:50:23.275Z,"",,,,,,
InternetGatewayDevice.Layer2Bridging.Filter.33.AdmitOnlyVLANTagged,false,2026-07-21T20:50:23.275Z,true,2026-07-21T20:50:23.275Z,"false",xsd:boolean,2026-07-21T20:50:23.279Z,,,,
InternetGatewayDevice.Layer2Bridging.Filter.33.FilterBridgeReference,false,2026-07-21T20:50:23.275Z,true,2026-07-21T20:50:23.275Z,"10",xsd:int,2026-07-21T20:50:23.279Z,,,,
InternetGatewayDevice.Layer2Bridging.Filter.33.FilterEnable,false,2026-07-21T20:50:23.275Z,true,2026-07-21T20:50:23.275Z,"false",xsd:boolean,2026-07-21T20:50:23.279Z,,,,
InternetGatewayDevice.Layer2Bridging.Filter.33.FilterInterface,false,2026-07-21T20:50:23.275Z,true,2026-07-21T20:50:23.275Z,"1",xsd:string,2026-07-21T20:50:23.279Z,,,,
InternetGatewayDevice.Layer2Bridging.Filter.33.FilterKey,false,2026-07-21T20:50:23.275Z,false,2026-07-21T20:50:23.275Z,"33",xsd:unsignedInt,2026-07-21T20:50:23.279Z,,,,
InternetGatewayDevice.Layer2Bridging.Filter.33.FilterStatus,false,2026-07-21T20:50:23.275Z,false,2026-07-21T20:50:23.275Z,"Disabled",xsd:string,2026-07-21T20:50:23.279Z,,,,
InternetGatewayDevice.Layer2Bridging.Filter.33.SourceMACFromVendorClassIDFilter,false,2026-07-21T20:50:23.275Z,true,2026-07-21T20:50:23.275Z,"",xsd:string,2026-07-21T20:50:23.279Z,,,,
InternetGatewayDevice.Layer2Bridging.Filter.33.SourceMACFromVendorClassIDFilterExclude,false,2026-07-21T20:50:23.275Z,true,2026-07-21T20:50:23.275Z,"true",xsd:boolean,2026-07-21T20:50:23.279Z,,,,
InternetGatewayDevice.Layer2Bridging.Filter.33.VLANIDFilter,false,2026-07-21T20:50:23.275Z,true,2026-07-21T20:50:23.275Z,"-1",xsd:int,2026-07-21T20:50:23.279Z,,,,
InternetGatewayDevice.Layer2Bridging.Filter.33.X_BROADCOM_COM_VLANIDFilter,false,2026-07-21T20:50:23.275Z,true,2026-07-21T20:50:23.275Z,"0",xsd:int,2026-07-21T20:50:23.279Z,,,,
InternetGatewayDevice.Layer2Bridging.Filter.5,true,2026-07-21T20:50:23.275Z,true,2026-07-21T20:50:23.275Z,"",,,,,,
InternetGatewayDevice.Layer2Bridging.Filter.5.AdmitOnlyVLANTagged,false,2026-07-21T20:50:23.275Z,true,2026-07-21T20:50:23.275Z,"false",xsd:boolean,2026-07-21T20:50:23.279Z,,,,
InternetGatewayDevice.Layer2Bridging.Filter.5.FilterBridgeReference,false,2026-07-21T20:50:23.275Z,true,2026-07-21T20:50:23.275Z,"7",xsd:int,2026-07-21T20:50:23.279Z,,,,
InternetGatewayDevice.Layer2Bridging.Filter.5.FilterEnable,false,2026-07-21T20:50:23.275Z,true,2026-07-21T20:50:23.275Z,"true",xsd:boolean,2026-07-21T20:50:23.279Z,,,,
InternetGatewayDevice.Layer2Bridging.Filter.5.FilterInterface,false,2026-07-21T20:50:23.275Z,true,2026-07-21T20:50:23.275Z,"1",xsd:string,2026-07-21T20:50:23.279Z,,,,
InternetGatewayDevice.Layer2Bridging.Filter.5.FilterKey,false,2026-07-21T20:50:23.275Z,false,2026-07-21T20:50:23.275Z,"1",xsd:unsignedInt,2026-07-21T20:50:23.279Z,,,,
InternetGatewayDevice.Layer2Bridging.Filter.5.FilterStatus,false,2026-07-21T20:50:23.275Z,false,2026-07-21T20:50:23.275Z,"Disabled",xsd:string,2026-07-21T20:50:23.279Z,,,,
InternetGatewayDevice.Layer2Bridging.Filter.5.SourceMACFromVendorClassIDFilter,false,2026-07-21T20:50:23.275Z,true,2026-07-21T20:50:23.275Z,"",xsd:string,2026-07-21T20:50:23.279Z,,,,
InternetGatewayDevice.Layer2Bridging.Filter.5.SourceMACFromVendorClassIDFilterExclude,false,2026-07-21T20:50:23.275Z,true,2026-07-21T20:50:23.275Z,"true",xsd:boolean,2026-07-21T20:50:23.279Z,,,,
InternetGatewayDevice.Layer2Bridging.Filter.5.VLANIDFilter,false,2026-07-21T20:50:23.275Z,true,2026-07-21T20:50:23.275Z,"-1",xsd:int,2026-07-21T20:50:23.279Z,,,,
InternetGatewayDevice.Layer2Bridging.Filter.5.X_BROADCOM_COM_VLANIDFilter,false,2026-07-21T20:50:23.275Z,true,2026-07-21T20:50:23.275Z,"0",xsd:int,2026-07-21T20:50:23.279Z,,,,
InternetGatewayDevice.Layer2Bridging.Filter.6,true,2026-07-21T20:50:23.275Z,true,2026-07-21T20:50:23.275Z,"",,,,,,
InternetGatewayDevice.Layer2Bridging.Filter.6.AdmitOnlyVLANTagged,false,2026-07-21T20:50:23.275Z,true,2026-07-21T20:50:23.275Z,"false",xsd:boolean,2026-07-21T20:50:23.279Z,,,,
InternetGatewayDevice.Layer2Bridging.Filter.6.FilterBridgeReference,false,2026-07-21T20:50:23.275Z,true,2026-07-21T20:50:23.275Z,"0",xsd:int,2026-07-21T20:50:23.279Z,,,,
InternetGatewayDevice.Layer2Bridging.Filter.6.FilterEnable,false,2026-07-21T20:50:23.275Z,true,2026-07-21T20:50:23.275Z,"true",xsd:boolean,2026-07-21T20:50:23.279Z,,,,
InternetGatewayDevice.Layer2Bridging.Filter.6.FilterInterface,false,2026-07-21T20:50:23.275Z,true,2026-07-21T20:50:23.275Z,"2",xsd:string,2026-07-21T20:50:23.279Z,,,,
InternetGatewayDevice.Layer2Bridging.Filter.6.FilterKey,false,2026-07-21T20:50:23.275Z,false,2026-07-21T20:50:23.275Z,"2",xsd:unsignedInt,2026-07-21T20:50:23.279Z,,,,
InternetGatewayDevice.Layer2Bridging.Filter.6.FilterStatus,false,2026-07-21T20:50:23.275Z,false,2026-07-21T20:50:23.275Z,"Disabled",xsd:string,2026-07-21T20:50:23.279Z,,,,
InternetGatewayDevice.Layer2Bridging.Filter.6.SourceMACFromVendorClassIDFilter,false,2026-07-21T20:50:23.275Z,true,2026-07-21T20:50:23.275Z,"",xsd:string,2026-07-21T20:50:23.279Z,,,,
InternetGatewayDevice.Layer2Bridging.Filter.6.SourceMACFromVendorClassIDFilterExclude,false,2026-07-21T20:50:23.275Z,true,2026-07-21T20:50:23.275Z,"true",xsd:boolean,2026-07-21T20:50:23.279Z,,,,
InternetGatewayDevice.Layer2Bridging.Filter.6.VLANIDFilter,false,2026-07-21T20:50:23.275Z,true,2026-07-21T20:50:23.275Z,"-1",xsd:int,2026-07-21T20:50:23.279Z,,,,
InternetGatewayDevice.Layer2Bridging.Filter.6.X_BROADCOM_COM_VLANIDFilter,false,2026-07-21T20:50:23.275Z,true,2026-07-21T20:50:23.275Z,"0",xsd:int,2026-07-21T20:50:23.279Z,,,,
InternetGatewayDevice.Layer2Bridging.FilterNumberOfEntries,false,2026-07-21T20:50:23.275Z,false,2026-07-21T20:50:23.275Z,"10",xsd:unsignedInt,2026-07-21T20:50:23.279Z,,,,
InternetGatewayDevice.Layer2Bridging.Marking,true,2026-07-21T20:50:23.275Z,true,2026-07-21T20:50:23.275Z,"",,,,,,
InternetGatewayDevice.Layer2Bridging.Marking.1,true,2026-07-21T20:50:23.275Z,true,2026-07-21T20:50:23.275Z,"",,,,,,
InternetGatewayDevice.Layer2Bridging.Marking.1.EthernetPriorityMark,false,2026-07-21T20:50:23.275Z,true,2026-07-21T20:50:23.275Z,"-1",xsd:int,2026-07-21T20:50:23.279Z,,,,
InternetGatewayDevice.Layer2Bridging.Marking.1.EthernetPriorityOverride,false,2026-07-21T20:50:23.275Z,true,2026-07-21T20:50:23.275Z,"false",xsd:boolean,2026-07-21T20:50:23.279Z,,,,
InternetGatewayDevice.Layer2Bridging.Marking.1.MarkingBridgeReference,false,2026-07-21T20:50:23.275Z,true,2026-07-21T20:50:23.275Z,"0",xsd:int,2026-07-21T20:50:23.279Z,,,,
InternetGatewayDevice.Layer2Bridging.Marking.1.MarkingEnable,false,2026-07-21T20:50:23.275Z,true,2026-07-21T20:50:23.275Z,"true",xsd:boolean,2026-07-21T20:50:23.279Z,,,,
InternetGatewayDevice.Layer2Bridging.Marking.1.MarkingInterface,false,2026-07-21T20:50:23.275Z,true,2026-07-21T20:50:23.275Z,"1",xsd:string,2026-07-21T20:50:23.279Z,,,,
InternetGatewayDevice.Layer2Bridging.Marking.1.MarkingKey,false,2026-07-21T20:50:23.275Z,false,2026-07-21T20:50:23.275Z,"1",xsd:unsignedInt,2026-07-21T20:50:23.279Z,,,,
InternetGatewayDevice.Layer2Bridging.Marking.1.MarkingStatus,false,2026-07-21T20:50:23.275Z,false,2026-07-21T20:50:23.275Z,"Disabled",xsd:string,2026-07-21T20:50:23.279Z,,,,
InternetGatewayDevice.Layer2Bridging.Marking.1.VLANIDMark,false,2026-07-21T20:50:23.275Z,true,2026-07-21T20:50:23.275Z,"-1",xsd:int,2026-07-21T20:50:23.279Z,,,,
InternetGatewayDevice.Layer2Bridging.Marking.1.VLANIDMarkOverride,false,2026-07-21T20:50:23.275Z,true,2026-07-21T20:50:23.275Z,"false",xsd:boolean,2026-07-21T20:50:23.279Z,,,,
InternetGatewayDevice.Layer2Bridging.Marking.1.VLANIDUntag,false,2026-07-21T20:50:23.275Z,true,2026-07-21T20:50:23.275Z,"true",xsd:boolean,2026-07-21T20:50:23.279Z,,,,
InternetGatewayDevice.Layer2Bridging.Marking.1.X_ZHONE_COM_VLANID_TYPE,false,2026-07-21T20:50:23.275Z,true,2026-07-21T20:50:23.275Z,"Untagged",xsd:string,2026-07-21T20:50:23.279Z,,,,
InternetGatewayDevice.Layer2Bridging.Marking.10,true,2026-07-21T20:50:23.275Z,true,2026-07-21T20:50:23.275Z,"",,,,,,
InternetGatewayDevice.Layer2Bridging.Marking.10.EthernetPriorityMark,false,2026-07-21T20:50:23.275Z,true,2026-07-21T20:50:23.275Z,"-1",xsd:int,2026-07-21T20:50:23.279Z,,,,
InternetGatewayDevice.Layer2Bridging.Marking.10.EthernetPriorityOverride,false,2026-07-21T20:50:23.275Z,true,2026-07-21T20:50:23.275Z,"false",xsd:boolean,2026-07-21T20:50:23.279Z,,,,
InternetGatewayDevice.Layer2Bridging.Marking.10.MarkingBridgeReference,false,2026-07-21T20:50:23.275Z,true,2026-07-21T20:50:23.275Z,"0",xsd:int,2026-07-21T20:50:23.279Z,,,,
InternetGatewayDevice.Layer2Bridging.Marking.10.MarkingEnable,false,2026-07-21T20:50:23.275Z,true,2026-07-21T20:50:23.275Z,"true",xsd:boolean,2026-07-21T20:50:23.279Z,,,,
InternetGatewayDevice.Layer2Bridging.Marking.10.MarkingInterface,false,2026-07-21T20:50:23.275Z,true,2026-07-21T20:50:23.275Z,"3",xsd:string,2026-07-21T20:50:23.279Z,,,,
InternetGatewayDevice.Layer2Bridging.Marking.10.MarkingKey,false,2026-07-21T20:50:23.275Z,false,2026-07-21T20:50:23.275Z,"3",xsd:unsignedInt,2026-07-21T20:50:23.279Z,,,,
InternetGatewayDevice.Layer2Bridging.Marking.10.MarkingStatus,false,2026-07-21T20:50:23.275Z,false,2026-07-21T20:50:23.275Z,"Disabled",xsd:string,2026-07-21T20:50:23.279Z,,,,
InternetGatewayDevice.Layer2Bridging.Marking.10.VLANIDMark,false,2026-07-21T20:50:23.275Z,true,2026-07-21T20:50:23.275Z,"-1",xsd:int,2026-07-21T20:50:23.279Z,,,,
InternetGatewayDevice.Layer2Bridging.Marking.10.VLANIDMarkOverride,false,2026-07-21T20:50:23.275Z,true,2026-07-21T20:50:23.275Z,"false",xsd:boolean,2026-07-21T20:50:23.279Z,,,,
InternetGatewayDevice.Layer2Bridging.Marking.10.VLANIDUntag,false,2026-07-21T20:50:23.275Z,true,2026-07-21T20:50:23.275Z,"true",xsd:boolean,2026-07-21T20:50:23.279Z,,,,
InternetGatewayDevice.Layer2Bridging.Marking.10.X_ZHONE_COM_VLANID_TYPE,false,2026-07-21T20:50:23.275Z,true,2026-07-21T20:50:23.275Z,"Untagged",xsd:string,2026-07-21T20:50:23.279Z,,,,
InternetGatewayDevice.Layer2Bridging.Marking.14,true,2026-07-21T20:50:23.275Z,true,2026-07-21T20:50:23.275Z,"",,,,,,
InternetGatewayDevice.Layer2Bridging.Marking.14.EthernetPriorityMark,false,2026-07-21T20:50:23.275Z,true,2026-07-21T20:50:23.275Z,"-1",xsd:int,2026-07-21T20:50:23.279Z,,,,
InternetGatewayDevice.Layer2Bridging.Marking.14.EthernetPriorityOverride,false,2026-07-21T20:50:23.275Z,true,2026-07-21T20:50:23.275Z,"false",xsd:boolean,2026-07-21T20:50:23.279Z,,,,
InternetGatewayDevice.Layer2Bridging.Marking.14.MarkingBridgeReference,false,2026-07-21T20:50:23.275Z,true,2026-07-21T20:50:23.275Z,"0",xsd:int,2026-07-21T20:50:23.279Z,,,,
InternetGatewayDevice.Layer2Bridging.Marking.14.MarkingEnable,false,2026-07-21T20:50:23.275Z,true,2026-07-21T20:50:23.275Z,"true",xsd:boolean,2026-07-21T20:50:23.279Z,,,,
InternetGatewayDevice.Layer2Bridging.Marking.14.MarkingInterface,false,2026-07-21T20:50:23.275Z,true,2026-07-21T20:50:23.275Z,"4",xsd:string,2026-07-21T20:50:23.279Z,,,,
InternetGatewayDevice.Layer2Bridging.Marking.14.MarkingKey,false,2026-07-21T20:50:23.275Z,false,2026-07-21T20:50:23.275Z,"4",xsd:unsignedInt,2026-07-21T20:50:23.279Z,,,,
InternetGatewayDevice.Layer2Bridging.Marking.14.MarkingStatus,false,2026-07-21T20:50:23.275Z,false,2026-07-21T20:50:23.275Z,"Disabled",xsd:string,2026-07-21T20:50:23.279Z,,,,
InternetGatewayDevice.Layer2Bridging.Marking.14.VLANIDMark,false,2026-07-21T20:50:23.275Z,true,2026-07-21T20:50:23.275Z,"-1",xsd:int,2026-07-21T20:50:23.279Z,,,,
InternetGatewayDevice.Layer2Bridging.Marking.14.VLANIDMarkOverride,false,2026-07-21T20:50:23.275Z,true,2026-07-21T20:50:23.275Z,"false",xsd:boolean,2026-07-21T20:50:23.279Z,,,,
InternetGatewayDevice.Layer2Bridging.Marking.14.VLANIDUntag,false,2026-07-21T20:50:23.275Z,true,2026-07-21T20:50:23.275Z,"true",xsd:boolean,2026-07-21T20:50:23.279Z,,,,
InternetGatewayDevice.Layer2Bridging.Marking.14.X_ZHONE_COM_VLANID_TYPE,false,2026-07-21T20:50:23.275Z,true,2026-07-21T20:50:23.275Z,"Untagged",xsd:string,2026-07-21T20:50:23.279Z,,,,
InternetGatewayDevice.Layer2Bridging.Marking.18,true,2026-07-21T20:50:23.275Z,true,2026-07-21T20:50:23.275Z,"",,,,,,
InternetGatewayDevice.Layer2Bridging.Marking.18.EthernetPriorityMark,false,2026-07-21T20:50:23.275Z,true,2026-07-21T20:50:23.275Z,"-1",xsd:int,2026-07-21T20:50:23.279Z,,,,
InternetGatewayDevice.Layer2Bridging.Marking.18.EthernetPriorityOverride,false,2026-07-21T20:50:23.275Z,true,2026-07-21T20:50:23.275Z,"false",xsd:boolean,2026-07-21T20:50:23.279Z,,,,
InternetGatewayDevice.Layer2Bridging.Marking.18.MarkingBridgeReference,false,2026-07-21T20:50:23.275Z,true,2026-07-21T20:50:23.275Z,"0",xsd:int,2026-07-21T20:50:23.279Z,,,,
InternetGatewayDevice.Layer2Bridging.Marking.18.MarkingEnable,false,2026-07-21T20:50:23.275Z,true,2026-07-21T20:50:23.275Z,"true",xsd:boolean,2026-07-21T20:50:23.279Z,,,,
InternetGatewayDevice.Layer2Bridging.Marking.18.MarkingInterface,false,2026-07-21T20:50:23.275Z,true,2026-07-21T20:50:23.275Z,"5",xsd:string,2026-07-21T20:50:23.279Z,,,,
InternetGatewayDevice.Layer2Bridging.Marking.18.MarkingKey,false,2026-07-21T20:50:23.275Z,false,2026-07-21T20:50:23.275Z,"5",xsd:unsignedInt,2026-07-21T20:50:23.279Z,,,,
InternetGatewayDevice.Layer2Bridging.Marking.18.MarkingStatus,false,2026-07-21T20:50:23.275Z,false,2026-07-21T20:50:23.275Z,"Disabled",xsd:string,2026-07-21T20:50:23.279Z,,,,
InternetGatewayDevice.Layer2Bridging.Marking.18.VLANIDMark,false,2026-07-21T20:50:23.275Z,true,2026-07-21T20:50:23.275Z,"-1",xsd:int,2026-07-21T20:50:23.279Z,,,,
InternetGatewayDevice.Layer2Bridging.Marking.18.VLANIDMarkOverride,false,2026-07-21T20:50:23.275Z,true,2026-07-21T20:50:23.275Z,"false",xsd:boolean,2026-07-21T20:50:23.279Z,,,,
InternetGatewayDevice.Layer2Bridging.Marking.18.VLANIDUntag,false,2026-07-21T20:50:23.275Z,true,2026-07-21T20:50:23.275Z,"true",xsd:boolean,2026-07-21T20:50:23.279Z,,,,
InternetGatewayDevice.Layer2Bridging.Marking.18.X_ZHONE_COM_VLANID_TYPE,false,2026-07-21T20:50:23.275Z,true,2026-07-21T20:50:23.275Z,"Untagged",xsd:string,2026-07-21T20:50:23.279Z,,,,
InternetGatewayDevice.Layer2Bridging.Marking.30,true,2026-07-21T20:50:23.275Z,true,2026-07-21T20:50:23.275Z,"",,,,,,
InternetGatewayDevice.Layer2Bridging.Marking.30.EthernetPriorityMark,false,2026-07-21T20:50:23.275Z,true,2026-07-21T20:50:23.275Z,"-1",xsd:int,2026-07-21T20:50:23.279Z,,,,
InternetGatewayDevice.Layer2Bridging.Marking.30.EthernetPriorityOverride,false,2026-07-21T20:50:23.275Z,true,2026-07-21T20:50:23.275Z,"false",xsd:boolean,2026-07-21T20:50:23.279Z,,,,
InternetGatewayDevice.Layer2Bridging.Marking.30.MarkingBridgeReference,false,2026-07-21T20:50:23.275Z,true,2026-07-21T20:50:23.275Z,"190",xsd:int,2026-07-21T20:50:23.279Z,,,,
InternetGatewayDevice.Layer2Bridging.Marking.30.MarkingEnable,false,2026-07-21T20:50:23.275Z,true,2026-07-21T20:50:23.275Z,"true",xsd:boolean,2026-07-21T20:50:23.279Z,,,,
InternetGatewayDevice.Layer2Bridging.Marking.30.MarkingInterface,false,2026-07-21T20:50:23.275Z,true,2026-07-21T20:50:23.275Z,"1",xsd:string,2026-07-21T20:50:23.279Z,,,,
InternetGatewayDevice.Layer2Bridging.Marking.30.MarkingKey,false,2026-07-21T20:50:23.275Z,false,2026-07-21T20:50:23.275Z,"30",xsd:unsignedInt,2026-07-21T20:50:23.279Z,,,,
InternetGatewayDevice.Layer2Bridging.Marking.30.MarkingStatus,false,2026-07-21T20:50:23.275Z,false,2026-07-21T20:50:23.275Z,"Disabled",xsd:string,2026-07-21T20:50:23.279Z,,,,
InternetGatewayDevice.Layer2Bridging.Marking.30.VLANIDMark,false,2026-07-21T20:50:23.275Z,true,2026-07-21T20:50:23.275Z,"-1",xsd:int,2026-07-21T20:50:23.279Z,,,,
InternetGatewayDevice.Layer2Bridging.Marking.30.VLANIDMarkOverride,false,2026-07-21T20:50:23.275Z,true,2026-07-21T20:50:23.275Z,"false",xsd:boolean,2026-07-21T20:50:23.279Z,,,,
InternetGatewayDevice.Layer2Bridging.Marking.30.VLANIDUntag,false,2026-07-21T20:50:23.275Z,true,2026-07-21T20:50:23.275Z,"false",xsd:boolean,2026-07-21T20:50:23.279Z,,,,
InternetGatewayDevice.Layer2Bridging.Marking.30.X_ZHONE_COM_VLANID_TYPE,false,2026-07-21T20:50:23.275Z,true,2026-07-21T20:50:23.275Z,"OMCI",xsd:string,2026-07-21T20:50:23.279Z,,,,
InternetGatewayDevice.Layer2Bridging.Marking.31,true,2026-07-21T20:50:23.275Z,true,2026-07-21T20:50:23.275Z,"",,,,,,
InternetGatewayDevice.Layer2Bridging.Marking.31.EthernetPriorityMark,false,2026-07-21T20:50:23.275Z,true,2026-07-21T20:50:23.275Z,"-1",xsd:int,2026-07-21T20:50:23.279Z,,,,
InternetGatewayDevice.Layer2Bridging.Marking.31.EthernetPriorityOverride,false,2026-07-21T20:50:23.275Z,true,2026-07-21T20:50:23.275Z,"false",xsd:boolean,2026-07-21T20:50:23.279Z,,,,
InternetGatewayDevice.Layer2Bridging.Marking.31.MarkingBridgeReference,false,2026-07-21T20:50:23.275Z,true,2026-07-21T20:50:23.275Z,"190",xsd:int,2026-07-21T20:50:23.279Z,,,,
InternetGatewayDevice.Layer2Bridging.Marking.31.MarkingEnable,false,2026-07-21T20:50:23.275Z,true,2026-07-21T20:50:23.275Z,"true",xsd:boolean,2026-07-21T20:50:23.279Z,,,,
InternetGatewayDevice.Layer2Bridging.Marking.31.MarkingInterface,false,2026-07-21T20:50:23.275Z,true,2026-07-21T20:50:23.275Z,"3",xsd:string,2026-07-21T20:50:23.279Z,,,,
InternetGatewayDevice.Layer2Bridging.Marking.31.MarkingKey,false,2026-07-21T20:50:23.275Z,false,2026-07-21T20:50:23.275Z,"31",xsd:unsignedInt,2026-07-21T20:50:23.279Z,,,,
InternetGatewayDevice.Layer2Bridging.Marking.31.MarkingStatus,false,2026-07-21T20:50:23.275Z,false,2026-07-21T20:50:23.275Z,"Disabled",xsd:string,2026-07-21T20:50:23.279Z,,,,
InternetGatewayDevice.Layer2Bridging.Marking.31.VLANIDMark,false,2026-07-21T20:50:23.275Z,true,2026-07-21T20:50:23.275Z,"-1",xsd:int,2026-07-21T20:50:23.279Z,,,,
InternetGatewayDevice.Layer2Bridging.Marking.31.VLANIDMarkOverride,false,2026-07-21T20:50:23.275Z,true,2026-07-21T20:50:23.275Z,"false",xsd:boolean,2026-07-21T20:50:23.279Z,,,,
InternetGatewayDevice.Layer2Bridging.Marking.31.VLANIDUntag,false,2026-07-21T20:50:23.275Z,true,2026-07-21T20:50:23.275Z,"true",xsd:boolean,2026-07-21T20:50:23.279Z,,,,
InternetGatewayDevice.Layer2Bridging.Marking.31.X_ZHONE_COM_VLANID_TYPE,false,2026-07-21T20:50:23.275Z,true,2026-07-21T20:50:23.275Z,"Untagged",xsd:string,2026-07-21T20:50:23.279Z,,,,
InternetGatewayDevice.Layer2Bridging.Marking.32,true,2026-07-21T20:50:23.275Z,true,2026-07-21T20:50:23.275Z,"",,,,,,
InternetGatewayDevice.Layer2Bridging.Marking.32.EthernetPriorityMark,false,2026-07-21T20:50:23.275Z,true,2026-07-21T20:50:23.275Z,"-1",xsd:int,2026-07-21T20:50:23.279Z,,,,
InternetGatewayDevice.Layer2Bridging.Marking.32.EthernetPriorityOverride,false,2026-07-21T20:50:23.275Z,true,2026-07-21T20:50:23.275Z,"false",xsd:boolean,2026-07-21T20:50:23.279Z,,,,
InternetGatewayDevice.Layer2Bridging.Marking.32.MarkingBridgeReference,false,2026-07-21T20:50:23.275Z,true,2026-07-21T20:50:23.275Z,"190",xsd:int,2026-07-21T20:50:23.279Z,,,,
InternetGatewayDevice.Layer2Bridging.Marking.32.MarkingEnable,false,2026-07-21T20:50:23.275Z,true,2026-07-21T20:50:23.275Z,"true",xsd:boolean,2026-07-21T20:50:23.279Z,,,,
InternetGatewayDevice.Layer2Bridging.Marking.32.MarkingInterface,false,2026-07-21T20:50:23.275Z,true,2026-07-21T20:50:23.275Z,"2",xsd:string,2026-07-21T20:50:23.279Z,,,,
InternetGatewayDevice.Layer2Bridging.Marking.32.MarkingKey,false,2026-07-21T20:50:23.275Z,false,2026-07-21T20:50:23.275Z,"32",xsd:unsignedInt,2026-07-21T20:50:23.279Z,,,,
InternetGatewayDevice.Layer2Bridging.Marking.32.MarkingStatus,false,2026-07-21T20:50:23.275Z,false,2026-07-21T20:50:23.275Z,"Disabled",xsd:string,2026-07-21T20:50:23.279Z,,,,
InternetGatewayDevice.Layer2Bridging.Marking.32.VLANIDMark,false,2026-07-21T20:50:23.275Z,true,2026-07-21T20:50:23.275Z,"-1",xsd:int,2026-07-21T20:50:23.279Z,,,,
InternetGatewayDevice.Layer2Bridging.Marking.32.VLANIDMarkOverride,false,2026-07-21T20:50:23.275Z,true,2026-07-21T20:50:23.275Z,"false",xsd:boolean,2026-07-21T20:50:23.279Z,,,,
InternetGatewayDevice.Layer2Bridging.Marking.32.VLANIDUntag,false,2026-07-21T20:50:23.275Z,true,2026-07-21T20:50:23.275Z,"true",xsd:boolean,2026-07-21T20:50:23.279Z,,,,
InternetGatewayDevice.Layer2Bridging.Marking.32.X_ZHONE_COM_VLANID_TYPE,false,2026-07-21T20:50:23.275Z,true,2026-07-21T20:50:23.275Z,"Untagged",xsd:string,2026-07-21T20:50:23.279Z,,,,
InternetGatewayDevice.Layer2Bridging.Marking.33,true,2026-07-21T20:50:23.275Z,true,2026-07-21T20:50:23.275Z,"",,,,,,
InternetGatewayDevice.Layer2Bridging.Marking.33.EthernetPriorityMark,false,2026-07-21T20:50:23.275Z,true,2026-07-21T20:50:23.275Z,"-1",xsd:int,2026-07-21T20:50:23.279Z,,,,
InternetGatewayDevice.Layer2Bridging.Marking.33.EthernetPriorityOverride,false,2026-07-21T20:50:23.275Z,true,2026-07-21T20:50:23.275Z,"false",xsd:boolean,2026-07-21T20:50:23.279Z,,,,
InternetGatewayDevice.Layer2Bridging.Marking.33.MarkingBridgeReference,false,2026-07-21T20:50:23.275Z,true,2026-07-21T20:50:23.275Z,"10",xsd:int,2026-07-21T20:50:23.279Z,,,,
InternetGatewayDevice.Layer2Bridging.Marking.33.MarkingEnable,false,2026-07-21T20:50:23.275Z,true,2026-07-21T20:50:23.275Z,"true",xsd:boolean,2026-07-21T20:50:23.279Z,,,,
InternetGatewayDevice.Layer2Bridging.Marking.33.MarkingInterface,false,2026-07-21T20:50:23.275Z,true,2026-07-21T20:50:23.275Z,"1",xsd:string,2026-07-21T20:50:23.279Z,,,,
InternetGatewayDevice.Layer2Bridging.Marking.33.MarkingKey,false,2026-07-21T20:50:23.275Z,false,2026-07-21T20:50:23.275Z,"33",xsd:unsignedInt,2026-07-21T20:50:23.279Z,,,,
InternetGatewayDevice.Layer2Bridging.Marking.33.MarkingStatus,false,2026-07-21T20:50:23.275Z,false,2026-07-21T20:50:23.275Z,"Disabled",xsd:string,2026-07-21T20:50:23.279Z,,,,
InternetGatewayDevice.Layer2Bridging.Marking.33.VLANIDMark,false,2026-07-21T20:50:23.275Z,true,2026-07-21T20:50:23.275Z,"-1",xsd:int,2026-07-21T20:50:23.279Z,,,,
InternetGatewayDevice.Layer2Bridging.Marking.33.VLANIDMarkOverride,false,2026-07-21T20:50:23.275Z,true,2026-07-21T20:50:23.275Z,"false",xsd:boolean,2026-07-21T20:50:23.279Z,,,,
InternetGatewayDevice.Layer2Bridging.Marking.33.VLANIDUntag,false,2026-07-21T20:50:23.275Z,true,2026-07-21T20:50:23.275Z,"false",xsd:boolean,2026-07-21T20:50:23.279Z,,,,
InternetGatewayDevice.Layer2Bridging.Marking.33.X_ZHONE_COM_VLANID_TYPE,false,2026-07-21T20:50:23.275Z,true,2026-07-21T20:50:23.275Z,"OMCI",xsd:string,2026-07-21T20:50:23.279Z,,,,
InternetGatewayDevice.Layer2Bridging.Marking.5,true,2026-07-21T20:50:23.275Z,true,2026-07-21T20:50:23.275Z,"",,,,,,
InternetGatewayDevice.Layer2Bridging.Marking.5.EthernetPriorityMark,false,2026-07-21T20:50:23.275Z,true,2026-07-21T20:50:23.275Z,"-1",xsd:int,2026-07-21T20:50:23.279Z,,,,
InternetGatewayDevice.Layer2Bridging.Marking.5.EthernetPriorityOverride,false,2026-07-21T20:50:23.275Z,true,2026-07-21T20:50:23.275Z,"false",xsd:boolean,2026-07-21T20:50:23.279Z,,,,
InternetGatewayDevice.Layer2Bridging.Marking.5.MarkingBridgeReference,false,2026-07-21T20:50:23.275Z,true,2026-07-21T20:50:23.275Z,"7",xsd:int,2026-07-21T20:50:23.279Z,,,,
InternetGatewayDevice.Layer2Bridging.Marking.5.MarkingEnable,false,2026-07-21T20:50:23.275Z,true,2026-07-21T20:50:23.275Z,"true",xsd:boolean,2026-07-21T20:50:23.279Z,,,,
InternetGatewayDevice.Layer2Bridging.Marking.5.MarkingInterface,false,2026-07-21T20:50:23.275Z,true,2026-07-21T20:50:23.275Z,"1",xsd:string,2026-07-21T20:50:23.279Z,,,,
InternetGatewayDevice.Layer2Bridging.Marking.5.MarkingKey,false,2026-07-21T20:50:23.275Z,false,2026-07-21T20:50:23.275Z,"1",xsd:unsignedInt,2026-07-21T20:50:23.279Z,,,,
InternetGatewayDevice.Layer2Bridging.Marking.5.MarkingStatus,false,2026-07-21T20:50:23.275Z,false,2026-07-21T20:50:23.275Z,"Disabled",xsd:string,2026-07-21T20:50:23.279Z,,,,
InternetGatewayDevice.Layer2Bridging.Marking.5.VLANIDMark,false,2026-07-21T20:50:23.275Z,true,2026-07-21T20:50:23.275Z,"-1",xsd:int,2026-07-21T20:50:23.279Z,,,,
InternetGatewayDevice.Layer2Bridging.Marking.5.VLANIDMarkOverride,false,2026-07-21T20:50:23.275Z,true,2026-07-21T20:50:23.275Z,"false",xsd:boolean,2026-07-21T20:50:23.279Z,,,,
InternetGatewayDevice.Layer2Bridging.Marking.5.VLANIDUntag,false,2026-07-21T20:50:23.275Z,true,2026-07-21T20:50:23.275Z,"false",xsd:boolean,2026-07-21T20:50:23.279Z,,,,
InternetGatewayDevice.Layer2Bridging.Marking.5.X_ZHONE_COM_VLANID_TYPE,false,2026-07-21T20:50:23.275Z,true,2026-07-21T20:50:23.275Z,"Tagged",xsd:string,2026-07-21T20:50:23.279Z,,,,
InternetGatewayDevice.Layer2Bridging.Marking.6,true,2026-07-21T20:50:23.275Z,true,2026-07-21T20:50:23.275Z,"",,,,,,
InternetGatewayDevice.Layer2Bridging.Marking.6.EthernetPriorityMark,false,2026-07-21T20:50:23.275Z,true,2026-07-21T20:50:23.275Z,"-1",xsd:int,2026-07-21T20:50:23.279Z,,,,
InternetGatewayDevice.Layer2Bridging.Marking.6.EthernetPriorityOverride,false,2026-07-21T20:50:23.275Z,true,2026-07-21T20:50:23.275Z,"false",xsd:boolean,2026-07-21T20:50:23.279Z,,,,
InternetGatewayDevice.Layer2Bridging.Marking.6.MarkingBridgeReference,false,2026-07-21T20:50:23.275Z,true,2026-07-21T20:50:23.275Z,"0",xsd:int,2026-07-21T20:50:23.279Z,,,,
InternetGatewayDevice.Layer2Bridging.Marking.6.MarkingEnable,false,2026-07-21T20:50:23.275Z,true,2026-07-21T20:50:23.275Z,"true",xsd:boolean,2026-07-21T20:50:23.279Z,,,,
InternetGatewayDevice.Layer2Bridging.Marking.6.MarkingInterface,false,2026-07-21T20:50:23.275Z,true,2026-07-21T20:50:23.275Z,"2",xsd:string,2026-07-21T20:50:23.279Z,,,,
InternetGatewayDevice.Layer2Bridging.Marking.6.MarkingKey,false,2026-07-21T20:50:23.275Z,false,2026-07-21T20:50:23.275Z,"2",xsd:unsignedInt,2026-07-21T20:50:23.279Z,,,,
InternetGatewayDevice.Layer2Bridging.Marking.6.MarkingStatus,false,2026-07-21T20:50:23.275Z,false,2026-07-21T20:50:23.275Z,"Disabled",xsd:string,2026-07-21T20:50:23.279Z,,,,
InternetGatewayDevice.Layer2Bridging.Marking.6.VLANIDMark,false,2026-07-21T20:50:23.275Z,true,2026-07-21T20:50:23.275Z,"-1",xsd:int,2026-07-21T20:50:23.279Z,,,,
InternetGatewayDevice.Layer2Bridging.Marking.6.VLANIDMarkOverride,false,2026-07-21T20:50:23.275Z,true,2026-07-21T20:50:23.275Z,"false",xsd:boolean,2026-07-21T20:50:23.279Z,,,,
InternetGatewayDevice.Layer2Bridging.Marking.6.VLANIDUntag,false,2026-07-21T20:50:23.275Z,true,2026-07-21T20:50:23.275Z,"true",xsd:boolean,2026-07-21T20:50:23.279Z,,,,
InternetGatewayDevice.Layer2Bridging.Marking.6.X_ZHONE_COM_VLANID_TYPE,false,2026-07-21T20:50:23.275Z,true,2026-07-21T20:50:23.275Z,"Untagged",xsd:string,2026-07-21T20:50:23.279Z,,,,
InternetGatewayDevice.Layer2Bridging.MarkingNumberOfEntries,false,2026-07-21T20:50:23.275Z,false,2026-07-21T20:50:23.275Z,"10",xsd:unsignedInt,2026-07-21T20:50:23.279Z,,,,
InternetGatewayDevice.Layer2Bridging.MaxBridgeEntries,false,2026-07-21T20:50:23.275Z,false,2026-07-21T20:50:23.275Z,"16",xsd:unsignedInt,2026-07-21T20:50:23.279Z,,,,
InternetGatewayDevice.Layer2Bridging.MaxFilterEntries,false,2026-07-21T20:50:23.275Z,false,2026-07-21T20:50:23.275Z,"64",xsd:unsignedInt,2026-07-21T20:50:23.279Z,,,,
InternetGatewayDevice.Layer2Bridging.MaxMarkingEntries,false,2026-07-21T20:50:23.275Z,false,2026-07-21T20:50:23.275Z,"64",xsd:unsignedInt,2026-07-21T20:50:23.279Z,,,,
InternetGatewayDevice.Layer3Forwarding,true,2026-07-21T20:50:23.275Z,false,2026-07-21T20:50:23.275Z,"",,,,,,
InternetGatewayDevice.Layer3Forwarding.DefaultConnectionService,false,2026-07-21T20:50:23.275Z,true,2026-07-21T20:50:23.275Z,"",xsd:string,2026-07-21T20:50:23.279Z,,,,
InternetGatewayDevice.Layer3Forwarding.ForwardNumberOfEntries,false,2026-07-21T20:50:23.275Z,false,2026-07-21T20:50:23.275Z,"0",xsd:unsignedInt,2026-07-21T20:50:23.279Z,,,,
InternetGatewayDevice.Layer3Forwarding.X_BROADCOM_COM_ActiveDefaultGateway,false,2026-07-21T20:50:23.275Z,false,2026-07-21T20:50:23.275Z,"",xsd:string,2026-07-21T20:50:23.279Z,,,,
InternetGatewayDevice.Layer3Forwarding.X_BROADCOM_COM_DefaultConnectionServices,false,2026-07-21T20:50:23.275Z,true,2026-07-21T20:50:23.275Z,"",xsd:string,2026-07-21T20:50:23.279Z,,,,
InternetGatewayDevice.ManagementServer,true,2026-07-21T20:50:23.275Z,false,2026-07-21T20:50:23.275Z,"",,,,,,
InternetGatewayDevice.ManagementServer.CWMPRetryIntervalMultiplier,false,2026-07-21T20:50:23.275Z,true,2026-07-21T20:50:23.275Z,"2000",xsd:unsignedInt,2026-07-21T20:50:23.277Z,,,,
InternetGatewayDevice.ManagementServer.CWMPRetryMinimumWaitInterval,false,2026-07-21T20:50:23.275Z,true,2026-07-21T20:50:23.275Z,"5",xsd:unsignedInt,2026-07-21T20:50:23.277Z,,,,
InternetGatewayDevice.ManagementServer.ConnectionRequestPassword,false,2026-07-21T20:50:23.275Z,true,2026-07-21T20:50:23.275Z,"2a7wqzbmtrd",xsd:string,2026-08-08T03:27:42.469Z,,,,
InternetGatewayDevice.ManagementServer.ConnectionRequestURL,false,2026-07-21T20:50:23.275Z,false,2026-07-21T20:50:23.275Z,"http://10.1.237.185:7547/",xsd:string,2026-08-08T18:51:06.894Z,,,,
InternetGatewayDevice.ManagementServer.ConnectionRequestUsername,false,2026-07-21T20:50:23.275Z,true,2026-07-21T20:50:23.275Z,"000271-ZNID24xx-5a4e54530318c3f9",xsd:string,2026-08-08T03:27:42.468Z,,,,
InternetGatewayDevice.ManagementServer.KickURL,false,2026-07-21T20:50:23.275Z,false,2026-07-21T20:50:23.275Z,"",xsd:string,2026-07-21T20:50:23.277Z,,,,
InternetGatewayDevice.ManagementServer.ManageableDeviceNotificationLimit,false,2026-07-21T20:50:23.275Z,true,2026-07-21T20:50:23.275Z,"0",xsd:unsignedInt,2026-07-21T20:50:23.277Z,,,,
InternetGatewayDevice.ManagementServer.ManageableDeviceNumberOfEntries,false,2026-07-21T20:50:23.275Z,false,2026-07-21T20:50:23.275Z,"0",xsd:unsignedInt,2026-07-21T20:50:23.277Z,,,,
InternetGatewayDevice.ManagementServer.ParameterKey,false,2026-07-21T20:50:23.275Z,false,2026-07-21T20:50:23.275Z,"",xsd:string,2026-08-08T18:51:06.894Z,,,,
InternetGatewayDevice.ManagementServer.Password,false,2026-07-21T20:50:23.275Z,true,2026-07-21T20:50:23.275Z,"",xsd:string,2026-07-21T20:50:23.277Z,,,,
InternetGatewayDevice.ManagementServer.PeriodicInformEnable,false,2026-07-21T20:50:23.275Z,true,2026-07-21T20:50:23.275Z,"true",xsd:boolean,2026-08-08T03:27:42.468Z,,,,
InternetGatewayDevice.ManagementServer.PeriodicInformInterval,false,2026-07-21T20:50:23.275Z,true,2026-07-21T20:50:23.275Z,"300",xsd:unsignedInt,2026-08-08T03:27:42.468Z,,,,
InternetGatewayDevice.ManagementServer.PeriodicInformTime,false,2026-07-21T20:50:23.275Z,true,2026-07-21T20:50:23.275Z,"1970-01-01T03:23:10.734Z",xsd:dateTime,2026-08-08T03:27:42.469Z,,,,
InternetGatewayDevice.ManagementServer.URL,false,2026-07-21T20:50:23.275Z,true,2026-07-21T20:50:23.275Z,"http://10.0.2.14:7547",xsd:string,2026-07-21T20:50:23.277Z,,,,
InternetGatewayDevice.ManagementServer.UpgradesManaged,false,2026-07-21T20:50:23.275Z,true,2026-07-21T20:50:23.275Z,"false",xsd:boolean,2026-07-21T20:50:23.277Z,,,,
InternetGatewayDevice.ManagementServer.Username,false,2026-07-21T20:50:23.275Z,true,2026-07-21T20:50:23.275Z,"guest",xsd:string,2026-07-21T20:50:23.277Z,,,,
InternetGatewayDevice.ManagementServer.X_BROADCOM_COM_BoundIfName,false,2026-07-21T20:50:23.275Z,true,2026-07-21T20:50:23.275Z,"brvlan10",xsd:string,2026-07-21T20:50:23.277Z,,,,
InternetGatewayDevice.QueueManagement,true,2026-07-21T20:50:23.275Z,false,2026-07-21T20:50:23.275Z,"",,,,,,
InternetGatewayDevice.QueueManagement.AppNumberOfEntries,false,2026-07-21T20:50:23.275Z,false,2026-07-21T20:50:23.275Z,"0",xsd:unsignedInt,2026-07-21T20:50:23.279Z,,,,
InternetGatewayDevice.QueueManagement.AvailableAppList,false,2026-07-21T20:50:23.275Z,false,2026-07-21T20:50:23.275Z,"",xsd:string,2026-07-21T20:50:23.279Z,,,,
InternetGatewayDevice.QueueManagement.ClassificationNumberOfEntries,false,2026-07-21T20:50:23.275Z,false,2026-07-21T20:50:23.275Z,"0",xsd:unsignedInt,2026-07-21T20:50:23.279Z,,,,
InternetGatewayDevice.QueueManagement.DefaultDSCPMark,false,2026-07-21T20:50:23.275Z,true,2026-07-21T20:50:23.275Z,"0",xsd:int,2026-07-21T20:50:23.279Z,,,,
InternetGatewayDevice.QueueManagement.DefaultEthernetPriorityMark,false,2026-07-21T20:50:23.275Z,true,2026-07-21T20:50:23.275Z,"0",xsd:int,2026-07-21T20:50:23.279Z,,,,
InternetGatewayDevice.QueueManagement.DefaultForwardingPolicy,false,2026-07-21T20:50:23.275Z,true,2026-07-21T20:50:23.275Z,"0",xsd:unsignedInt,2026-07-21T20:50:23.279Z,,,,
InternetGatewayDevice.QueueManagement.DefaultPolicer,false,2026-07-21T20:50:23.275Z,true,2026-07-21T20:50:23.275Z,"0",xsd:int,2026-07-21T20:50:23.279Z,,,,
InternetGatewayDevice.QueueManagement.DefaultQueue,false,2026-07-21T20:50:23.275Z,true,2026-07-21T20:50:23.275Z,"0",xsd:unsignedInt,2026-07-21T20:50:23.279Z,,,,
InternetGatewayDevice.QueueManagement.Enable,false,2026-07-21T20:50:23.275Z,true,2026-07-21T20:50:23.275Z,"false",xsd:boolean,2026-07-21T20:50:23.279Z,,,,
InternetGatewayDevice.QueueManagement.FlowNumberOfEntries,false,2026-07-21T20:50:23.275Z,false,2026-07-21T20:50:23.275Z,"0",xsd:unsignedInt,2026-07-21T20:50:23.279Z,,,,
InternetGatewayDevice.QueueManagement.MaxAppEntries,false,2026-07-21T20:50:23.275Z,false,2026-07-21T20:50:23.275Z,"0",xsd:unsignedInt,2026-07-21T20:50:23.279Z,,,,
InternetGatewayDevice.QueueManagement.MaxClassificationEntries,false,2026-07-21T20:50:23.275Z,false,2026-07-21T20:50:23.275Z,"32",xsd:unsignedInt,2026-07-21T20:50:23.279Z,,,,
InternetGatewayDevice.QueueManagement.MaxFlowEntries,false,2026-07-21T20:50:23.275Z,false,2026-07-21T20:50:23.275Z,"0",xsd:unsignedInt,2026-07-21T20:50:23.279Z,,,,
InternetGatewayDevice.QueueManagement.MaxPolicerEntries,false,2026-07-21T20:50:23.275Z,false,2026-07-21T20:50:23.275Z,"0",xsd:unsignedInt,2026-07-21T20:50:23.279Z,,,,
InternetGatewayDevice.QueueManagement.MaxQueueEntries,false,2026-07-21T20:50:23.275Z,false,2026-07-21T20:50:23.275Z,"24",xsd:unsignedInt,2026-07-21T20:50:23.279Z,,,,
InternetGatewayDevice.QueueManagement.MaxQueues,false,2026-07-21T20:50:23.275Z,false,2026-07-21T20:50:23.275Z,"24",xsd:unsignedInt,2026-07-21T20:50:23.279Z,,,,
InternetGatewayDevice.QueueManagement.PolicerNumberOfEntries,false,2026-07-21T20:50:23.275Z,false,2026-07-21T20:50:23.275Z,"0",xsd:unsignedInt,2026-07-21T20:50:23.279Z,,,,
InternetGatewayDevice.QueueManagement.QueueNumberOfEntries,false,2026-07-21T20:50:23.275Z,false,2026-07-21T20:50:23.275Z,"0",xsd:unsignedInt,2026-07-21T20:50:23.279Z,,,,
InternetGatewayDevice.Services,true,2026-07-21T20:50:23.275Z,false,2026-07-21T20:50:23.275Z,"",,,,,,
InternetGatewayDevice.Services.StorageService,true,2026-07-21T20:50:23.275Z,true,2026-07-21T20:50:23.275Z,"",,,,,,
InternetGatewayDevice.Services.StorageService.1,true,2026-07-21T20:50:23.275Z,false,2026-07-21T20:50:23.275Z,"",,,,,,
InternetGatewayDevice.Services.StorageService.1.Capabilites,true,2026-07-21T20:50:23.275Z,false,2026-07-21T20:50:23.275Z,"",,,,,,
InternetGatewayDevice.Services.StorageService.1.Capabilites.FTPCapable,false,2026-07-21T20:50:23.275Z,false,2026-07-21T20:50:23.275Z,"false",xsd:boolean,2026-07-21T20:50:23.279Z,,,,
InternetGatewayDevice.Services.StorageService.1.Capabilites.HTTPCapable,false,2026-07-21T20:50:23.275Z,false,2026-07-21T20:50:23.275Z,"false",xsd:boolean,2026-07-21T20:50:23.279Z,,,,
InternetGatewayDevice.Services.StorageService.1.Capabilites.HTTPSCapable,false,2026-07-21T20:50:23.275Z,false,2026-07-21T20:50:23.275Z,"false",xsd:boolean,2026-07-21T20:50:23.279Z,,,,
InternetGatewayDevice.Services.StorageService.1.Capabilites.HTTPWritable,false,2026-07-21T20:50:23.275Z,false,2026-07-21T20:50:23.275Z,"false",xsd:boolean,2026-07-21T20:50:23.279Z,,,,
InternetGatewayDevice.Services.StorageService.1.Capabilites.SFTPCapable,false,2026-07-21T20:50:23.275Z,false,2026-07-21T20:50:23.275Z,"false",xsd:boolean,2026-07-21T20:50:23.279Z,,,,
InternetGatewayDevice.Services.StorageService.1.Capabilites.SupportedFileSystemTypes,false,2026-07-21T20:50:23.275Z,false,2026-07-21T20:50:23.275Z,"",xsd:string,2026-07-21T20:50:23.279Z,,,,
InternetGatewayDevice.Services.StorageService.1.Capabilites.SupportedNetworkProtocols,false,2026-07-21T20:50:23.275Z,false,2026-07-21T20:50:23.275Z,"",xsd:string,2026-07-21T20:50:23.279Z,,,,
InternetGatewayDevice.Services.StorageService.1.Capabilites.VolumeEncryptionCapable,false,2026-07-21T20:50:23.275Z,false,2026-07-21T20:50:23.275Z,"false",xsd:boolean,2026-07-21T20:50:23.279Z,,,,
InternetGatewayDevice.Services.StorageService.1.Enable,false,2026-07-21T20:50:23.275Z,true,2026-07-21T20:50:23.275Z,"true",xsd:boolean,2026-07-21T20:50:23.279Z,,,,
InternetGatewayDevice.Services.StorageService.1.LogicalVolumeNumberOfEntries,false,2026-07-21T20:50:23.275Z,false,2026-07-21T20:50:23.275Z,"0",xsd:unsignedInt,2026-07-21T20:50:23.279Z,,,,
InternetGatewayDevice.Services.StorageService.1.NetInfo,true,2026-07-21T20:50:23.275Z,false,2026-07-21T20:50:23.275Z,"",,,,,,
InternetGatewayDevice.Services.StorageService.1.NetInfo.DomainName,false,2026-07-21T20:50:23.275Z,true,2026-07-21T20:50:23.275Z,"",xsd:string,2026-07-21T20:50:23.279Z,,,,
InternetGatewayDevice.Services.StorageService.1.NetInfo.HostName,false,2026-07-21T20:50:23.275Z,true,2026-07-21T20:50:23.275Z,"",xsd:string,2026-07-21T20:50:23.279Z,,,,
InternetGatewayDevice.Services.StorageService.1.NetworkServer,true,2026-07-21T20:50:23.275Z,false,2026-07-21T20:50:23.275Z,"",,,,,,
InternetGatewayDevice.Services.StorageService.1.NetworkServer.AFPEnable,false,2026-07-21T20:50:23.275Z,false,2026-07-21T20:50:23.275Z,"false",xsd:boolean,2026-07-21T20:50:23.279Z,,,,
InternetGatewayDevice.Services.StorageService.1.NetworkServer.NFSEnable,false,2026-07-21T20:50:23.275Z,false,2026-07-21T20:50:23.275Z,"false",xsd:boolean,2026-07-21T20:50:23.279Z,,,,
InternetGatewayDevice.Services.StorageService.1.NetworkServer.NetworkProtocolAuthReq,false,2026-07-21T20:50:23.275Z,false,2026-07-21T20:50:23.275Z,"false",xsd:boolean,2026-07-21T20:50:23.279Z,,,,
InternetGatewayDevice.Services.StorageService.1.NetworkServer.SMBEnable,false,2026-07-21T20:50:23.275Z,false,2026-07-21T20:50:23.275Z,"false",xsd:boolean,2026-07-21T20:50:23.279Z,,,,
InternetGatewayDevice.Services.StorageService.1.PhysicalMediumNumberOfEntries,false,2026-07-21T20:50:23.275Z,false,2026-07-21T20:50:23.275Z,"0",xsd:unsignedInt,2026-07-21T20:50:23.279Z,,,,
InternetGatewayDevice.Services.StorageService.1.UserAccountNumberOfEntries,false,2026-07-21T20:50:23.275Z,true,2026-07-21T20:50:23.275Z,"0",xsd:unsignedInt,2026-07-21T20:50:23.279Z,,,,
InternetGatewayDevice.Services.VoiceService,true,2026-07-21T20:50:23.275Z,true,2026-07-21T20:50:23.275Z,"",,,,,,
InternetGatewayDevice.Services.VoiceService.1,true,2026-07-21T20:50:23.275Z,false,2026-07-21T20:50:23.275Z,"",,,,,,
InternetGatewayDevice.Services.VoiceService.1.Capabilities,true,2026-07-21T20:50:23.275Z,false,2026-07-21T20:50:23.275Z,"",,,,,,
InternetGatewayDevice.Services.VoiceService.1.Capabilities.ButtonMap,false,2026-07-21T20:50:23.275Z,false,2026-07-21T20:50:23.275Z,"false",xsd:boolean,2026-07-21T20:50:23.279Z,,,,
InternetGatewayDevice.Services.VoiceService.1.Capabilities.Codecs,true,2026-07-21T20:50:23.275Z,true,2026-07-21T20:50:23.275Z,"",,,,,,
InternetGatewayDevice.Services.VoiceService.1.Capabilities.Codecs.1,true,2026-07-21T20:50:23.275Z,false,2026-07-21T20:50:23.275Z,"",,,,,,
InternetGatewayDevice.Services.VoiceService.1.Capabilities.Codecs.1.BitRate,false,2026-07-21T20:50:23.275Z,false,2026-07-21T20:50:23.275Z,"64000",xsd:unsignedInt,2026-07-21T20:50:23.279Z,,,,
InternetGatewayDevice.Services.VoiceService.1.Capabilities.Codecs.1.Codec,false,2026-07-21T20:50:23.275Z,false,2026-07-21T20:50:23.275Z,"G.711MuLaw",xsd:string,2026-07-21T20:50:23.279Z,,,,
InternetGatewayDevice.Services.VoiceService.1.Capabilities.Codecs.1.EntryID,false,2026-07-21T20:50:23.275Z,false,2026-07-21T20:50:23.275Z,"1",xsd:unsignedInt,2026-07-21T20:50:23.279Z,,,,
InternetGatewayDevice.Services.VoiceService.1.Capabilities.Codecs.1.PacketizationPeriod,false,2026-07-21T20:50:23.275Z,false,2026-07-21T20:50:23.275Z,"10,20,30",xsd:string,2026-07-21T20:50:23.279Z,,,,
InternetGatewayDevice.Services.VoiceService.1.Capabilities.Codecs.1.SilenceSuppression,false,2026-07-21T20:50:23.275Z,false,2026-07-21T20:50:23.275Z,"true",xsd:boolean,2026-07-21T20:50:23.279Z,,,,
InternetGatewayDevice.Services.VoiceService.1.Capabilities.Codecs.2,true,2026-07-21T20:50:23.275Z,false,2026-07-21T20:50:23.275Z,"",,,,,,
InternetGatewayDevice.Services.VoiceService.1.Capabilities.Codecs.2.BitRate,false,2026-07-21T20:50:23.275Z,false,2026-07-21T20:50:23.275Z,"64000",xsd:unsignedInt,2026-07-21T20:50:23.279Z,,,,
InternetGatewayDevice.Services.VoiceService.1.Capabilities.Codecs.2.Codec,false,2026-07-21T20:50:23.275Z,false,2026-07-21T20:50:23.275Z,"G.711ALaw",xsd:string,2026-07-21T20:50:23.279Z,,,,
InternetGatewayDevice.Services.VoiceService.1.Capabilities.Codecs.2.EntryID,false,2026-07-21T20:50:23.275Z,false,2026-07-21T20:50:23.275Z,"2",xsd:unsignedInt,2026-07-21T20:50:23.279Z,,,,
InternetGatewayDevice.Services.VoiceService.1.Capabilities.Codecs.2.PacketizationPeriod,false,2026-07-21T20:50:23.275Z,false,2026-07-21T20:50:23.275Z,"10,20,30",xsd:string,2026-07-21T20:50:23.279Z,,,,
InternetGatewayDevice.Services.VoiceService.1.Capabilities.Codecs.2.SilenceSuppression,false,2026-07-21T20:50:23.275Z,false,2026-07-21T20:50:23.275Z,"true",xsd:boolean,2026-07-21T20:50:23.279Z,,,,
InternetGatewayDevice.Services.VoiceService.1.Capabilities.Codecs.3,true,2026-07-21T20:50:23.275Z,false,2026-07-21T20:50:23.275Z,"",,,,,,
InternetGatewayDevice.Services.VoiceService.1.Capabilities.Codecs.3.BitRate,false,2026-07-21T20:50:23.275Z,false,2026-07-21T20:50:23.275Z,"64000",xsd:unsignedInt,2026-07-21T20:50:23.279Z,,,,
InternetGatewayDevice.Services.VoiceService.1.Capabilities.Codecs.3.Codec,false,2026-07-21T20:50:23.275Z,false,2026-07-21T20:50:23.275Z,"G.729a",xsd:string,2026-07-21T20:50:23.279Z,,,,
InternetGatewayDevice.Services.VoiceService.1.Capabilities.Codecs.3.EntryID,false,2026-07-21T20:50:23.275Z,false,2026-07-21T20:50:23.275Z,"15",xsd:unsignedInt,2026-07-21T20:50:23.279Z,,,,
InternetGatewayDevice.Services.VoiceService.1.Capabilities.Codecs.3.PacketizationPeriod,false,2026-07-21T20:50:23.275Z,false,2026-07-21T20:50:23.275Z,"10,20,30",xsd:string,2026-07-21T20:50:23.279Z,,,,
InternetGatewayDevice.Services.VoiceService.1.Capabilities.Codecs.3.SilenceSuppression,false,2026-07-21T20:50:23.275Z,false,2026-07-21T20:50:23.275Z,"true",xsd:boolean,2026-07-21T20:50:23.279Z,,,,
InternetGatewayDevice.Services.VoiceService.1.Capabilities.Codecs.4,true,2026-07-21T20:50:23.275Z,false,2026-07-21T20:50:23.275Z,"",,,,,,
InternetGatewayDevice.Services.VoiceService.1.Capabilities.Codecs.4.BitRate,false,2026-07-21T20:50:23.275Z,false,2026-07-21T20:50:23.275Z,"64000",xsd:unsignedInt,2026-07-21T20:50:23.279Z,,,,
InternetGatewayDevice.Services.VoiceService.1.Capabilities.Codecs.4.Codec,false,2026-07-21T20:50:23.275Z,false,2026-07-21T20:50:23.275Z,"G.726_24",xsd:string,2026-07-21T20:50:23.279Z,,,,
InternetGatewayDevice.Services.VoiceService.1.Capabilities.Codecs.4.EntryID,false,2026-07-21T20:50:23.275Z,false,2026-07-21T20:50:23.275Z,"4",xsd:unsignedInt,2026-07-21T20:50:23.279Z,,,,
InternetGatewayDevice.Services.VoiceService.1.Capabilities.Codecs.4.PacketizationPeriod,false,2026-07-21T20:50:23.275Z,false,2026-07-21T20:50:23.275Z,"10,20,30",xsd:string,2026-07-21T20:50:23.279Z,,,,
InternetGatewayDevice.Services.VoiceService.1.Capabilities.Codecs.4.SilenceSuppression,false,2026-07-21T20:50:23.275Z,false,2026-07-21T20:50:23.275Z,"true",xsd:boolean,2026-07-21T20:50:23.279Z,,,,
InternetGatewayDevice.Services.VoiceService.1.Capabilities.Codecs.5,true,2026-07-21T20:50:23.275Z,false,2026-07-21T20:50:23.275Z,"",,,,,,
InternetGatewayDevice.Services.VoiceService.1.Capabilities.Codecs.5.BitRate,false,2026-07-21T20:50:23.275Z,false,2026-07-21T20:50:23.275Z,"64000",xsd:unsignedInt,2026-07-21T20:50:23.279Z,,,,
InternetGatewayDevice.Services.VoiceService.1.Capabilities.Codecs.5.Codec,false,2026-07-21T20:50:23.275Z,false,2026-07-21T20:50:23.275Z,"G.726_32",xsd:string,2026-07-21T20:50:23.279Z,,,,
InternetGatewayDevice.Services.VoiceService.1.Capabilities.Codecs.5.EntryID,false,2026-07-21T20:50:23.275Z,false,2026-07-21T20:50:23.275Z,"5",xsd:unsignedInt,2026-07-21T20:50:23.279Z,,,,
InternetGatewayDevice.Services.VoiceService.1.Capabilities.Codecs.5.PacketizationPeriod,false,2026-07-21T20:50:23.275Z,false,2026-07-21T20:50:23.275Z,"10,20,30",xsd:string,2026-07-21T20:50:23.279Z,,,,
InternetGatewayDevice.Services.VoiceService.1.Capabilities.Codecs.5.SilenceSuppression,false,2026-07-21T20:50:23.275Z,false,2026-07-21T20:50:23.275Z,"true",xsd:boolean,2026-07-21T20:50:23.279Z,,,,
InternetGatewayDevice.Services.VoiceService.1.Capabilities.Codecs.6,true,2026-07-21T20:50:23.275Z,false,2026-07-21T20:50:23.275Z,"",,,,,,
InternetGatewayDevice.Services.VoiceService.1.Capabilities.Codecs.6.BitRate,false,2026-07-21T20:50:23.275Z,false,2026-07-21T20:50:23.275Z,"64000",xsd:unsignedInt,2026-07-21T20:50:23.279Z,,,,
InternetGatewayDevice.Services.VoiceService.1.Capabilities.Codecs.6.Codec,false,2026-07-21T20:50:23.275Z,false,2026-07-21T20:50:23.275Z,"X_BROADCOM_COM_T38",xsd:string,2026-07-21T20:50:23.279Z,,,,
InternetGatewayDevice.Services.VoiceService.1.Capabilities.Codecs.6.EntryID,false,2026-07-21T20:50:23.275Z,false,2026-07-21T20:50:23.275Z,"25",xsd:unsignedInt,2026-07-21T20:50:23.279Z,,,,
InternetGatewayDevice.Services.VoiceService.1.Capabilities.Codecs.6.PacketizationPeriod,false,2026-07-21T20:50:23.275Z,false,2026-07-21T20:50:23.275Z,"10,20,30",xsd:string,2026-07-21T20:50:23.279Z,,,,
InternetGatewayDevice.Services.VoiceService.1.Capabilities.Codecs.6.SilenceSuppression,false,2026-07-21T20:50:23.275Z,false,2026-07-21T20:50:23.275Z,"true",xsd:boolean,2026-07-21T20:50:23.279Z,,,,
InternetGatewayDevice.Services.VoiceService.1.Capabilities.Codecs.7,true,2026-07-21T20:50:23.275Z,false,2026-07-21T20:50:23.275Z,"",,,,,,
InternetGatewayDevice.Services.VoiceService.1.Capabilities.Codecs.7.BitRate,false,2026-07-21T20:50:23.275Z,false,2026-07-21T20:50:23.275Z,"64000",xsd:unsignedInt,2026-07-21T20:50:23.279Z,,,,
InternetGatewayDevice.Services.VoiceService.1.Capabilities.Codecs.7.Codec,false,2026-07-21T20:50:23.275Z,false,2026-07-21T20:50:23.275Z,"X_BROADCOM_COM_NTE",xsd:string,2026-07-21T20:50:23.279Z,,,,
InternetGatewayDevice.Services.VoiceService.1.Capabilities.Codecs.7.EntryID,false,2026-07-21T20:50:23.275Z,false,2026-07-21T20:50:23.275Z,"19",xsd:unsignedInt,2026-07-21T20:50:23.279Z,,,,
InternetGatewayDevice.Services.VoiceService.1.Capabilities.Codecs.7.PacketizationPeriod,false,2026-07-21T20:50:23.275Z,false,2026-07-21T20:50:23.275Z,"10,20,30",xsd:string,2026-07-21T20:50:23.279Z,,,,
InternetGatewayDevice.Services.VoiceService.1.Capabilities.Codecs.7.SilenceSuppression,false,2026-07-21T20:50:23.275Z,false,2026-07-21T20:50:23.275Z,"true",xsd:boolean,2026-07-21T20:50:23.279Z,,,,
InternetGatewayDevice.Services.VoiceService.1.Capabilities.DSCPCoupled,false,2026-07-21T20:50:23.275Z,false,2026-07-21T20:50:23.275Z,"false",xsd:boolean,2026-07-21T20:50:23.279Z,,,,
InternetGatewayDevice.Services.VoiceService.1.Capabilities.DigitMap,false,2026-07-21T20:50:23.275Z,false,2026-07-21T20:50:23.275Z,"true",xsd:boolean,2026-07-21T20:50:23.279Z,,,,
InternetGatewayDevice.Services.VoiceService.1.Capabilities.EthernetTaggingCoupled,false,2026-07-21T20:50:23.275Z,false,2026-07-21T20:50:23.275Z,"false",xsd:boolean,2026-07-21T20:50:23.279Z,,,,
InternetGatewayDevice.Services.VoiceService.1.Capabilities.FaxPassThrough,false,2026-07-21T20:50:23.275Z,false,2026-07-21T20:50:23.275Z,"false",xsd:boolean,2026-07-21T20:50:23.279Z,,,,
InternetGatewayDevice.Services.VoiceService.1.Capabilities.FaxT38,false,2026-07-21T20:50:23.275Z,false,2026-07-21T20:50:23.275Z,"true",xsd:boolean,2026-07-21T20:50:23.279Z,,,,
InternetGatewayDevice.Services.VoiceService.1.Capabilities.MaxLineCount,false,2026-07-21T20:50:23.275Z,false,2026-07-21T20:50:23.275Z,"2",xsd:unsignedInt,2026-07-21T20:50:23.279Z,,,,
InternetGatewayDevice.Services.VoiceService.1.Capabilities.MaxProfileCount,false,2026-07-21T20:50:23.275Z,false,2026-07-21T20:50:23.275Z,"2",xsd:unsignedInt,2026-07-21T20:50:23.279Z,,,,
InternetGatewayDevice.Services.VoiceService.1.Capabilities.MaxSessionCount,false,2026-07-21T20:50:23.275Z,false,2026-07-21T20:50:23.275Z,"4",xsd:unsignedInt,2026-07-21T20:50:23.279Z,,,,
InternetGatewayDevice.Services.VoiceService.1.Capabilities.MaxSessionsPerLine,false,2026-07-21T20:50:23.275Z,false,2026-07-21T20:50:23.275Z,"2",xsd:unsignedInt,2026-07-21T20:50:23.279Z,,,,
InternetGatewayDevice.Services.VoiceService.1.Capabilities.ModemPassThrough,false,2026-07-21T20:50:23.275Z,false,2026-07-21T20:50:23.275Z,"false",xsd:boolean,2026-07-21T20:50:23.279Z,,,,
InternetGatewayDevice.Services.VoiceService.1.Capabilities.NumberingPlan,false,2026-07-21T20:50:23.275Z,false,2026-07-21T20:50:23.275Z,"false",xsd:boolean,2026-07-21T20:50:23.279Z,,,,
InternetGatewayDevice.Services.VoiceService.1.Capabilities.PSTNSoftSwitchOver,false,2026-07-21T20:50:23.275Z,false,2026-07-21T20:50:23.275Z,"false",xsd:boolean,2026-07-21T20:50:23.279Z,,,,
InternetGatewayDevice.Services.VoiceService.1.Capabilities.RTCP,false,2026-07-21T20:50:23.275Z,false,2026-07-21T20:50:23.275Z,"false",xsd:boolean,2026-07-21T20:50:23.279Z,,,,
InternetGatewayDevice.Services.VoiceService.1.Capabilities.RTPRedundancy,false,2026-07-21T20:50:23.275Z,false,2026-07-21T20:50:23.275Z,"false",xsd:boolean,2026-07-21T20:50:23.279Z,,,,
InternetGatewayDevice.Services.VoiceService.1.Capabilities.Regions,false,2026-07-21T20:50:23.275Z,false,2026-07-21T20:50:23.275Z,"AA,AR,AU,BE,BR,CL,CN,CY,CZ,DK,XE,FI,FR,DE,HU,IN,ID,IT,IX,JP,MY,MX,NL,NZ,US,UL,PL,RU,SA,SG,ES,SE,NO,CH,XT,GB,TW,TH,AE",xsd:string,2026-07-21T20:50:23.279Z,,,,
InternetGatewayDevice.Services.VoiceService.1.Capabilities.RingGeneration,false,2026-07-21T20:50:23.275Z,false,2026-07-21T20:50:23.275Z,"false",xsd:boolean,2026-07-21T20:50:23.279Z,,,,
InternetGatewayDevice.Services.VoiceService.1.Capabilities.SIP,true,2026-07-21T20:50:23.275Z,false,2026-07-21T20:50:23.275Z,"",,,,,,
InternetGatewayDevice.Services.VoiceService.1.Capabilities.SIP.EventSubscription,false,2026-07-21T20:50:23.275Z,false,2026-07-21T20:50:23.275Z,"false",xsd:boolean,2026-07-21T20:50:23.279Z,,,,
InternetGatewayDevice.Services.VoiceService.1.Capabilities.SIP.Extensions,false,2026-07-21T20:50:23.275Z,false,2026-07-21T20:50:23.275Z,"PRACK,SUSBSCRIBE,NOTIFY,MESSAGE,PING,UPDATE,SERVICE",xsd:string,2026-07-21T20:50:23.279Z,,,,
InternetGatewayDevice.Services.VoiceService.1.Capabilities.SIP.ResponseMap,false,2026-07-21T20:50:23.275Z,false,2026-07-21T20:50:23.275Z,"false",xsd:boolean,2026-07-21T20:50:23.279Z,,,,
InternetGatewayDevice.Services.VoiceService.1.Capabilities.SIP.Role,false,2026-07-21T20:50:23.275Z,false,2026-07-21T20:50:23.275Z,"UserAgent",xsd:string,2026-07-21T20:50:23.279Z,,,,
InternetGatewayDevice.Services.VoiceService.1.Capabilities.SIP.TLSKeyExchangeProtocols,false,2026-07-21T20:50:23.275Z,false,2026-07-21T20:50:23.275Z,"",xsd:string,2026-07-21T20:50:23.279Z,,,,
InternetGatewayDevice.Services.VoiceService.1.Capabilities.SIP.Transports,false,2026-07-21T20:50:23.275Z,false,2026-07-21T20:50:23.275Z,"UDP",xsd:string,2026-07-21T20:50:23.279Z,,,,
InternetGatewayDevice.Services.VoiceService.1.Capabilities.SIP.URISchemes,false,2026-07-21T20:50:23.275Z,false,2026-07-21T20:50:23.275Z,"sip",xsd:string,2026-07-21T20:50:23.279Z,,,,
InternetGatewayDevice.Services.VoiceService.1.Capabilities.SRTP,false,2026-07-21T20:50:23.275Z,false,2026-07-21T20:50:23.275Z,"false",xsd:boolean,2026-07-21T20:50:23.279Z,,,,
InternetGatewayDevice.Services.VoiceService.1.Capabilities.SignalingProtocols,false,2026-07-21T20:50:23.275Z,false,2026-07-21T20:50:23.275Z,"SIP",xsd:string,2026-07-21T20:50:23.279Z,,,,
InternetGatewayDevice.Services.VoiceService.1.Capabilities.ToneGeneration,false,2026-07-21T20:50:23.275Z,false,2026-07-21T20:50:23.275Z,"false",xsd:boolean,2026-07-21T20:50:23.279Z,,,,
InternetGatewayDevice.Services.VoiceService.1.Capabilities.VoicePortTests,false,2026-07-21T20:50:23.275Z,false,2026-07-21T20:50:23.275Z,"false",xsd:boolean,2026-07-21T20:50:23.279Z,,,,
InternetGatewayDevice.Services.VoiceService.1.DECTInterface,true,2026-07-21T20:50:23.275Z,false,2026-07-21T20:50:23.275Z,"",,,,,,
InternetGatewayDevice.Services.VoiceService.1.DECTInterface.ClockMaster,true,2026-07-21T20:50:23.275Z,false,2026-07-21T20:50:23.275Z,"",,,,,,
InternetGatewayDevice.Services.VoiceService.1.DECTInterface.ClockMaster.Editable,false,2026-07-21T20:50:23.275Z,true,2026-07-21T20:50:23.275Z,"false",xsd:boolean,2026-07-21T20:50:23.279Z,,,,
InternetGatewayDevice.Services.VoiceService.1.DECTInterface.ClockMaster.Element,false,2026-07-21T20:50:23.275Z,true,2026-07-21T20:50:23.275Z,"0",xsd:unsignedInt,2026-07-21T20:50:23.279Z,,,,
InternetGatewayDevice.Services.VoiceService.1.DECTInterface.ClockMaster.ElementId,false,2026-07-21T20:50:23.275Z,false,2026-07-21T20:50:23.275Z,"2",xsd:unsignedInt,2026-07-21T20:50:23.279Z,,,,
InternetGatewayDevice.Services.VoiceService.1.DECTInterface.EEPROMVersion,true,2026-07-21T20:50:23.275Z,false,2026-07-21T20:50:23.275Z,"",,,,,,
InternetGatewayDevice.Services.VoiceService.1.DECTInterface.EEPROMVersion.Element,false,2026-07-21T20:50:23.275Z,false,2026-07-21T20:50:23.275Z,"",xsd:string,2026-07-21T20:50:23.279Z,,,,
InternetGatewayDevice.Services.VoiceService.1.DECTInterface.EEPROMVersion.ElementId,false,2026-07-21T20:50:23.275Z,false,2026-07-21T20:50:23.275Z,"11",xsd:unsignedInt,2026-07-21T20:50:23.279Z,,,,
InternetGatewayDevice.Services.VoiceService.1.DECTInterface.FirmwareVersion,true,2026-07-21T20:50:23.275Z,false,2026-07-21T20:50:23.275Z,"",,,,,,
InternetGatewayDevice.Services.VoiceService.1.DECTInterface.FirmwareVersion.Element,false,2026-07-21T20:50:23.275Z,false,2026-07-21T20:50:23.275Z,"",xsd:string,2026-07-21T20:50:23.279Z,,,,
InternetGatewayDevice.Services.VoiceService.1.DECTInterface.FirmwareVersion.ElementId,false,2026-07-21T20:50:23.275Z,false,2026-07-21T20:50:23.275Z,"9",xsd:unsignedInt,2026-07-21T20:50:23.279Z,,,,
InternetGatewayDevice.Services.VoiceService.1.DECTInterface.HardwareVersion,true,2026-07-21T20:50:23.275Z,false,2026-07-21T20:50:23.275Z,"",,,,,,
InternetGatewayDevice.Services.VoiceService.1.DECTInterface.HardwareVersion.Element,false,2026-07-21T20:50:23.275Z,false,2026-07-21T20:50:23.275Z,"",xsd:string,2026-07-21T20:50:23.279Z,,,,
InternetGatewayDevice.Services.VoiceService.1.DECTInterface.HardwareVersion.ElementId,false,2026-07-21T20:50:23.275Z,false,2026-07-21T20:50:23.275Z,"10",xsd:unsignedInt,2026-07-21T20:50:23.279Z,,,,
InternetGatewayDevice.Services.VoiceService.1.DECTInterface.NumberOfHandsets,false,2026-07-21T20:50:23.275Z,false,2026-07-21T20:50:23.275Z,"0",xsd:unsignedInt,2026-07-21T20:50:23.279Z,,,,
InternetGatewayDevice.Services.VoiceService.1.DECTInterface.PINCode,true,2026-07-21T20:50:23.275Z,false,2026-07-21T20:50:23.275Z,"",,,,,,
InternetGatewayDevice.Services.VoiceService.1.DECTInterface.PINCode.Editable,false,2026-07-21T20:50:23.275Z,true,2026-07-21T20:50:23.275Z,"true",xsd:boolean,2026-07-21T20:50:23.279Z,,,,
InternetGatewayDevice.Services.VoiceService.1.DECTInterface.PINCode.Element,false,2026-07-21T20:50:23.275Z,true,2026-07-21T20:50:23.275Z,"00000000",xsd:string,2026-07-21T20:50:23.279Z,,,,
InternetGatewayDevice.Services.VoiceService.1.DECTInterface.PINCode.ElementId,false,2026-07-21T20:50:23.275Z,false,2026-07-21T20:50:23.275Z,"1",xsd:unsignedInt,2026-07-21T20:50:23.279Z,,,,
InternetGatewayDevice.Services.VoiceService.1.DECTInterface.ResetBase,true,2026-07-21T20:50:23.275Z,false,2026-07-21T20:50:23.275Z,"",,,,,,
InternetGatewayDevice.Services.VoiceService.1.DECTInterface.ResetBase.Editable,false,2026-07-21T20:50:23.275Z,true,2026-07-21T20:50:23.275Z,"true",xsd:boolean,2026-07-21T20:50:23.279Z,,,,
InternetGatewayDevice.Services.VoiceService.1.DECTInterface.ResetBase.Element,false,2026-07-21T20:50:23.275Z,true,2026-07-21T20:50:23.275Z,"false",xsd:boolean,2026-07-21T20:50:23.279Z,,,,
InternetGatewayDevice.Services.VoiceService.1.DECTInterface.ResetBase.ElementId,false,2026-07-21T20:50:23.275Z,false,2026-07-21T20:50:23.275Z,"3",xsd:unsignedInt,2026-07-21T20:50:23.279Z,,,,
InternetGatewayDevice.Services.VoiceService.1.DECTInterface.WaitingSubscription,false,2026-07-21T20:50:23.275Z,false,2026-07-21T20:50:23.275Z,"false",xsd:boolean,2026-07-21T20:50:23.279Z,,,,
InternetGatewayDevice.Services.VoiceService.1.DECTInterface.X_BROADCOM_COM_AccessCode,false,2026-07-21T20:50:23.275Z,true,2026-07-21T20:50:23.275Z,"",xsd:string,2026-07-21T20:50:23.279Z,,,,
InternetGatewayDevice.Services.VoiceService.1.DECTInterface.X_BROADCOM_COM_DectId,false,2026-07-21T20:50:23.275Z,false,2026-07-21T20:50:23.275Z,"",xsd:string,2026-07-21T20:50:23.279Z,,,,
InternetGatewayDevice.Services.VoiceService.1.DECTInterface.X_BROADCOM_COM_FirmwareVersion,false,2026-07-21T20:50:23.275Z,false,2026-07-21T20:50:23.275Z,"0",xsd:unsignedInt,2026-07-21T20:50:23.279Z,,,,
InternetGatewayDevice.Services.VoiceService.1.DECTInterface.X_BROADCOM_COM_LinkDate,false,2026-07-21T20:50:23.275Z,false,2026-07-21T20:50:23.275Z,"",xsd:string,2026-07-21T20:50:23.279Z,,,,
InternetGatewayDevice.Services.VoiceService.1.DECTInterface.X_BROADCOM_COM_MANIC,false,2026-07-21T20:50:23.275Z,false,2026-07-21T20:50:23.275Z,"0",xsd:unsignedInt,2026-07-21T20:50:23.279Z,,,,
InternetGatewayDevice.Services.VoiceService.1.DECTInterface.X_BROADCOM_COM_MODIC,false,2026-07-21T20:50:23.275Z,false,2026-07-21T20:50:23.275Z,"0",xsd:unsignedInt,2026-07-21T20:50:23.279Z,,,,
InternetGatewayDevice.Services.VoiceService.1.DECTInterface.X_BROADCOM_COM_MaxNumberOfHandsets,false,2026-07-21T20:50:23.275Z,false,2026-07-21T20:50:23.275Z,"0",xsd:unsignedInt,2026-07-21T20:50:23.279Z,,,,
InternetGatewayDevice.Services.VoiceService.1.DECTInterface.X_BROADCOM_COM_ServiceEnabled,false,2026-07-21T20:50:23.275Z,false,2026-07-21T20:50:23.275Z,"false",xsd:boolean,2026-07-21T20:50:23.279Z,,,,
InternetGatewayDevice.Services.VoiceService.1.DECTInterface.X_BROADCOM_COM_Type,false,2026-07-21T20:50:23.275Z,false,2026-07-21T20:50:23.275Z,"0",xsd:unsignedInt,2026-07-21T20:50:23.279Z,,,,
InternetGatewayDevice.Services.VoiceService.1.PhyInterface,true,2026-07-21T20:50:23.275Z,true,2026-07-21T20:50:23.275Z,"",,,,,,
InternetGatewayDevice.Services.VoiceService.1.PhyInterface.1,true,2026-07-21T20:50:23.275Z,false,2026-07-21T20:50:23.275Z,"",,,,,,
InternetGatewayDevice.Services.VoiceService.1.PhyInterface.1.Description,false,2026-07-21T20:50:23.275Z,false,2026-07-21T20:50:23.275Z,"FXS0",xsd:string,2026-07-21T20:50:23.279Z,,,,
InternetGatewayDevice.Services.VoiceService.1.PhyInterface.1.InterfaceID,false,2026-07-21T20:50:23.275Z,false,2026-07-21T20:50:23.275Z,"0",xsd:unsignedInt,2026-07-21T20:50:23.279Z,,,,
InternetGatewayDevice.Services.VoiceService.1.PhyInterface.1.PhyPort,false,2026-07-21T20:50:23.275Z,false,2026-07-21T20:50:23.275Z,"0",xsd:string,2026-07-21T20:50:23.279Z,,,,
InternetGatewayDevice.Services.VoiceService.1.PhyInterface.1.Tests,true,2026-07-21T20:50:23.275Z,false,2026-07-21T20:50:23.275Z,"",,,,,,
InternetGatewayDevice.Services.VoiceService.1.PhyInterface.1.Tests.PhoneConnectivity,false,2026-07-21T20:50:23.275Z,false,2026-07-21T20:50:23.275Z,"false",xsd:boolean,2026-07-21T20:50:23.279Z,,,,
InternetGatewayDevice.Services.VoiceService.1.PhyInterface.1.Tests.TestSelector,false,2026-07-21T20:50:23.275Z,true,2026-07-21T20:50:23.275Z,"",xsd:string,2026-07-21T20:50:23.279Z,,,,
InternetGatewayDevice.Services.VoiceService.1.PhyInterface.1.Tests.TestState,false,2026-07-21T20:50:23.275Z,true,2026-07-21T20:50:23.275Z,"",xsd:string,2026-07-21T20:50:23.279Z,,,,
InternetGatewayDevice.Services.VoiceService.1.PhyInterface.2,true,2026-07-21T20:50:23.275Z,false,2026-07-21T20:50:23.275Z,"",,,,,,
InternetGatewayDevice.Services.VoiceService.1.PhyInterface.2.Description,false,2026-07-21T20:50:23.275Z,false,2026-07-21T20:50:23.275Z,"FXS1",xsd:string,2026-07-21T20:50:23.279Z,,,,
InternetGatewayDevice.Services.VoiceService.1.PhyInterface.2.InterfaceID,false,2026-07-21T20:50:23.275Z,false,2026-07-21T20:50:23.275Z,"1",xsd:unsignedInt,2026-07-21T20:50:23.279Z,,,,
InternetGatewayDevice.Services.VoiceService.1.PhyInterface.2.PhyPort,false,2026-07-21T20:50:23.275Z,false,2026-07-21T20:50:23.275Z,"1",xsd:string,2026-07-21T20:50:23.279Z,,,,
InternetGatewayDevice.Services.VoiceService.1.PhyInterface.2.Tests,true,2026-07-21T20:50:23.275Z,false,2026-07-21T20:50:23.275Z,"",,,,,,
InternetGatewayDevice.Services.VoiceService.1.PhyInterface.2.Tests.PhoneConnectivity,false,2026-07-21T20:50:23.275Z,false,2026-07-21T20:50:23.275Z,"false",xsd:boolean,2026-07-21T20:50:23.279Z,,,,
InternetGatewayDevice.Services.VoiceService.1.PhyInterface.2.Tests.TestSelector,false,2026-07-21T20:50:23.275Z,true,2026-07-21T20:50:23.275Z,"",xsd:string,2026-07-21T20:50:23.279Z,,,,
InternetGatewayDevice.Services.VoiceService.1.PhyInterface.2.Tests.TestState,false,2026-07-21T20:50:23.275Z,true,2026-07-21T20:50:23.275Z,"",xsd:string,2026-07-21T20:50:23.279Z,,,,
InternetGatewayDevice.Services.VoiceService.1.VoiceProfile,true,2026-07-21T20:50:23.275Z,true,2026-07-21T20:50:23.275Z,"",,,,,,
InternetGatewayDevice.Services.VoiceService.1.VoiceProfile.1,true,2026-07-21T20:50:23.275Z,true,2026-07-21T20:50:23.275Z,"",,,,,,
InternetGatewayDevice.Services.VoiceService.1.VoiceProfile.1.DTMFMethod,false,2026-07-21T20:50:23.275Z,true,2026-07-21T20:50:23.275Z,"InBand",xsd:string,2026-07-21T20:50:23.279Z,,,,
InternetGatewayDevice.Services.VoiceService.1.VoiceProfile.1.DTMFMethodG711,false,2026-07-21T20:50:23.275Z,true,2026-07-21T20:50:23.275Z,"",xsd:string,2026-07-21T20:50:23.279Z,,,,
InternetGatewayDevice.Services.VoiceService.1.VoiceProfile.1.DigitMap,false,2026-07-21T20:50:23.275Z,true,2026-07-21T20:50:23.275Z,"*xx.#|#xx.#|xx.#|x.T",xsd:string,2026-07-21T20:50:23.279Z,,,,
InternetGatewayDevice.Services.VoiceService.1.VoiceProfile.1.DigitMapEnable,false,2026-07-21T20:50:23.275Z,true,2026-07-21T20:50:23.275Z,"true",xsd:boolean,2026-07-21T20:50:23.279Z,,,,
InternetGatewayDevice.Services.VoiceService.1.VoiceProfile.1.Enable,false,2026-07-21T20:50:23.275Z,true,2026-07-21T20:50:23.275Z,"Enabled",xsd:string,2026-07-21T20:50:23.279Z,,,,
InternetGatewayDevice.Services.VoiceService.1.VoiceProfile.1.FaxT38,true,2026-07-21T20:50:23.275Z,false,2026-07-21T20:50:23.275Z,"",,,,,,
InternetGatewayDevice.Services.VoiceService.1.VoiceProfile.1.FaxT38.BitRate,false,2026-07-21T20:50:23.275Z,true,2026-07-21T20:50:23.275Z,"2400",xsd:unsignedInt,2026-07-21T20:50:23.279Z,,,,
InternetGatewayDevice.Services.VoiceService.1.VoiceProfile.1.FaxT38.Enable,false,2026-07-21T20:50:23.275Z,true,2026-07-21T20:50:23.275Z,"false",xsd:boolean,2026-07-21T20:50:23.279Z,,,,
InternetGatewayDevice.Services.VoiceService.1.VoiceProfile.1.FaxT38.HighSpeedPacketRate,false,2026-07-21T20:50:23.275Z,true,2026-07-21T20:50:23.275Z,"10",xsd:unsignedInt,2026-07-21T20:50:23.279Z,,,,
InternetGatewayDevice.Services.VoiceService.1.VoiceProfile.1.Line,true,2026-07-21T20:50:23.275Z,true,2026-07-21T20:50:23.275Z,"",,,,,,
InternetGatewayDevice.Services.VoiceService.1.VoiceProfile.1.Line.1,true,2026-07-21T20:50:23.275Z,true,2026-07-21T20:50:23.275Z,"",,,,,,
InternetGatewayDevice.Services.VoiceService.1.VoiceProfile.1.Line.1.CallState,false,2026-07-21T20:50:23.275Z,false,2026-07-21T20:50:23.275Z,"Idle",xsd:string,2026-07-21T20:50:23.279Z,,,,
InternetGatewayDevice.Services.VoiceService.1.VoiceProfile.1.Line.1.CallingFeatures,true,2026-07-21T20:50:23.275Z,false,2026-07-21T20:50:23.275Z,"",,,,,,
InternetGatewayDevice.Services.VoiceService.1.VoiceProfile.1.Line.1.CallingFeatures.AnonymousCallBlockEnable,false,2026-07-21T20:50:23.275Z,true,2026-07-21T20:50:23.275Z,"false",xsd:boolean,2026-07-21T20:50:23.279Z,,,,
InternetGatewayDevice.Services.VoiceService.1.VoiceProfile.1.Line.1.CallingFeatures.AnonymousCallEnable,false,2026-07-21T20:50:23.275Z,true,2026-07-21T20:50:23.275Z,"false",xsd:boolean,2026-07-21T20:50:23.279Z,,,,
InternetGatewayDevice.Services.VoiceService.1.VoiceProfile.1.Line.1.CallingFeatures.CallForwardOnBusyEnable,false,2026-07-21T20:50:23.275Z,true,2026-07-21T20:50:23.275Z,"false",xsd:boolean,2026-07-21T20:50:23.279Z,,,,
InternetGatewayDevice.Services.VoiceService.1.VoiceProfile.1.Line.1.CallingFeatures.CallForwardOnBusyNumber,false,2026-07-21T20:50:23.275Z,true,2026-07-21T20:50:23.275Z,"",xsd:string,2026-07-21T20:50:23.279Z,,,,
InternetGatewayDevice.Services.VoiceService.1.VoiceProfile.1.Line.1.CallingFeatures.CallForwardOnNoAnswerEnable,false,2026-07-21T20:50:23.275Z,true,2026-07-21T20:50:23.275Z,"false",xsd:boolean,2026-07-21T20:50:23.279Z,,,,
InternetGatewayDevice.Services.VoiceService.1.VoiceProfile.1.Line.1.CallingFeatures.CallForwardOnNoAnswerNumber,false,2026-07-21T20:50:23.275Z,true,2026-07-21T20:50:23.275Z,"",xsd:string,2026-07-21T20:50:23.279Z,,,,
InternetGatewayDevice.Services.VoiceService.1.VoiceProfile.1.Line.1.CallingFeatures.CallForwardUnconditionalEnable,false,2026-07-21T20:50:23.275Z,true,2026-07-21T20:50:23.275Z,"false",xsd:boolean,2026-07-21T20:50:23.279Z,,,,
InternetGatewayDevice.Services.VoiceService.1.VoiceProfile.1.Line.1.CallingFeatures.CallForwardUnconditionalNumber,false,2026-07-21T20:50:23.275Z,true,2026-07-21T20:50:23.275Z,"",xsd:string,2026-07-21T20:50:23.279Z,,,,
InternetGatewayDevice.Services.VoiceService.1.VoiceProfile.1.Line.1.CallingFeatures.CallReturnEnable,false,2026-07-21T20:50:23.275Z,true,2026-07-21T20:50:23.275Z,"false",xsd:boolean,2026-07-21T20:50:23.279Z,,,,
InternetGatewayDevice.Services.VoiceService.1.VoiceProfile.1.Line.1.CallingFeatures.CallTransferEnable,false,2026-07-21T20:50:23.275Z,true,2026-07-21T20:50:23.275Z,"true",xsd:boolean,2026-07-21T20:50:23.279Z,,,,
InternetGatewayDevice.Services.VoiceService.1.VoiceProfile.1.Line.1.CallingFeatures.CallWaitingEnable,false,2026-07-21T20:50:23.275Z,true,2026-07-21T20:50:23.275Z,"true",xsd:boolean,2026-07-21T20:50:23.279Z,,,,
InternetGatewayDevice.Services.VoiceService.1.VoiceProfile.1.Line.1.CallingFeatures.CallWaitingStatus,false,2026-07-21T20:50:23.275Z,false,2026-07-21T20:50:23.275Z,"",xsd:string,2026-07-21T20:50:23.279Z,,,,
InternetGatewayDevice.Services.VoiceService.1.VoiceProfile.1.Line.1.CallingFeatures.CallerIDEnable,false,2026-07-21T20:50:23.275Z,true,2026-07-21T20:50:23.275Z,"true",xsd:boolean,2026-07-21T20:50:23.279Z,,,,
InternetGatewayDevice.Services.VoiceService.1.VoiceProfile.1.Line.1.CallingFeatures.CallerIDName,false,2026-07-21T20:50:23.275Z,true,2026-07-21T20:50:23.275Z,"Line1",xsd:string,2026-07-21T20:50:23.279Z,,,,
InternetGatewayDevice.Services.VoiceService.1.VoiceProfile.1.Line.1.CallingFeatures.DoNotDisturbEnable,false,2026-07-21T20:50:23.275Z,true,2026-07-21T20:50:23.275Z,"false",xsd:boolean,2026-07-21T20:50:23.279Z,,,,
InternetGatewayDevice.Services.VoiceService.1.VoiceProfile.1.Line.1.CallingFeatures.MWIEnable,false,2026-07-21T20:50:23.275Z,true,2026-07-21T20:50:23.275Z,"true",xsd:boolean,2026-07-21T20:50:23.279Z,,,,
InternetGatewayDevice.Services.VoiceService.1.VoiceProfile.1.Line.1.CallingFeatures.MaxSessions,false,2026-07-21T20:50:23.275Z,true,2026-07-21T20:50:23.275Z,"2",xsd:unsignedInt,2026-07-21T20:50:23.279Z,,,,
InternetGatewayDevice.Services.VoiceService.1.VoiceProfile.1.Line.1.CallingFeatures.RepeatDialEnable,false,2026-07-21T20:50:23.275Z,true,2026-07-21T20:50:23.275Z,"false",xsd:boolean,2026-07-21T20:50:23.279Z,,,,
InternetGatewayDevice.Services.VoiceService.1.VoiceProfile.1.Line.1.CallingFeatures.X_BROADCOM_COM_AnonymousCallBlockStart,false,2026-07-21T20:50:23.275Z,true,2026-07-21T20:50:23.275Z,"false",xsd:boolean,2026-07-21T20:50:23.279Z,,,,
InternetGatewayDevice.Services.VoiceService.1.VoiceProfile.1.Line.1.CallingFeatures.X_BROADCOM_COM_AnonymousCallStart,false,2026-07-21T20:50:23.275Z,true,2026-07-21T20:50:23.275Z,"false",xsd:boolean,2026-07-21T20:50:23.279Z,,,,
InternetGatewayDevice.Services.VoiceService.1.VoiceProfile.1.Line.1.CallingFeatures.X_BROADCOM_COM_CAllCompletionOnBusyEnable,false,2026-07-21T20:50:23.275Z,true,2026-07-21T20:50:23.275Z,"false",xsd:boolean,2026-07-21T20:50:23.279Z,,,,
InternetGatewayDevice.Services.VoiceService.1.VoiceProfile.1.Line.1.CallingFeatures.X_BROADCOM_COM_CallBarringDigitMap,false,2026-07-21T20:50:23.275Z,true,2026-07-21T20:50:23.275Z,"",xsd:string,2026-07-21T20:50:23.279Z,,,,
InternetGatewayDevice.Services.VoiceService.1.VoiceProfile.1.Line.1.CallingFeatures.X_BROADCOM_COM_CallBarringEnable,false,2026-07-21T20:50:23.275Z,true,2026-07-21T20:50:23.275Z,"false",xsd:boolean,2026-07-21T20:50:23.279Z,,,,
InternetGatewayDevice.Services.VoiceService.1.VoiceProfile.1.Line.1.CallingFeatures.X_BROADCOM_COM_CallBarringMode,false,2026-07-21T20:50:23.275Z,true,2026-07-21T20:50:23.275Z,"0",xsd:string,2026-07-21T20:50:23.279Z,,,,
InternetGatewayDevice.Services.VoiceService.1.VoiceProfile.1.Line.1.CallingFeatures.X_BROADCOM_COM_CallBarringUserPin,false,2026-07-21T20:50:23.275Z,true,2026-07-21T20:50:23.275Z,"9999",xsd:string,2026-07-21T20:50:23.279Z,,,,
InternetGatewayDevice.Services.VoiceService.1.VoiceProfile.1.Line.1.CallingFeatures.X_BROADCOM_COM_CallForwardOnBusyStart,false,2026-07-21T20:50:23.275Z,true,2026-07-21T20:50:23.275Z,"false",xsd:boolean,2026-07-21T20:50:23.279Z,,,,
InternetGatewayDevice.Services.VoiceService.1.VoiceProfile.1.Line.1.CallingFeatures.X_BROADCOM_COM_CallForwardOnNoAnswerStart,false,2026-07-21T20:50:23.275Z,true,2026-07-21T20:50:23.275Z,"false",xsd:boolean,2026-07-21T20:50:23.279Z,,,,
InternetGatewayDevice.Services.VoiceService.1.VoiceProfile.1.Line.1.CallingFeatures.X_BROADCOM_COM_CallForwardUnconditionalStart,false,2026-07-21T20:50:23.275Z,true,2026-07-21T20:50:23.275Z,"false",xsd:boolean,2026-07-21T20:50:23.279Z,,,,
InternetGatewayDevice.Services.VoiceService.1.VoiceProfile.1.Line.1.CallingFeatures.X_BROADCOM_COM_CallWaitingStart,false,2026-07-21T20:50:23.275Z,true,2026-07-21T20:50:23.275Z,"true",xsd:boolean,2026-07-21T20:50:23.279Z,,,,
InternetGatewayDevice.Services.VoiceService.1.VoiceProfile.1.Line.1.CallingFeatures.X_BROADCOM_COM_DoNotDisturbStart,false,2026-07-21T20:50:23.275Z,true,2026-07-21T20:50:23.275Z,"false",xsd:boolean,2026-07-21T20:50:23.279Z,,,,
InternetGatewayDevice.Services.VoiceService.1.VoiceProfile.1.Line.1.CallingFeatures.X_BROADCOM_COM_EnumEnable,false,2026-07-21T20:50:23.275Z,true,2026-07-21T20:50:23.275Z,"true",xsd:boolean,2026-07-21T20:50:23.279Z,,,,
InternetGatewayDevice.Services.VoiceService.1.VoiceProfile.1.Line.1.CallingFeatures.X_BROADCOM_COM_EnumStart,false,2026-07-21T20:50:23.275Z,true,2026-07-21T20:50:23.275Z,"false",xsd:boolean,2026-07-21T20:50:23.279Z,,,,
InternetGatewayDevice.Services.VoiceService.1.VoiceProfile.1.Line.1.CallingFeatures.X_BROADCOM_COM_NetworkPrivacyEnable,false,2026-07-21T20:50:23.275Z,true,2026-07-21T20:50:23.275Z,"false",xsd:boolean,2026-07-21T20:50:23.279Z,,,,
InternetGatewayDevice.Services.VoiceService.1.VoiceProfile.1.Line.1.CallingFeatures.X_BROADCOM_COM_NetworkPrivacyStart,false,2026-07-21T20:50:23.275Z,true,2026-07-21T20:50:23.275Z,"false",xsd:boolean,2026-07-21T20:50:23.279Z,,,,
InternetGatewayDevice.Services.VoiceService.1.VoiceProfile.1.Line.1.CallingFeatures.X_BROADCOM_COM_SpeedDialEnable,false,2026-07-21T20:50:23.275Z,true,2026-07-21T20:50:23.275Z,"false",xsd:boolean,2026-07-21T20:50:23.279Z,,,,
InternetGatewayDevice.Services.VoiceService.1.VoiceProfile.1.Line.1.CallingFeatures.X_BROADCOM_COM_VMWIEnable,false,2026-07-21T20:50:23.275Z,true,2026-07-21T20:50:23.275Z,"true",xsd:boolean,2026-07-21T20:50:23.279Z,,,,
InternetGatewayDevice.Services.VoiceService.1.VoiceProfile.1.Line.1.CallingFeatures.X_BROADCOM_COM_WarmLineEnable,false,2026-07-21T20:50:23.275Z,true,2026-07-21T20:50:23.275Z,"false",xsd:boolean,2026-07-21T20:50:23.279Z,,,,
InternetGatewayDevice.Services.VoiceService.1.VoiceProfile.1.Line.1.CallingFeatures.X_BROADCOM_COM_WarmLineNumber,false,2026-07-21T20:50:23.275Z,true,2026-07-21T20:50:23.275Z,"",xsd:string,2026-07-21T20:50:23.279Z,,,,
InternetGatewayDevice.Services.VoiceService.1.VoiceProfile.1.Line.1.CallingFeatures.X_BROADCOM_COM_WarmLineStart,false,2026-07-21T20:50:23.275Z,true,2026-07-21T20:50:23.275Z,"false",xsd:boolean,2026-07-21T20:50:23.279Z,,,,
InternetGatewayDevice.Services.VoiceService.1.VoiceProfile.1.Line.1.CallingFeatures.X_ZHONE_COM_CallerID_Block,false,2026-07-21T20:50:23.275Z,true,2026-07-21T20:50:23.275Z,"false",xsd:boolean,2026-07-21T20:50:23.279Z,,,,
InternetGatewayDevice.Services.VoiceService.1.VoiceProfile.1.Line.1.Codec,true,2026-07-21T20:50:23.275Z,false,2026-07-21T20:50:23.275Z,"",,,,,,
InternetGatewayDevice.Services.VoiceService.1.VoiceProfile.1.Line.1.Codec.List,true,2026-07-21T20:50:23.275Z,true,2026-07-21T20:50:23.275Z,"",,,,,,
InternetGatewayDevice.Services.VoiceService.1.VoiceProfile.1.Line.1.Codec.List.1,true,2026-07-21T20:50:23.275Z,false,2026-07-21T20:50:23.275Z,"",,,,,,
InternetGatewayDevice.Services.VoiceService.1.VoiceProfile.1.Line.1.Codec.List.1.BitRate,false,2026-07-21T20:50:23.275Z,false,2026-07-21T20:50:23.275Z,"64000",xsd:unsignedInt,2026-07-21T20:50:23.279Z,,,,
InternetGatewayDevice.Services.VoiceService.1.VoiceProfile.1.Line.1.Codec.List.1.Codec,false,2026-07-21T20:50:23.275Z,false,2026-07-21T20:50:23.275Z,"G.711MuLaw",xsd:string,2026-07-21T20:50:23.279Z,,,,
InternetGatewayDevice.Services.VoiceService.1.VoiceProfile.1.Line.1.Codec.List.1.Enable,false,2026-07-21T20:50:23.275Z,true,2026-07-21T20:50:23.275Z,"true",xsd:boolean,2026-07-21T20:50:23.279Z,,,,
InternetGatewayDevice.Services.VoiceService.1.VoiceProfile.1.Line.1.Codec.List.1.EntryID,false,2026-07-21T20:50:23.275Z,false,2026-07-21T20:50:23.275Z,"1",xsd:unsignedInt,2026-07-21T20:50:23.279Z,,,,
InternetGatewayDevice.Services.VoiceService.1.VoiceProfile.1.Line.1.Codec.List.1.PacketizationPeriod,false,2026-07-21T20:50:23.275Z,true,2026-07-21T20:50:23.275Z,"10",xsd:string,2026-07-21T20:50:23.279Z,,,,
InternetGatewayDevice.Services.VoiceService.1.VoiceProfile.1.Line.1.Codec.List.1.Priority,false,2026-07-21T20:50:23.275Z,true,2026-07-21T20:50:23.275Z,"1",xsd:unsignedInt,2026-07-21T20:50:23.279Z,,,,
InternetGatewayDevice.Services.VoiceService.1.VoiceProfile.1.Line.1.Codec.List.1.SilenceSuppression,false,2026-07-21T20:50:23.275Z,true,2026-07-21T20:50:23.275Z,"false",xsd:boolean,2026-07-21T20:50:23.279Z,,,,
InternetGatewayDevice.Services.VoiceService.1.VoiceProfile.1.Line.1.Codec.List.2,true,2026-07-21T20:50:23.275Z,false,2026-07-21T20:50:23.275Z,"",,,,,,
InternetGatewayDevice.Services.VoiceService.1.VoiceProfile.1.Line.1.Codec.List.2.BitRate,false,2026-07-21T20:50:23.275Z,false,2026-07-21T20:50:23.275Z,"64000",xsd:unsignedInt,2026-07-21T20:50:23.279Z,,,,
InternetGatewayDevice.Services.VoiceService.1.VoiceProfile.1.Line.1.Codec.List.2.Codec,false,2026-07-21T20:50:23.275Z,false,2026-07-21T20:50:23.275Z,"G.711ALaw",xsd:string,2026-07-21T20:50:23.279Z,,,,
InternetGatewayDevice.Services.VoiceService.1.VoiceProfile.1.Line.1.Codec.List.2.Enable,false,2026-07-21T20:50:23.275Z,true,2026-07-21T20:50:23.275Z,"true",xsd:boolean,2026-07-21T20:50:23.279Z,,,,
InternetGatewayDevice.Services.VoiceService.1.VoiceProfile.1.Line.1.Codec.List.2.EntryID,false,2026-07-21T20:50:23.275Z,false,2026-07-21T20:50:23.275Z,"2",xsd:unsignedInt,2026-07-21T20:50:23.279Z,,,,
InternetGatewayDevice.Services.VoiceService.1.VoiceProfile.1.Line.1.Codec.List.2.PacketizationPeriod,false,2026-07-21T20:50:23.275Z,true,2026-07-21T20:50:23.275Z,"10",xsd:string,2026-07-21T20:50:23.279Z,,,,
InternetGatewayDevice.Services.VoiceService.1.VoiceProfile.1.Line.1.Codec.List.2.Priority,false,2026-07-21T20:50:23.275Z,true,2026-07-21T20:50:23.275Z,"1",xsd:unsignedInt,2026-07-21T20:50:23.279Z,,,,
InternetGatewayDevice.Services.VoiceService.1.VoiceProfile.1.Line.1.Codec.List.2.SilenceSuppression,false,2026-07-21T20:50:23.275Z,true,2026-07-21T20:50:23.275Z,"false",xsd:boolean,2026-07-21T20:50:23.279Z,,,,
InternetGatewayDevice.Services.VoiceService.1.VoiceProfile.1.Line.1.Codec.List.3,true,2026-07-21T20:50:23.275Z,false,2026-07-21T20:50:23.275Z,"",,,,,,
InternetGatewayDevice.Services.VoiceService.1.VoiceProfile.1.Line.1.Codec.List.3.BitRate,false,2026-07-21T20:50:23.275Z,false,2026-07-21T20:50:23.275Z,"64000",xsd:unsignedInt,2026-07-21T20:50:23.279Z,,,,
InternetGatewayDevice.Services.VoiceService.1.VoiceProfile.1.Line.1.Codec.List.3.Codec,false,2026-07-21T20:50:23.275Z,false,2026-07-21T20:50:23.275Z,"G.729a",xsd:string,2026-07-21T20:50:23.279Z,,,,
InternetGatewayDevice.Services.VoiceService.1.VoiceProfile.1.Line.1.Codec.List.3.Enable,false,2026-07-21T20:50:23.275Z,true,2026-07-21T20:50:23.275Z,"true",xsd:boolean,2026-07-21T20:50:23.279Z,,,,
InternetGatewayDevice.Services.VoiceService.1.VoiceProfile.1.Line.1.Codec.List.3.EntryID,false,2026-07-21T20:50:23.275Z,false,2026-07-21T20:50:23.275Z,"15",xsd:unsignedInt,2026-07-21T20:50:23.279Z,,,,
InternetGatewayDevice.Services.VoiceService.1.VoiceProfile.1.Line.1.Codec.List.3.PacketizationPeriod,false,2026-07-21T20:50:23.275Z,true,2026-07-21T20:50:23.275Z,"10",xsd:string,2026-07-21T20:50:23.279Z,,,,
InternetGatewayDevice.Services.VoiceService.1.VoiceProfile.1.Line.1.Codec.List.3.Priority,false,2026-07-21T20:50:23.275Z,true,2026-07-21T20:50:23.275Z,"1",xsd:unsignedInt,2026-07-21T20:50:23.279Z,,,,
InternetGatewayDevice.Services.VoiceService.1.VoiceProfile.1.Line.1.Codec.List.3.SilenceSuppression,false,2026-07-21T20:50:23.275Z,true,2026-07-21T20:50:23.275Z,"false",xsd:boolean,2026-07-21T20:50:23.279Z,,,,
InternetGatewayDevice.Services.VoiceService.1.VoiceProfile.1.Line.1.Codec.List.4,true,2026-07-21T20:50:23.275Z,false,2026-07-21T20:50:23.275Z,"",,,,,,
InternetGatewayDevice.Services.VoiceService.1.VoiceProfile.1.Line.1.Codec.List.4.BitRate,false,2026-07-21T20:50:23.275Z,false,2026-07-21T20:50:23.275Z,"64000",xsd:unsignedInt,2026-07-21T20:50:23.279Z,,,,
InternetGatewayDevice.Services.VoiceService.1.VoiceProfile.1.Line.1.Codec.List.4.Codec,false,2026-07-21T20:50:23.275Z,false,2026-07-21T20:50:23.275Z,"G.726_24",xsd:string,2026-07-21T20:50:23.279Z,,,,
InternetGatewayDevice.Services.VoiceService.1.VoiceProfile.1.Line.1.Codec.List.4.Enable,false,2026-07-21T20:50:23.275Z,true,2026-07-21T20:50:23.275Z,"true",xsd:boolean,2026-07-21T20:50:23.279Z,,,,
InternetGatewayDevice.Services.VoiceService.1.VoiceProfile.1.Line.1.Codec.List.4.EntryID,false,2026-07-21T20:50:23.275Z,false,2026-07-21T20:50:23.275Z,"4",xsd:unsignedInt,2026-07-21T20:50:23.279Z,,,,
InternetGatewayDevice.Services.VoiceService.1.VoiceProfile.1.Line.1.Codec.List.4.PacketizationPeriod,false,2026-07-21T20:50:23.275Z,true,2026-07-21T20:50:23.275Z,"10",xsd:string,2026-07-21T20:50:23.279Z,,,,
InternetGatewayDevice.Services.VoiceService.1.VoiceProfile.1.Line.1.Codec.List.4.Priority,false,2026-07-21T20:50:23.275Z,true,2026-07-21T20:50:23.275Z,"1",xsd:unsignedInt,2026-07-21T20:50:23.279Z,,,,
InternetGatewayDevice.Services.VoiceService.1.VoiceProfile.1.Line.1.Codec.List.4.SilenceSuppression,false,2026-07-21T20:50:23.275Z,true,2026-07-21T20:50:23.275Z,"false",xsd:boolean,2026-07-21T20:50:23.279Z,,,,
InternetGatewayDevice.Services.VoiceService.1.VoiceProfile.1.Line.1.Codec.List.5,true,2026-07-21T20:50:23.275Z,false,2026-07-21T20:50:23.275Z,"",,,,,,
InternetGatewayDevice.Services.VoiceService.1.VoiceProfile.1.Line.1.Codec.List.5.BitRate,false,2026-07-21T20:50:23.275Z,false,2026-07-21T20:50:23.275Z,"64000",xsd:unsignedInt,2026-07-21T20:50:23.279Z,,,,
InternetGatewayDevice.Services.VoiceService.1.VoiceProfile.1.Line.1.Codec.List.5.Codec,false,2026-07-21T20:50:23.275Z,false,2026-07-21T20:50:23.275Z,"G.726_32",xsd:string,2026-07-21T20:50:23.279Z,,,,
InternetGatewayDevice.Services.VoiceService.1.VoiceProfile.1.Line.1.Codec.List.5.Enable,false,2026-07-21T20:50:23.275Z,true,2026-07-21T20:50:23.275Z,"true",xsd:boolean,2026-07-21T20:50:23.279Z,,,,
InternetGatewayDevice.Services.VoiceService.1.VoiceProfile.1.Line.1.Codec.List.5.EntryID,false,2026-07-21T20:50:23.275Z,false,2026-07-21T20:50:23.275Z,"5",xsd:unsignedInt,2026-07-21T20:50:23.279Z,,,,
InternetGatewayDevice.Services.VoiceService.1.VoiceProfile.1.Line.1.Codec.List.5.PacketizationPeriod,false,2026-07-21T20:50:23.275Z,true,2026-07-21T20:50:23.275Z,"10",xsd:string,2026-07-21T20:50:23.279Z,,,,
InternetGatewayDevice.Services.VoiceService.1.VoiceProfile.1.Line.1.Codec.List.5.Priority,false,2026-07-21T20:50:23.275Z,true,2026-07-21T20:50:23.275Z,"1",xsd:unsignedInt,2026-07-21T20:50:23.279Z,,,,
InternetGatewayDevice.Services.VoiceService.1.VoiceProfile.1.Line.1.Codec.List.5.SilenceSuppression,false,2026-07-21T20:50:23.275Z,true,2026-07-21T20:50:23.275Z,"false",xsd:boolean,2026-07-21T20:50:23.279Z,,,,
InternetGatewayDevice.Services.VoiceService.1.VoiceProfile.1.Line.1.Codec.List.6,true,2026-07-21T20:50:23.275Z,false,2026-07-21T20:50:23.275Z,"",,,,,,
InternetGatewayDevice.Services.VoiceService.1.VoiceProfile.1.Line.1.Codec.List.6.BitRate,false,2026-07-21T20:50:23.275Z,false,2026-07-21T20:50:23.275Z,"64000",xsd:unsignedInt,2026-07-21T20:50:23.279Z,,,,
InternetGatewayDevice.Services.VoiceService.1.VoiceProfile.1.Line.1.Codec.List.6.Codec,false,2026-07-21T20:50:23.275Z,false,2026-07-21T20:50:23.275Z,"X_BROADCOM_COM_T38",xsd:string,2026-07-21T20:50:23.279Z,,,,
InternetGatewayDevice.Services.VoiceService.1.VoiceProfile.1.Line.1.Codec.List.6.Enable,false,2026-07-21T20:50:23.275Z,true,2026-07-21T20:50:23.275Z,"true",xsd:boolean,2026-07-21T20:50:23.279Z,,,,
InternetGatewayDevice.Services.VoiceService.1.VoiceProfile.1.Line.1.Codec.List.6.EntryID,false,2026-07-21T20:50:23.275Z,false,2026-07-21T20:50:23.275Z,"25",xsd:unsignedInt,2026-07-21T20:50:23.279Z,,,,
InternetGatewayDevice.Services.VoiceService.1.VoiceProfile.1.Line.1.Codec.List.6.PacketizationPeriod,false,2026-07-21T20:50:23.275Z,true,2026-07-21T20:50:23.275Z,"10",xsd:string,2026-07-21T20:50:23.279Z,,,,
InternetGatewayDevice.Services.VoiceService.1.VoiceProfile.1.Line.1.Codec.List.6.Priority,false,2026-07-21T20:50:23.275Z,true,2026-07-21T20:50:23.275Z,"1",xsd:unsignedInt,2026-07-21T20:50:23.279Z,,,,
InternetGatewayDevice.Services.VoiceService.1.VoiceProfile.1.Line.1.Codec.List.6.SilenceSuppression,false,2026-07-21T20:50:23.275Z,true,2026-07-21T20:50:23.275Z,"false",xsd:boolean,2026-07-21T20:50:23.279Z,,,,
InternetGatewayDevice.Services.VoiceService.1.VoiceProfile.1.Line.1.Codec.List.7,true,2026-07-21T20:50:23.275Z,false,2026-07-21T20:50:23.275Z,"",,,,,,
InternetGatewayDevice.Services.VoiceService.1.VoiceProfile.1.Line.1.Codec.List.7.BitRate,false,2026-07-21T20:50:23.275Z,false,2026-07-21T20:50:23.275Z,"64000",xsd:unsignedInt,2026-07-21T20:50:23.279Z,,,,
InternetGatewayDevice.Services.VoiceService.1.VoiceProfile.1.Line.1.Codec.List.7.Codec,false,2026-07-21T20:50:23.275Z,false,2026-07-21T20:50:23.275Z,"X_BROADCOM_COM_NTE",xsd:string,2026-07-21T20:50:23.279Z,,,,
InternetGatewayDevice.Services.VoiceService.1.VoiceProfile.1.Line.1.Codec.List.7.Enable,false,2026-07-21T20:50:23.275Z,true,2026-07-21T20:50:23.275Z,"true",xsd:boolean,2026-07-21T20:50:23.279Z,,,,
InternetGatewayDevice.Services.VoiceService.1.VoiceProfile.1.Line.1.Codec.List.7.EntryID,false,2026-07-21T20:50:23.275Z,false,2026-07-21T20:50:23.275Z,"19",xsd:unsignedInt,2026-07-21T20:50:23.279Z,,,,
InternetGatewayDevice.Services.VoiceService.1.VoiceProfile.1.Line.1.Codec.List.7.PacketizationPeriod,false,2026-07-21T20:50:23.275Z,true,2026-07-21T20:50:23.275Z,"10",xsd:string,2026-07-21T20:50:23.279Z,,,,
InternetGatewayDevice.Services.VoiceService.1.VoiceProfile.1.Line.1.Codec.List.7.Priority,false,2026-07-21T20:50:23.275Z,true,2026-07-21T20:50:23.275Z,"1",xsd:unsignedInt,2026-07-21T20:50:23.279Z,,,,
InternetGatewayDevice.Services.VoiceService.1.VoiceProfile.1.Line.1.Codec.List.7.SilenceSuppression,false,2026-07-21T20:50:23.275Z,true,2026-07-21T20:50:23.275Z,"false",xsd:boolean,2026-07-21T20:50:23.279Z,,,,
InternetGatewayDevice.Services.VoiceService.1.VoiceProfile.1.Line.1.DirectoryNumber,false,2026-07-21T20:50:23.275Z,true,2026-07-21T20:50:23.275Z,"685145",xsd:string,2026-07-21T20:50:23.279Z,,,,
InternetGatewayDevice.Services.VoiceService.1.VoiceProfile.1.Line.1.Enable,false,2026-07-21T20:50:23.275Z,true,2026-07-21T20:50:23.275Z,"Enabled",xsd:string,2026-07-21T20:50:23.279Z,,,,
InternetGatewayDevice.Services.VoiceService.1.VoiceProfile.1.Line.1.PhyReferenceList,false,2026-07-21T20:50:23.275Z,true,2026-07-21T20:50:23.275Z,"0",xsd:string,2026-07-21T20:50:23.279Z,,,,
InternetGatewayDevice.Services.VoiceService.1.VoiceProfile.1.Line.1.SIP,true,2026-07-21T20:50:23.275Z,false,2026-07-21T20:50:23.275Z,"",,,,,,
InternetGatewayDevice.Services.VoiceService.1.VoiceProfile.1.Line.1.SIP.AuthPassword,false,2026-07-21T20:50:23.275Z,true,2026-07-21T20:50:23.275Z,"685145",xsd:string,2026-07-21T20:50:23.279Z,,,,
InternetGatewayDevice.Services.VoiceService.1.VoiceProfile.1.Line.1.SIP.AuthUserName,false,2026-07-21T20:50:23.275Z,true,2026-07-21T20:50:23.275Z,"685145",xsd:string,2026-07-21T20:50:23.279Z,,,,
InternetGatewayDevice.Services.VoiceService.1.VoiceProfile.1.Line.1.SIP.URI,false,2026-07-21T20:50:23.275Z,true,2026-07-21T20:50:23.275Z,"685145",xsd:string,2026-07-21T20:50:23.279Z,,,,
InternetGatewayDevice.Services.VoiceService.1.VoiceProfile.1.Line.1.SIP.X_BROADCOM_COM_PlarUserName,false,2026-07-21T20:50:23.275Z,true,2026-07-21T20:50:23.275Z,"685145",xsd:string,2026-07-21T20:50:23.279Z,,,,
InternetGatewayDevice.Services.VoiceService.1.VoiceProfile.1.Line.1.SIP.X_ZHONE_COM_PBX,false,2026-07-21T20:50:23.275Z,true,2026-07-21T20:50:23.275Z,"false",xsd:boolean,2026-07-21T20:50:23.279Z,,,,
InternetGatewayDevice.Services.VoiceService.1.VoiceProfile.1.Line.1.SIP.X_ZHONE_COM_PBX_Number,false,2026-07-21T20:50:23.275Z,true,2026-07-21T20:50:23.275Z,"9",xsd:unsignedInt,2026-07-21T20:50:23.279Z,,,,
InternetGatewayDevice.Services.VoiceService.1.VoiceProfile.1.Line.1.SIP.X_ZHONE_COM_Warmline_Option,false,2026-07-21T20:50:23.275Z,true,2026-07-21T20:50:23.275Z,"Off",xsd:string,2026-07-21T20:50:23.279Z,,,,
InternetGatewayDevice.Services.VoiceService.1.VoiceProfile.1.Line.1.SIP.X_ZHONE_COM_Warmline_Timer,false,2026-07-21T20:50:23.275Z,true,2026-07-21T20:50:23.275Z,"200",xsd:unsignedInt,2026-07-21T20:50:23.279Z,,,,
InternetGatewayDevice.Services.VoiceService.1.VoiceProfile.1.Line.1.Stats,true,2026-07-21T20:50:23.275Z,false,2026-07-21T20:50:23.275Z,"",,,,,,
InternetGatewayDevice.Services.VoiceService.1.VoiceProfile.1.Line.1.Stats.AverageFarEndInterarrivalJitter,false,2026-07-21T20:50:23.275Z,false,2026-07-21T20:50:23.275Z,"0",xsd:unsignedInt,2026-07-21T20:50:23.279Z,,,,
InternetGatewayDevice.Services.VoiceService.1.VoiceProfile.1.Line.1.Stats.AverageReceiveInterarrivalJitter,false,2026-07-21T20:50:23.275Z,false,2026-07-21T20:50:23.275Z,"0",xsd:unsignedInt,2026-07-21T20:50:23.279Z,,,,
InternetGatewayDevice.Services.VoiceService.1.VoiceProfile.1.Line.1.Stats.AverageRoundTripDelay,false,2026-07-21T20:50:23.275Z,false,2026-07-21T20:50:23.275Z,"0",xsd:unsignedInt,2026-07-21T20:50:23.279Z,,,,
InternetGatewayDevice.Services.VoiceService.1.VoiceProfile.1.Line.1.Stats.BytesReceived,false,2026-07-21T20:50:23.275Z,false,2026-07-21T20:50:23.275Z,"0",xsd:unsignedInt,2026-07-21T20:50:23.279Z,,,,
InternetGatewayDevice.Services.VoiceService.1.VoiceProfile.1.Line.1.Stats.BytesSent,false,2026-07-21T20:50:23.275Z,false,2026-07-21T20:50:23.275Z,"0",xsd:unsignedInt,2026-07-21T20:50:23.279Z,,,,
InternetGatewayDevice.Services.VoiceService.1.VoiceProfile.1.Line.1.Stats.FarEndInterarrivalJitter,false,2026-07-21T20:50:23.275Z,false,2026-07-21T20:50:23.275Z,"0",xsd:unsignedInt,2026-07-21T20:50:23.279Z,,,,
InternetGatewayDevice.Services.VoiceService.1.VoiceProfile.1.Line.1.Stats.FarEndPacketLossRate,false,2026-07-21T20:50:23.275Z,false,2026-07-21T20:50:23.275Z,"0",xsd:unsignedInt,2026-07-21T20:50:23.279Z,,,,
InternetGatewayDevice.Services.VoiceService.1.VoiceProfile.1.Line.1.Stats.IncomingCallsAnswered,false,2026-07-21T20:50:23.275Z,false,2026-07-21T20:50:23.275Z,"0",xsd:unsignedInt,2026-07-21T20:50:23.279Z,,,,
InternetGatewayDevice.Services.VoiceService.1.VoiceProfile.1.Line.1.Stats.IncomingCallsConnected,false,2026-07-21T20:50:23.275Z,false,2026-07-21T20:50:23.275Z,"0",xsd:unsignedInt,2026-07-21T20:50:23.279Z,,,,
InternetGatewayDevice.Services.VoiceService.1.VoiceProfile.1.Line.1.Stats.IncomingCallsFailed,false,2026-07-21T20:50:23.275Z,false,2026-07-21T20:50:23.275Z,"0",xsd:unsignedInt,2026-07-21T20:50:23.279Z,,,,
InternetGatewayDevice.Services.VoiceService.1.VoiceProfile.1.Line.1.Stats.IncomingCallsReceived,false,2026-07-21T20:50:23.275Z,false,2026-07-21T20:50:23.275Z,"0",xsd:unsignedInt,2026-07-21T20:50:23.279Z,,,,
InternetGatewayDevice.Services.VoiceService.1.VoiceProfile.1.Line.1.Stats.IncomingDiscardedPackets,false,2026-07-21T20:50:23.275Z,false,2026-07-21T20:50:23.275Z,"0",xsd:unsignedInt,2026-07-21T20:50:23.279Z,,,,
InternetGatewayDevice.Services.VoiceService.1.VoiceProfile.1.Line.1.Stats.JitterBufferAvg,false,2026-07-21T20:50:23.275Z,false,2026-07-21T20:50:23.275Z,"0",xsd:unsignedInt,2026-07-21T20:50:23.279Z,,,,
InternetGatewayDevice.Services.VoiceService.1.VoiceProfile.1.Line.1.Stats.JitterBufferMax,false,2026-07-21T20:50:23.275Z,false,2026-07-21T20:50:23.275Z,"0",xsd:unsignedInt,2026-07-21T20:50:23.279Z,,,,
InternetGatewayDevice.Services.VoiceService.1.VoiceProfile.1.Line.1.Stats.JitterBufferMin,false,2026-07-21T20:50:23.275Z,false,2026-07-21T20:50:23.275Z,"0",xsd:unsignedInt,2026-07-21T20:50:23.279Z,,,,
InternetGatewayDevice.Services.VoiceService.1.VoiceProfile.1.Line.1.Stats.MOScq,false,2026-07-21T20:50:23.275Z,false,2026-07-21T20:50:23.275Z,"0",xsd:unsignedInt,2026-07-21T20:50:23.279Z,,,,
InternetGatewayDevice.Services.VoiceService.1.VoiceProfile.1.Line.1.Stats.MOSlq,false,2026-07-21T20:50:23.275Z,false,2026-07-21T20:50:23.275Z,"0",xsd:unsignedInt,2026-07-21T20:50:23.279Z,,,,
InternetGatewayDevice.Services.VoiceService.1.VoiceProfile.1.Line.1.Stats.OutgoingCallsAnswered,false,2026-07-21T20:50:23.275Z,false,2026-07-21T20:50:23.275Z,"0",xsd:unsignedInt,2026-07-21T20:50:23.279Z,,,,
InternetGatewayDevice.Services.VoiceService.1.VoiceProfile.1.Line.1.Stats.OutgoingCallsAttempted,false,2026-07-21T20:50:23.275Z,false,2026-07-21T20:50:23.275Z,"0",xsd:unsignedInt,2026-07-21T20:50:23.279Z,,,,
InternetGatewayDevice.Services.VoiceService.1.VoiceProfile.1.Line.1.Stats.OutgoingCallsConnected,false,2026-07-21T20:50:23.275Z,false,2026-07-21T20:50:23.275Z,"0",xsd:unsignedInt,2026-07-21T20:50:23.279Z,,,,
InternetGatewayDevice.Services.VoiceService.1.VoiceProfile.1.Line.1.Stats.OutgoingCallsFailed,false,2026-07-21T20:50:23.275Z,false,2026-07-21T20:50:23.275Z,"0",xsd:unsignedInt,2026-07-21T20:50:23.279Z,,,,
InternetGatewayDevice.Services.VoiceService.1.VoiceProfile.1.Line.1.Stats.Overruns,false,2026-07-21T20:50:23.275Z,false,2026-07-21T20:50:23.275Z,"0",xsd:unsignedInt,2026-07-21T20:50:23.279Z,,,,
InternetGatewayDevice.Services.VoiceService.1.VoiceProfile.1.Line.1.Stats.PacketsLost,false,2026-07-21T20:50:23.275Z,false,2026-07-21T20:50:23.275Z,"0",xsd:unsignedInt,2026-07-21T20:50:23.279Z,,,,
InternetGatewayDevice.Services.VoiceService.1.VoiceProfile.1.Line.1.Stats.PacketsReceived,false,2026-07-21T20:50:23.275Z,false,2026-07-21T20:50:23.275Z,"0",xsd:unsignedInt,2026-07-21T20:50:23.279Z,,,,
InternetGatewayDevice.Services.VoiceService.1.VoiceProfile.1.Line.1.Stats.PacketsSent,false,2026-07-21T20:50:23.275Z,false,2026-07-21T20:50:23.275Z,"0",xsd:unsignedInt,2026-07-21T20:50:23.279Z,,,,
InternetGatewayDevice.Services.VoiceService.1.VoiceProfile.1.Line.1.Stats.ReceiveInterarrivalJitter,false,2026-07-21T20:50:23.275Z,false,2026-07-21T20:50:23.275Z,"0",xsd:unsignedInt,2026-07-21T20:50:23.279Z,,,,
InternetGatewayDevice.Services.VoiceService.1.VoiceProfile.1.Line.1.Stats.ReceiveInterarrivalPeakJitter,false,2026-07-21T20:50:23.275Z,false,2026-07-21T20:50:23.275Z,"0",xsd:unsignedInt,2026-07-21T20:50:23.279Z,,,,
InternetGatewayDevice.Services.VoiceService.1.VoiceProfile.1.Line.1.Stats.ReceivePacketLossRate,false,2026-07-21T20:50:23.275Z,false,2026-07-21T20:50:23.275Z,"0",xsd:unsignedInt,2026-07-21T20:50:23.279Z,,,,
InternetGatewayDevice.Services.VoiceService.1.VoiceProfile.1.Line.1.Stats.ReceiveRtcpPackets,false,2026-07-21T20:50:23.275Z,false,2026-07-21T20:50:23.275Z,"0",xsd:unsignedInt,2026-07-21T20:50:23.279Z,,,,
InternetGatewayDevice.Services.VoiceService.1.VoiceProfile.1.Line.1.Stats.ReceiveRtcpXrPackets,false,2026-07-21T20:50:23.275Z,false,2026-07-21T20:50:23.275Z,"0",xsd:unsignedInt,2026-07-21T20:50:23.279Z,,,,
InternetGatewayDevice.Services.VoiceService.1.VoiceProfile.1.Line.1.Stats.ResetStatistics,false,2026-07-21T20:50:23.275Z,true,2026-07-21T20:50:23.275Z,"false",xsd:boolean,2026-07-21T20:50:23.279Z,,,,
InternetGatewayDevice.Services.VoiceService.1.VoiceProfile.1.Line.1.Stats.RoundTripDelay,false,2026-07-21T20:50:23.275Z,false,2026-07-21T20:50:23.275Z,"0",xsd:unsignedInt,2026-07-21T20:50:23.279Z,,,,
InternetGatewayDevice.Services.VoiceService.1.VoiceProfile.1.Line.1.Stats.RoundTripDelayPeak,false,2026-07-21T20:50:23.275Z,false,2026-07-21T20:50:23.275Z,"0",xsd:unsignedInt,2026-07-21T20:50:23.279Z,,,,
InternetGatewayDevice.Services.VoiceService.1.VoiceProfile.1.Line.1.Stats.SentRtcpPackets,false,2026-07-21T20:50:23.275Z,false,2026-07-21T20:50:23.275Z,"0",xsd:unsignedInt,2026-07-21T20:50:23.279Z,,,,
InternetGatewayDevice.Services.VoiceService.1.VoiceProfile.1.Line.1.Stats.SentRtcpXrPackets,false,2026-07-21T20:50:23.275Z,false,2026-07-21T20:50:23.275Z,"0",xsd:unsignedInt,2026-07-21T20:50:23.279Z,,,,
InternetGatewayDevice.Services.VoiceService.1.VoiceProfile.1.Line.1.Stats.Underruns,false,2026-07-21T20:50:23.275Z,false,2026-07-21T20:50:23.275Z,"0",xsd:unsignedInt,2026-07-21T20:50:23.279Z,,,,
InternetGatewayDevice.Services.VoiceService.1.VoiceProfile.1.Line.1.Status,false,2026-07-21T20:50:23.275Z,false,2026-07-21T20:50:23.275Z,"Disabled",xsd:string,2026-07-21T20:50:23.279Z,,,,
InternetGatewayDevice.Services.VoiceService.1.VoiceProfile.1.Line.1.VoiceProcessing,true,2026-07-21T20:50:23.275Z,false,2026-07-21T20:50:23.275Z,"",,,,,,
InternetGatewayDevice.Services.VoiceService.1.VoiceProfile.1.Line.1.VoiceProcessing.EchoCancellationEnable,false,2026-07-21T20:50:23.275Z,true,2026-07-21T20:50:23.275Z,"true",xsd:boolean,2026-07-21T20:50:23.279Z,,,,
InternetGatewayDevice.Services.VoiceService.1.VoiceProfile.1.Line.1.VoiceProcessing.EchoCancellationInUse,false,2026-07-21T20:50:23.275Z,false,2026-07-21T20:50:23.275Z,"false",xsd:boolean,2026-07-21T20:50:23.279Z,,,,
InternetGatewayDevice.Services.VoiceService.1.VoiceProfile.1.Line.1.VoiceProcessing.ReceiveGain,false,2026-07-21T20:50:23.275Z,true,2026-07-21T20:50:23.275Z,"-60",xsd:int,2026-07-21T20:50:23.279Z,,,,
InternetGatewayDevice.Services.VoiceService.1.VoiceProfile.1.Line.1.VoiceProcessing.TransmitGain,false,2026-07-21T20:50:23.275Z,true,2026-07-21T20:50:23.275Z,"-20",xsd:int,2026-07-21T20:50:23.279Z,,,,
InternetGatewayDevice.Services.VoiceService.1.VoiceProfile.1.Line.1.VoiceProcessing.X_ZHONE_COM_ReceiveGain,false,2026-07-21T20:50:23.275Z,true,2026-07-21T20:50:23.275Z,"-6",xsd:int,2026-07-21T20:50:23.279Z,,,,
InternetGatewayDevice.Services.VoiceService.1.VoiceProfile.1.Line.1.VoiceProcessing.X_ZHONE_COM_TransmitGain,false,2026-07-21T20:50:23.275Z,true,2026-07-21T20:50:23.275Z,"-2",xsd:int,2026-07-21T20:50:23.279Z,,,,
InternetGatewayDevice.Services.VoiceService.1.VoiceProfile.1.Line.1.X_BROADCOM_COM_AssociatedNonFxsPhyIntfType,false,2026-07-21T20:50:23.275Z,true,2026-07-21T20:50:23.275Z,"UNASSIGNED",xsd:string,2026-07-21T20:50:23.279Z,,,,
InternetGatewayDevice.Services.VoiceService.1.VoiceProfile.1.Line.1.X_BROADCOM_COM_CMAcntNum,false,2026-07-21T20:50:23.275Z,true,2026-07-21T20:50:23.275Z,"0",xsd:unsignedInt,2026-07-21T20:50:23.279Z,,,,
InternetGatewayDevice.Services.VoiceService.1.VoiceProfile.1.Line.1.X_BROADCOM_COM_DectLineSetting,true,2026-07-21T20:50:23.275Z,true,2026-07-21T20:50:23.275Z,"",,,,,,
InternetGatewayDevice.Services.VoiceService.1.VoiceProfile.1.Line.1.X_BROADCOM_COM_DectLineSetting.AttachedHandset,true,2026-07-21T20:50:23.275Z,false,2026-07-21T20:50:23.275Z,"",,,,,,
InternetGatewayDevice.Services.VoiceService.1.VoiceProfile.1.Line.1.X_BROADCOM_COM_DectLineSetting.AttachedHandset.Editable,false,2026-07-21T20:50:23.275Z,true,2026-07-21T20:50:23.275Z,"true",xsd:boolean,2026-07-21T20:50:23.279Z,,,,
InternetGatewayDevice.Services.VoiceService.1.VoiceProfile.1.Line.1.X_BROADCOM_COM_DectLineSetting.AttachedHandset.Element,false,2026-07-21T20:50:23.275Z,true,2026-07-21T20:50:23.275Z,"0",xsd:unsignedInt,2026-07-21T20:50:23.279Z,,,,
InternetGatewayDevice.Services.VoiceService.1.VoiceProfile.1.Line.1.X_BROADCOM_COM_DectLineSetting.AttachedHandset.ElementId,false,2026-07-21T20:50:23.275Z,false,2026-07-21T20:50:23.275Z,"3",xsd:unsignedInt,2026-07-21T20:50:23.279Z,,,,
InternetGatewayDevice.Services.VoiceService.1.VoiceProfile.1.Line.1.X_BROADCOM_COM_DectLineSetting.AttachedHandset.TotalNumber,false,2026-07-21T20:50:23.275Z,true,2026-07-21T20:50:23.275Z,"0",xsd:unsignedInt,2026-07-21T20:50:23.279Z,,,,
InternetGatewayDevice.Services.VoiceService.1.VoiceProfile.1.Line.1.X_BROADCOM_COM_DectLineSetting.BlockedNumber,true,2026-07-21T20:50:23.275Z,false,2026-07-21T20:50:23.275Z,"",,,,,,
InternetGatewayDevice.Services.VoiceService.1.VoiceProfile.1.Line.1.X_BROADCOM_COM_DectLineSetting.BlockedNumber.Editable,false,2026-07-21T20:50:23.275Z,true,2026-07-21T20:50:23.275Z,"true",xsd:boolean,2026-07-21T20:50:23.279Z,,,,
InternetGatewayDevice.Services.VoiceService.1.VoiceProfile.1.Line.1.X_BROADCOM_COM_DectLineSetting.BlockedNumber.Element,false,2026-07-21T20:50:23.275Z,true,2026-07-21T20:50:23.275Z,"",xsd:string,2026-07-21T20:50:23.279Z,,,,
InternetGatewayDevice.Services.VoiceService.1.VoiceProfile.1.Line.1.X_BROADCOM_COM_DectLineSetting.BlockedNumber.ElementId,false,2026-07-21T20:50:23.275Z,false,2026-07-21T20:50:23.275Z,"7",xsd:unsignedInt,2026-07-21T20:50:23.279Z,,,,
InternetGatewayDevice.Services.VoiceService.1.VoiceProfile.1.Line.1.X_BROADCOM_COM_DectLineSetting.BlockedNumber.Internal,false,2026-07-21T20:50:23.275Z,true,2026-07-21T20:50:23.275Z,"false",xsd:boolean,2026-07-21T20:50:23.279Z,,,,
InternetGatewayDevice.Services.VoiceService.1.VoiceProfile.1.Line.1.X_BROADCOM_COM_DectLineSetting.BlockedNumber.Own,false,2026-07-21T20:50:23.275Z,true,2026-07-21T20:50:23.275Z,"false",xsd:boolean,2026-07-21T20:50:23.279Z,,,,
InternetGatewayDevice.Services.VoiceService.1.VoiceProfile.1.Line.1.X_BROADCOM_COM_DectLineSetting.CLIR,true,2026-07-21T20:50:23.275Z,false,2026-07-21T20:50:23.275Z,"",,,,,,
InternetGatewayDevice.Services.VoiceService.1.VoiceProfile.1.Line.1.X_BROADCOM_COM_DectLineSetting.CLIR.Editable,false,2026-07-21T20:50:23.275Z,true,2026-07-21T20:50:23.275Z,"true",xsd:boolean,2026-07-21T20:50:23.279Z,,,,
InternetGatewayDevice.Services.VoiceService.1.VoiceProfile.1.Line.1.X_BROADCOM_COM_DectLineSetting.CLIR.Element,false,2026-07-21T20:50:23.275Z,true,2026-07-21T20:50:23.275Z,"",xsd:string,2026-07-21T20:50:23.279Z,,,,
InternetGatewayDevice.Services.VoiceService.1.VoiceProfile.1.Line.1.X_BROADCOM_COM_DectLineSetting.CLIR.ElementId,false,2026-07-21T20:50:23.275Z,false,2026-07-21T20:50:23.275Z,"10",xsd:unsignedInt,2026-07-21T20:50:23.279Z,,,,
InternetGatewayDevice.Services.VoiceService.1.VoiceProfile.1.Line.1.X_BROADCOM_COM_DectLineSetting.CallForwarding,true,2026-07-21T20:50:23.275Z,false,2026-07-21T20:50:23.275Z,"",,,,,,
InternetGatewayDevice.Services.VoiceService.1.VoiceProfile.1.Line.1.X_BROADCOM_COM_DectLineSetting.CallForwarding.CFType,false,2026-07-21T20:50:23.275Z,true,2026-07-21T20:50:23.275Z,"0",xsd:unsignedInt,2026-07-21T20:50:23.279Z,,,,
InternetGatewayDevice.Services.VoiceService.1.VoiceProfile.1.Line.1.X_BROADCOM_COM_DectLineSetting.CallForwarding.Editable,false,2026-07-21T20:50:23.275Z,true,2026-07-21T20:50:23.275Z,"true",xsd:boolean,2026-07-21T20:50:23.279Z,,,,
InternetGatewayDevice.Services.VoiceService.1.VoiceProfile.1.Line.1.X_BROADCOM_COM_DectLineSetting.CallForwarding.Element,false,2026-07-21T20:50:23.275Z,true,2026-07-21T20:50:23.275Z,"",xsd:string,2026-07-21T20:50:23.279Z,,,,
InternetGatewayDevice.Services.VoiceService.1.VoiceProfile.1.Line.1.X_BROADCOM_COM_DectLineSetting.CallForwarding.ElementId,false,2026-07-21T20:50:23.275Z,false,2026-07-21T20:50:23.275Z,"11",xsd:unsignedInt,2026-07-21T20:50:23.279Z,,,,
InternetGatewayDevice.Services.VoiceService.1.VoiceProfile.1.Line.1.X_BROADCOM_COM_DectLineSetting.DialingPrefix,true,2026-07-21T20:50:23.275Z,false,2026-07-21T20:50:23.275Z,"",,,,,,
InternetGatewayDevice.Services.VoiceService.1.VoiceProfile.1.Line.1.X_BROADCOM_COM_DectLineSetting.DialingPrefix.Editable,false,2026-07-21T20:50:23.275Z,true,2026-07-21T20:50:23.275Z,"true",xsd:boolean,2026-07-21T20:50:23.279Z,,,,
InternetGatewayDevice.Services.VoiceService.1.VoiceProfile.1.Line.1.X_BROADCOM_COM_DectLineSetting.DialingPrefix.Element,false,2026-07-21T20:50:23.275Z,true,2026-07-21T20:50:23.275Z,"0",xsd:string,2026-07-21T20:50:23.279Z,,,,
InternetGatewayDevice.Services.VoiceService.1.VoiceProfile.1.Line.1.X_BROADCOM_COM_DectLineSetting.DialingPrefix.ElementId,false,2026-07-21T20:50:23.275Z,false,2026-07-21T20:50:23.275Z,"4",xsd:unsignedInt,2026-07-21T20:50:23.279Z,,,,
InternetGatewayDevice.Services.VoiceService.1.VoiceProfile.1.Line.1.X_BROADCOM_COM_DectLineSetting.DialingPrefix.Internal,false,2026-07-21T20:50:23.275Z,true,2026-07-21T20:50:23.275Z,"false",xsd:boolean,2026-07-21T20:50:23.279Z,,,,
InternetGatewayDevice.Services.VoiceService.1.VoiceProfile.1.Line.1.X_BROADCOM_COM_DectLineSetting.DialingPrefix.Own,false,2026-07-21T20:50:23.275Z,true,2026-07-21T20:50:23.275Z,"false",xsd:boolean,2026-07-21T20:50:23.279Z,,,,
InternetGatewayDevice.Services.VoiceService.1.VoiceProfile.1.Line.1.X_BROADCOM_COM_DectLineSetting.IntrusionCall,true,2026-07-21T20:50:23.275Z,false,2026-07-21T20:50:23.275Z,"",,,,,,
InternetGatewayDevice.Services.VoiceService.1.VoiceProfile.1.Line.1.X_BROADCOM_COM_DectLineSetting.IntrusionCall.Editable,false,2026-07-21T20:50:23.275Z,true,2026-07-21T20:50:23.275Z,"true",xsd:boolean,2026-07-21T20:50:23.279Z,,,,
InternetGatewayDevice.Services.VoiceService.1.VoiceProfile.1.Line.1.X_BROADCOM_COM_DectLineSetting.IntrusionCall.Element,false,2026-07-21T20:50:23.275Z,true,2026-07-21T20:50:23.275Z,"false",xsd:boolean,2026-07-21T20:50:23.279Z,,,,
InternetGatewayDevice.Services.VoiceService.1.VoiceProfile.1.Line.1.X_BROADCOM_COM_DectLineSetting.IntrusionCall.ElementId,false,2026-07-21T20:50:23.275Z,false,2026-07-21T20:50:23.275Z,"9",xsd:unsignedInt,2026-07-21T20:50:23.279Z,,,,
InternetGatewayDevice.Services.VoiceService.1.VoiceProfile.1.Line.1.X_BROADCOM_COM_DectLineSetting.LineId,true,2026-07-21T20:50:23.275Z,false,2026-07-21T20:50:23.275Z,"",,,,,,
InternetGatewayDevice.Services.VoiceService.1.VoiceProfile.1.Line.1.X_BROADCOM_COM_DectLineSetting.LineId.Editable,false,2026-07-21T20:50:23.275Z,false,2026-07-21T20:50:23.275Z,"false",xsd:boolean,2026-07-21T20:50:23.279Z,,,,
InternetGatewayDevice.Services.VoiceService.1.VoiceProfile.1.Line.1.X_BROADCOM_COM_DectLineSetting.LineId.Element,false,2026-07-21T20:50:23.275Z,true,2026-07-21T20:50:23.275Z,"1",xsd:unsignedInt,2026-07-21T20:50:23.279Z,,,,
InternetGatewayDevice.Services.VoiceService.1.VoiceProfile.1.Line.1.X_BROADCOM_COM_DectLineSetting.LineId.ElementId,false,2026-07-21T20:50:23.275Z,false,2026-07-21T20:50:23.275Z,"2",xsd:unsignedInt,2026-07-21T20:50:23.279Z,,,,
InternetGatewayDevice.Services.VoiceService.1.VoiceProfile.1.Line.1.X_BROADCOM_COM_DectLineSetting.LineName,true,2026-07-21T20:50:23.275Z,false,2026-07-21T20:50:23.275Z,"",,,,,,
InternetGatewayDevice.Services.VoiceService.1.VoiceProfile.1.Line.1.X_BROADCOM_COM_DectLineSetting.LineName.Editable,false,2026-07-21T20:50:23.275Z,true,2026-07-21T20:50:23.275Z,"true",xsd:boolean,2026-07-21T20:50:23.279Z,,,,
InternetGatewayDevice.Services.VoiceService.1.VoiceProfile.1.Line.1.X_BROADCOM_COM_DectLineSetting.LineName.Element,false,2026-07-21T20:50:23.275Z,true,2026-07-21T20:50:23.275Z,"",xsd:string,2026-07-21T20:50:23.279Z,,,,
InternetGatewayDevice.Services.VoiceService.1.VoiceProfile.1.Line.1.X_BROADCOM_COM_DectLineSetting.LineName.ElementId,false,2026-07-21T20:50:23.275Z,false,2026-07-21T20:50:23.275Z,"1",xsd:unsignedInt,2026-07-21T20:50:23.279Z,,,,
InternetGatewayDevice.Services.VoiceService.1.VoiceProfile.1.Line.1.X_BROADCOM_COM_DectLineSetting.Melody,true,2026-07-21T20:50:23.275Z,false,2026-07-21T20:50:23.275Z,"",,,,,,
InternetGatewayDevice.Services.VoiceService.1.VoiceProfile.1.Line.1.X_BROADCOM_COM_DectLineSetting.Melody.Editable,false,2026-07-21T20:50:23.275Z,true,2026-07-21T20:50:23.275Z,"true",xsd:boolean,2026-07-21T20:50:23.279Z,,,,
InternetGatewayDevice.Services.VoiceService.1.VoiceProfile.1.Line.1.X_BROADCOM_COM_DectLineSetting.Melody.Element,false,2026-07-21T20:50:23.275Z,true,2026-07-21T20:50:23.275Z,"0",xsd:unsignedInt,2026-07-21T20:50:23.279Z,,,,
InternetGatewayDevice.Services.VoiceService.1.VoiceProfile.1.Line.1.X_BROADCOM_COM_DectLineSetting.Melody.ElementId,false,2026-07-21T20:50:23.275Z,false,2026-07-21T20:50:23.275Z,"5",xsd:unsignedInt,2026-07-21T20:50:23.279Z,,,,
InternetGatewayDevice.Services.VoiceService.1.VoiceProfile.1.Line.1.X_BROADCOM_COM_DectLineSetting.MultiCallMode,true,2026-07-21T20:50:23.275Z,false,2026-07-21T20:50:23.275Z,"",,,,,,
InternetGatewayDevice.Services.VoiceService.1.VoiceProfile.1.Line.1.X_BROADCOM_COM_DectLineSetting.MultiCallMode.Editable,false,2026-07-21T20:50:23.275Z,true,2026-07-21T20:50:23.275Z,"true",xsd:boolean,2026-07-21T20:50:23.279Z,,,,
InternetGatewayDevice.Services.VoiceService.1.VoiceProfile.1.Line.1.X_BROADCOM_COM_DectLineSetting.MultiCallMode.Element,false,2026-07-21T20:50:23.275Z,true,2026-07-21T20:50:23.275Z,"false",xsd:boolean,2026-07-21T20:50:23.279Z,,,,
InternetGatewayDevice.Services.VoiceService.1.VoiceProfile.1.Line.1.X_BROADCOM_COM_DectLineSetting.MultiCallMode.ElementId,false,2026-07-21T20:50:23.275Z,false,2026-07-21T20:50:23.275Z,"8",xsd:unsignedInt,2026-07-21T20:50:23.279Z,,,,
InternetGatewayDevice.Services.VoiceService.1.VoiceProfile.1.Line.1.X_BROADCOM_COM_DectLineSetting.Volumn,true,2026-07-21T20:50:23.275Z,false,2026-07-21T20:50:23.275Z,"",,,,,,
InternetGatewayDevice.Services.VoiceService.1.VoiceProfile.1.Line.1.X_BROADCOM_COM_DectLineSetting.Volumn.Editable,false,2026-07-21T20:50:23.275Z,true,2026-07-21T20:50:23.275Z,"true",xsd:boolean,2026-07-21T20:50:23.279Z,,,,
InternetGatewayDevice.Services.VoiceService.1.VoiceProfile.1.Line.1.X_BROADCOM_COM_DectLineSetting.Volumn.Element,false,2026-07-21T20:50:23.275Z,true,2026-07-21T20:50:23.275Z,"0",xsd:unsignedInt,2026-07-21T20:50:23.279Z,,,,
InternetGatewayDevice.Services.VoiceService.1.VoiceProfile.1.Line.1.X_BROADCOM_COM_DectLineSetting.Volumn.ElementId,false,2026-07-21T20:50:23.275Z,false,2026-07-21T20:50:23.275Z,"6",xsd:unsignedInt,2026-07-21T20:50:23.279Z,,,,
InternetGatewayDevice.Services.VoiceService.1.VoiceProfile.1.Line.1.X_BROADCOM_COM_LineSetting,true,2026-07-21T20:50:23.275Z,false,2026-07-21T20:50:23.275Z,"",,,,,,
InternetGatewayDevice.Services.VoiceService.1.VoiceProfile.1.Line.1.X_BROADCOM_COM_NonFxsPhyReferenceList,false,2026-07-21T20:50:23.275Z,true,2026-07-21T20:50:23.275Z,"",xsd:string,2026-07-21T20:50:23.279Z,,,,
InternetGatewayDevice.Services.VoiceService.1.VoiceProfile.1.Line.1.X_ZHONE_COM_Phone_follow_WAN,false,2026-07-21T20:50:23.275Z,true,2026-07-21T20:50:23.275Z,"false",xsd:boolean,2026-07-21T20:50:23.279Z,,,,
InternetGatewayDevice.Services.VoiceService.1.VoiceProfile.1.Line.1.X_ZHONE_Onhook,false,2026-07-21T20:50:23.275Z,false,2026-07-21T20:50:23.275Z,"false",xsd:boolean,2026-07-21T20:50:23.279Z,,,,
InternetGatewayDevice.Services.VoiceService.1.VoiceProfile.1.Line.2,true,2026-07-21T20:50:23.275Z,true,2026-07-21T20:50:23.275Z,"",,,,,,
InternetGatewayDevice.Services.VoiceService.1.VoiceProfile.1.Line.2.CallState,false,2026-07-21T20:50:23.275Z,false,2026-07-21T20:50:23.275Z,"Idle",xsd:string,2026-07-21T20:50:23.279Z,,,,
InternetGatewayDevice.Services.VoiceService.1.VoiceProfile.1.Line.2.CallingFeatures,true,2026-07-21T20:50:23.275Z,false,2026-07-21T20:50:23.275Z,"",,,,,,
InternetGatewayDevice.Services.VoiceService.1.VoiceProfile.1.Line.2.CallingFeatures.AnonymousCallBlockEnable,false,2026-07-21T20:50:23.275Z,true,2026-07-21T20:50:23.275Z,"false",xsd:boolean,2026-07-21T20:50:23.279Z,,,,
InternetGatewayDevice.Services.VoiceService.1.VoiceProfile.1.Line.2.CallingFeatures.AnonymousCallEnable,false,2026-07-21T20:50:23.275Z,true,2026-07-21T20:50:23.275Z,"false",xsd:boolean,2026-07-21T20:50:23.279Z,,,,
InternetGatewayDevice.Services.VoiceService.1.VoiceProfile.1.Line.2.CallingFeatures.CallForwardOnBusyEnable,false,2026-07-21T20:50:23.275Z,true,2026-07-21T20:50:23.275Z,"false",xsd:boolean,2026-07-21T20:50:23.279Z,,,,
InternetGatewayDevice.Services.VoiceService.1.VoiceProfile.1.Line.2.CallingFeatures.CallForwardOnBusyNumber,false,2026-07-21T20:50:23.275Z,true,2026-07-21T20:50:23.275Z,"",xsd:string,2026-07-21T20:50:23.279Z,,,,
InternetGatewayDevice.Services.VoiceService.1.VoiceProfile.1.Line.2.CallingFeatures.CallForwardOnNoAnswerEnable,false,2026-07-21T20:50:23.275Z,true,2026-07-21T20:50:23.275Z,"false",xsd:boolean,2026-07-21T20:50:23.279Z,,,,
InternetGatewayDevice.Services.VoiceService.1.VoiceProfile.1.Line.2.CallingFeatures.CallForwardOnNoAnswerNumber,false,2026-07-21T20:50:23.275Z,true,2026-07-21T20:50:23.275Z,"",xsd:string,2026-07-21T20:50:23.279Z,,,,
InternetGatewayDevice.Services.VoiceService.1.VoiceProfile.1.Line.2.CallingFeatures.CallForwardUnconditionalEnable,false,2026-07-21T20:50:23.275Z,true,2026-07-21T20:50:23.275Z,"false",xsd:boolean,2026-07-21T20:50:23.279Z,,,,
InternetGatewayDevice.Services.VoiceService.1.VoiceProfile.1.Line.2.CallingFeatures.CallForwardUnconditionalNumber,false,2026-07-21T20:50:23.275Z,true,2026-07-21T20:50:23.275Z,"",xsd:string,2026-07-21T20:50:23.279Z,,,,
InternetGatewayDevice.Services.VoiceService.1.VoiceProfile.1.Line.2.CallingFeatures.CallReturnEnable,false,2026-07-21T20:50:23.275Z,true,2026-07-21T20:50:23.275Z,"false",xsd:boolean,2026-07-21T20:50:23.279Z,,,,
InternetGatewayDevice.Services.VoiceService.1.VoiceProfile.1.Line.2.CallingFeatures.CallTransferEnable,false,2026-07-21T20:50:23.275Z,true,2026-07-21T20:50:23.275Z,"true",xsd:boolean,2026-07-21T20:50:23.279Z,,,,
InternetGatewayDevice.Services.VoiceService.1.VoiceProfile.1.Line.2.CallingFeatures.CallWaitingEnable,false,2026-07-21T20:50:23.275Z,true,2026-07-21T20:50:23.275Z,"true",xsd:boolean,2026-07-21T20:50:23.279Z,,,,
InternetGatewayDevice.Services.VoiceService.1.VoiceProfile.1.Line.2.CallingFeatures.CallWaitingStatus,false,2026-07-21T20:50:23.275Z,false,2026-07-21T20:50:23.275Z,"",xsd:string,2026-07-21T20:50:23.279Z,,,,
InternetGatewayDevice.Services.VoiceService.1.VoiceProfile.1.Line.2.CallingFeatures.CallerIDEnable,false,2026-07-21T20:50:23.275Z,true,2026-07-21T20:50:23.275Z,"true",xsd:boolean,2026-07-21T20:50:23.279Z,,,,
InternetGatewayDevice.Services.VoiceService.1.VoiceProfile.1.Line.2.CallingFeatures.CallerIDName,false,2026-07-21T20:50:23.275Z,true,2026-07-21T20:50:23.275Z,"Line2",xsd:string,2026-07-21T20:50:23.279Z,,,,
InternetGatewayDevice.Services.VoiceService.1.VoiceProfile.1.Line.2.CallingFeatures.DoNotDisturbEnable,false,2026-07-21T20:50:23.275Z,true,2026-07-21T20:50:23.275Z,"false",xsd:boolean,2026-07-21T20:50:23.279Z,,,,
InternetGatewayDevice.Services.VoiceService.1.VoiceProfile.1.Line.2.CallingFeatures.MWIEnable,false,2026-07-21T20:50:23.275Z,true,2026-07-21T20:50:23.275Z,"true",xsd:boolean,2026-07-21T20:50:23.279Z,,,,
InternetGatewayDevice.Services.VoiceService.1.VoiceProfile.1.Line.2.CallingFeatures.MaxSessions,false,2026-07-21T20:50:23.275Z,true,2026-07-21T20:50:23.275Z,"2",xsd:unsignedInt,2026-07-21T20:50:23.279Z,,,,
InternetGatewayDevice.Services.VoiceService.1.VoiceProfile.1.Line.2.CallingFeatures.RepeatDialEnable,false,2026-07-21T20:50:23.275Z,true,2026-07-21T20:50:23.275Z,"false",xsd:boolean,2026-07-21T20:50:23.279Z,,,,
InternetGatewayDevice.Services.VoiceService.1.VoiceProfile.1.Line.2.CallingFeatures.X_BROADCOM_COM_AnonymousCallBlockStart,false,2026-07-21T20:50:23.275Z,true,2026-07-21T20:50:23.275Z,"false",xsd:boolean,2026-07-21T20:50:23.279Z,,,,
InternetGatewayDevice.Services.VoiceService.1.VoiceProfile.1.Line.2.CallingFeatures.X_BROADCOM_COM_AnonymousCallStart,false,2026-07-21T20:50:23.275Z,true,2026-07-21T20:50:23.275Z,"false",xsd:boolean,2026-07-21T20:50:23.279Z,,,,
InternetGatewayDevice.Services.VoiceService.1.VoiceProfile.1.Line.2.CallingFeatures.X_BROADCOM_COM_CAllCompletionOnBusyEnable,false,2026-07-21T20:50:23.275Z,true,2026-07-21T20:50:23.275Z,"false",xsd:boolean,2026-07-21T20:50:23.279Z,,,,
InternetGatewayDevice.Services.VoiceService.1.VoiceProfile.1.Line.2.CallingFeatures.X_BROADCOM_COM_CallBarringDigitMap,false,2026-07-21T20:50:23.275Z,true,2026-07-21T20:50:23.275Z,"",xsd:string,2026-07-21T20:50:23.279Z,,,,
InternetGatewayDevice.Services.VoiceService.1.VoiceProfile.1.Line.2.CallingFeatures.X_BROADCOM_COM_CallBarringEnable,false,2026-07-21T20:50:23.275Z,true,2026-07-21T20:50:23.275Z,"false",xsd:boolean,2026-07-21T20:50:23.279Z,,,,
InternetGatewayDevice.Services.VoiceService.1.VoiceProfile.1.Line.2.CallingFeatures.X_BROADCOM_COM_CallBarringMode,false,2026-07-21T20:50:23.275Z,true,2026-07-21T20:50:23.275Z,"0",xsd:string,2026-07-21T20:50:23.279Z,,,,
InternetGatewayDevice.Services.VoiceService.1.VoiceProfile.1.Line.2.CallingFeatures.X_BROADCOM_COM_CallBarringUserPin,false,2026-07-21T20:50:23.275Z,true,2026-07-21T20:50:23.275Z,"9999",xsd:string,2026-07-21T20:50:23.279Z,,,,
InternetGatewayDevice.Services.VoiceService.1.VoiceProfile.1.Line.2.CallingFeatures.X_BROADCOM_COM_CallForwardOnBusyStart,false,2026-07-21T20:50:23.275Z,true,2026-07-21T20:50:23.275Z,"false",xsd:boolean,2026-07-21T20:50:23.279Z,,,,
InternetGatewayDevice.Services.VoiceService.1.VoiceProfile.1.Line.2.CallingFeatures.X_BROADCOM_COM_CallForwardOnNoAnswerStart,false,2026-07-21T20:50:23.275Z,true,2026-07-21T20:50:23.275Z,"false",xsd:boolean,2026-07-21T20:50:23.279Z,,,,
InternetGatewayDevice.Services.VoiceService.1.VoiceProfile.1.Line.2.CallingFeatures.X_BROADCOM_COM_CallForwardUnconditionalStart,false,2026-07-21T20:50:23.275Z,true,2026-07-21T20:50:23.275Z,"false",xsd:boolean,2026-07-21T20:50:23.279Z,,,,
InternetGatewayDevice.Services.VoiceService.1.VoiceProfile.1.Line.2.CallingFeatures.X_BROADCOM_COM_CallWaitingStart,false,2026-07-21T20:50:23.275Z,true,2026-07-21T20:50:23.275Z,"true",xsd:boolean,2026-07-21T20:50:23.279Z,,,,
InternetGatewayDevice.Services.VoiceService.1.VoiceProfile.1.Line.2.CallingFeatures.X_BROADCOM_COM_DoNotDisturbStart,false,2026-07-21T20:50:23.275Z,true,2026-07-21T20:50:23.275Z,"false",xsd:boolean,2026-07-21T20:50:23.279Z,,,,
InternetGatewayDevice.Services.VoiceService.1.VoiceProfile.1.Line.2.CallingFeatures.X_BROADCOM_COM_EnumEnable,false,2026-07-21T20:50:23.275Z,true,2026-07-21T20:50:23.275Z,"true",xsd:boolean,2026-07-21T20:50:23.279Z,,,,
InternetGatewayDevice.Services.VoiceService.1.VoiceProfile.1.Line.2.CallingFeatures.X_BROADCOM_COM_EnumStart,false,2026-07-21T20:50:23.275Z,true,2026-07-21T20:50:23.275Z,"false",xsd:boolean,2026-07-21T20:50:23.279Z,,,,
InternetGatewayDevice.Services.VoiceService.1.VoiceProfile.1.Line.2.CallingFeatures.X_BROADCOM_COM_NetworkPrivacyEnable,false,2026-07-21T20:50:23.275Z,true,2026-07-21T20:50:23.275Z,"false",xsd:boolean,2026-07-21T20:50:23.279Z,,,,
InternetGatewayDevice.Services.VoiceService.1.VoiceProfile.1.Line.2.CallingFeatures.X_BROADCOM_COM_NetworkPrivacyStart,false,2026-07-21T20:50:23.275Z,true,2026-07-21T20:50:23.275Z,"false",xsd:boolean,2026-07-21T20:50:23.279Z,,,,
InternetGatewayDevice.Services.VoiceService.1.VoiceProfile.1.Line.2.CallingFeatures.X_BROADCOM_COM_SpeedDialEnable,false,2026-07-21T20:50:23.275Z,true,2026-07-21T20:50:23.275Z,"false",xsd:boolean,2026-07-21T20:50:23.279Z,,,,
InternetGatewayDevice.Services.VoiceService.1.VoiceProfile.1.Line.2.CallingFeatures.X_BROADCOM_COM_VMWIEnable,false,2026-07-21T20:50:23.275Z,true,2026-07-21T20:50:23.275Z,"true",xsd:boolean,2026-07-21T20:50:23.279Z,,,,
InternetGatewayDevice.Services.VoiceService.1.VoiceProfile.1.Line.2.CallingFeatures.X_BROADCOM_COM_WarmLineEnable,false,2026-07-21T20:50:23.275Z,true,2026-07-21T20:50:23.275Z,"false",xsd:boolean,2026-07-21T20:50:23.279Z,,,,
InternetGatewayDevice.Services.VoiceService.1.VoiceProfile.1.Line.2.CallingFeatures.X_BROADCOM_COM_WarmLineNumber,false,2026-07-21T20:50:23.275Z,true,2026-07-21T20:50:23.275Z,"",xsd:string,2026-07-21T20:50:23.279Z,,,,
InternetGatewayDevice.Services.VoiceService.1.VoiceProfile.1.Line.2.CallingFeatures.X_BROADCOM_COM_WarmLineStart,false,2026-07-21T20:50:23.275Z,true,2026-07-21T20:50:23.275Z,"false",xsd:boolean,2026-07-21T20:50:23.279Z,,,,
InternetGatewayDevice.Services.VoiceService.1.VoiceProfile.1.Line.2.CallingFeatures.X_ZHONE_COM_CallerID_Block,false,2026-07-21T20:50:23.275Z,true,2026-07-21T20:50:23.275Z,"false",xsd:boolean,2026-07-21T20:50:23.279Z,,,,
InternetGatewayDevice.Services.VoiceService.1.VoiceProfile.1.Line.2.Codec,true,2026-07-21T20:50:23.275Z,false,2026-07-21T20:50:23.275Z,"",,,,,,
InternetGatewayDevice.Services.VoiceService.1.VoiceProfile.1.Line.2.Codec.List,true,2026-07-21T20:50:23.275Z,true,2026-07-21T20:50:23.275Z,"",,,,,,
InternetGatewayDevice.Services.VoiceService.1.VoiceProfile.1.Line.2.Codec.List.1,true,2026-07-21T20:50:23.275Z,false,2026-07-21T20:50:23.275Z,"",,,,,,
InternetGatewayDevice.Services.VoiceService.1.VoiceProfile.1.Line.2.Codec.List.1.BitRate,false,2026-07-21T20:50:23.275Z,false,2026-07-21T20:50:23.275Z,"64000",xsd:unsignedInt,2026-07-21T20:50:23.279Z,,,,
InternetGatewayDevice.Services.VoiceService.1.VoiceProfile.1.Line.2.Codec.List.1.Codec,false,2026-07-21T20:50:23.275Z,false,2026-07-21T20:50:23.275Z,"G.711MuLaw",xsd:string,2026-07-21T20:50:23.279Z,,,,
InternetGatewayDevice.Services.VoiceService.1.VoiceProfile.1.Line.2.Codec.List.1.Enable,false,2026-07-21T20:50:23.275Z,true,2026-07-21T20:50:23.275Z,"true",xsd:boolean,2026-07-21T20:50:23.279Z,,,,
InternetGatewayDevice.Services.VoiceService.1.VoiceProfile.1.Line.2.Codec.List.1.EntryID,false,2026-07-21T20:50:23.275Z,false,2026-07-21T20:50:23.275Z,"1",xsd:unsignedInt,2026-07-21T20:50:23.279Z,,,,
InternetGatewayDevice.Services.VoiceService.1.VoiceProfile.1.Line.2.Codec.List.1.PacketizationPeriod,false,2026-07-21T20:50:23.275Z,true,2026-07-21T20:50:23.275Z,"10",xsd:string,2026-07-21T20:50:23.279Z,,,,
InternetGatewayDevice.Services.VoiceService.1.VoiceProfile.1.Line.2.Codec.List.1.Priority,false,2026-07-21T20:50:23.275Z,true,2026-07-21T20:50:23.275Z,"1",xsd:unsignedInt,2026-07-21T20:50:23.279Z,,,,
InternetGatewayDevice.Services.VoiceService.1.VoiceProfile.1.Line.2.Codec.List.1.SilenceSuppression,false,2026-07-21T20:50:23.275Z,true,2026-07-21T20:50:23.275Z,"false",xsd:boolean,2026-07-21T20:50:23.279Z,,,,
InternetGatewayDevice.Services.VoiceService.1.VoiceProfile.1.Line.2.Codec.List.2,true,2026-07-21T20:50:23.275Z,false,2026-07-21T20:50:23.275Z,"",,,,,,
InternetGatewayDevice.Services.VoiceService.1.VoiceProfile.1.Line.2.Codec.List.2.BitRate,false,2026-07-21T20:50:23.275Z,false,2026-07-21T20:50:23.275Z,"64000",xsd:unsignedInt,2026-07-21T20:50:23.279Z,,,,
InternetGatewayDevice.Services.VoiceService.1.VoiceProfile.1.Line.2.Codec.List.2.Codec,false,2026-07-21T20:50:23.275Z,false,2026-07-21T20:50:23.275Z,"G.711ALaw",xsd:string,2026-07-21T20:50:23.279Z,,,,
InternetGatewayDevice.Services.VoiceService.1.VoiceProfile.1.Line.2.Codec.List.2.Enable,false,2026-07-21T20:50:23.275Z,true,2026-07-21T20:50:23.275Z,"true",xsd:boolean,2026-07-21T20:50:23.279Z,,,,
InternetGatewayDevice.Services.VoiceService.1.VoiceProfile.1.Line.2.Codec.List.2.EntryID,false,2026-07-21T20:50:23.275Z,false,2026-07-21T20:50:23.275Z,"2",xsd:unsignedInt,2026-07-21T20:50:23.279Z,,,,
InternetGatewayDevice.Services.VoiceService.1.VoiceProfile.1.Line.2.Codec.List.2.PacketizationPeriod,false,2026-07-21T20:50:23.275Z,true,2026-07-21T20:50:23.275Z,"10",xsd:string,2026-07-21T20:50:23.279Z,,,,
InternetGatewayDevice.Services.VoiceService.1.VoiceProfile.1.Line.2.Codec.List.2.Priority,false,2026-07-21T20:50:23.275Z,true,2026-07-21T20:50:23.275Z,"1",xsd:unsignedInt,2026-07-21T20:50:23.279Z,,,,
InternetGatewayDevice.Services.VoiceService.1.VoiceProfile.1.Line.2.Codec.List.2.SilenceSuppression,false,2026-07-21T20:50:23.275Z,true,2026-07-21T20:50:23.275Z,"false",xsd:boolean,2026-07-21T20:50:23.279Z,,,,
InternetGatewayDevice.Services.VoiceService.1.VoiceProfile.1.Line.2.Codec.List.3,true,2026-07-21T20:50:23.275Z,false,2026-07-21T20:50:23.275Z,"",,,,,,
InternetGatewayDevice.Services.VoiceService.1.VoiceProfile.1.Line.2.Codec.List.3.BitRate,false,2026-07-21T20:50:23.275Z,false,2026-07-21T20:50:23.275Z,"64000",xsd:unsignedInt,2026-07-21T20:50:23.279Z,,,,
InternetGatewayDevice.Services.VoiceService.1.VoiceProfile.1.Line.2.Codec.List.3.Codec,false,2026-07-21T20:50:23.275Z,false,2026-07-21T20:50:23.275Z,"G.729a",xsd:string,2026-07-21T20:50:23.279Z,,,,
InternetGatewayDevice.Services.VoiceService.1.VoiceProfile.1.Line.2.Codec.List.3.Enable,false,2026-07-21T20:50:23.275Z,true,2026-07-21T20:50:23.275Z,"true",xsd:boolean,2026-07-21T20:50:23.279Z,,,,
InternetGatewayDevice.Services.VoiceService.1.VoiceProfile.1.Line.2.Codec.List.3.EntryID,false,2026-07-21T20:50:23.275Z,false,2026-07-21T20:50:23.275Z,"15",xsd:unsignedInt,2026-07-21T20:50:23.279Z,,,,
InternetGatewayDevice.Services.VoiceService.1.VoiceProfile.1.Line.2.Codec.List.3.PacketizationPeriod,false,2026-07-21T20:50:23.275Z,true,2026-07-21T20:50:23.275Z,"10",xsd:string,2026-07-21T20:50:23.279Z,,,,
InternetGatewayDevice.Services.VoiceService.1.VoiceProfile.1.Line.2.Codec.List.3.Priority,false,2026-07-21T20:50:23.275Z,true,2026-07-21T20:50:23.275Z,"1",xsd:unsignedInt,2026-07-21T20:50:23.279Z,,,,
InternetGatewayDevice.Services.VoiceService.1.VoiceProfile.1.Line.2.Codec.List.3.SilenceSuppression,false,2026-07-21T20:50:23.275Z,true,2026-07-21T20:50:23.275Z,"false",xsd:boolean,2026-07-21T20:50:23.279Z,,,,
InternetGatewayDevice.Services.VoiceService.1.VoiceProfile.1.Line.2.Codec.List.4,true,2026-07-21T20:50:23.275Z,false,2026-07-21T20:50:23.275Z,"",,,,,,
InternetGatewayDevice.Services.VoiceService.1.VoiceProfile.1.Line.2.Codec.List.4.BitRate,false,2026-07-21T20:50:23.275Z,false,2026-07-21T20:50:23.275Z,"64000",xsd:unsignedInt,2026-07-21T20:50:23.279Z,,,,
InternetGatewayDevice.Services.VoiceService.1.VoiceProfile.1.Line.2.Codec.List.4.Codec,false,2026-07-21T20:50:23.275Z,false,2026-07-21T20:50:23.275Z,"G.726_24",xsd:string,2026-07-21T20:50:23.279Z,,,,
InternetGatewayDevice.Services.VoiceService.1.VoiceProfile.1.Line.2.Codec.List.4.Enable,false,2026-07-21T20:50:23.275Z,true,2026-07-21T20:50:23.275Z,"true",xsd:boolean,2026-07-21T20:50:23.279Z,,,,
InternetGatewayDevice.Services.VoiceService.1.VoiceProfile.1.Line.2.Codec.List.4.EntryID,false,2026-07-21T20:50:23.275Z,false,2026-07-21T20:50:23.275Z,"4",xsd:unsignedInt,2026-07-21T20:50:23.279Z,,,,
InternetGatewayDevice.Services.VoiceService.1.VoiceProfile.1.Line.2.Codec.List.4.PacketizationPeriod,false,2026-07-21T20:50:23.275Z,true,2026-07-21T20:50:23.275Z,"10",xsd:string,2026-07-21T20:50:23.279Z,,,,
InternetGatewayDevice.Services.VoiceService.1.VoiceProfile.1.Line.2.Codec.List.4.Priority,false,2026-07-21T20:50:23.275Z,true,2026-07-21T20:50:23.275Z,"1",xsd:unsignedInt,2026-07-21T20:50:23.279Z,,,,
InternetGatewayDevice.Services.VoiceService.1.VoiceProfile.1.Line.2.Codec.List.4.SilenceSuppression,false,2026-07-21T20:50:23.275Z,true,2026-07-21T20:50:23.275Z,"false",xsd:boolean,2026-07-21T20:50:23.279Z,,,,
InternetGatewayDevice.Services.VoiceService.1.VoiceProfile.1.Line.2.Codec.List.5,true,2026-07-21T20:50:23.275Z,false,2026-07-21T20:50:23.275Z,"",,,,,,
InternetGatewayDevice.Services.VoiceService.1.VoiceProfile.1.Line.2.Codec.List.5.BitRate,false,2026-07-21T20:50:23.275Z,false,2026-07-21T20:50:23.275Z,"64000",xsd:unsignedInt,2026-07-21T20:50:23.279Z,,,,
InternetGatewayDevice.Services.VoiceService.1.VoiceProfile.1.Line.2.Codec.List.5.Codec,false,2026-07-21T20:50:23.275Z,false,2026-07-21T20:50:23.275Z,"G.726_32",xsd:string,2026-07-21T20:50:23.279Z,,,,
InternetGatewayDevice.Services.VoiceService.1.VoiceProfile.1.Line.2.Codec.List.5.Enable,false,2026-07-21T20:50:23.275Z,true,2026-07-21T20:50:23.275Z,"true",xsd:boolean,2026-07-21T20:50:23.279Z,,,,
InternetGatewayDevice.Services.VoiceService.1.VoiceProfile.1.Line.2.Codec.List.5.EntryID,false,2026-07-21T20:50:23.275Z,false,2026-07-21T20:50:23.275Z,"5",xsd:unsignedInt,2026-07-21T20:50:23.279Z,,,,
InternetGatewayDevice.Services.VoiceService.1.VoiceProfile.1.Line.2.Codec.List.5.PacketizationPeriod,false,2026-07-21T20:50:23.275Z,true,2026-07-21T20:50:23.275Z,"10",xsd:string,2026-07-21T20:50:23.279Z,,,,
InternetGatewayDevice.Services.VoiceService.1.VoiceProfile.1.Line.2.Codec.List.5.Priority,false,2026-07-21T20:50:23.275Z,true,2026-07-21T20:50:23.275Z,"1",xsd:unsignedInt,2026-07-21T20:50:23.279Z,,,,
InternetGatewayDevice.Services.VoiceService.1.VoiceProfile.1.Line.2.Codec.List.5.SilenceSuppression,false,2026-07-21T20:50:23.275Z,true,2026-07-21T20:50:23.275Z,"false",xsd:boolean,2026-07-21T20:50:23.279Z,,,,
InternetGatewayDevice.Services.VoiceService.1.VoiceProfile.1.Line.2.Codec.List.6,true,2026-07-21T20:50:23.275Z,false,2026-07-21T20:50:23.275Z,"",,,,,,
InternetGatewayDevice.Services.VoiceService.1.VoiceProfile.1.Line.2.Codec.List.6.BitRate,false,2026-07-21T20:50:23.275Z,false,2026-07-21T20:50:23.275Z,"64000",xsd:unsignedInt,2026-07-21T20:50:23.279Z,,,,
InternetGatewayDevice.Services.VoiceService.1.VoiceProfile.1.Line.2.Codec.List.6.Codec,false,2026-07-21T20:50:23.275Z,false,2026-07-21T20:50:23.275Z,"X_BROADCOM_COM_T38",xsd:string,2026-07-21T20:50:23.279Z,,,,
InternetGatewayDevice.Services.VoiceService.1.VoiceProfile.1.Line.2.Codec.List.6.Enable,false,2026-07-21T20:50:23.275Z,true,2026-07-21T20:50:23.275Z,"true",xsd:boolean,2026-07-21T20:50:23.279Z,,,,
InternetGatewayDevice.Services.VoiceService.1.VoiceProfile.1.Line.2.Codec.List.6.EntryID,false,2026-07-21T20:50:23.275Z,false,2026-07-21T20:50:23.275Z,"25",xsd:unsignedInt,2026-07-21T20:50:23.279Z,,,,
InternetGatewayDevice.Services.VoiceService.1.VoiceProfile.1.Line.2.Codec.List.6.PacketizationPeriod,false,2026-07-21T20:50:23.275Z,true,2026-07-21T20:50:23.275Z,"10",xsd:string,2026-07-21T20:50:23.279Z,,,,
InternetGatewayDevice.Services.VoiceService.1.VoiceProfile.1.Line.2.Codec.List.6.Priority,false,2026-07-21T20:50:23.275Z,true,2026-07-21T20:50:23.275Z,"1",xsd:unsignedInt,2026-07-21T20:50:23.279Z,,,,
InternetGatewayDevice.Services.VoiceService.1.VoiceProfile.1.Line.2.Codec.List.6.SilenceSuppression,false,2026-07-21T20:50:23.275Z,true,2026-07-21T20:50:23.275Z,"false",xsd:boolean,2026-07-21T20:50:23.279Z,,,,
InternetGatewayDevice.Services.VoiceService.1.VoiceProfile.1.Line.2.Codec.List.7,true,2026-07-21T20:50:23.275Z,false,2026-07-21T20:50:23.275Z,"",,,,,,
InternetGatewayDevice.Services.VoiceService.1.VoiceProfile.1.Line.2.Codec.List.7.BitRate,false,2026-07-21T20:50:23.275Z,false,2026-07-21T20:50:23.275Z,"64000",xsd:unsignedInt,2026-07-21T20:50:23.279Z,,,,
InternetGatewayDevice.Services.VoiceService.1.VoiceProfile.1.Line.2.Codec.List.7.Codec,false,2026-07-21T20:50:23.275Z,false,2026-07-21T20:50:23.275Z,"X_BROADCOM_COM_NTE",xsd:string,2026-07-21T20:50:23.279Z,,,,
InternetGatewayDevice.Services.VoiceService.1.VoiceProfile.1.Line.2.Codec.List.7.Enable,false,2026-07-21T20:50:23.275Z,true,2026-07-21T20:50:23.275Z,"true",xsd:boolean,2026-07-21T20:50:23.279Z,,,,
InternetGatewayDevice.Services.VoiceService.1.VoiceProfile.1.Line.2.Codec.List.7.EntryID,false,2026-07-21T20:50:23.275Z,false,2026-07-21T20:50:23.275Z,"19",xsd:unsignedInt,2026-07-21T20:50:23.279Z,,,,
InternetGatewayDevice.Services.VoiceService.1.VoiceProfile.1.Line.2.Codec.List.7.PacketizationPeriod,false,2026-07-21T20:50:23.275Z,true,2026-07-21T20:50:23.275Z,"10",xsd:string,2026-07-21T20:50:23.279Z,,,,
InternetGatewayDevice.Services.VoiceService.1.VoiceProfile.1.Line.2.Codec.List.7.Priority,false,2026-07-21T20:50:23.275Z,true,2026-07-21T20:50:23.275Z,"1",xsd:unsignedInt,2026-07-21T20:50:23.279Z,,,,
InternetGatewayDevice.Services.VoiceService.1.VoiceProfile.1.Line.2.Codec.List.7.SilenceSuppression,false,2026-07-21T20:50:23.275Z,true,2026-07-21T20:50:23.275Z,"false",xsd:boolean,2026-07-21T20:50:23.279Z,,,,
InternetGatewayDevice.Services.VoiceService.1.VoiceProfile.1.Line.2.DirectoryNumber,false,2026-07-21T20:50:23.275Z,true,2026-07-21T20:50:23.275Z,"685146",xsd:string,2026-07-21T20:50:23.279Z,,,,
InternetGatewayDevice.Services.VoiceService.1.VoiceProfile.1.Line.2.Enable,false,2026-07-21T20:50:23.275Z,true,2026-07-21T20:50:23.275Z,"Enabled",xsd:string,2026-07-21T20:50:23.279Z,,,,
InternetGatewayDevice.Services.VoiceService.1.VoiceProfile.1.Line.2.PhyReferenceList,false,2026-07-21T20:50:23.275Z,true,2026-07-21T20:50:23.275Z,"1",xsd:string,2026-07-21T20:50:23.279Z,,,,
InternetGatewayDevice.Services.VoiceService.1.VoiceProfile.1.Line.2.SIP,true,2026-07-21T20:50:23.275Z,false,2026-07-21T20:50:23.275Z,"",,,,,,
InternetGatewayDevice.Services.VoiceService.1.VoiceProfile.1.Line.2.SIP.AuthPassword,false,2026-07-21T20:50:23.275Z,true,2026-07-21T20:50:23.275Z,"685146",xsd:string,2026-07-21T20:50:23.279Z,,,,
InternetGatewayDevice.Services.VoiceService.1.VoiceProfile.1.Line.2.SIP.AuthUserName,false,2026-07-21T20:50:23.275Z,true,2026-07-21T20:50:23.275Z,"685146",xsd:string,2026-07-21T20:50:23.279Z,,,,
InternetGatewayDevice.Services.VoiceService.1.VoiceProfile.1.Line.2.SIP.URI,false,2026-07-21T20:50:23.275Z,true,2026-07-21T20:50:23.275Z,"685146",xsd:string,2026-07-21T20:50:23.279Z,,,,
InternetGatewayDevice.Services.VoiceService.1.VoiceProfile.1.Line.2.SIP.X_BROADCOM_COM_PlarUserName,false,2026-07-21T20:50:23.275Z,true,2026-07-21T20:50:23.275Z,"685146",xsd:string,2026-07-21T20:50:23.279Z,,,,
InternetGatewayDevice.Services.VoiceService.1.VoiceProfile.1.Line.2.SIP.X_ZHONE_COM_PBX,false,2026-07-21T20:50:23.275Z,true,2026-07-21T20:50:23.275Z,"false",xsd:boolean,2026-07-21T20:50:23.279Z,,,,
InternetGatewayDevice.Services.VoiceService.1.VoiceProfile.1.Line.2.SIP.X_ZHONE_COM_PBX_Number,false,2026-07-21T20:50:23.275Z,true,2026-07-21T20:50:23.275Z,"9",xsd:unsignedInt,2026-07-21T20:50:23.279Z,,,,
InternetGatewayDevice.Services.VoiceService.1.VoiceProfile.1.Line.2.SIP.X_ZHONE_COM_Warmline_Option,false,2026-07-21T20:50:23.275Z,true,2026-07-21T20:50:23.275Z,"Off",xsd:string,2026-07-21T20:50:23.279Z,,,,
InternetGatewayDevice.Services.VoiceService.1.VoiceProfile.1.Line.2.SIP.X_ZHONE_COM_Warmline_Timer,false,2026-07-21T20:50:23.275Z,true,2026-07-21T20:50:23.275Z,"200",xsd:unsignedInt,2026-07-21T20:50:23.279Z,,,,
InternetGatewayDevice.Services.VoiceService.1.VoiceProfile.1.Line.2.Stats,true,2026-07-21T20:50:23.275Z,false,2026-07-21T20:50:23.275Z,"",,,,,,
InternetGatewayDevice.Services.VoiceService.1.VoiceProfile.1.Line.2.Stats.AverageFarEndInterarrivalJitter,false,2026-07-21T20:50:23.275Z,false,2026-07-21T20:50:23.275Z,"0",xsd:unsignedInt,2026-07-21T20:50:23.279Z,,,,
InternetGatewayDevice.Services.VoiceService.1.VoiceProfile.1.Line.2.Stats.AverageReceiveInterarrivalJitter,false,2026-07-21T20:50:23.275Z,false,2026-07-21T20:50:23.275Z,"0",xsd:unsignedInt,2026-07-21T20:50:23.279Z,,,,
InternetGatewayDevice.Services.VoiceService.1.VoiceProfile.1.Line.2.Stats.AverageRoundTripDelay,false,2026-07-21T20:50:23.275Z,false,2026-07-21T20:50:23.275Z,"0",xsd:unsignedInt,2026-07-21T20:50:23.279Z,,,,
InternetGatewayDevice.Services.VoiceService.1.VoiceProfile.1.Line.2.Stats.BytesReceived,false,2026-07-21T20:50:23.275Z,false,2026-07-21T20:50:23.275Z,"0",xsd:unsignedInt,2026-07-21T20:50:23.279Z,,,,
InternetGatewayDevice.Services.VoiceService.1.VoiceProfile.1.Line.2.Stats.BytesSent,false,2026-07-21T20:50:23.275Z,false,2026-07-21T20:50:23.275Z,"0",xsd:unsignedInt,2026-07-21T20:50:23.279Z,,,,
InternetGatewayDevice.Services.VoiceService.1.VoiceProfile.1.Line.2.Stats.FarEndInterarrivalJitter,false,2026-07-21T20:50:23.275Z,false,2026-07-21T20:50:23.275Z,"0",xsd:unsignedInt,2026-07-21T20:50:23.279Z,,,,
InternetGatewayDevice.Services.VoiceService.1.VoiceProfile.1.Line.2.Stats.FarEndPacketLossRate,false,2026-07-21T20:50:23.275Z,false,2026-07-21T20:50:23.275Z,"0",xsd:unsignedInt,2026-07-21T20:50:23.279Z,,,,
InternetGatewayDevice.Services.VoiceService.1.VoiceProfile.1.Line.2.Stats.IncomingCallsAnswered,false,2026-07-21T20:50:23.275Z,false,2026-07-21T20:50:23.275Z,"0",xsd:unsignedInt,2026-07-21T20:50:23.279Z,,,,
InternetGatewayDevice.Services.VoiceService.1.VoiceProfile.1.Line.2.Stats.IncomingCallsConnected,false,2026-07-21T20:50:23.275Z,false,2026-07-21T20:50:23.275Z,"0",xsd:unsignedInt,2026-07-21T20:50:23.279Z,,,,
InternetGatewayDevice.Services.VoiceService.1.VoiceProfile.1.Line.2.Stats.IncomingCallsFailed,false,2026-07-21T20:50:23.275Z,false,2026-07-21T20:50:23.275Z,"0",xsd:unsignedInt,2026-07-21T20:50:23.279Z,,,,
InternetGatewayDevice.Services.VoiceService.1.VoiceProfile.1.Line.2.Stats.IncomingCallsReceived,false,2026-07-21T20:50:23.275Z,false,2026-07-21T20:50:23.275Z,"0",xsd:unsignedInt,2026-07-21T20:50:23.279Z,,,,
InternetGatewayDevice.Services.VoiceService.1.VoiceProfile.1.Line.2.Stats.IncomingDiscardedPackets,false,2026-07-21T20:50:23.275Z,false,2026-07-21T20:50:23.275Z,"0",xsd:unsignedInt,2026-07-21T20:50:23.279Z,,,,
InternetGatewayDevice.Services.VoiceService.1.VoiceProfile.1.Line.2.Stats.JitterBufferAvg,false,2026-07-21T20:50:23.275Z,false,2026-07-21T20:50:23.275Z,"0",xsd:unsignedInt,2026-07-21T20:50:23.279Z,,,,
InternetGatewayDevice.Services.VoiceService.1.VoiceProfile.1.Line.2.Stats.JitterBufferMax,false,2026-07-21T20:50:23.275Z,false,2026-07-21T20:50:23.275Z,"0",xsd:unsignedInt,2026-07-21T20:50:23.279Z,,,,
InternetGatewayDevice.Services.VoiceService.1.VoiceProfile.1.Line.2.Stats.JitterBufferMin,false,2026-07-21T20:50:23.275Z,false,2026-07-21T20:50:23.275Z,"0",xsd:unsignedInt,2026-07-21T20:50:23.279Z,,,,
InternetGatewayDevice.Services.VoiceService.1.VoiceProfile.1.Line.2.Stats.MOScq,false,2026-07-21T20:50:23.275Z,false,2026-07-21T20:50:23.275Z,"0",xsd:unsignedInt,2026-07-21T20:50:23.279Z,,,,
InternetGatewayDevice.Services.VoiceService.1.VoiceProfile.1.Line.2.Stats.MOSlq,false,2026-07-21T20:50:23.275Z,false,2026-07-21T20:50:23.275Z,"0",xsd:unsignedInt,2026-07-21T20:50:23.279Z,,,,
InternetGatewayDevice.Services.VoiceService.1.VoiceProfile.1.Line.2.Stats.OutgoingCallsAnswered,false,2026-07-21T20:50:23.275Z,false,2026-07-21T20:50:23.275Z,"0",xsd:unsignedInt,2026-07-21T20:50:23.279Z,,,,
InternetGatewayDevice.Services.VoiceService.1.VoiceProfile.1.Line.2.Stats.OutgoingCallsAttempted,false,2026-07-21T20:50:23.275Z,false,2026-07-21T20:50:23.275Z,"0",xsd:unsignedInt,2026-07-21T20:50:23.279Z,,,,
InternetGatewayDevice.Services.VoiceService.1.VoiceProfile.1.Line.2.Stats.OutgoingCallsConnected,false,2026-07-21T20:50:23.275Z,false,2026-07-21T20:50:23.275Z,"0",xsd:unsignedInt,2026-07-21T20:50:23.279Z,,,,
InternetGatewayDevice.Services.VoiceService.1.VoiceProfile.1.Line.2.Stats.OutgoingCallsFailed,false,2026-07-21T20:50:23.275Z,false,2026-07-21T20:50:23.275Z,"0",xsd:unsignedInt,2026-07-21T20:50:23.279Z,,,,
InternetGatewayDevice.Services.VoiceService.1.VoiceProfile.1.Line.2.Stats.Overruns,false,2026-07-21T20:50:23.275Z,false,2026-07-21T20:50:23.275Z,"0",xsd:unsignedInt,2026-07-21T20:50:23.279Z,,,,
InternetGatewayDevice.Services.VoiceService.1.VoiceProfile.1.Line.2.Stats.PacketsLost,false,2026-07-21T20:50:23.275Z,false,2026-07-21T20:50:23.275Z,"0",xsd:unsignedInt,2026-07-21T20:50:23.279Z,,,,
InternetGatewayDevice.Services.VoiceService.1.VoiceProfile.1.Line.2.Stats.PacketsReceived,false,2026-07-21T20:50:23.275Z,false,2026-07-21T20:50:23.275Z,"0",xsd:unsignedInt,2026-07-21T20:50:23.279Z,,,,
InternetGatewayDevice.Services.VoiceService.1.VoiceProfile.1.Line.2.Stats.PacketsSent,false,2026-07-21T20:50:23.275Z,false,2026-07-21T20:50:23.275Z,"0",xsd:unsignedInt,2026-07-21T20:50:23.279Z,,,,
InternetGatewayDevice.Services.VoiceService.1.VoiceProfile.1.Line.2.Stats.ReceiveInterarrivalJitter,false,2026-07-21T20:50:23.275Z,false,2026-07-21T20:50:23.275Z,"0",xsd:unsignedInt,2026-07-21T20:50:23.279Z,,,,
InternetGatewayDevice.Services.VoiceService.1.VoiceProfile.1.Line.2.Stats.ReceiveInterarrivalPeakJitter,false,2026-07-21T20:50:23.275Z,false,2026-07-21T20:50:23.275Z,"0",xsd:unsignedInt,2026-07-21T20:50:23.279Z,,,,
InternetGatewayDevice.Services.VoiceService.1.VoiceProfile.1.Line.2.Stats.ReceivePacketLossRate,false,2026-07-21T20:50:23.275Z,false,2026-07-21T20:50:23.275Z,"0",xsd:unsignedInt,2026-07-21T20:50:23.279Z,,,,
InternetGatewayDevice.Services.VoiceService.1.VoiceProfile.1.Line.2.Stats.ReceiveRtcpPackets,false,2026-07-21T20:50:23.275Z,false,2026-07-21T20:50:23.275Z,"0",xsd:unsignedInt,2026-07-21T20:50:23.279Z,,,,
InternetGatewayDevice.Services.VoiceService.1.VoiceProfile.1.Line.2.Stats.ReceiveRtcpXrPackets,false,2026-07-21T20:50:23.275Z,false,2026-07-21T20:50:23.275Z,"0",xsd:unsignedInt,2026-07-21T20:50:23.279Z,,,,
InternetGatewayDevice.Services.VoiceService.1.VoiceProfile.1.Line.2.Stats.ResetStatistics,false,2026-07-21T20:50:23.275Z,true,2026-07-21T20:50:23.275Z,"false",xsd:boolean,2026-07-21T20:50:23.279Z,,,,
InternetGatewayDevice.Services.VoiceService.1.VoiceProfile.1.Line.2.Stats.RoundTripDelay,false,2026-07-21T20:50:23.275Z,false,2026-07-21T20:50:23.275Z,"0",xsd:unsignedInt,2026-07-21T20:50:23.279Z,,,,
InternetGatewayDevice.Services.VoiceService.1.VoiceProfile.1.Line.2.Stats.RoundTripDelayPeak,false,2026-07-21T20:50:23.275Z,false,2026-07-21T20:50:23.275Z,"0",xsd:unsignedInt,2026-07-21T20:50:23.279Z,,,,
InternetGatewayDevice.Services.VoiceService.1.VoiceProfile.1.Line.2.Stats.SentRtcpPackets,false,2026-07-21T20:50:23.275Z,false,2026-07-21T20:50:23.275Z,"0",xsd:unsignedInt,2026-07-21T20:50:23.279Z,,,,
InternetGatewayDevice.Services.VoiceService.1.VoiceProfile.1.Line.2.Stats.SentRtcpXrPackets,false,2026-07-21T20:50:23.275Z,false,2026-07-21T20:50:23.275Z,"0",xsd:unsignedInt,2026-07-21T20:50:23.279Z,,,,
InternetGatewayDevice.Services.VoiceService.1.VoiceProfile.1.Line.2.Stats.Underruns,false,2026-07-21T20:50:23.275Z,false,2026-07-21T20:50:23.275Z,"0",xsd:unsignedInt,2026-07-21T20:50:23.279Z,,,,
InternetGatewayDevice.Services.VoiceService.1.VoiceProfile.1.Line.2.Status,false,2026-07-21T20:50:23.275Z,false,2026-07-21T20:50:23.275Z,"Disabled",xsd:string,2026-07-21T20:50:23.279Z,,,,
InternetGatewayDevice.Services.VoiceService.1.VoiceProfile.1.Line.2.VoiceProcessing,true,2026-07-21T20:50:23.275Z,false,2026-07-21T20:50:23.275Z,"",,,,,,
InternetGatewayDevice.Services.VoiceService.1.VoiceProfile.1.Line.2.VoiceProcessing.EchoCancellationEnable,false,2026-07-21T20:50:23.275Z,true,2026-07-21T20:50:23.275Z,"true",xsd:boolean,2026-07-21T20:50:23.279Z,,,,
InternetGatewayDevice.Services.VoiceService.1.VoiceProfile.1.Line.2.VoiceProcessing.EchoCancellationInUse,false,2026-07-21T20:50:23.275Z,false,2026-07-21T20:50:23.275Z,"false",xsd:boolean,2026-07-21T20:50:23.279Z,,,,
InternetGatewayDevice.Services.VoiceService.1.VoiceProfile.1.Line.2.VoiceProcessing.ReceiveGain,false,2026-07-21T20:50:23.275Z,true,2026-07-21T20:50:23.275Z,"-60",xsd:int,2026-07-21T20:50:23.279Z,,,,
InternetGatewayDevice.Services.VoiceService.1.VoiceProfile.1.Line.2.VoiceProcessing.TransmitGain,false,2026-07-21T20:50:23.275Z,true,2026-07-21T20:50:23.275Z,"-20",xsd:int,2026-07-21T20:50:23.279Z,,,,
InternetGatewayDevice.Services.VoiceService.1.VoiceProfile.1.Line.2.VoiceProcessing.X_ZHONE_COM_ReceiveGain,false,2026-07-21T20:50:23.275Z,true,2026-07-21T20:50:23.275Z,"-6",xsd:int,2026-07-21T20:50:23.279Z,,,,
InternetGatewayDevice.Services.VoiceService.1.VoiceProfile.1.Line.2.VoiceProcessing.X_ZHONE_COM_TransmitGain,false,2026-07-21T20:50:23.275Z,true,2026-07-21T20:50:23.275Z,"-2",xsd:int,2026-07-21T20:50:23.279Z,,,,
InternetGatewayDevice.Services.VoiceService.1.VoiceProfile.1.Line.2.X_BROADCOM_COM_AssociatedNonFxsPhyIntfType,false,2026-07-21T20:50:23.275Z,true,2026-07-21T20:50:23.275Z,"UNASSIGNED",xsd:string,2026-07-21T20:50:23.279Z,,,,
InternetGatewayDevice.Services.VoiceService.1.VoiceProfile.1.Line.2.X_BROADCOM_COM_CMAcntNum,false,2026-07-21T20:50:23.275Z,true,2026-07-21T20:50:23.275Z,"1",xsd:unsignedInt,2026-07-21T20:50:23.279Z,,,,
InternetGatewayDevice.Services.VoiceService.1.VoiceProfile.1.Line.2.X_BROADCOM_COM_DectLineSetting,true,2026-07-21T20:50:23.275Z,true,2026-07-21T20:50:23.275Z,"",,,,,,
InternetGatewayDevice.Services.VoiceService.1.VoiceProfile.1.Line.2.X_BROADCOM_COM_DectLineSetting.AttachedHandset,true,2026-07-21T20:50:23.275Z,false,2026-07-21T20:50:23.275Z,"",,,,,,
InternetGatewayDevice.Services.VoiceService.1.VoiceProfile.1.Line.2.X_BROADCOM_COM_DectLineSetting.AttachedHandset.Editable,false,2026-07-21T20:50:23.275Z,true,2026-07-21T20:50:23.275Z,"true",xsd:boolean,2026-07-21T20:50:23.279Z,,,,
InternetGatewayDevice.Services.VoiceService.1.VoiceProfile.1.Line.2.X_BROADCOM_COM_DectLineSetting.AttachedHandset.Element,false,2026-07-21T20:50:23.275Z,true,2026-07-21T20:50:23.275Z,"0",xsd:unsignedInt,2026-07-21T20:50:23.279Z,,,,
InternetGatewayDevice.Services.VoiceService.1.VoiceProfile.1.Line.2.X_BROADCOM_COM_DectLineSetting.AttachedHandset.ElementId,false,2026-07-21T20:50:23.275Z,false,2026-07-21T20:50:23.275Z,"3",xsd:unsignedInt,2026-07-21T20:50:23.279Z,,,,
InternetGatewayDevice.Services.VoiceService.1.VoiceProfile.1.Line.2.X_BROADCOM_COM_DectLineSetting.AttachedHandset.TotalNumber,false,2026-07-21T20:50:23.275Z,true,2026-07-21T20:50:23.275Z,"0",xsd:unsignedInt,2026-07-21T20:50:23.279Z,,,,
InternetGatewayDevice.Services.VoiceService.1.VoiceProfile.1.Line.2.X_BROADCOM_COM_DectLineSetting.BlockedNumber,true,2026-07-21T20:50:23.275Z,false,2026-07-21T20:50:23.275Z,"",,,,,,
InternetGatewayDevice.Services.VoiceService.1.VoiceProfile.1.Line.2.X_BROADCOM_COM_DectLineSetting.BlockedNumber.Editable,false,2026-07-21T20:50:23.275Z,true,2026-07-21T20:50:23.275Z,"true",xsd:boolean,2026-07-21T20:50:23.279Z,,,,
InternetGatewayDevice.Services.VoiceService.1.VoiceProfile.1.Line.2.X_BROADCOM_COM_DectLineSetting.BlockedNumber.Element,false,2026-07-21T20:50:23.275Z,true,2026-07-21T20:50:23.275Z,"",xsd:string,2026-07-21T20:50:23.279Z,,,,
InternetGatewayDevice.Services.VoiceService.1.VoiceProfile.1.Line.2.X_BROADCOM_COM_DectLineSetting.BlockedNumber.ElementId,false,2026-07-21T20:50:23.275Z,false,2026-07-21T20:50:23.275Z,"7",xsd:unsignedInt,2026-07-21T20:50:23.279Z,,,,
InternetGatewayDevice.Services.VoiceService.1.VoiceProfile.1.Line.2.X_BROADCOM_COM_DectLineSetting.BlockedNumber.Internal,false,2026-07-21T20:50:23.275Z,true,2026-07-21T20:50:23.275Z,"false",xsd:boolean,2026-07-21T20:50:23.279Z,,,,
InternetGatewayDevice.Services.VoiceService.1.VoiceProfile.1.Line.2.X_BROADCOM_COM_DectLineSetting.BlockedNumber.Own,false,2026-07-21T20:50:23.275Z,true,2026-07-21T20:50:23.275Z,"false",xsd:boolean,2026-07-21T20:50:23.279Z,,,,
InternetGatewayDevice.Services.VoiceService.1.VoiceProfile.1.Line.2.X_BROADCOM_COM_DectLineSetting.CLIR,true,2026-07-21T20:50:23.275Z,false,2026-07-21T20:50:23.275Z,"",,,,,,
InternetGatewayDevice.Services.VoiceService.1.VoiceProfile.1.Line.2.X_BROADCOM_COM_DectLineSetting.CLIR.Editable,false,2026-07-21T20:50:23.275Z,true,2026-07-21T20:50:23.275Z,"true",xsd:boolean,2026-07-21T20:50:23.279Z,,,,
InternetGatewayDevice.Services.VoiceService.1.VoiceProfile.1.Line.2.X_BROADCOM_COM_DectLineSetting.CLIR.Element,false,2026-07-21T20:50:23.275Z,true,2026-07-21T20:50:23.275Z,"",xsd:string,2026-07-21T20:50:23.279Z,,,,
InternetGatewayDevice.Services.VoiceService.1.VoiceProfile.1.Line.2.X_BROADCOM_COM_DectLineSetting.CLIR.ElementId,false,2026-07-21T20:50:23.275Z,false,2026-07-21T20:50:23.275Z,"10",xsd:unsignedInt,2026-07-21T20:50:23.279Z,,,,
InternetGatewayDevice.Services.VoiceService.1.VoiceProfile.1.Line.2.X_BROADCOM_COM_DectLineSetting.CallForwarding,true,2026-07-21T20:50:23.275Z,false,2026-07-21T20:50:23.275Z,"",,,,,,
InternetGatewayDevice.Services.VoiceService.1.VoiceProfile.1.Line.2.X_BROADCOM_COM_DectLineSetting.CallForwarding.CFType,false,2026-07-21T20:50:23.275Z,true,2026-07-21T20:50:23.275Z,"0",xsd:unsignedInt,2026-07-21T20:50:23.279Z,,,,
InternetGatewayDevice.Services.VoiceService.1.VoiceProfile.1.Line.2.X_BROADCOM_COM_DectLineSetting.CallForwarding.Editable,false,2026-07-21T20:50:23.275Z,true,2026-07-21T20:50:23.275Z,"true",xsd:boolean,2026-07-21T20:50:23.279Z,,,,
InternetGatewayDevice.Services.VoiceService.1.VoiceProfile.1.Line.2.X_BROADCOM_COM_DectLineSetting.CallForwarding.Element,false,2026-07-21T20:50:23.275Z,true,2026-07-21T20:50:23.275Z,"",xsd:string,2026-07-21T20:50:23.279Z,,,,
InternetGatewayDevice.Services.VoiceService.1.VoiceProfile.1.Line.2.X_BROADCOM_COM_DectLineSetting.CallForwarding.ElementId,false,2026-07-21T20:50:23.275Z,false,2026-07-21T20:50:23.275Z,"11",xsd:unsignedInt,2026-07-21T20:50:23.279Z,,,,
InternetGatewayDevice.Services.VoiceService.1.VoiceProfile.1.Line.2.X_BROADCOM_COM_DectLineSetting.DialingPrefix,true,2026-07-21T20:50:23.275Z,false,2026-07-21T20:50:23.275Z,"",,,,,,
InternetGatewayDevice.Services.VoiceService.1.VoiceProfile.1.Line.2.X_BROADCOM_COM_DectLineSetting.DialingPrefix.Editable,false,2026-07-21T20:50:23.275Z,true,2026-07-21T20:50:23.275Z,"true",xsd:boolean,2026-07-21T20:50:23.279Z,,,,
InternetGatewayDevice.Services.VoiceService.1.VoiceProfile.1.Line.2.X_BROADCOM_COM_DectLineSetting.DialingPrefix.Element,false,2026-07-21T20:50:23.275Z,true,2026-07-21T20:50:23.275Z,"0",xsd:string,2026-07-21T20:50:23.279Z,,,,
InternetGatewayDevice.Services.VoiceService.1.VoiceProfile.1.Line.2.X_BROADCOM_COM_DectLineSetting.DialingPrefix.ElementId,false,2026-07-21T20:50:23.275Z,false,2026-07-21T20:50:23.275Z,"4",xsd:unsignedInt,2026-07-21T20:50:23.279Z,,,,
InternetGatewayDevice.Services.VoiceService.1.VoiceProfile.1.Line.2.X_BROADCOM_COM_DectLineSetting.DialingPrefix.Internal,false,2026-07-21T20:50:23.275Z,true,2026-07-21T20:50:23.275Z,"false",xsd:boolean,2026-07-21T20:50:23.279Z,,,,
InternetGatewayDevice.Services.VoiceService.1.VoiceProfile.1.Line.2.X_BROADCOM_COM_DectLineSetting.DialingPrefix.Own,false,2026-07-21T20:50:23.275Z,true,2026-07-21T20:50:23.275Z,"false",xsd:boolean,2026-07-21T20:50:23.279Z,,,,
InternetGatewayDevice.Services.VoiceService.1.VoiceProfile.1.Line.2.X_BROADCOM_COM_DectLineSetting.IntrusionCall,true,2026-07-21T20:50:23.275Z,false,2026-07-21T20:50:23.275Z,"",,,,,,
InternetGatewayDevice.Services.VoiceService.1.VoiceProfile.1.Line.2.X_BROADCOM_COM_DectLineSetting.IntrusionCall.Editable,false,2026-07-21T20:50:23.275Z,true,2026-07-21T20:50:23.275Z,"true",xsd:boolean,2026-07-21T20:50:23.279Z,,,,
InternetGatewayDevice.Services.VoiceService.1.VoiceProfile.1.Line.2.X_BROADCOM_COM_DectLineSetting.IntrusionCall.Element,false,2026-07-21T20:50:23.275Z,true,2026-07-21T20:50:23.275Z,"false",xsd:boolean,2026-07-21T20:50:23.279Z,,,,
InternetGatewayDevice.Services.VoiceService.1.VoiceProfile.1.Line.2.X_BROADCOM_COM_DectLineSetting.IntrusionCall.ElementId,false,2026-07-21T20:50:23.275Z,false,2026-07-21T20:50:23.275Z,"9",xsd:unsignedInt,2026-07-21T20:50:23.279Z,,,,
InternetGatewayDevice.Services.VoiceService.1.VoiceProfile.1.Line.2.X_BROADCOM_COM_DectLineSetting.LineId,true,2026-07-21T20:50:23.275Z,false,2026-07-21T20:50:23.275Z,"",,,,,,
InternetGatewayDevice.Services.VoiceService.1.VoiceProfile.1.Line.2.X_BROADCOM_COM_DectLineSetting.LineId.Editable,false,2026-07-21T20:50:23.275Z,false,2026-07-21T20:50:23.275Z,"false",xsd:boolean,2026-07-21T20:50:23.279Z,,,,
InternetGatewayDevice.Services.VoiceService.1.VoiceProfile.1.Line.2.X_BROADCOM_COM_DectLineSetting.LineId.Element,false,2026-07-21T20:50:23.275Z,true,2026-07-21T20:50:23.275Z,"1",xsd:unsignedInt,2026-07-21T20:50:23.279Z,,,,
InternetGatewayDevice.Services.VoiceService.1.VoiceProfile.1.Line.2.X_BROADCOM_COM_DectLineSetting.LineId.ElementId,false,2026-07-21T20:50:23.275Z,false,2026-07-21T20:50:23.275Z,"2",xsd:unsignedInt,2026-07-21T20:50:23.279Z,,,,
InternetGatewayDevice.Services.VoiceService.1.VoiceProfile.1.Line.2.X_BROADCOM_COM_DectLineSetting.LineName,true,2026-07-21T20:50:23.275Z,false,2026-07-21T20:50:23.275Z,"",,,,,,
InternetGatewayDevice.Services.VoiceService.1.VoiceProfile.1.Line.2.X_BROADCOM_COM_DectLineSetting.LineName.Editable,false,2026-07-21T20:50:23.275Z,true,2026-07-21T20:50:23.275Z,"true",xsd:boolean,2026-07-21T20:50:23.279Z,,,,
InternetGatewayDevice.Services.VoiceService.1.VoiceProfile.1.Line.2.X_BROADCOM_COM_DectLineSetting.LineName.Element,false,2026-07-21T20:50:23.275Z,true,2026-07-21T20:50:23.275Z,"",xsd:string,2026-07-21T20:50:23.279Z,,,,
InternetGatewayDevice.Services.VoiceService.1.VoiceProfile.1.Line.2.X_BROADCOM_COM_DectLineSetting.LineName.ElementId,false,2026-07-21T20:50:23.275Z,false,2026-07-21T20:50:23.275Z,"1",xsd:unsignedInt,2026-07-21T20:50:23.279Z,,,,
InternetGatewayDevice.Services.VoiceService.1.VoiceProfile.1.Line.2.X_BROADCOM_COM_DectLineSetting.Melody,true,2026-07-21T20:50:23.275Z,false,2026-07-21T20:50:23.275Z,"",,,,,,
InternetGatewayDevice.Services.VoiceService.1.VoiceProfile.1.Line.2.X_BROADCOM_COM_DectLineSetting.Melody.Editable,false,2026-07-21T20:50:23.275Z,true,2026-07-21T20:50:23.275Z,"true",xsd:boolean,2026-07-21T20:50:23.279Z,,,,
InternetGatewayDevice.Services.VoiceService.1.VoiceProfile.1.Line.2.X_BROADCOM_COM_DectLineSetting.Melody.Element,false,2026-07-21T20:50:23.275Z,true,2026-07-21T20:50:23.275Z,"0",xsd:unsignedInt,2026-07-21T20:50:23.279Z,,,,
InternetGatewayDevice.Services.VoiceService.1.VoiceProfile.1.Line.2.X_BROADCOM_COM_DectLineSetting.Melody.ElementId,false,2026-07-21T20:50:23.275Z,false,2026-07-21T20:50:23.275Z,"5",xsd:unsignedInt,2026-07-21T20:50:23.279Z,,,,
InternetGatewayDevice.Services.VoiceService.1.VoiceProfile.1.Line.2.X_BROADCOM_COM_DectLineSetting.MultiCallMode,true,2026-07-21T20:50:23.275Z,false,2026-07-21T20:50:23.275Z,"",,,,,,
InternetGatewayDevice.Services.VoiceService.1.VoiceProfile.1.Line.2.X_BROADCOM_COM_DectLineSetting.MultiCallMode.Editable,false,2026-07-21T20:50:23.275Z,true,2026-07-21T20:50:23.275Z,"true",xsd:boolean,2026-07-21T20:50:23.279Z,,,,
InternetGatewayDevice.Services.VoiceService.1.VoiceProfile.1.Line.2.X_BROADCOM_COM_DectLineSetting.MultiCallMode.Element,false,2026-07-21T20:50:23.275Z,true,2026-07-21T20:50:23.275Z,"false",xsd:boolean,2026-07-21T20:50:23.279Z,,,,
InternetGatewayDevice.Services.VoiceService.1.VoiceProfile.1.Line.2.X_BROADCOM_COM_DectLineSetting.MultiCallMode.ElementId,false,2026-07-21T20:50:23.275Z,false,2026-07-21T20:50:23.275Z,"8",xsd:unsignedInt,2026-07-21T20:50:23.279Z,,,,
InternetGatewayDevice.Services.VoiceService.1.VoiceProfile.1.Line.2.X_BROADCOM_COM_DectLineSetting.Volumn,true,2026-07-21T20:50:23.275Z,false,2026-07-21T20:50:23.275Z,"",,,,,,
InternetGatewayDevice.Services.VoiceService.1.VoiceProfile.1.Line.2.X_BROADCOM_COM_DectLineSetting.Volumn.Editable,false,2026-07-21T20:50:23.275Z,true,2026-07-21T20:50:23.275Z,"true",xsd:boolean,2026-07-21T20:50:23.279Z,,,,
InternetGatewayDevice.Services.VoiceService.1.VoiceProfile.1.Line.2.X_BROADCOM_COM_DectLineSetting.Volumn.Element,false,2026-07-21T20:50:23.275Z,true,2026-07-21T20:50:23.275Z,"0",xsd:unsignedInt,2026-07-21T20:50:23.279Z,,,,
InternetGatewayDevice.Services.VoiceService.1.VoiceProfile.1.Line.2.X_BROADCOM_COM_DectLineSetting.Volumn.ElementId,false,2026-07-21T20:50:23.275Z,false,2026-07-21T20:50:23.275Z,"6",xsd:unsignedInt,2026-07-21T20:50:23.279Z,,,,
InternetGatewayDevice.Services.VoiceService.1.VoiceProfile.1.Line.2.X_BROADCOM_COM_LineSetting,true,2026-07-21T20:50:23.275Z,false,2026-07-21T20:50:23.275Z,"",,,,,,
InternetGatewayDevice.Services.VoiceService.1.VoiceProfile.1.Line.2.X_BROADCOM_COM_NonFxsPhyReferenceList,false,2026-07-21T20:50:23.275Z,true,2026-07-21T20:50:23.275Z,"",xsd:string,2026-07-21T20:50:23.279Z,,,,
InternetGatewayDevice.Services.VoiceService.1.VoiceProfile.1.Line.2.X_ZHONE_COM_Phone_follow_WAN,false,2026-07-21T20:50:23.275Z,true,2026-07-21T20:50:23.275Z,"false",xsd:boolean,2026-07-21T20:50:23.279Z,,,,
InternetGatewayDevice.Services.VoiceService.1.VoiceProfile.1.Line.2.X_ZHONE_Onhook,false,2026-07-21T20:50:23.275Z,false,2026-07-21T20:50:23.275Z,"false",xsd:boolean,2026-07-21T20:50:23.279Z,,,,
InternetGatewayDevice.Services.VoiceService.1.VoiceProfile.1.MaxSessions,false,2026-07-21T20:50:23.275Z,true,2026-07-21T20:50:23.275Z,"4",xsd:unsignedInt,2026-07-21T20:50:23.279Z,,,,
InternetGatewayDevice.Services.VoiceService.1.VoiceProfile.1.Name,false,2026-07-21T20:50:23.275Z,true,2026-07-21T20:50:23.275Z,"",xsd:string,2026-07-21T20:50:23.279Z,,,,
InternetGatewayDevice.Services.VoiceService.1.VoiceProfile.1.NumberOfLines,false,2026-07-21T20:50:23.275Z,false,2026-07-21T20:50:23.275Z,"2",xsd:unsignedInt,2026-07-21T20:50:23.279Z,,,,
InternetGatewayDevice.Services.VoiceService.1.VoiceProfile.1.RTP,true,2026-07-21T20:50:23.275Z,false,2026-07-21T20:50:23.275Z,"",,,,,,
InternetGatewayDevice.Services.VoiceService.1.VoiceProfile.1.RTP.DSCPMark,false,2026-07-21T20:50:23.275Z,true,2026-07-21T20:50:23.275Z,"0",xsd:unsignedInt,2026-07-21T20:50:23.279Z,,,,
InternetGatewayDevice.Services.VoiceService.1.VoiceProfile.1.RTP.LocalPortMax,false,2026-07-21T20:50:23.275Z,true,2026-07-21T20:50:23.275Z,"32456",xsd:unsignedInt,2026-07-21T20:50:23.279Z,,,,
InternetGatewayDevice.Services.VoiceService.1.VoiceProfile.1.RTP.LocalPortMin,false,2026-07-21T20:50:23.275Z,true,2026-07-21T20:50:23.275Z,"22456",xsd:unsignedInt,2026-07-21T20:50:23.279Z,,,,
InternetGatewayDevice.Services.VoiceService.1.VoiceProfile.1.RTP.SRTP,true,2026-07-21T20:50:23.275Z,false,2026-07-21T20:50:23.275Z,"",,,,,,
InternetGatewayDevice.Services.VoiceService.1.VoiceProfile.1.RTP.SRTP.Enable,false,2026-07-21T20:50:23.275Z,false,2026-07-21T20:50:23.275Z,"true",xsd:boolean,2026-07-21T20:50:23.279Z,,,,
InternetGatewayDevice.Services.VoiceService.1.VoiceProfile.1.RTP.TelephoneEventPayloadType,false,2026-07-21T20:50:23.275Z,true,2026-07-21T20:50:23.275Z,"0",xsd:unsignedInt,2026-07-21T20:50:23.279Z,,,,
InternetGatewayDevice.Services.VoiceService.1.VoiceProfile.1.Region,false,2026-07-21T20:50:23.275Z,true,2026-07-21T20:50:23.275Z,"BR",xsd:string,2026-07-21T20:50:23.279Z,,,,
InternetGatewayDevice.Services.VoiceService.1.VoiceProfile.1.Reset,false,2026-07-21T20:50:23.275Z,true,2026-07-21T20:50:23.275Z,"false",xsd:boolean,2026-07-21T20:50:23.279Z,,,,
InternetGatewayDevice.Services.VoiceService.1.VoiceProfile.1.SIP,true,2026-07-21T20:50:23.275Z,false,2026-07-21T20:50:23.275Z,"",,,,,,
InternetGatewayDevice.Services.VoiceService.1.VoiceProfile.1.SIP.DSCPMark,false,2026-07-21T20:50:23.275Z,true,2026-07-21T20:50:23.275Z,"0",xsd:unsignedInt,2026-07-21T20:50:23.279Z,,,,
InternetGatewayDevice.Services.VoiceService.1.VoiceProfile.1.SIP.EthernetPriorityMark,false,2026-07-21T20:50:23.275Z,true,2026-07-21T20:50:23.275Z,"-1",xsd:int,2026-07-21T20:50:23.279Z,,,,
InternetGatewayDevice.Services.VoiceService.1.VoiceProfile.1.SIP.Organization,false,2026-07-21T20:50:23.275Z,true,2026-07-21T20:50:23.275Z,"",xsd:string,2026-07-21T20:50:23.279Z,,,,
InternetGatewayDevice.Services.VoiceService.1.VoiceProfile.1.SIP.OutboundProxy,false,2026-07-21T20:50:23.275Z,true,2026-07-21T20:50:23.275Z,"0.0.0.0",xsd:string,2026-07-21T20:50:23.279Z,,,,
InternetGatewayDevice.Services.VoiceService.1.VoiceProfile.1.SIP.OutboundProxyPort,false,2026-07-21T20:50:23.275Z,true,2026-07-21T20:50:23.275Z,"5060",xsd:unsignedInt,2026-07-21T20:50:23.279Z,,,,
InternetGatewayDevice.Services.VoiceService.1.VoiceProfile.1.SIP.ProxyServer,false,2026-07-21T20:50:23.275Z,true,2026-07-21T20:50:23.275Z,"0.0.0.0",xsd:string,2026-07-21T20:50:23.279Z,,,,
InternetGatewayDevice.Services.VoiceService.1.VoiceProfile.1.SIP.ProxyServerPort,false,2026-07-21T20:50:23.275Z,true,2026-07-21T20:50:23.275Z,"5060",xsd:unsignedInt,2026-07-21T20:50:23.279Z,,,,
InternetGatewayDevice.Services.VoiceService.1.VoiceProfile.1.SIP.ProxyServerTransport,false,2026-07-21T20:50:23.275Z,true,2026-07-21T20:50:23.275Z,"UDP",xsd:string,2026-07-21T20:50:23.279Z,,,,
InternetGatewayDevice.Services.VoiceService.1.VoiceProfile.1.SIP.RegisterExpires,false,2026-07-21T20:50:23.275Z,true,2026-07-21T20:50:23.275Z,"3600",xsd:unsignedInt,2026-07-21T20:50:23.279Z,,,,
InternetGatewayDevice.Services.VoiceService.1.VoiceProfile.1.SIP.RegisterRetryInterval,false,2026-07-21T20:50:23.275Z,true,2026-07-21T20:50:23.275Z,"60",xsd:unsignedInt,2026-07-21T20:50:23.279Z,,,,
InternetGatewayDevice.Services.VoiceService.1.VoiceProfile.1.SIP.RegistrarServer,false,2026-07-21T20:50:23.275Z,true,2026-07-21T20:50:23.275Z,"0.0.0.0",xsd:string,2026-07-21T20:50:23.279Z,,,,
InternetGatewayDevice.Services.VoiceService.1.VoiceProfile.1.SIP.RegistrarServerPort,false,2026-07-21T20:50:23.275Z,true,2026-07-21T20:50:23.275Z,"5060",xsd:unsignedInt,2026-07-21T20:50:23.279Z,,,,
InternetGatewayDevice.Services.VoiceService.1.VoiceProfile.1.SIP.RegistrarServerTransport,false,2026-07-21T20:50:23.275Z,true,2026-07-21T20:50:23.275Z,"UDP",xsd:string,2026-07-21T20:50:23.279Z,,,,
InternetGatewayDevice.Services.VoiceService.1.VoiceProfile.1.SIP.RegistrationPeriod,false,2026-07-21T20:50:23.275Z,true,2026-07-21T20:50:23.275Z,"360",xsd:unsignedInt,2026-07-21T20:50:23.279Z,,,,
InternetGatewayDevice.Services.VoiceService.1.VoiceProfile.1.SIP.SecondaryOutboundProxy,false,2026-07-21T20:50:23.275Z,true,2026-07-21T20:50:23.275Z,"0.0.0.0",xsd:string,2026-07-21T20:50:23.279Z,,,,
InternetGatewayDevice.Services.VoiceService.1.VoiceProfile.1.SIP.TimerB,false,2026-07-21T20:50:23.275Z,true,2026-07-21T20:50:23.275Z,"32000",xsd:unsignedInt,2026-07-21T20:50:23.279Z,,,,
InternetGatewayDevice.Services.VoiceService.1.VoiceProfile.1.SIP.TimerF,false,2026-07-21T20:50:23.275Z,true,2026-07-21T20:50:23.275Z,"32000",xsd:unsignedInt,2026-07-21T20:50:23.279Z,,,,
InternetGatewayDevice.Services.VoiceService.1.VoiceProfile.1.SIP.UserAgentDomain,false,2026-07-21T20:50:23.275Z,true,2026-07-21T20:50:23.275Z,"",xsd:string,2026-07-21T20:50:23.279Z,,,,
InternetGatewayDevice.Services.VoiceService.1.VoiceProfile.1.SIP.UserAgentPort,false,2026-07-21T20:50:23.275Z,true,2026-07-21T20:50:23.275Z,"5060",xsd:unsignedInt,2026-07-21T20:50:23.279Z,,,,
InternetGatewayDevice.Services.VoiceService.1.VoiceProfile.1.SIP.UserAgentTransport,false,2026-07-21T20:50:23.275Z,true,2026-07-21T20:50:23.275Z,"UDP",xsd:string,2026-07-21T20:50:23.279Z,,,,
InternetGatewayDevice.Services.VoiceService.1.VoiceProfile.1.SIP.VLANIDMark,false,2026-07-21T20:50:23.275Z,true,2026-07-21T20:50:23.275Z,"-1",xsd:int,2026-07-21T20:50:23.279Z,,,,
InternetGatewayDevice.Services.VoiceService.1.VoiceProfile.1.SIP.X_BROADCOM_COM_MusicServer,false,2026-07-21T20:50:23.275Z,true,2026-07-21T20:50:23.275Z,"0.0.0.0",xsd:string,2026-07-21T20:50:23.279Z,,,,
InternetGatewayDevice.Services.VoiceService.1.VoiceProfile.1.SIP.X_BROADCOM_COM_MusicServerPort,false,2026-07-21T20:50:23.275Z,true,2026-07-21T20:50:23.275Z,"0",xsd:unsignedInt,2026-07-21T20:50:23.279Z,,,,
InternetGatewayDevice.Services.VoiceService.1.VoiceProfile.1.SIP.X_BROADCOM_COM_PlarGateway,false,2026-07-21T20:50:23.275Z,true,2026-07-21T20:50:23.275Z,"10.10.10.2",xsd:string,2026-07-21T20:50:23.279Z,,,,
InternetGatewayDevice.Services.VoiceService.1.VoiceProfile.1.SIP.X_BROADCOM_COM_PlarPort,false,2026-07-21T20:50:23.275Z,true,2026-07-21T20:50:23.275Z,"5060",xsd:unsignedInt,2026-07-21T20:50:23.279Z,,,,
InternetGatewayDevice.Services.VoiceService.1.VoiceProfile.1.SIP.X_BROADCOM_COM_ToTagMatching,false,2026-07-21T20:50:23.275Z,true,2026-07-21T20:50:23.275Z,"true",xsd:boolean,2026-07-21T20:50:23.279Z,,,,
InternetGatewayDevice.Services.VoiceService.1.VoiceProfile.1.SIP.X_ZHONE_Address_mode,false,2026-07-21T20:50:23.275Z,true,2026-07-21T20:50:23.275Z,"Ip",xsd:string,2026-07-21T20:50:23.279Z,,,,
InternetGatewayDevice.Services.VoiceService.1.VoiceProfile.1.SIP.X_ZHONE_Interdigit_Timeout,false,2026-07-21T20:50:23.275Z,true,2026-07-21T20:50:23.275Z,"4000",xsd:unsignedInt,2026-07-21T20:50:23.279Z,,,,
InternetGatewayDevice.Services.VoiceService.1.VoiceProfile.1.STUNEnable,false,2026-07-21T20:50:23.275Z,true,2026-07-21T20:50:23.275Z,"false",xsd:boolean,2026-07-21T20:50:23.279Z,,,,
InternetGatewayDevice.Services.VoiceService.1.VoiceProfile.1.STUNServer,false,2026-07-21T20:50:23.275Z,true,2026-07-21T20:50:23.275Z,"",xsd:string,2026-07-21T20:50:23.279Z,,,,
InternetGatewayDevice.Services.VoiceService.1.VoiceProfile.1.ServiceProviderInfo,true,2026-07-21T20:50:23.275Z,false,2026-07-21T20:50:23.275Z,"",,,,,,
InternetGatewayDevice.Services.VoiceService.1.VoiceProfile.1.ServiceProviderInfo.Name,false,2026-07-21T20:50:23.275Z,true,2026-07-21T20:50:23.275Z,"",xsd:string,2026-07-21T20:50:23.279Z,,,,
InternetGatewayDevice.Services.VoiceService.1.VoiceProfile.1.SignalingProtocol,false,2026-07-21T20:50:23.275Z,true,2026-07-21T20:50:23.275Z,"",xsd:string,2026-07-21T20:50:23.279Z,,,,
InternetGatewayDevice.Services.VoiceService.1.VoiceProfile.1.X_BROADCOM_COM_CriticalDigitTimer,false,2026-07-21T20:50:23.275Z,true,2026-07-21T20:50:23.275Z,"4000",xsd:unsignedInt,2026-07-21T20:50:23.279Z,,,,
InternetGatewayDevice.Services.VoiceService.1.VoiceProfile.1.X_BROADCOM_COM_HookFlashMethod,false,2026-07-21T20:50:23.275Z,true,2026-07-21T20:50:23.275Z,"None",xsd:string,2026-07-21T20:50:23.279Z,,,,
InternetGatewayDevice.Services.VoiceService.1.VoiceProfile.1.X_BROADCOM_COM_LogServer,false,2026-07-21T20:50:23.275Z,true,2026-07-21T20:50:23.275Z,"0.0.0.0",xsd:string,2026-07-21T20:50:23.279Z,,,,
InternetGatewayDevice.Services.VoiceService.1.VoiceProfile.1.X_BROADCOM_COM_LogServerPort,false,2026-07-21T20:50:23.275Z,true,2026-07-21T20:50:23.275Z,"0",xsd:unsignedInt,2026-07-21T20:50:23.279Z,,,,
InternetGatewayDevice.Services.VoiceService.1.VoiceProfile.1.X_BROADCOM_COM_PartialDigitTimer,false,2026-07-21T20:50:23.275Z,true,2026-07-21T20:50:23.275Z,"16000",xsd:unsignedInt,2026-07-21T20:50:23.279Z,,,,
InternetGatewayDevice.Services.VoiceService.1.VoiceProfile.1.X_BROADCOM_COM_SPNum,false,2026-07-21T20:50:23.275Z,true,2026-07-21T20:50:23.275Z,"0",xsd:unsignedInt,2026-07-21T20:50:23.279Z,,,,
InternetGatewayDevice.Services.VoiceService.1.VoiceProfile.1.X_BROADCOM_COM_STUNServerPort,false,2026-07-21T20:50:23.275Z,true,2026-07-21T20:50:23.275Z,"0",xsd:unsignedInt,2026-07-21T20:50:23.279Z,,,,
InternetGatewayDevice.Services.VoiceService.1.VoiceProfile.1.X_BROADCOM_COM_V18_Support,false,2026-07-21T20:50:23.275Z,true,2026-07-21T20:50:23.275Z,"true",xsd:boolean,2026-07-21T20:50:23.279Z,,,,
InternetGatewayDevice.Services.VoiceService.1.VoiceProfile.1.X_ZHONE_COM_DefaultedMacPlusOne,false,2026-07-21T20:50:23.275Z,true,2026-07-21T20:50:23.275Z,"true",xsd:boolean,2026-07-21T20:50:23.279Z,,,,
InternetGatewayDevice.Services.VoiceService.1.VoiceProfile.1.X_ZHONE_COM_VoiceMacPlusOne,false,2026-07-21T20:50:23.275Z,true,2026-07-21T20:50:23.275Z,"false",xsd:boolean,2026-07-21T20:50:23.279Z,,,,
InternetGatewayDevice.Services.VoiceService.1.VoiceProfile.1.X_ZHONE_VoIPSwitchType,false,2026-07-21T20:50:23.275Z,true,2026-07-21T20:50:23.275Z,"MetaSwitch",xsd:string,2026-07-21T20:50:23.279Z,,,,
InternetGatewayDevice.Services.VoiceService.1.VoiceProfileNumberOfEntries,false,2026-07-21T20:50:23.275Z,false,2026-07-21T20:50:23.275Z,"0",xsd:unsignedInt,2026-07-21T20:50:23.279Z,,,,
InternetGatewayDevice.Services.VoiceService.1.X_BROADCOM_COM_BoundIfName,false,2026-07-21T20:50:23.275Z,true,2026-07-21T20:50:23.275Z,"None",xsd:string,2026-07-21T20:50:23.279Z,,,,
InternetGatewayDevice.Services.VoiceService.1.X_BROADCOM_COM_BoundIpAddr,false,2026-07-21T20:50:23.275Z,true,2026-07-21T20:50:23.275Z,"135.26.96.1",xsd:string,2026-07-21T20:50:23.279Z,,,,
InternetGatewayDevice.Services.VoiceService.1.X_BROADCOM_COM_CCTKTraceGroup,false,2026-07-21T20:50:23.275Z,true,2026-07-21T20:50:23.275Z,"None",xsd:string,2026-07-21T20:50:23.279Z,,,,
InternetGatewayDevice.Services.VoiceService.1.X_BROADCOM_COM_CCTKTraceLevel,false,2026-07-21T20:50:23.275Z,true,2026-07-21T20:50:23.275Z,"Off",xsd:string,2026-07-21T20:50:23.279Z,,,,
InternetGatewayDevice.Services.VoiceService.1.X_BROADCOM_COM_DectEepromData,false,2026-07-21T20:50:23.275Z,true,2026-07-21T20:50:23.275Z,"FFFF",xsd:string,2026-07-21T20:50:23.279Z,,,,
InternetGatewayDevice.Services.VoiceService.1.X_BROADCOM_COM_IpAddressFamily,false,2026-07-21T20:50:23.275Z,true,2026-07-21T20:50:23.275Z,"IPv4",xsd:string,2026-07-21T20:50:23.279Z,,,,
InternetGatewayDevice.Services.VoiceService.1.X_BROADCOM_COM_LoggingDestination,false,2026-07-21T20:50:23.275Z,true,2026-07-21T20:50:23.275Z,"Syslog",xsd:string,2026-07-21T20:50:23.279Z,,,,
InternetGatewayDevice.Services.VoiceService.1.X_BROADCOM_COM_LoggingLevel,false,2026-07-21T20:50:23.275Z,true,2026-07-21T20:50:23.275Z,"Error",xsd:string,2026-07-21T20:50:23.279Z,,,,
InternetGatewayDevice.Services.VoiceService.1.X_BROADCOM_COM_ManagementProtocol,false,2026-07-21T20:50:23.275Z,true,2026-07-21T20:50:23.275Z,"TR69",xsd:string,2026-07-21T20:50:23.279Z,,,,
InternetGatewayDevice.Services.VoiceService.1.X_WANReferenceList,false,2026-07-21T20:50:23.275Z,true,2026-07-21T20:50:23.275Z,"3",xsd:string,2026-07-21T20:50:23.279Z,,,,
InternetGatewayDevice.Time,true,2026-07-21T20:50:23.275Z,false,2026-07-21T20:50:23.275Z,"",,,,,,
InternetGatewayDevice.Time.CurrentLocalTime,false,2026-07-21T20:50:23.275Z,false,2026-07-21T20:50:23.275Z,"2026-07-21T15:34:23.000Z",xsd:dateTime,2026-07-21T20:50:23.279Z,,,,
InternetGatewayDevice.Time.DaylightSavingsEnd,false,2026-07-21T20:50:23.275Z,true,2026-07-21T20:50:23.275Z,"2026-07-21T15:34:23.000Z",xsd:dateTime,2026-07-21T20:50:23.279Z,,,,
InternetGatewayDevice.Time.DaylightSavingsStart,false,2026-07-21T20:50:23.275Z,true,2026-07-21T20:50:23.275Z,"2026-07-21T15:34:23.000Z",xsd:dateTime,2026-07-21T20:50:23.279Z,,,,
InternetGatewayDevice.Time.DaylightSavingsUsed,false,2026-07-21T20:50:23.275Z,true,2026-07-21T20:50:23.275Z,"false",xsd:boolean,2026-07-21T20:50:23.279Z,,,,
InternetGatewayDevice.Time.Enable,false,2026-07-21T20:50:23.275Z,true,2026-07-21T20:50:23.275Z,"true",xsd:boolean,2026-07-21T20:50:23.279Z,,,,
InternetGatewayDevice.Time.LocalTimeZone,false,2026-07-21T20:50:23.275Z,true,2026-07-21T20:50:23.275Z,"-05:00",xsd:string,2026-07-21T20:50:23.279Z,,,,
InternetGatewayDevice.Time.LocalTimeZoneName,false,2026-07-21T20:50:23.275Z,true,2026-07-21T20:50:23.275Z,"Greenwich Mean Time: Dublin, Edinburgh, Lisbon, London",xsd:string,2026-07-21T20:50:23.279Z,,,,
InternetGatewayDevice.Time.NTPServer1,false,2026-07-21T20:50:23.275Z,true,2026-07-21T20:50:23.275Z,"time.nist.gov",xsd:string,2026-07-21T20:50:23.279Z,,,,
InternetGatewayDevice.Time.NTPServer2,false,2026-07-21T20:50:23.275Z,true,2026-07-21T20:50:23.275Z,"",xsd:string,2026-07-21T20:50:23.279Z,,,,
InternetGatewayDevice.Time.NTPServer3,false,2026-07-21T20:50:23.275Z,true,2026-07-21T20:50:23.275Z,"",xsd:string,2026-07-21T20:50:23.279Z,,,,
InternetGatewayDevice.Time.NTPServer4,false,2026-07-21T20:50:23.275Z,true,2026-07-21T20:50:23.275Z,"",xsd:string,2026-07-21T20:50:23.279Z,,,,
InternetGatewayDevice.Time.NTPServer5,false,2026-07-21T20:50:23.275Z,true,2026-07-21T20:50:23.275Z,"",xsd:string,2026-07-21T20:50:23.279Z,,,,
InternetGatewayDevice.Time.Status,false,2026-07-21T20:50:23.275Z,false,2026-07-21T20:50:23.275Z,"Disabled",xsd:string,2026-07-21T20:50:23.279Z,,,,
InternetGatewayDevice.WANDevice,true,2026-07-21T20:50:23.275Z,true,2026-07-21T20:50:23.275Z,"",,,,,,
InternetGatewayDevice.WANDeviceNumberOfEntries,false,2026-07-21T20:50:23.275Z,false,2026-07-21T20:50:23.275Z,"1",xsd:unsignedInt,2026-07-21T20:50:23.277Z,,,,
InternetGatewayDevice.X_BROADCOM_COM_AppCfg,true,2026-07-21T20:50:23.275Z,false,2026-07-21T20:50:23.275Z,"",,,,,,
InternetGatewayDevice.X_BROADCOM_COM_AppCfg.ConsoledCfg,true,2026-07-21T20:50:23.275Z,false,2026-07-21T20:50:23.275Z,"",,,,,,
InternetGatewayDevice.X_BROADCOM_COM_AppCfg.ConsoledCfg.LoggingDestination,false,2026-07-21T20:50:23.275Z,true,2026-07-21T20:50:23.275Z,"Syslog",xsd:string,2026-07-21T20:50:23.279Z,,,,
InternetGatewayDevice.X_BROADCOM_COM_AppCfg.ConsoledCfg.LoggingLevel,false,2026-07-21T20:50:23.275Z,true,2026-07-21T20:50:23.275Z,"Notice",xsd:string,2026-07-21T20:50:23.279Z,,,,
InternetGatewayDevice.X_BROADCOM_COM_AppCfg.DectdCfg,true,2026-07-21T20:50:23.275Z,false,2026-07-21T20:50:23.275Z,"",,,,,,
InternetGatewayDevice.X_BROADCOM_COM_AppCfg.DectdCfg.Enable,false,2026-07-21T20:50:23.275Z,true,2026-07-21T20:50:23.275Z,"true",xsd:boolean,2026-07-21T20:50:23.279Z,,,,
InternetGatewayDevice.X_BROADCOM_COM_AppCfg.DectdCfg.LoggingDestination,false,2026-07-21T20:50:23.275Z,true,2026-07-21T20:50:23.275Z,"Syslog",xsd:string,2026-07-21T20:50:23.279Z,,,,
InternetGatewayDevice.X_BROADCOM_COM_AppCfg.DectdCfg.LoggingLevel,false,2026-07-21T20:50:23.275Z,true,2026-07-21T20:50:23.275Z,"Notice",xsd:string,2026-07-21T20:50:23.279Z,,,,
InternetGatewayDevice.X_BROADCOM_COM_AppCfg.DnsProxyCfg,true,2026-07-21T20:50:23.275Z,false,2026-07-21T20:50:23.275Z,"",,,,,,
InternetGatewayDevice.X_BROADCOM_COM_AppCfg.DnsProxyCfg.DeviceDomainName,false,2026-07-21T20:50:23.275Z,true,2026-07-21T20:50:23.275Z,"Home",xsd:string,2026-07-21T20:50:23.279Z,,,,
InternetGatewayDevice.X_BROADCOM_COM_AppCfg.DnsProxyCfg.DeviceHostName,false,2026-07-21T20:50:23.275Z,true,2026-07-21T20:50:23.275Z,"Broadcom",xsd:string,2026-07-21T20:50:23.279Z,,,,
InternetGatewayDevice.X_BROADCOM_COM_AppCfg.DnsProxyCfg.Enable,false,2026-07-21T20:50:23.275Z,true,2026-07-21T20:50:23.275Z,"true",xsd:boolean,2026-07-21T20:50:23.279Z,,,,
InternetGatewayDevice.X_BROADCOM_COM_AppCfg.DnsProxyCfg.LoggingDestination,false,2026-07-21T20:50:23.275Z,true,2026-07-21T20:50:23.275Z,"Syslog",xsd:string,2026-07-21T20:50:23.279Z,,,,
InternetGatewayDevice.X_BROADCOM_COM_AppCfg.DnsProxyCfg.LoggingLevel,false,2026-07-21T20:50:23.275Z,true,2026-07-21T20:50:23.275Z,"Notice",xsd:string,2026-07-21T20:50:23.279Z,,,,
InternetGatewayDevice.X_BROADCOM_COM_AppCfg.FtpdCfg,true,2026-07-21T20:50:23.275Z,false,2026-07-21T20:50:23.275Z,"",,,,,,
InternetGatewayDevice.X_BROADCOM_COM_AppCfg.FtpdCfg.LoggingDestination,false,2026-07-21T20:50:23.275Z,true,2026-07-21T20:50:23.275Z,"Syslog",xsd:string,2026-07-21T20:50:23.279Z,,,,
InternetGatewayDevice.X_BROADCOM_COM_AppCfg.FtpdCfg.LoggingLevel,false,2026-07-21T20:50:23.275Z,true,2026-07-21T20:50:23.275Z,"Notice",xsd:string,2026-07-21T20:50:23.279Z,,,,
InternetGatewayDevice.X_BROADCOM_COM_AppCfg.HttpdCfg,true,2026-07-21T20:50:23.275Z,false,2026-07-21T20:50:23.275Z,"",,,,,,
InternetGatewayDevice.X_BROADCOM_COM_AppCfg.HttpdCfg.LoggingDestination,false,2026-07-21T20:50:23.275Z,true,2026-07-21T20:50:23.275Z,"Syslog",xsd:string,2026-07-21T20:50:23.279Z,,,,
InternetGatewayDevice.X_BROADCOM_COM_AppCfg.HttpdCfg.LoggingLevel,false,2026-07-21T20:50:23.275Z,true,2026-07-21T20:50:23.275Z,"Notice",xsd:string,2026-07-21T20:50:23.279Z,,,,
InternetGatewayDevice.X_BROADCOM_COM_AppCfg.OmciPmdCfg,true,2026-07-21T20:50:23.275Z,false,2026-07-21T20:50:23.275Z,"",,,,,,
InternetGatewayDevice.X_BROADCOM_COM_AppCfg.OmciPmdCfg.LoggingDestination,false,2026-07-21T20:50:23.275Z,true,2026-07-21T20:50:23.275Z,"Syslog",xsd:string,2026-07-21T20:50:23.279Z,,,,
InternetGatewayDevice.X_BROADCOM_COM_AppCfg.OmciPmdCfg.LoggingLevel,false,2026-07-21T20:50:23.275Z,true,2026-07-21T20:50:23.275Z,"Notice",xsd:string,2026-07-21T20:50:23.279Z,,,,
InternetGatewayDevice.X_BROADCOM_COM_AppCfg.OmcidCfg,true,2026-07-21T20:50:23.275Z,false,2026-07-21T20:50:23.275Z,"",,,,,,
InternetGatewayDevice.X_BROADCOM_COM_AppCfg.OmcidCfg.LoggingDestination,false,2026-07-21T20:50:23.275Z,true,2026-07-21T20:50:23.275Z,"Syslog",xsd:string,2026-07-21T20:50:23.279Z,,,,
InternetGatewayDevice.X_BROADCOM_COM_AppCfg.OmcidCfg.LoggingLevel,false,2026-07-21T20:50:23.275Z,true,2026-07-21T20:50:23.275Z,"Notice",xsd:string,2026-07-21T20:50:23.279Z,,,,
InternetGatewayDevice.X_BROADCOM_COM_AppCfg.OsgidCfg,true,2026-07-21T20:50:23.275Z,false,2026-07-21T20:50:23.275Z,"",,,,,,
InternetGatewayDevice.X_BROADCOM_COM_AppCfg.OsgidCfg.LoggingDestination,false,2026-07-21T20:50:23.275Z,false,2026-07-21T20:50:23.275Z,"Standard Error",xsd:string,2026-07-21T20:50:23.279Z,,,,
InternetGatewayDevice.X_BROADCOM_COM_AppCfg.OsgidCfg.LoggingLevel,false,2026-07-21T20:50:23.275Z,true,2026-07-21T20:50:23.275Z,"Error",xsd:string,2026-07-21T20:50:23.279Z,,,,
InternetGatewayDevice.X_BROADCOM_COM_AppCfg.PppdCfg,true,2026-07-21T20:50:23.275Z,false,2026-07-21T20:50:23.275Z,"",,,,,,
InternetGatewayDevice.X_BROADCOM_COM_AppCfg.PppdCfg.LoggingDestination,false,2026-07-21T20:50:23.275Z,true,2026-07-21T20:50:23.275Z,"Syslog",xsd:string,2026-07-21T20:50:23.279Z,,,,
InternetGatewayDevice.X_BROADCOM_COM_AppCfg.PppdCfg.LoggingLevel,false,2026-07-21T20:50:23.275Z,true,2026-07-21T20:50:23.275Z,"Notice",xsd:string,2026-07-21T20:50:23.279Z,,,,
InternetGatewayDevice.X_BROADCOM_COM_AppCfg.SmdCfg,true,2026-07-21T20:50:23.275Z,false,2026-07-21T20:50:23.275Z,"",,,,,,
InternetGatewayDevice.X_BROADCOM_COM_AppCfg.SmdCfg.LoggingDestination,false,2026-07-21T20:50:23.275Z,true,2026-07-21T20:50:23.275Z,"Syslog",xsd:string,2026-07-21T20:50:23.279Z,,,,
InternetGatewayDevice.X_BROADCOM_COM_AppCfg.SmdCfg.LoggingLevel,false,2026-07-21T20:50:23.275Z,true,2026-07-21T20:50:23.275Z,"Notice",xsd:string,2026-07-21T20:50:23.279Z,,,,
InternetGatewayDevice.X_BROADCOM_COM_AppCfg.SnmpdCfg,true,2026-07-21T20:50:23.275Z,false,2026-07-21T20:50:23.275Z,"",,,,,,
InternetGatewayDevice.X_BROADCOM_COM_AppCfg.SnmpdCfg.LoggingDestination,false,2026-07-21T20:50:23.275Z,true,2026-07-21T20:50:23.275Z,"Syslog",xsd:string,2026-07-21T20:50:23.279Z,,,,
InternetGatewayDevice.X_BROADCOM_COM_AppCfg.SnmpdCfg.LoggingLevel,false,2026-07-21T20:50:23.275Z,true,2026-07-21T20:50:23.275Z,"Notice",xsd:string,2026-07-21T20:50:23.279Z,,,,
InternetGatewayDevice.X_BROADCOM_COM_AppCfg.SshdCfg,true,2026-07-21T20:50:23.275Z,false,2026-07-21T20:50:23.275Z,"",,,,,,
InternetGatewayDevice.X_BROADCOM_COM_AppCfg.SshdCfg.LoggingDestination,false,2026-07-21T20:50:23.275Z,true,2026-07-21T20:50:23.275Z,"Syslog",xsd:string,2026-07-21T20:50:23.279Z,,,,
InternetGatewayDevice.X_BROADCOM_COM_AppCfg.SshdCfg.LoggingLevel,false,2026-07-21T20:50:23.275Z,true,2026-07-21T20:50:23.275Z,"Notice",xsd:string,2026-07-21T20:50:23.279Z,,,,
InternetGatewayDevice.X_BROADCOM_COM_AppCfg.SskCfg,true,2026-07-21T20:50:23.275Z,false,2026-07-21T20:50:23.275Z,"",,,,,,
InternetGatewayDevice.X_BROADCOM_COM_AppCfg.SskCfg.LoggingDestination,false,2026-07-21T20:50:23.275Z,true,2026-07-21T20:50:23.275Z,"Syslog",xsd:string,2026-07-21T20:50:23.279Z,,,,
InternetGatewayDevice.X_BROADCOM_COM_AppCfg.SskCfg.LoggingLevel,false,2026-07-21T20:50:23.275Z,true,2026-07-21T20:50:23.275Z,"Notice",xsd:string,2026-07-21T20:50:23.279Z,,,,
InternetGatewayDevice.X_BROADCOM_COM_AppCfg.TelnetdCfg,true,2026-07-21T20:50:23.275Z,false,2026-07-21T20:50:23.275Z,"",,,,,,
InternetGatewayDevice.X_BROADCOM_COM_AppCfg.TelnetdCfg.LoggingDestination,false,2026-07-21T20:50:23.275Z,true,2026-07-21T20:50:23.275Z,"Syslog",xsd:string,2026-07-21T20:50:23.279Z,,,,
InternetGatewayDevice.X_BROADCOM_COM_AppCfg.TelnetdCfg.LoggingLevel,false,2026-07-21T20:50:23.275Z,true,2026-07-21T20:50:23.275Z,"Notice",xsd:string,2026-07-21T20:50:23.279Z,,,,
InternetGatewayDevice.X_BROADCOM_COM_AppCfg.TftpdCfg,true,2026-07-21T20:50:23.275Z,false,2026-07-21T20:50:23.275Z,"",,,,,,
InternetGatewayDevice.X_BROADCOM_COM_AppCfg.TftpdCfg.LoggingDestination,false,2026-07-21T20:50:23.275Z,true,2026-07-21T20:50:23.275Z,"Syslog",xsd:string,2026-07-21T20:50:23.279Z,,,,
InternetGatewayDevice.X_BROADCOM_COM_AppCfg.TftpdCfg.LoggingLevel,false,2026-07-21T20:50:23.275Z,true,2026-07-21T20:50:23.275Z,"Notice",xsd:string,2026-07-21T20:50:23.279Z,,,,
InternetGatewayDevice.X_BROADCOM_COM_AppCfg.Tr69cCfg,true,2026-07-21T20:50:23.275Z,false,2026-07-21T20:50:23.275Z,"",,,,,,
InternetGatewayDevice.X_BROADCOM_COM_AppCfg.Tr69cCfg.ConnectionRequestAuthentication,false,2026-07-21T20:50:23.275Z,true,2026-07-21T20:50:23.275Z,"false",xsd:boolean,2026-07-21T20:50:23.279Z,,,,
InternetGatewayDevice.X_BROADCOM_COM_AppCfg.Tr69cCfg.LoggingDestination,false,2026-07-21T20:50:23.275Z,true,2026-07-21T20:50:23.275Z,"Syslog",xsd:string,2026-07-21T20:50:23.279Z,,,,
InternetGatewayDevice.X_BROADCOM_COM_AppCfg.Tr69cCfg.LoggingLevel,false,2026-07-21T20:50:23.275Z,true,2026-07-21T20:50:23.275Z,"Notice",xsd:string,2026-07-21T20:50:23.279Z,,,,
InternetGatewayDevice.X_BROADCOM_COM_AppCfg.Tr69cCfg.LoggingSOAP,false,2026-07-21T20:50:23.275Z,true,2026-07-21T20:50:23.275Z,"false",xsd:boolean,2026-07-21T20:50:23.279Z,,,,
InternetGatewayDevice.X_BROADCOM_COM_AppCfg.Tr69cCfg.X_ZHONE_COM_SOAPLogfile,false,2026-07-21T20:50:23.275Z,true,2026-07-21T20:50:23.275Z,"false",xsd:boolean,2026-07-21T20:50:23.279Z,,,,
InternetGatewayDevice.X_BROADCOM_COM_AppCfg.UplinkdCfg,true,2026-07-21T20:50:23.275Z,false,2026-07-21T20:50:23.275Z,"",,,,,,
InternetGatewayDevice.X_BROADCOM_COM_AppCfg.UplinkdCfg.LoggingDestination,false,2026-07-21T20:50:23.275Z,true,2026-07-21T20:50:23.275Z,"Syslog",xsd:string,2026-07-21T20:50:23.279Z,,,,
InternetGatewayDevice.X_BROADCOM_COM_AppCfg.UplinkdCfg.LoggingLevel,false,2026-07-21T20:50:23.275Z,true,2026-07-21T20:50:23.275Z,"Notice",xsd:string,2026-07-21T20:50:23.279Z,,,,
InternetGatewayDevice.X_BROADCOM_COM_AppCfg.UpnpCfg,true,2026-07-21T20:50:23.275Z,false,2026-07-21T20:50:23.275Z,"",,,,,,
InternetGatewayDevice.X_BROADCOM_COM_AppCfg.UpnpCfg.Enable,false,2026-07-21T20:50:23.275Z,true,2026-07-21T20:50:23.275Z,"true",xsd:boolean,2026-07-21T20:50:23.279Z,,,,
InternetGatewayDevice.X_BROADCOM_COM_AppCfg.UpnpCfg.LoggingDestination,false,2026-07-21T20:50:23.275Z,true,2026-07-21T20:50:23.275Z,"Syslog",xsd:string,2026-07-21T20:50:23.279Z,,,,
InternetGatewayDevice.X_BROADCOM_COM_AppCfg.UpnpCfg.LoggingLevel,false,2026-07-21T20:50:23.275Z,true,2026-07-21T20:50:23.275Z,"Notice",xsd:string,2026-07-21T20:50:23.279Z,,,,
InternetGatewayDevice.X_BROADCOM_COM_AppCfg.VectoringCfg,true,2026-07-21T20:50:23.275Z,false,2026-07-21T20:50:23.275Z,"",,,,,,
InternetGatewayDevice.X_BROADCOM_COM_AppCfg.VectoringCfg.LoggingDestination,false,2026-07-21T20:50:23.275Z,true,2026-07-21T20:50:23.275Z,"Syslog",xsd:string,2026-07-21T20:50:23.279Z,,,,
InternetGatewayDevice.X_BROADCOM_COM_AppCfg.VectoringCfg.LoggingLevel,false,2026-07-21T20:50:23.275Z,true,2026-07-21T20:50:23.275Z,"Notice",xsd:string,2026-07-21T20:50:23.279Z,,,,
InternetGatewayDevice.X_BROADCOM_COM_CertificateCfg,true,2026-07-21T20:50:23.275Z,true,2026-07-21T20:50:23.275Z,"",,,,,,
InternetGatewayDevice.X_BROADCOM_COM_CertificateCfg.1,true,2026-07-21T20:50:23.275Z,true,2026-07-21T20:50:23.275Z,"",,,,,,
InternetGatewayDevice.X_BROADCOM_COM_CertificateCfg.1.Content,false,2026-07-21T20:50:23.275Z,true,2026-07-21T20:50:23.275Z,"-----BEGIN CERTIFICATE-----
MIIETjCCAzagAwIBAgIJAPEmyPwH0zrYMA0GCSqGSIb3DQEBBQUAMHcxCzAJBgNV
BAYTAlVTMRMwEQYDVQQIEwpDYWxpZm9ybmlhMRswGQYDVQQKExJaaG9uZSBUZWNo
bm9sb2dpZXMxHjAcBgNVBAsTFUZsb3JpZGEgRGVzaWduIENlbnRlcjEWMBQGA1UE
AxMNd3d3Lnpob25lLmNvbTAeFw0xMjA2MjcyMTA5MzdaFw0yNjAzMDYyMTA5Mzda
MHcxCzAJBgNVBAYTAlVTMRMwEQYDVQQIEwpDYWxpZm9ybmlhMRswGQYDVQQKExJa
aG9uZSBUZWNobm9sb2dpZXMxHjAcBgNVBAsTFUZsb3JpZGEgRGVzaWduIENlbnRl
cjEWMBQGA1UEAxMNd3d3Lnpob25lLmNvbTCCASIwDQYJKoZIhvcNAQEBBQADggEP
ADCCAQoCggEBANdKbUhukq8+6h/w/7Yfla4QEyrnf3gWN7RRX5FwoKh18GPd8ca4
FHWwRSo6Rg9qBbhgq7Sylt2KtuRa2e1Zr/GWJsegMaxmjFl/qQsX2wxOYOXplA5M
x+4wVpot6EZ/AGnCjVvjN/6vAc547bjHzHBvvwSfrFd6HvS4TuCTsg7kjKvOuf8+
yRoQqPORTrp9H1GO1wNtEUyGDNavFCGNidEqBbhG0OsBcwUFpR7G7XdjSKs808qs
A6895FBwWiqikzuUwccXH5dTX6jJTdcn8QkeJwG+ixgRGlDBj9n5VJgQH/kpjiPX
kJEWfGWxR1cpkyinO+OIlTzZ9cYMC2TUx8MCAwEAAaOB3DCB2TAdBgNVHQ4EFgQU
v6kHlABXOayEf5qzy8RKoidXjYIwgakGA1UdIwSBoTCBnoAUv6kHlABXOayEf5qz
y8RKoidXjYKhe6R5MHcxCzAJBgNVBAYTAlVTMRMwEQYDVQQIEwpDYWxpZm9ybmlh
MRswGQYDVQQKExJaaG9uZSBUZWNobm9sb2dpZXMxHjAcBgNVBAsTFUZsb3JpZGEg
RGVzaWduIENlbnRlcjEWMBQGA1UEAxMNd3d3Lnpob25lLmNvbYIJAPEmyPwH0zrY
MAwGA1UdEwQFMAMBAf8wDQYJKoZIhvcNAQEFBQADggEBAFTRK4RHHhxkGuIVZf9E
R+ml0AdPX9vjO0joWn8AVyWBL/rVmJXtTQrT188EIx83cGkVWglFbBUqzRer0dIW
2c429x2Oeu8EIp+PaE5/h3HmlqqxS45/ZTL0e7hu7FxZqT26EMViGqFuJAyUPYj2
FqUoa6XmeDknurju+bnLjYqOE18mRo2V0EDQyXO0Z8NtBM+z9Oac80eLCrd8uGuZ
hU3RLw4Hhv/U+j73O9HhfwkhMhWxALSluAtJPWTPl/pB/5t6NvjabaNMM07cgK7L
dMUP8qRQybT5ejYulELHqS8I7uIiddf3AA3fLKIXXSAyVoLvi/wXEh9L4MMxep+W
yjM=
-----END CERTIFICATE-----
",xsd:string,2026-07-21T20:50:23.279Z,,,,
InternetGatewayDevice.X_BROADCOM_COM_CertificateCfg.1.Name,false,2026-07-21T20:50:23.275Z,true,2026-07-21T20:50:23.275Z,"cpecert",xsd:string,2026-07-21T20:50:23.279Z,,,,
InternetGatewayDevice.X_BROADCOM_COM_CertificateCfg.1.Password,false,2026-07-21T20:50:23.275Z,true,2026-07-21T20:50:23.275Z,"",xsd:string,2026-07-21T20:50:23.279Z,,,,
InternetGatewayDevice.X_BROADCOM_COM_CertificateCfg.1.PrivKey,false,2026-07-21T20:50:23.275Z,true,2026-07-21T20:50:23.275Z,"-----BEGIN RSA PRIVATE KEY-----
MIIEowIBAAKCAQEA10ptSG6Srz7qH/D/th+VrhATKud/eBY3tFFfkXCgqHXwY93x
xrgUdbBFKjpGD2oFuGCrtLKW3Yq25FrZ7Vmv8ZYmx6AxrGaMWX+pCxfbDE5g5emU
DkzH7jBWmi3oRn8AacKNW+M3/q8BznjtuMfMcG+/BJ+sV3oe9LhO4JOyDuSMq865
/z7JGhCo85FOun0fUY7XA20RTIYM1q8UIY2J0SoFuEbQ6wFzBQWlHsbtd2NIqzzT
yqwDrz3kUHBaKqKTO5TBxxcfl1NfqMlN1yfxCR4nAb6LGBEaUMGP2flUmBAf+SmO
I9eQkRZ8ZbFHVymTKKc744iVPNn1xgwLZNTHwwIDAQABAoIBADW/DeM8P4Bie353
4s6ruelXeAGJA4iOO1/XxL0BWgpUTywPV3GduPXciJfPLnhgpobuE0+sGf+6xofh
qnAXqNXt/0Zs1pnMjBM3zJLJZNUAqC4djum2/16WULhy537Z69d7S2D6K5t4Q0Ix
bF9p+b7EFvLnjdXU1e+QJ5jnJleS/9aL2+dRsSWY3hhvenWyzebmkv7upnhYPBsb
jEctBWWNOlrfRxYWmQHe3sMlNMRnJNxMuWYjM16rCvYXOMKWxweewW7jBztmyFWd
X8NZy/I+YinB7wLOR0WU0Um7LSJZpTNGpd7FR/d8bu8HnDZFqSLid9IJstG+5RJl
vqKf2ZkCgYEA7MP2wQqAnGrp4Mspd2tEdwWh0bEVHh65QhO3jmnUts29exSaN50Z
sfZthbwx/EPOaGl8WjO8WRQEfdI8ATZ3N8aeWNjnX+XUtHpPtvaatPg2L1sQKQyg
K92+svIPMTH7gzDmGv4lQmmDk9Ta5x0Zm0k6tfoaUVi2OnuYfn3zYyUCgYEA6MfZ
r8W65aR24iyLCGAlrxOK2nTpyfsDuLMbNP/RiZrAbSit3e0aOtB6SiHh0S2jGFAf
TN9rUQONPhsoBR7Mhub8PtB7OlfaZTO8pXblBm136cEff58c1+t5zCu0pLZyYEbV
ixCeH/PmvQNVWOPlgvs8GbCDvC2XRYr3eC30/scCgYBkhfsRENV0E8yCvZ84bZme
8ww2THoL1L2ROW/YjkRa7NVDGYc0j4XmUhtECZgrY9qR6B986LRSGbaieQ0y8p4B
V1nJnSX3SExb6AZKRz9+EFhpGL+uvgaPOVGLBky+9Vq046D+2uKU5NmRfXEHaQqD
LL85nhtoaELOZ8ViBzW75QKBgQCsx0nokZc7xGsJTY6U1Oijnpm9tHGjHdGRUj+r
gwYAYQDbBQqoYsjJRty+EZAPNxSLg0z4PgzlwQEhS/7UbhvZNbGc3hnZIERWQaSQ
HEO6FZ6fvlym2W8LRRjOVtJqP5F9rJXr9pWnmd12BfdfVyiPo/LkDoR5NE3HrHIq
ndHvGQKBgCUkA67T9F4RlTcihNjT+8OPuR8UW8nIz+bkEvdSDSA7EFVIg9Wahci7
GzbcEPO9SzERDwq6GRNo+mJ3cBnkfQZJhHMj0/cLMQRa/9PZ/NDqTbOPQkOfk/vr
9oAFWZtBRbsfPAn7v0CadbqnTCzSMHQEAKGMRnCWmzqNiUpOSG2M
-----END RSA PRIVATE KEY-----
",xsd:string,2026-07-21T20:50:23.279Z,,,,
InternetGatewayDevice.X_BROADCOM_COM_CertificateCfg.1.RefCount,false,2026-07-21T20:50:23.275Z,true,2026-07-21T20:50:23.275Z,"1",xsd:unsignedInt,2026-07-21T20:50:23.279Z,,,,
InternetGatewayDevice.X_BROADCOM_COM_CertificateCfg.1.ReqPub,false,2026-07-21T20:50:23.275Z,true,2026-07-21T20:50:23.275Z,"",xsd:string,2026-07-21T20:50:23.279Z,,,,
InternetGatewayDevice.X_BROADCOM_COM_CertificateCfg.1.Subject,false,2026-07-21T20:50:23.275Z,true,2026-07-21T20:50:23.275Z,"C=US/ST=California/O=Zhone Technologies/OU=Florida Design Center/CN=www.zhone.com
",xsd:string,2026-07-21T20:50:23.279Z,,,,
InternetGatewayDevice.X_BROADCOM_COM_CertificateCfg.1.Type,false,2026-07-21T20:50:23.275Z,true,2026-07-21T20:50:23.275Z,"signed",xsd:string,2026-07-21T20:50:23.279Z,,,,
InternetGatewayDevice.X_BROADCOM_COM_CertificateCfg.2,true,2026-07-21T20:50:23.275Z,true,2026-07-21T20:50:23.275Z,"",,,,,,
InternetGatewayDevice.X_BROADCOM_COM_CertificateCfg.2.Content,false,2026-07-21T20:50:23.275Z,true,2026-07-21T20:50:23.275Z,"-----BEGIN CERTIFICATE-----
MIIDvzCCAyigAwIBAgIJAKgC1qnyApZNMA0GCSqGSIb3DQEBBQUAMIGcMQswCQYD
VQQGEwJVUzEWMBQGA1UECBMNTmV3IEhhbXBzaGlyZTETMBEGA1UEBxMKUG9ydHNt
b3V0aDETMBEGA1UEChMKcWFjYWZlLmNvbTETMBEGA1UECxMKcWFjYWZlLmNvbTET
MBEGA1UEAxMKcWFjYWZlLmNvbTEhMB8GCSqGSIb3DQEJARYSc3VwcG9ydEBxYWNh
ZmUuY29tMB4XDTExMTAxNzE1NTYzMVoXDTI1MDYyNTE1NTYzMVowgZwxCzAJBgNV
BAYTAlVTMRYwFAYDVQQIEw1OZXcgSGFtcHNoaXJlMRMwEQYDVQQHEwpQb3J0c21v
dXRoMRMwEQYDVQQKEwpxYWNhZmUuY29tMRMwEQYDVQQLEwpxYWNhZmUuY29tMRMw
EQYDVQQDEwpxYWNhZmUuY29tMSEwHwYJKoZIhvcNAQkBFhJzdXBwb3J0QHFhY2Fm
ZS5jb20wgZ8wDQYJKoZIhvcNAQEBBQADgY0AMIGJAoGBAM2IQ/ZsWB7YPIhy6yxz
JOBD5M5dddnnQiB+CbJmKl/LtfJp9tQuwKTRB4ZHOvSFz2qVfNV01d71l7u7uRf2
wJsXtd3bmJpm5alvFa71QYt6C7/wUaFmkkdXDybicUO2azihiVKh17e3w6+OzgSL
ljXBJjsVvsQcRL1VKMcmhdfFAgMBAAGjggEFMIIBATAdBgNVHQ4EFgQU4BbPylEr
LTiDkDQEGM99gE+eVaswgdEGA1UdIwSByTCBxoAU4BbPylErLTiDkDQEGM99gE+e
VauhgaKkgZ8wgZwxCzAJBgNVBAYTAlVTMRYwFAYDVQQIEw1OZXcgSGFtcHNoaXJl
MRMwEQYDVQQHEwpQb3J0c21vdXRoMRMwEQYDVQQKEwpxYWNhZmUuY29tMRMwEQYD
VQQLEwpxYWNhZmUuY29tMRMwEQYDVQQDEwpxYWNhZmUuY29tMSEwHwYJKoZIhvcN
AQkBFhJzdXBwb3J0QHFhY2FmZS5jb22CCQCoAtap8gKWTTAMBgNVHRMEBTADAQH/
MA0GCSqGSIb3DQEBBQUAA4GBAEsFfkXGaaqyJanMhBo1p5TV545a/miID86t9aj4
hhAvHA+9wMYQvEKy6CUM32fGPWWJ80TH7KoC/fUEqGV3+GXuQnoMyu7MuL6+q+8H
v8Gj56kXi49FEEs9AA4fglozeJfbA9+awXc/0Y8rLjJ5jBh0z1Pi9mlCo6wMWeOf
heh7
-----END CERTIFICATE-----
",xsd:string,2026-07-21T20:50:23.279Z,,,,
InternetGatewayDevice.X_BROADCOM_COM_CertificateCfg.2.Name,false,2026-07-21T20:50:23.275Z,true,2026-07-21T20:50:23.275Z,"acscert",xsd:string,2026-07-21T20:50:23.279Z,,,,
InternetGatewayDevice.X_BROADCOM_COM_CertificateCfg.2.Password,false,2026-07-21T20:50:23.275Z,true,2026-07-21T20:50:23.275Z,"",xsd:string,2026-07-21T20:50:23.279Z,,,,
InternetGatewayDevice.X_BROADCOM_COM_CertificateCfg.2.PrivKey,false,2026-07-21T20:50:23.275Z,true,2026-07-21T20:50:23.275Z,"",xsd:string,2026-07-21T20:50:23.279Z,,,,
InternetGatewayDevice.X_BROADCOM_COM_CertificateCfg.2.RefCount,false,2026-07-21T20:50:23.275Z,true,2026-07-21T20:50:23.275Z,"1",xsd:unsignedInt,2026-07-21T20:50:23.279Z,,,,
InternetGatewayDevice.X_BROADCOM_COM_CertificateCfg.2.ReqPub,false,2026-07-21T20:50:23.275Z,true,2026-07-21T20:50:23.275Z,"",xsd:string,2026-07-21T20:50:23.279Z,,,,
InternetGatewayDevice.X_BROADCOM_COM_CertificateCfg.2.Subject,false,2026-07-21T20:50:23.275Z,true,2026-07-21T20:50:23.275Z,"C=US/ST=New Hampshire/L=Portsmouth/O=qacafe.com/OU=qacafe.com/CN=qacafe.com/emailAddress=support@qacafe.com
",xsd:string,2026-07-21T20:50:23.279Z,,,,
InternetGatewayDevice.X_BROADCOM_COM_CertificateCfg.2.Type,false,2026-07-21T20:50:23.275Z,true,2026-07-21T20:50:23.275Z,"ca",xsd:string,2026-07-21T20:50:23.279Z,,,,
InternetGatewayDevice.X_BROADCOM_COM_EthernetSwitch,true,2026-07-21T20:50:23.275Z,false,2026-07-21T20:50:23.275Z,"",,,,,,
InternetGatewayDevice.X_BROADCOM_COM_EthernetSwitch.EnableVirtualPorts,false,2026-07-21T20:50:23.275Z,true,2026-07-21T20:50:23.275Z,"true",xsd:boolean,2026-07-21T20:50:23.279Z,,,,
InternetGatewayDevice.X_BROADCOM_COM_EthernetSwitch.IfName,false,2026-07-21T20:50:23.275Z,false,2026-07-21T20:50:23.275Z,"(null)",xsd:string,2026-07-21T20:50:23.279Z,,,,
InternetGatewayDevice.X_BROADCOM_COM_EthernetSwitch.NumberOfVirtualPorts,false,2026-07-21T20:50:23.275Z,false,2026-07-21T20:50:23.275Z,"5",xsd:unsignedInt,2026-07-21T20:50:23.279Z,,,,
InternetGatewayDevice.X_BROADCOM_COM_GponOmciStats,true,2026-07-21T20:50:23.275Z,false,2026-07-21T20:50:23.275Z,"",,,,,,
InternetGatewayDevice.X_BROADCOM_COM_GponOmciStats.RxCrcErrors,false,2026-07-21T20:50:23.275Z,false,2026-07-21T20:50:23.275Z,"0",xsd:unsignedInt,2026-07-21T20:50:23.279Z,,,,
InternetGatewayDevice.X_BROADCOM_COM_GponOmciStats.RxGoodPackets,false,2026-07-21T20:50:23.275Z,false,2026-07-21T20:50:23.275Z,"139",xsd:unsignedInt,2026-07-21T20:50:23.279Z,,,,
InternetGatewayDevice.X_BROADCOM_COM_GponOmciStats.RxLengthErrors,false,2026-07-21T20:50:23.275Z,false,2026-07-21T20:50:23.275Z,"0",xsd:unsignedInt,2026-07-21T20:50:23.279Z,,,,
InternetGatewayDevice.X_BROADCOM_COM_GponOmciStats.RxOtherErrors,false,2026-07-21T20:50:23.275Z,false,2026-07-21T20:50:23.275Z,"0",xsd:unsignedInt,2026-07-21T20:50:23.279Z,,,,
InternetGatewayDevice.X_BROADCOM_COM_GponOmciStats.TxAvcPackets,false,2026-07-21T20:50:23.275Z,false,2026-07-21T20:50:23.275Z,"0",xsd:unsignedInt,2026-07-21T20:50:23.279Z,,,,
InternetGatewayDevice.X_BROADCOM_COM_GponOmciStats.TxErrors,false,2026-07-21T20:50:23.275Z,false,2026-07-21T20:50:23.275Z,"0",xsd:unsignedInt,2026-07-21T20:50:23.279Z,,,,
InternetGatewayDevice.X_BROADCOM_COM_GponOmciStats.TxResponsePackets,false,2026-07-21T20:50:23.275Z,false,2026-07-21T20:50:23.275Z,"131",xsd:unsignedInt,2026-07-21T20:50:23.279Z,,,,
InternetGatewayDevice.X_BROADCOM_COM_GponOmciStats.TxRetransmissions,false,2026-07-21T20:50:23.275Z,false,2026-07-21T20:50:23.275Z,"0",xsd:unsignedInt,2026-07-21T20:50:23.279Z,,,,
InternetGatewayDevice.X_BROADCOM_COM_IGMPCfg,true,2026-07-21T20:50:23.275Z,false,2026-07-21T20:50:23.275Z,"",,,,,,
InternetGatewayDevice.X_BROADCOM_COM_IGMPCfg.IgmpBridgeIfNames,false,2026-07-21T20:50:23.275Z,true,2026-07-21T20:50:23.275Z,"brg3 ",xsd:string,2026-07-21T20:50:23.279Z,,,,
InternetGatewayDevice.X_BROADCOM_COM_IGMPCfg.IgmpFastLeaveEnable,false,2026-07-21T20:50:23.275Z,true,2026-07-21T20:50:23.275Z,"true",xsd:boolean,2026-07-21T20:50:23.279Z,,,,
InternetGatewayDevice.X_BROADCOM_COM_IGMPCfg.IgmpJoinImmediate,false,2026-07-21T20:50:23.275Z,true,2026-07-21T20:50:23.275Z,"false",xsd:boolean,2026-07-21T20:50:23.279Z,,,,
InternetGatewayDevice.X_BROADCOM_COM_IGMPCfg.IgmpLMQI,false,2026-07-21T20:50:23.275Z,true,2026-07-21T20:50:23.275Z,"10",xsd:unsignedInt,2026-07-21T20:50:23.279Z,,,,
InternetGatewayDevice.X_BROADCOM_COM_IGMPCfg.IgmpLan2LanMulticastEnable,false,2026-07-21T20:50:23.275Z,true,2026-07-21T20:50:23.275Z,"false",xsd:boolean,2026-07-21T20:50:23.279Z,,,,
InternetGatewayDevice.X_BROADCOM_COM_IGMPCfg.IgmpMaxGroups,false,2026-07-21T20:50:23.275Z,true,2026-07-21T20:50:23.275Z,"128",xsd:unsignedInt,2026-07-21T20:50:23.279Z,,,,
InternetGatewayDevice.X_BROADCOM_COM_IGMPCfg.IgmpMaxMembers,false,2026-07-21T20:50:23.275Z,true,2026-07-21T20:50:23.275Z,"128",xsd:unsignedInt,2026-07-21T20:50:23.279Z,,,,
InternetGatewayDevice.X_BROADCOM_COM_IGMPCfg.IgmpMaxSources,false,2026-07-21T20:50:23.275Z,true,2026-07-21T20:50:23.275Z,"10",xsd:unsignedInt,2026-07-21T20:50:23.279Z,,,,
InternetGatewayDevice.X_BROADCOM_COM_IGMPCfg.IgmpMcastIfNames,false,2026-07-21T20:50:23.275Z,true,2026-07-21T20:50:23.275Z,"",xsd:string,2026-07-21T20:50:23.279Z,,,,
InternetGatewayDevice.X_BROADCOM_COM_IGMPCfg.IgmpQI,false,2026-07-21T20:50:23.275Z,true,2026-07-21T20:50:23.275Z,"125",xsd:unsignedInt,2026-07-21T20:50:23.279Z,,,,
InternetGatewayDevice.X_BROADCOM_COM_IGMPCfg.IgmpQRI,false,2026-07-21T20:50:23.275Z,true,2026-07-21T20:50:23.275Z,"10",xsd:unsignedInt,2026-07-21T20:50:23.279Z,,,,
InternetGatewayDevice.X_BROADCOM_COM_IGMPCfg.IgmpRV,false,2026-07-21T20:50:23.275Z,true,2026-07-21T20:50:23.275Z,"2",xsd:unsignedInt,2026-07-21T20:50:23.279Z,,,,
InternetGatewayDevice.X_BROADCOM_COM_IGMPCfg.IgmpVer,false,2026-07-21T20:50:23.275Z,true,2026-07-21T20:50:23.275Z,"2",xsd:unsignedInt,2026-07-21T20:50:23.279Z,,,,
InternetGatewayDevice.X_BROADCOM_COM_InterfaceControl,true,2026-07-21T20:50:23.275Z,false,2026-07-21T20:50:23.275Z,"",,,,,,
InternetGatewayDevice.X_BROADCOM_COM_InterfaceControl.IfName,false,2026-07-21T20:50:23.275Z,true,2026-07-21T20:50:23.275Z,"",xsd:string,2026-07-21T20:50:23.279Z,,,,
InternetGatewayDevice.X_BROADCOM_COM_InterfaceControl.MoveToLANSide,false,2026-07-21T20:50:23.275Z,true,2026-07-21T20:50:23.275Z,"false",xsd:boolean,2026-07-21T20:50:23.279Z,,,,
InternetGatewayDevice.X_BROADCOM_COM_InterfaceControl.MoveToWANSide,false,2026-07-21T20:50:23.275Z,true,2026-07-21T20:50:23.275Z,"false",xsd:boolean,2026-07-21T20:50:23.279Z,,,,
InternetGatewayDevice.X_BROADCOM_COM_LoginCfg,true,2026-07-21T20:50:23.275Z,false,2026-07-21T20:50:23.275Z,"",,,,,,
InternetGatewayDevice.X_BROADCOM_COM_LoginCfg.AdminPassword,false,2026-07-21T20:50:23.275Z,true,2026-07-21T20:50:23.275Z,"",xsd:string,2026-07-21T20:50:23.279Z,,,,
InternetGatewayDevice.X_BROADCOM_COM_LoginCfg.AdminPasswordHash,false,2026-07-21T20:50:23.275Z,true,2026-07-21T20:50:23.275Z,"",xsd:string,2026-07-21T20:50:23.279Z,,,,
InternetGatewayDevice.X_BROADCOM_COM_LoginCfg.AdminUserName,false,2026-07-21T20:50:23.275Z,false,2026-07-21T20:50:23.275Z,"admin",xsd:string,2026-07-21T20:50:23.279Z,,,,
InternetGatewayDevice.X_BROADCOM_COM_LoginCfg.SupportPassword,false,2026-07-21T20:50:23.275Z,true,2026-07-21T20:50:23.275Z,"",xsd:string,2026-07-21T20:50:23.279Z,,,,
InternetGatewayDevice.X_BROADCOM_COM_LoginCfg.SupportPasswordHash,false,2026-07-21T20:50:23.275Z,true,2026-07-21T20:50:23.275Z,"",xsd:string,2026-07-21T20:50:23.279Z,,,,
InternetGatewayDevice.X_BROADCOM_COM_LoginCfg.SupportUserName,false,2026-07-21T20:50:23.275Z,false,2026-07-21T20:50:23.275Z,"support",xsd:string,2026-07-21T20:50:23.279Z,,,,
InternetGatewayDevice.X_BROADCOM_COM_LoginCfg.UserPassword,false,2026-07-21T20:50:23.275Z,true,2026-07-21T20:50:23.275Z,"",xsd:string,2026-07-21T20:50:23.279Z,,,,
InternetGatewayDevice.X_BROADCOM_COM_LoginCfg.UserPasswordHash,false,2026-07-21T20:50:23.275Z,true,2026-07-21T20:50:23.275Z,"",xsd:string,2026-07-21T20:50:23.279Z,,,,
InternetGatewayDevice.X_BROADCOM_COM_LoginCfg.UserUserName,false,2026-07-21T20:50:23.275Z,false,2026-07-21T20:50:23.275Z,"user",xsd:string,2026-07-21T20:50:23.279Z,,,,
InternetGatewayDevice.X_BROADCOM_COM_NetworkConfig,true,2026-07-21T20:50:23.275Z,false,2026-07-21T20:50:23.275Z,"",,,,,,
InternetGatewayDevice.X_BROADCOM_COM_NetworkConfig.ActiveDNSServers,false,2026-07-21T20:50:23.275Z,false,2026-07-21T20:50:23.275Z,"0.0.0.0,0.0.0.0",xsd:string,2026-07-21T20:50:23.279Z,,,,
InternetGatewayDevice.X_BROADCOM_COM_NetworkConfig.DNSIfName,false,2026-07-21T20:50:23.275Z,true,2026-07-21T20:50:23.275Z,"",xsd:string,2026-07-21T20:50:23.279Z,,,,
InternetGatewayDevice.X_BROADCOM_COM_NetworkConfig.DNSServers,false,2026-07-21T20:50:23.275Z,true,2026-07-21T20:50:23.275Z,"",xsd:string,2026-07-21T20:50:23.279Z,,,,
InternetGatewayDevice.X_BROADCOM_COM_NetworkConfig.EnableAdvancedDMZ,false,2026-07-21T20:50:23.275Z,true,2026-07-21T20:50:23.275Z,"false",xsd:boolean,2026-07-21T20:50:23.279Z,,,,
InternetGatewayDevice.X_BROADCOM_COM_OmciSystem,true,2026-07-21T20:50:23.275Z,false,2026-07-21T20:50:23.275Z,"",,,,,,
InternetGatewayDevice.X_BROADCOM_COM_OmciSystem.CompatibleRGOmciFull,false,2026-07-21T20:50:23.275Z,true,2026-07-21T20:50:23.275Z,"true",xsd:boolean,2026-07-21T20:50:23.279Z,,,,
InternetGatewayDevice.X_BROADCOM_COM_OmciSystem.DataPathMode,false,2026-07-21T20:50:23.275Z,true,2026-07-21T20:50:23.275Z,"3",xsd:unsignedInt,2026-07-21T20:50:23.279Z,,,,
InternetGatewayDevice.X_BROADCOM_COM_OmciSystem.DebugFlags,false,2026-07-21T20:50:23.275Z,true,2026-07-21T20:50:23.275Z,"0",xsd:unsignedInt,2026-07-21T20:50:23.279Z,,,,
InternetGatewayDevice.X_BROADCOM_COM_OmciSystem.EthernetManagedEntityId1,false,2026-07-21T20:50:23.275Z,true,2026-07-21T20:50:23.275Z,"257",xsd:unsignedInt,2026-07-21T20:50:23.279Z,,,,
InternetGatewayDevice.X_BROADCOM_COM_OmciSystem.EthernetManagedEntityId2,false,2026-07-21T20:50:23.275Z,true,2026-07-21T20:50:23.275Z,"258",xsd:unsignedInt,2026-07-21T20:50:23.279Z,,,,
InternetGatewayDevice.X_BROADCOM_COM_OmciSystem.EthernetManagedEntityId3,false,2026-07-21T20:50:23.275Z,true,2026-07-21T20:50:23.275Z,"259",xsd:unsignedInt,2026-07-21T20:50:23.279Z,,,,
InternetGatewayDevice.X_BROADCOM_COM_OmciSystem.EthernetManagedEntityId4,false,2026-07-21T20:50:23.275Z,true,2026-07-21T20:50:23.275Z,"260",xsd:unsignedInt,2026-07-21T20:50:23.279Z,,,,
InternetGatewayDevice.X_BROADCOM_COM_OmciSystem.EthernetManagedEntityId5,false,2026-07-21T20:50:23.275Z,true,2026-07-21T20:50:23.275Z,"261",xsd:unsignedInt,2026-07-21T20:50:23.279Z,,,,
InternetGatewayDevice.X_BROADCOM_COM_OmciSystem.EthernetManagedEntityId6,false,2026-07-21T20:50:23.275Z,true,2026-07-21T20:50:23.275Z,"262",xsd:unsignedInt,2026-07-21T20:50:23.279Z,,,,
InternetGatewayDevice.X_BROADCOM_COM_OmciSystem.EthernetManagedEntityId7,false,2026-07-21T20:50:23.275Z,true,2026-07-21T20:50:23.275Z,"263",xsd:unsignedInt,2026-07-21T20:50:23.279Z,,,,
InternetGatewayDevice.X_BROADCOM_COM_OmciSystem.EthernetManagedEntityId8,false,2026-07-21T20:50:23.275Z,true,2026-07-21T20:50:23.275Z,"264",xsd:unsignedInt,2026-07-21T20:50:23.279Z,,,,
InternetGatewayDevice.X_BROADCOM_COM_OmciSystem.EthernetTypes,false,2026-07-21T20:50:23.275Z,true,2026-07-21T20:50:23.275Z,"4294967295",xsd:unsignedInt,2026-07-21T20:50:23.279Z,,,,
InternetGatewayDevice.X_BROADCOM_COM_OmciSystem.MocaManagedEntityId1,false,2026-07-21T20:50:23.275Z,true,2026-07-21T20:50:23.275Z,"513",xsd:unsignedInt,2026-07-21T20:50:23.279Z,,,,
InternetGatewayDevice.X_BROADCOM_COM_OmciSystem.MocaManagedEntityId2,false,2026-07-21T20:50:23.275Z,true,2026-07-21T20:50:23.275Z,"514",xsd:unsignedInt,2026-07-21T20:50:23.279Z,,,,
InternetGatewayDevice.X_BROADCOM_COM_OmciSystem.NumberOfDownstreamPriorityQueues,false,2026-07-21T20:50:23.275Z,true,2026-07-21T20:50:23.275Z,"4",xsd:unsignedInt,2026-07-21T20:50:23.279Z,,,,
InternetGatewayDevice.X_BROADCOM_COM_OmciSystem.NumberOfEthernetPorts,false,2026-07-21T20:50:23.275Z,true,2026-07-21T20:50:23.275Z,"4",xsd:unsignedInt,2026-07-21T20:50:23.279Z,,,,
InternetGatewayDevice.X_BROADCOM_COM_OmciSystem.NumberOfMocaPorts,false,2026-07-21T20:50:23.275Z,true,2026-07-21T20:50:23.275Z,"0",xsd:unsignedInt,2026-07-21T20:50:23.279Z,,,,
InternetGatewayDevice.X_BROADCOM_COM_OmciSystem.NumberOfPotsPorts,false,2026-07-21T20:50:23.275Z,true,2026-07-21T20:50:23.275Z,"2",xsd:unsignedInt,2026-07-21T20:50:23.279Z,,,,
InternetGatewayDevice.X_BROADCOM_COM_OmciSystem.NumberOfTConts,false,2026-07-21T20:50:23.275Z,true,2026-07-21T20:50:23.275Z,"32",xsd:unsignedInt,2026-07-21T20:50:23.279Z,,,,
InternetGatewayDevice.X_BROADCOM_COM_OmciSystem.NumberOfVeipPorts,false,2026-07-21T20:50:23.275Z,true,2026-07-21T20:50:23.275Z,"1",xsd:unsignedInt,2026-07-21T20:50:23.279Z,,,,
InternetGatewayDevice.X_BROADCOM_COM_OmciSystem.PotsManagedEntityId1,false,2026-07-21T20:50:23.275Z,true,2026-07-21T20:50:23.275Z,"769",xsd:unsignedInt,2026-07-21T20:50:23.279Z,,,,
InternetGatewayDevice.X_BROADCOM_COM_OmciSystem.PotsManagedEntityId2,false,2026-07-21T20:50:23.275Z,true,2026-07-21T20:50:23.275Z,"770",xsd:unsignedInt,2026-07-21T20:50:23.279Z,,,,
InternetGatewayDevice.X_BROADCOM_COM_OmciSystem.PromiscMode,false,2026-07-21T20:50:23.275Z,true,2026-07-21T20:50:23.275Z,"1",xsd:unsignedInt,2026-07-21T20:50:23.279Z,,,,
InternetGatewayDevice.X_BROADCOM_COM_OmciSystem.TcontManagedEntityId,false,2026-07-21T20:50:23.275Z,true,2026-07-21T20:50:23.275Z,"32768",xsd:unsignedInt,2026-07-21T20:50:23.279Z,,,,
InternetGatewayDevice.X_BROADCOM_COM_OmciSystem.TcontPolicies,false,2026-07-21T20:50:23.275Z,true,2026-07-21T20:50:23.275Z,"0",xsd:unsignedInt,2026-07-21T20:50:23.279Z,,,,
InternetGatewayDevice.X_BROADCOM_COM_OmciSystem.VeipManagedEntityId1,false,2026-07-21T20:50:23.275Z,true,2026-07-21T20:50:23.275Z,"1025",xsd:unsignedInt,2026-07-21T20:50:23.279Z,,,,
InternetGatewayDevice.X_BROADCOM_COM_OmciSystem.VeipPptpUni0,false,2026-07-21T20:50:23.275Z,true,2026-07-21T20:50:23.275Z,"0",xsd:unsignedInt,2026-07-21T20:50:23.279Z,,,,
InternetGatewayDevice.X_BROADCOM_COM_PwrMngtCfg,true,2026-07-21T20:50:23.275Z,false,2026-07-21T20:50:23.275Z,"",,,,,,
InternetGatewayDevice.X_BROADCOM_COM_PwrMngtCfg.AvsEn,false,2026-07-21T20:50:23.275Z,true,2026-07-21T20:50:23.275Z,"true",xsd:boolean,2026-07-21T20:50:23.279Z,,,,
InternetGatewayDevice.X_BROADCOM_COM_PwrMngtCfg.CPUSpeed,false,2026-07-21T20:50:23.275Z,true,2026-07-21T20:50:23.275Z,"256",xsd:unsignedInt,2026-07-21T20:50:23.279Z,,,,
InternetGatewayDevice.X_BROADCOM_COM_PwrMngtCfg.CPUr4kWaitEn,false,2026-07-21T20:50:23.275Z,true,2026-07-21T20:50:23.275Z,"true",xsd:boolean,2026-07-21T20:50:23.279Z,,,,
InternetGatewayDevice.X_BROADCOM_COM_PwrMngtCfg.DRAMAutoPDEn,false,2026-07-21T20:50:23.275Z,true,2026-07-21T20:50:23.275Z,"false",xsd:boolean,2026-07-21T20:50:23.279Z,,,,
InternetGatewayDevice.X_BROADCOM_COM_PwrMngtCfg.DRAMSelfRefreshEn,false,2026-07-21T20:50:23.275Z,true,2026-07-21T20:50:23.275Z,"true",xsd:boolean,2026-07-21T20:50:23.279Z,,,,
InternetGatewayDevice.X_BROADCOM_COM_PwrMngtCfg.DSLEn,false,2026-07-21T20:50:23.275Z,true,2026-07-21T20:50:23.275Z,"true",xsd:boolean,2026-07-21T20:50:23.279Z,,,,
InternetGatewayDevice.X_BROADCOM_COM_PwrMngtCfg.EthAutoPwrDwnEn,false,2026-07-21T20:50:23.275Z,true,2026-07-21T20:50:23.275Z,"true",xsd:boolean,2026-07-21T20:50:23.279Z,,,,
InternetGatewayDevice.X_BROADCOM_COM_PwrMngtCfg.EthIfConnectedCount,false,2026-07-21T20:50:23.275Z,false,2026-07-21T20:50:23.275Z,"0",xsd:int,2026-07-21T20:50:23.279Z,,,,
InternetGatewayDevice.X_BROADCOM_COM_PwrMngtCfg.EthRegisteredCount,false,2026-07-21T20:50:23.275Z,false,2026-07-21T20:50:23.275Z,"0",xsd:int,2026-07-21T20:50:23.279Z,,,,
InternetGatewayDevice.X_BROADCOM_COM_PwrMngtCfg.GPONEn,false,2026-07-21T20:50:23.275Z,true,2026-07-21T20:50:23.275Z,"true",xsd:boolean,2026-07-21T20:50:23.279Z,,,,
InternetGatewayDevice.X_BROADCOM_COM_PwrMngtCfg.LedEn,false,2026-07-21T20:50:23.275Z,true,2026-07-21T20:50:23.275Z,"true",xsd:boolean,2026-07-21T20:50:23.279Z,,,,
InternetGatewayDevice.X_BROADCOM_COM_PwrMngtCfg.MoCAEn,false,2026-07-21T20:50:23.275Z,true,2026-07-21T20:50:23.275Z,"true",xsd:boolean,2026-07-21T20:50:23.279Z,,,,
InternetGatewayDevice.X_BROADCOM_COM_PwrMngtCfg.USBDevEn,false,2026-07-21T20:50:23.275Z,true,2026-07-21T20:50:23.275Z,"true",xsd:boolean,2026-07-21T20:50:23.279Z,,,,
InternetGatewayDevice.X_BROADCOM_COM_PwrMngtCfg.USBHostEn,false,2026-07-21T20:50:23.275Z,true,2026-07-21T20:50:23.275Z,"true",xsd:boolean,2026-07-21T20:50:23.279Z,,,,
InternetGatewayDevice.X_BROADCOM_COM_PwrMngtCfg.USBIfConnectedCount,false,2026-07-21T20:50:23.275Z,false,2026-07-21T20:50:23.275Z,"0",xsd:int,2026-07-21T20:50:23.279Z,,,,
InternetGatewayDevice.X_BROADCOM_COM_PwrMngtCfg.USBIfRegisteredCount,false,2026-07-21T20:50:23.275Z,false,2026-07-21T20:50:23.275Z,"0",xsd:int,2026-07-21T20:50:23.279Z,,,,
InternetGatewayDevice.X_BROADCOM_COM_PwrMngtCfg.VCTEn,false,2026-07-21T20:50:23.275Z,true,2026-07-21T20:50:23.275Z,"true",xsd:boolean,2026-07-21T20:50:23.279Z,,,,
InternetGatewayDevice.X_BROADCOM_COM_PwrMngtCfg.WifiEn,false,2026-07-21T20:50:23.275Z,true,2026-07-21T20:50:23.275Z,"true",xsd:boolean,2026-07-21T20:50:23.279Z,,,,
InternetGatewayDevice.X_BROADCOM_COM_PwrMngtCfg.bcm5325ePHY0En,false,2026-07-21T20:50:23.275Z,true,2026-07-21T20:50:23.275Z,"true",xsd:boolean,2026-07-21T20:50:23.279Z,,,,
InternetGatewayDevice.X_BROADCOM_COM_PwrMngtCfg.bcm5325ePHY1En,false,2026-07-21T20:50:23.275Z,true,2026-07-21T20:50:23.275Z,"true",xsd:boolean,2026-07-21T20:50:23.279Z,,,,
InternetGatewayDevice.X_BROADCOM_COM_PwrMngtCfg.bcm5325ePHY2En,false,2026-07-21T20:50:23.275Z,true,2026-07-21T20:50:23.275Z,"true",xsd:boolean,2026-07-21T20:50:23.279Z,,,,
InternetGatewayDevice.X_BROADCOM_COM_PwrMngtCfg.bcm5325ePHY3En,false,2026-07-21T20:50:23.275Z,true,2026-07-21T20:50:23.275Z,"true",xsd:boolean,2026-07-21T20:50:23.279Z,,,,
InternetGatewayDevice.X_BROADCOM_COM_PwrMngtCfg.bcm5325ePHY45En,false,2026-07-21T20:50:23.275Z,true,2026-07-21T20:50:23.275Z,"true",xsd:boolean,2026-07-21T20:50:23.279Z,,,,
InternetGatewayDevice.X_BROADCOM_COM_PwrMngtCfg.bcm6358EPHYEn,false,2026-07-21T20:50:23.275Z,true,2026-07-21T20:50:23.275Z,"true",xsd:boolean,2026-07-21T20:50:23.279Z,,,,
InternetGatewayDevice.X_BROADCOM_COM_PwrMngtCfg.bcm6358MAC0En,false,2026-07-21T20:50:23.275Z,true,2026-07-21T20:50:23.275Z,"true",xsd:boolean,2026-07-21T20:50:23.279Z,,,,
InternetGatewayDevice.X_BROADCOM_COM_PwrMngtCfg.bcm6358MAC1En,false,2026-07-21T20:50:23.275Z,true,2026-07-21T20:50:23.275Z,"true",xsd:boolean,2026-07-21T20:50:23.279Z,,,,
InternetGatewayDevice.X_BROADCOM_COM_PwrMngtCfg.bcm6368ePHY0En,false,2026-07-21T20:50:23.275Z,true,2026-07-21T20:50:23.275Z,"true",xsd:boolean,2026-07-21T20:50:23.279Z,,,,
InternetGatewayDevice.X_BROADCOM_COM_PwrMngtCfg.bcm6368ePHY1En,false,2026-07-21T20:50:23.275Z,true,2026-07-21T20:50:23.275Z,"true",xsd:boolean,2026-07-21T20:50:23.279Z,,,,
InternetGatewayDevice.X_BROADCOM_COM_PwrMngtCfg.bcm6368ePHY2En,false,2026-07-21T20:50:23.275Z,true,2026-07-21T20:50:23.275Z,"true",xsd:boolean,2026-07-21T20:50:23.279Z,,,,
InternetGatewayDevice.X_BROADCOM_COM_PwrMngtCfg.bcm6368ePHY3En,false,2026-07-21T20:50:23.275Z,true,2026-07-21T20:50:23.275Z,"true",xsd:boolean,2026-07-21T20:50:23.279Z,,,,
InternetGatewayDevice.X_BROADCOM_COM_PwrMngtCfg.bcm6816ePHY0En,false,2026-07-21T20:50:23.275Z,true,2026-07-21T20:50:23.275Z,"true",xsd:boolean,2026-07-21T20:50:23.279Z,,,,
InternetGatewayDevice.X_BROADCOM_COM_PwrMngtCfg.bcm6816ePHY1En,false,2026-07-21T20:50:23.275Z,true,2026-07-21T20:50:23.275Z,"true",xsd:boolean,2026-07-21T20:50:23.279Z,,,,
InternetGatewayDevice.X_BROADCOM_COM_PwrMngtCfg.bcm6816ePHY2En,false,2026-07-21T20:50:23.275Z,true,2026-07-21T20:50:23.275Z,"true",xsd:boolean,2026-07-21T20:50:23.279Z,,,,
InternetGatewayDevice.X_BROADCOM_COM_PwrMngtCfg.bcm6816ePHY3En,false,2026-07-21T20:50:23.275Z,true,2026-07-21T20:50:23.275Z,"true",xsd:boolean,2026-07-21T20:50:23.279Z,,,,
InternetGatewayDevice.X_BROADCOM_COM_SecDmzHostCfg,true,2026-07-21T20:50:23.275Z,false,2026-07-21T20:50:23.275Z,"",,,,,,
InternetGatewayDevice.X_BROADCOM_COM_SecDmzHostCfg.IPAddress,false,2026-07-21T20:50:23.275Z,true,2026-07-21T20:50:23.275Z,"",xsd:string,2026-07-21T20:50:23.279Z,,,,
InternetGatewayDevice.X_BROADCOM_COM_SyslogCfg,true,2026-07-21T20:50:23.275Z,false,2026-07-21T20:50:23.275Z,"",,,,,,
InternetGatewayDevice.X_BROADCOM_COM_SyslogCfg.LocalDisplayLevel,false,2026-07-21T20:50:23.275Z,true,2026-07-21T20:50:23.275Z,"Notice",xsd:string,2026-07-21T20:50:23.279Z,,,,
InternetGatewayDevice.X_BROADCOM_COM_SyslogCfg.LocalLogLevel,false,2026-07-21T20:50:23.275Z,true,2026-07-21T20:50:23.275Z,"Notice",xsd:string,2026-07-21T20:50:23.279Z,,,,
InternetGatewayDevice.X_BROADCOM_COM_SyslogCfg.Option,false,2026-07-21T20:50:23.275Z,true,2026-07-21T20:50:23.275Z,"local file",xsd:string,2026-07-21T20:50:23.279Z,,,,
InternetGatewayDevice.X_BROADCOM_COM_SyslogCfg.RemoteLogLevel,false,2026-07-21T20:50:23.275Z,true,2026-07-21T20:50:23.275Z,"Error",xsd:string,2026-07-21T20:50:23.279Z,,,,
InternetGatewayDevice.X_BROADCOM_COM_SyslogCfg.ServerIPAddress,false,2026-07-21T20:50:23.275Z,true,2026-07-21T20:50:23.275Z,"0.0.0.0",xsd:string,2026-07-21T20:50:23.279Z,,,,
InternetGatewayDevice.X_BROADCOM_COM_SyslogCfg.ServerPortNumber,false,2026-07-21T20:50:23.275Z,true,2026-07-21T20:50:23.275Z,"514",xsd:unsignedInt,2026-07-21T20:50:23.279Z,,,,
InternetGatewayDevice.X_BROADCOM_COM_SyslogCfg.Status,false,2026-07-21T20:50:23.275Z,true,2026-07-21T20:50:23.275Z,"Enabled",xsd:string,2026-07-21T20:50:23.279Z,,,,
InternetGatewayDevice.X_BROADCOM_COM_UrlFilterCfg,true,2026-07-21T20:50:23.275Z,false,2026-07-21T20:50:23.275Z,"",,,,,,
InternetGatewayDevice.X_BROADCOM_COM_UrlFilterCfg.Enable,false,2026-07-21T20:50:23.275Z,true,2026-07-21T20:50:23.275Z,"false",xsd:boolean,2026-07-21T20:50:23.279Z,,,,
InternetGatewayDevice.X_BROADCOM_COM_UrlFilterCfg.ExcludeMode,false,2026-07-21T20:50:23.275Z,true,2026-07-21T20:50:23.275Z,"",xsd:string,2026-07-21T20:50:23.279Z,,,,
InternetGatewayDevice.X_BROADCOM_COM_WapiCertificate,true,2026-07-21T20:50:23.275Z,false,2026-07-21T20:50:23.275Z,"",,,,,,
InternetGatewayDevice.X_BROADCOM_COM_WapiCertificate.WapiAsCertificate,true,2026-07-21T20:50:23.275Z,false,2026-07-21T20:50:23.275Z,"",,,,,,
InternetGatewayDevice.X_BROADCOM_COM_WapiCertificate.WapiAsCertificate.CertificateContent,false,2026-07-21T20:50:23.275Z,true,2026-07-21T20:50:23.275Z,"",xsd:string,2026-07-21T20:50:23.279Z,,,,
InternetGatewayDevice.X_BROADCOM_COM_WapiCertificate.WapiAsCertificate.CertificateFlag,false,2026-07-21T20:50:23.275Z,true,2026-07-21T20:50:23.275Z,"0",xsd:unsignedInt,2026-07-21T20:50:23.279Z,,,,
InternetGatewayDevice.X_BROADCOM_COM_WapiCertificate.WapiAsCertificate.CertificateLength,false,2026-07-21T20:50:23.275Z,true,2026-07-21T20:50:23.275Z,"0",xsd:int,2026-07-21T20:50:23.279Z,,,,
InternetGatewayDevice.X_BROADCOM_COM_WapiCertificate.WapiAsCertificate.PrivateKeyContent,false,2026-07-21T20:50:23.275Z,true,2026-07-21T20:50:23.275Z,"",xsd:string,2026-07-21T20:50:23.279Z,,,,
InternetGatewayDevice.X_BROADCOM_COM_WapiCertificate.WapiAsCertificate.PrivateKeyFlag,false,2026-07-21T20:50:23.275Z,true,2026-07-21T20:50:23.275Z,"0",xsd:unsignedInt,2026-07-21T20:50:23.279Z,,,,
InternetGatewayDevice.X_BROADCOM_COM_WapiCertificate.WapiAsCertificate.PrivateKeyLength,false,2026-07-21T20:50:23.275Z,true,2026-07-21T20:50:23.275Z,"0",xsd:int,2026-07-21T20:50:23.279Z,,,,
InternetGatewayDevice.X_BROADCOM_COM_WapiCertificate.WapiIssuedCertificate,true,2026-07-21T20:50:23.275Z,false,2026-07-21T20:50:23.275Z,"",,,,,,
InternetGatewayDevice.X_BROADCOM_COM_WapiCertificate.WapiIssuedCertificate.AsEnabled,false,2026-07-21T20:50:23.275Z,true,2026-07-21T20:50:23.275Z,"0",xsd:unsignedInt,2026-07-21T20:50:23.279Z,,,,
InternetGatewayDevice.X_BROADCOM_COM_WapiCertificate.WapiIssuedCertificate.IssuedList,false,2026-07-21T20:50:23.275Z,true,2026-07-21T20:50:23.275Z,"",xsd:string,2026-07-21T20:50:23.279Z,,,,
InternetGatewayDevice.X_BROADCOM_COM_WapiCertificate.WapiIssuedCertificate.LastUpdated,false,2026-07-21T20:50:23.275Z,true,2026-07-21T20:50:23.275Z,"0",xsd:unsignedInt,2026-07-21T20:50:23.279Z,,,,
InternetGatewayDevice.X_BROADCOM_COM_WapiCertificate.WapiIssuedCertificate.RevokedList,false,2026-07-21T20:50:23.275Z,true,2026-07-21T20:50:23.275Z,"",xsd:string,2026-07-21T20:50:23.279Z,,,,
InternetGatewayDevice.X_BROADCOM_COM_WlanNvram,true,2026-07-21T20:50:23.275Z,false,2026-07-21T20:50:23.275Z,"",,,,,,
InternetGatewayDevice.X_BROADCOM_COM_WlanNvram.WlanNvram,false,2026-07-21T20:50:23.275Z,true,2026-07-21T20:50:23.275Z,"",xsd:string,2026-07-21T20:50:23.279Z,,,,
InternetGatewayDevice.X_CATVConfiguration,true,2026-07-21T20:50:23.275Z,false,2026-07-21T20:50:23.275Z,"",,,,,,
InternetGatewayDevice.X_CATVConfiguration.RfVideo,false,2026-07-21T20:50:23.275Z,true,2026-07-21T20:50:23.275Z,"Disable",xsd:string,2026-07-21T20:50:23.279Z,,,,
InternetGatewayDevice.X_ZHONE_Alarms,true,2026-07-21T20:50:23.275Z,false,2026-07-21T20:50:23.275Z,"",,,,,,
InternetGatewayDevice.X_ZHONE_COM_GPON,true,2026-07-21T20:50:23.275Z,false,2026-07-21T20:50:23.275Z,"",,,,,,
InternetGatewayDevice.X_ZHONE_COM_GPON.GponAlarmAutoPowerControlFail,false,2026-07-21T20:50:23.275Z,false,2026-07-21T20:50:23.275Z,"Off",xsd:string,2026-07-21T20:50:23.279Z,,,,
InternetGatewayDevice.X_ZHONE_COM_GPON.GponAlarmDeactivateOnuId,false,2026-07-21T20:50:23.275Z,false,2026-07-21T20:50:23.275Z,"Off",xsd:string,2026-07-21T20:50:23.279Z,,,,
InternetGatewayDevice.X_ZHONE_COM_GPON.GponAlarmDegradedSignal,false,2026-07-21T20:50:23.275Z,false,2026-07-21T20:50:23.275Z,"Off",xsd:string,2026-07-21T20:50:23.279Z,,,,
InternetGatewayDevice.X_ZHONE_COM_GPON.GponAlarmDisabledOnu,false,2026-07-21T20:50:23.275Z,false,2026-07-21T20:50:23.275Z,"Off",xsd:string,2026-07-21T20:50:23.279Z,,,,
InternetGatewayDevice.X_ZHONE_COM_GPON.GponAlarmFailedSignal,false,2026-07-21T20:50:23.275Z,false,2026-07-21T20:50:23.275Z,"Off",xsd:string,2026-07-21T20:50:23.279Z,,,,
InternetGatewayDevice.X_ZHONE_COM_GPON.GponAlarmLCDG,false,2026-07-21T20:50:23.275Z,false,2026-07-21T20:50:23.275Z,"Off",xsd:string,2026-07-21T20:50:23.279Z,,,,
InternetGatewayDevice.X_ZHONE_COM_GPON.GponAlarmLOF,false,2026-07-21T20:50:23.275Z,false,2026-07-21T20:50:23.275Z,"Off",xsd:string,2026-07-21T20:50:23.279Z,,,,
InternetGatewayDevice.X_ZHONE_COM_GPON.GponAlarmLOL,false,2026-07-21T20:50:23.275Z,false,2026-07-21T20:50:23.275Z,"Off",xsd:string,2026-07-21T20:50:23.279Z,,,,
InternetGatewayDevice.X_ZHONE_COM_GPON.GponAlarmLOS,false,2026-07-21T20:50:23.275Z,false,2026-07-21T20:50:23.275Z,"Off",xsd:string,2026-07-21T20:50:23.279Z,,,,
InternetGatewayDevice.X_ZHONE_COM_GPON.GponAlarmMsgErrorMsg,false,2026-07-21T20:50:23.275Z,false,2026-07-21T20:50:23.275Z,"Off",xsd:string,2026-07-21T20:50:23.279Z,,,,
InternetGatewayDevice.X_ZHONE_COM_GPON.GponAlarmPEE,false,2026-07-21T20:50:23.275Z,false,2026-07-21T20:50:23.275Z,"Off",xsd:string,2026-07-21T20:50:23.279Z,,,,
InternetGatewayDevice.X_ZHONE_COM_GPON.GponAlarmStartupFail,false,2026-07-21T20:50:23.275Z,false,2026-07-21T20:50:23.275Z,"Off",xsd:string,2026-07-21T20:50:23.279Z,,,,
InternetGatewayDevice.X_ZHONE_COM_GPON.GponLinkUpTransitions,false,2026-07-21T20:50:23.275Z,false,2026-07-21T20:50:23.275Z,"1",xsd:unsignedInt,2026-07-21T20:50:23.279Z,,,,
InternetGatewayDevice.X_ZHONE_COM_GPON.GponOnuId,false,2026-07-21T20:50:23.275Z,false,2026-07-21T20:50:23.275Z,"2",xsd:unsignedInt,2026-07-21T20:50:23.279Z,,,,
InternetGatewayDevice.X_ZHONE_COM_GPON.GponOperStatus,false,2026-07-21T20:50:23.275Z,false,2026-07-21T20:50:23.275Z,"Up",xsd:string,2026-07-21T20:50:23.279Z,,,,
InternetGatewayDevice.X_ZHONE_COM_GPON.GponState,false,2026-07-21T20:50:23.275Z,false,2026-07-21T20:50:23.275Z,"OPERATIONAL",xsd:string,2026-07-21T20:50:23.279Z,,,,
InternetGatewayDevice.X_ZHONE_COM_GPON.RfVideo,false,2026-07-21T20:50:23.275Z,true,2026-07-21T20:50:23.275Z,"Disabled",xsd:string,2026-07-21T20:50:23.279Z,,,,
InternetGatewayDevice.X_ZHONE_COM_GPON.RxLevel,false,2026-07-21T20:50:23.275Z,false,2026-07-21T20:50:23.275Z,"127",xsd:int,2026-07-21T20:50:23.279Z,,,,
InternetGatewayDevice.X_ZHONE_COM_GPON.Temperature,false,2026-07-21T20:50:23.275Z,false,2026-07-21T20:50:23.275Z,"15009",xsd:int,2026-07-21T20:50:23.279Z,,,,
InternetGatewayDevice.X_ZHONE_COM_GPON.TxBias,false,2026-07-21T20:50:23.275Z,false,2026-07-21T20:50:23.275Z,"5869",xsd:int,2026-07-21T20:50:23.279Z,,,,
InternetGatewayDevice.X_ZHONE_COM_GPON.TxLevel,false,2026-07-21T20:50:23.275Z,false,2026-07-21T20:50:23.275Z,"19763",xsd:int,2026-07-21T20:50:23.279Z,,,,
InternetGatewayDevice.X_ZHONE_COM_GPON.Vcc,false,2026-07-21T20:50:23.275Z,false,2026-07-21T20:50:23.275Z,"31929",xsd:int,2026-07-21T20:50:23.279Z,,,,
InternetGatewayDevice.X_ZHONE_COM_GPON.X_ZHONE_COM_AnnounceCes,false,2026-07-21T20:50:23.275Z,true,2026-07-21T20:50:23.275Z,"Disabled",xsd:string,2026-07-21T20:50:23.279Z,,,,
InternetGatewayDevice.X_ZHONE_COM_GPON.X_ZHONE_COM_AnnounceEthernet,false,2026-07-21T20:50:23.275Z,true,2026-07-21T20:50:23.275Z,"Enabled",xsd:string,2026-07-21T20:50:23.279Z,,,,
InternetGatewayDevice.X_ZHONE_COM_GPON.X_ZHONE_COM_AnnouncePots,false,2026-07-21T20:50:23.275Z,true,2026-07-21T20:50:23.275Z,"Enabled",xsd:string,2026-07-21T20:50:23.279Z,,,,
InternetGatewayDevice.X_ZHONE_COM_GPON.X_ZHONE_COM_AnnounceVideo,false,2026-07-21T20:50:23.275Z,true,2026-07-21T20:50:23.275Z,"Enabled",xsd:string,2026-07-21T20:50:23.279Z,,,,
InternetGatewayDevice.X_ZHONE_COM_GPON.X_ZHONE_COM_rfVideoAlarm,false,2026-07-21T20:50:23.275Z,false,2026-07-21T20:50:23.275Z,"3",xsd:int,2026-07-21T20:50:23.279Z,,,,
InternetGatewayDevice.X_ZHONE_COM_GPON.X_ZHONE_COM_rfVideoRxLevel,false,2026-07-21T20:50:23.275Z,false,2026-07-21T20:50:23.275Z,"57005",xsd:int,2026-07-21T20:50:23.279Z,,,,
InternetGatewayDevice.X_ZHONE_COM_GPONStats,true,2026-07-21T20:50:23.275Z,false,2026-07-21T20:50:23.275Z,"",,,,,,
InternetGatewayDevice.X_ZHONE_COM_GPONStats.DataGemPort_AcceptedMulticastFrames,false,2026-07-21T20:50:23.275Z,false,2026-07-21T20:50:23.275Z,"0",xsd:unsignedInt,2026-07-21T20:50:23.279Z,,,,
InternetGatewayDevice.X_ZHONE_COM_GPONStats.DataGemPort_DroppedMulticastFrames,false,2026-07-21T20:50:23.275Z,false,2026-07-21T20:50:23.275Z,"0",xsd:unsignedInt,2026-07-21T20:50:23.279Z,,,,
InternetGatewayDevice.X_ZHONE_COM_GPONStats.DataGemPort_RxBytes,false,2026-07-21T20:50:23.275Z,false,2026-07-21T20:50:23.275Z,"0",xsd:unsignedInt,2026-07-21T20:50:23.279Z,,,,
InternetGatewayDevice.X_ZHONE_COM_GPONStats.DataGemPort_RxDroppedFrames,false,2026-07-21T20:50:23.275Z,false,2026-07-21T20:50:23.275Z,"0",xsd:unsignedInt,2026-07-21T20:50:23.279Z,,,,
InternetGatewayDevice.X_ZHONE_COM_GPONStats.DataGemPort_RxFragments,false,2026-07-21T20:50:23.275Z,false,2026-07-21T20:50:23.275Z,"0",xsd:unsignedInt,2026-07-21T20:50:23.279Z,,,,
InternetGatewayDevice.X_ZHONE_COM_GPONStats.DataGemPort_RxFrames,false,2026-07-21T20:50:23.275Z,false,2026-07-21T20:50:23.275Z,"0",xsd:unsignedInt,2026-07-21T20:50:23.279Z,,,,
InternetGatewayDevice.X_ZHONE_COM_GPONStats.DataGemPort_TxBytes,false,2026-07-21T20:50:23.275Z,false,2026-07-21T20:50:23.275Z,"0",xsd:unsignedInt,2026-07-21T20:50:23.279Z,,,,
InternetGatewayDevice.X_ZHONE_COM_GPONStats.DataGemPort_TxDroppedFrames,false,2026-07-21T20:50:23.275Z,false,2026-07-21T20:50:23.275Z,"0",xsd:unsignedInt,2026-07-21T20:50:23.279Z,,,,
InternetGatewayDevice.X_ZHONE_COM_GPONStats.DataGemPort_TxFragments,false,2026-07-21T20:50:23.275Z,false,2026-07-21T20:50:23.275Z,"0",xsd:unsignedInt,2026-07-21T20:50:23.279Z,,,,
InternetGatewayDevice.X_ZHONE_COM_GPONStats.DataGemPort_TxFrames,false,2026-07-21T20:50:23.275Z,false,2026-07-21T20:50:23.275Z,"0",xsd:unsignedInt,2026-07-21T20:50:23.279Z,,,,
InternetGatewayDevice.X_ZHONE_COM_GPONStats.Gtc_BipErrors,false,2026-07-21T20:50:23.275Z,false,2026-07-21T20:50:23.275Z,"0",xsd:unsignedInt,2026-07-21T20:50:23.279Z,,,,
InternetGatewayDevice.X_ZHONE_COM_GPONStats.Gtc_CorrectedHecErrorsGemFrames,false,2026-07-21T20:50:23.275Z,false,2026-07-21T20:50:23.275Z,"0",xsd:unsignedInt,2026-07-21T20:50:23.279Z,,,,
InternetGatewayDevice.X_ZHONE_COM_GPONStats.Gtc_FecCorrectedCodewords,false,2026-07-21T20:50:23.275Z,false,2026-07-21T20:50:23.275Z,"0",xsd:unsignedInt,2026-07-21T20:50:23.279Z,,,,
InternetGatewayDevice.X_ZHONE_COM_GPONStats.Gtc_FecCorrectionSeconds,false,2026-07-21T20:50:23.275Z,false,2026-07-21T20:50:23.275Z,"0",xsd:unsignedInt,2026-07-21T20:50:23.279Z,,,,
InternetGatewayDevice.X_ZHONE_COM_GPONStats.Gtc_FecUncorrectableCodewords,false,2026-07-21T20:50:23.275Z,false,2026-07-21T20:50:23.275Z,"0",xsd:unsignedInt,2026-07-21T20:50:23.279Z,,,,
InternetGatewayDevice.X_ZHONE_COM_GPONStats.Gtc_TotalRxDsFecCodewords,false,2026-07-21T20:50:23.275Z,false,2026-07-21T20:50:23.275Z,"0",xsd:unsignedInt,2026-07-21T20:50:23.279Z,,,,
InternetGatewayDevice.X_ZHONE_COM_GPONStats.Gtc_UncorrectableHecErrorsGemFrames,false,2026-07-21T20:50:23.275Z,false,2026-07-21T20:50:23.275Z,"0",xsd:unsignedInt,2026-07-21T20:50:23.279Z,,,,
InternetGatewayDevice.X_ZHONE_COM_GPONStats.Msgs_CrcError,false,2026-07-21T20:50:23.275Z,false,2026-07-21T20:50:23.275Z,"0",xsd:unsignedInt,2026-07-21T20:50:23.279Z,,,,
InternetGatewayDevice.X_ZHONE_COM_GPONStats.Msgs_RxBroadcast,false,2026-07-21T20:50:23.275Z,false,2026-07-21T20:50:23.275Z,"12514",xsd:unsignedInt,2026-07-21T20:50:23.279Z,,,,
InternetGatewayDevice.X_ZHONE_COM_GPONStats.Msgs_RxDiscarded,false,2026-07-21T20:50:23.275Z,false,2026-07-21T20:50:23.275Z,"12009",xsd:unsignedInt,2026-07-21T20:50:23.279Z,,,,
InternetGatewayDevice.X_ZHONE_COM_GPONStats.Msgs_RxNonStandard,false,2026-07-21T20:50:23.275Z,false,2026-07-21T20:50:23.275Z,"0",xsd:unsignedInt,2026-07-21T20:50:23.279Z,,,,
InternetGatewayDevice.X_ZHONE_COM_GPONStats.Msgs_RxTotal,false,2026-07-21T20:50:23.275Z,false,2026-07-21T20:50:23.275Z,"12545",xsd:unsignedInt,2026-07-21T20:50:23.279Z,,,,
InternetGatewayDevice.X_ZHONE_COM_GPONStats.Msgs_RxUnicast,false,2026-07-21T20:50:23.275Z,false,2026-07-21T20:50:23.275Z,"31",xsd:unsignedInt,2026-07-21T20:50:23.279Z,,,,
InternetGatewayDevice.X_ZHONE_COM_GPONStats.Msgs_TxNonStandard,false,2026-07-21T20:50:23.275Z,false,2026-07-21T20:50:23.275Z,"0",xsd:unsignedInt,2026-07-21T20:50:23.279Z,,,,
InternetGatewayDevice.X_ZHONE_COM_GPONStats.Msgs_TxTotal,false,2026-07-21T20:50:23.275Z,false,2026-07-21T20:50:23.275Z,"4021",xsd:unsignedInt,2026-07-21T20:50:23.279Z,,,,
InternetGatewayDevice.X_ZHONE_COM_GPONStats.VideoGemPort_AcceptedMulticastFrames,false,2026-07-21T20:50:23.275Z,false,2026-07-21T20:50:23.275Z,"0",xsd:unsignedInt,2026-07-21T20:50:23.279Z,,,,
InternetGatewayDevice.X_ZHONE_COM_GPONStats.VideoGemPort_DroppedMulticastFrames,false,2026-07-21T20:50:23.275Z,false,2026-07-21T20:50:23.275Z,"0",xsd:unsignedInt,2026-07-21T20:50:23.279Z,,,,
InternetGatewayDevice.X_ZHONE_COM_GPONStats.VideoGemPort_RxBytes,false,2026-07-21T20:50:23.275Z,false,2026-07-21T20:50:23.275Z,"0",xsd:unsignedInt,2026-07-21T20:50:23.279Z,,,,
InternetGatewayDevice.X_ZHONE_COM_GPONStats.VideoGemPort_RxDroppedFrames,false,2026-07-21T20:50:23.275Z,false,2026-07-21T20:50:23.275Z,"0",xsd:unsignedInt,2026-07-21T20:50:23.279Z,,,,
InternetGatewayDevice.X_ZHONE_COM_GPONStats.VideoGemPort_RxFragments,false,2026-07-21T20:50:23.275Z,false,2026-07-21T20:50:23.275Z,"0",xsd:unsignedInt,2026-07-21T20:50:23.279Z,,,,
InternetGatewayDevice.X_ZHONE_COM_GPONStats.VideoGemPort_RxFrames,false,2026-07-21T20:50:23.275Z,false,2026-07-21T20:50:23.275Z,"0",xsd:unsignedInt,2026-07-21T20:50:23.279Z,,,,
InternetGatewayDevice.X_ZHONE_COM_GPONStats.VideoGemPort_TxBytes,false,2026-07-21T20:50:23.275Z,false,2026-07-21T20:50:23.275Z,"0",xsd:unsignedInt,2026-07-21T20:50:23.279Z,,,,
InternetGatewayDevice.X_ZHONE_COM_GPONStats.VideoGemPort_TxDroppedFrames,false,2026-07-21T20:50:23.275Z,false,2026-07-21T20:50:23.275Z,"0",xsd:unsignedInt,2026-07-21T20:50:23.279Z,,,,
InternetGatewayDevice.X_ZHONE_COM_GPONStats.VideoGemPort_TxFragments,false,2026-07-21T20:50:23.275Z,false,2026-07-21T20:50:23.275Z,"0",xsd:unsignedInt,2026-07-21T20:50:23.279Z,,,,
InternetGatewayDevice.X_ZHONE_COM_GPONStats.VideoGemPort_TxFrames,false,2026-07-21T20:50:23.275Z,false,2026-07-21T20:50:23.275Z,"0",xsd:unsignedInt,2026-07-21T20:50:23.279Z,,,,
InternetGatewayDevice.X_ZHONE_COM_QoS,true,2026-07-21T20:50:23.275Z,false,2026-07-21T20:50:23.275Z,"",,,,,,
InternetGatewayDevice.X_ZHONE_COM_QoS.QosMethod,false,2026-07-21T20:50:23.275Z,true,2026-07-21T20:50:23.275Z,"Layer2",xsd:string,2026-07-21T20:50:23.279Z,,,,
InternetGatewayDevice.X_ZHONE_COM_QoS.QosScheduling,false,2026-07-21T20:50:23.275Z,true,2026-07-21T20:50:23.275Z,"Combo",xsd:string,2026-07-21T20:50:23.279Z,,,,
InternetGatewayDevice.X_ZHONE_COM_SFP,true,2026-07-21T20:50:23.275Z,true,2026-07-21T20:50:23.275Z,"",,,,,,
InternetGatewayDevice.X_ZHONE_COM_SFP.1,true,2026-07-21T20:50:23.275Z,false,2026-07-21T20:50:23.275Z,"",,,,,,
InternetGatewayDevice.X_ZHONE_COM_SFP.1.ActualBitRate,false,2026-07-21T20:50:23.275Z,false,2026-07-21T20:50:23.275Z,"1000X",xsd:string,2026-07-21T20:50:23.279Z,,,,
InternetGatewayDevice.X_ZHONE_COM_SFP.1.LinkUpTransitions,false,2026-07-21T20:50:23.275Z,false,2026-07-21T20:50:23.275Z,"0",xsd:unsignedInt,2026-07-21T20:50:23.279Z,,,,
InternetGatewayDevice.X_ZHONE_COM_SFP.1.MaxBitRate,false,2026-07-21T20:50:23.275Z,true,2026-07-21T20:50:23.275Z,"Auto",xsd:string,2026-07-21T20:50:23.279Z,,,,
InternetGatewayDevice.X_ZHONE_COM_SFP.1.OperStatus,false,2026-07-21T20:50:23.275Z,false,2026-07-21T20:50:23.275Z,"Down",xsd:string,2026-07-21T20:50:23.279Z,,,,
InternetGatewayDevice.X_ZHONE_COM_SFP.1.RxLevel,false,2026-07-21T20:50:23.275Z,false,2026-07-21T20:50:23.275Z,"127",xsd:int,2026-07-21T20:50:23.279Z,,,,
InternetGatewayDevice.X_ZHONE_COM_SFP.1.Temperature,false,2026-07-21T20:50:23.275Z,false,2026-07-21T20:50:23.275Z,"15009",xsd:int,2026-07-21T20:50:23.279Z,,,,
InternetGatewayDevice.X_ZHONE_COM_SFP.1.TxBias,false,2026-07-21T20:50:23.275Z,false,2026-07-21T20:50:23.275Z,"5869",xsd:int,2026-07-21T20:50:23.279Z,,,,
InternetGatewayDevice.X_ZHONE_COM_SFP.1.TxLevel,false,2026-07-21T20:50:23.275Z,false,2026-07-21T20:50:23.275Z,"19763",xsd:int,2026-07-21T20:50:23.279Z,,,,
InternetGatewayDevice.X_ZHONE_COM_SFP.1.Vcc,false,2026-07-21T20:50:23.275Z,false,2026-07-21T20:50:23.275Z,"31882",xsd:int,2026-07-21T20:50:23.279Z,,,,
InternetGatewayDevice.X_ZHONE_COM_Uplink,true,2026-07-21T20:50:23.275Z,false,2026-07-21T20:50:23.275Z,"",,,,,,
InternetGatewayDevice.X_ZHONE_COM_Uplink.MaxUplinkEntries,false,2026-07-21T20:50:23.275Z,true,2026-07-21T20:50:23.275Z,"1",xsd:unsignedInt,2026-07-21T20:50:23.279Z,,,,
InternetGatewayDevice.X_ZHONE_COM_Uplink.UplinkInterface,true,2026-07-21T20:50:23.275Z,true,2026-07-21T20:50:23.275Z,"",,,,,,
InternetGatewayDevice.X_ZHONE_COM_Uplink.UplinkInterface.1,true,2026-07-21T20:50:23.275Z,true,2026-07-21T20:50:23.275Z,"",,,,,,
InternetGatewayDevice.X_ZHONE_COM_Uplink.UplinkInterface.1.IfName,false,2026-07-21T20:50:23.275Z,true,2026-07-21T20:50:23.275Z,"eth0",xsd:string,2026-07-21T20:50:23.279Z,,,,
InternetGatewayDevice.X_ZHONE_COM_VLAN,true,2026-07-21T20:50:23.275Z,false,2026-07-21T20:50:23.275Z,"",,,,,,
InternetGatewayDevice.X_ZHONE_COM_VLAN.BlockDnstreamDnsRequests,false,2026-07-21T20:50:23.275Z,true,2026-07-21T20:50:23.275Z,"true",xsd:boolean,2026-07-21T20:50:23.279Z,,,,
InternetGatewayDevice.X_ZHONE_COM_VLAN.BlockUpstreamDhcpReplies,false,2026-07-21T20:50:23.275Z,true,2026-07-21T20:50:23.275Z,"true",xsd:boolean,2026-07-21T20:50:23.279Z,,,,
InternetGatewayDevice.X_ZHONE_COM_VLAN.BridgeLoopDetection,false,2026-07-21T20:50:23.275Z,true,2026-07-21T20:50:23.275Z,"true",xsd:boolean,2026-07-21T20:50:23.279Z,,,,
InternetGatewayDevice.X_ZHONE_COM_VLAN.MulticastAcrossVlans,false,2026-07-21T20:50:23.275Z,true,2026-07-21T20:50:23.275Z,"false",xsd:boolean,2026-07-21T20:50:23.279Z,,,,
InternetGatewayDevice.X_ZHONE_COM_VLAN.RouteAcrossVlans,false,2026-07-21T20:50:23.275Z,true,2026-07-21T20:50:23.275Z,"false",xsd:boolean,2026-07-21T20:50:23.279Z,,,,
InternetGatewayDevice.X_ZHONE_COM_VLAN.S_TPID,false,2026-07-21T20:50:23.275Z,true,2026-07-21T20:50:23.275Z,"8100",xsd:string,2026-07-21T20:50:23.279Z,,,,
InternetGatewayDevice.X_ZHONE_COM_VLAN.StagBroadcastRateLimiting,false,2026-07-21T20:50:23.275Z,true,2026-07-21T20:50:23.275Z,"true",xsd:boolean,2026-07-21T20:50:23.279Z,,,,
InternetGatewayDevice.X_ZHONE_COM_VLAN.VlanMode,false,2026-07-21T20:50:23.275Z,true,2026-07-21T20:50:23.275Z,"Normal",xsd:string,2026-07-21T20:50:23.279Z,,,,
InternetGatewayDevice.X_ZHONE_Classification,true,2026-07-21T20:50:23.275Z,false,2026-07-21T20:50:23.275Z,"",,,,,,
InternetGatewayDevice.X_ZHONE_Classification.IngressRuleEntries,false,2026-07-21T20:50:23.275Z,false,2026-07-21T20:50:23.275Z,"0",xsd:unsignedInt,2026-07-21T20:50:23.279Z,,,,
InternetGatewayDevice.X_ZHONE_CpeMgrCfgInfo,true,2026-07-21T20:50:23.275Z,false,2026-07-21T20:50:23.275Z,"",,,,,,
InternetGatewayDevice.X_ZHONE_CpeMgrCfgInfo.CfgModelName,false,2026-07-21T20:50:23.275Z,true,2026-07-21T20:50:23.275Z,"ZNID-GPON-2424",xsd:string,2026-07-21T20:50:23.279Z,,,,
InternetGatewayDevice.X_ZHONE_CpeMgrCfgInfo.CfgSoftwareVersion,false,2026-07-21T20:50:23.275Z,true,2026-07-21T20:50:23.275Z,"S3.0.733",xsd:string,2026-07-21T20:50:23.279Z,,,,
InternetGatewayDevice.X_ZHONE_CpeMgrCfgInfo.CfgVersion,false,2026-07-21T20:50:23.275Z,true,2026-07-21T20:50:23.275Z,"1",xsd:string,2026-07-21T20:50:23.279Z,,,,
InternetGatewayDevice.X_ZHONE_CpeMgrClientDownloadServer,true,2026-07-21T20:50:23.275Z,false,2026-07-21T20:50:23.275Z,"",,,,,,
InternetGatewayDevice.X_ZHONE_CpeMgrClientDownloadServer.CpeCfgMgrClientDwnldSrvrBasePath,false,2026-07-21T20:50:23.275Z,true,2026-07-21T20:50:23.275Z,"",xsd:string,2026-07-21T20:50:23.279Z,,,,
InternetGatewayDevice.X_ZHONE_CpeMgrClientDownloadServer.CpeCfgMgrClientDwnldSrvrIP,false,2026-07-21T20:50:23.275Z,true,2026-07-21T20:50:23.275Z,"0.0.0.0",xsd:string,2026-07-21T20:50:23.279Z,,,,
InternetGatewayDevice.X_ZHONE_CpeMgrClientDownloadServer.CpeCfgMgrClientDwnldSrvrPassword,false,2026-07-21T20:50:23.275Z,true,2026-07-21T20:50:23.275Z,"",xsd:string,2026-07-21T20:50:23.279Z,,,,
InternetGatewayDevice.X_ZHONE_CpeMgrClientDownloadServer.CpeCfgMgrClientDwnldSrvrSecureMode,false,2026-07-21T20:50:23.275Z,true,2026-07-21T20:50:23.275Z,"NoPreference",xsd:string,2026-07-21T20:50:23.279Z,,,,
InternetGatewayDevice.X_ZHONE_CpeMgrClientDownloadServer.CpeCfgMgrClientDwnldSrvrSpecificPath,false,2026-07-21T20:50:23.275Z,true,2026-07-21T20:50:23.275Z,"",xsd:string,2026-07-21T20:50:23.279Z,,,,
InternetGatewayDevice.X_ZHONE_CpeMgrClientDownloadServer.CpeCfgMgrClientDwnldSrvrUsername,false,2026-07-21T20:50:23.275Z,true,2026-07-21T20:50:23.275Z,"",xsd:string,2026-07-21T20:50:23.279Z,,,,
InternetGatewayDevice.X_ZHONE_CpeMgrClientId,true,2026-07-21T20:50:23.275Z,false,2026-07-21T20:50:23.275Z,"",,,,,,
InternetGatewayDevice.X_ZHONE_CpeMgrClientId.CpeCfgMgrClientFSAN,false,2026-07-21T20:50:23.275Z,false,2026-07-21T20:50:23.275Z,"ZNTS0318C3F9",xsd:string,2026-07-21T20:50:23.279Z,,,,
InternetGatewayDevice.X_ZHONE_CpeMgrClientId.CpeCfgMgrClientMacAddress,false,2026-07-21T20:50:23.275Z,false,2026-07-21T20:50:23.275Z,"00:02:71:18:c3:f9",xsd:string,2026-07-21T20:50:23.279Z,,,,
InternetGatewayDevice.X_ZHONE_CpeMgrClientId.CpeCfgMgrClientRegistrationID,false,2026-07-21T20:50:23.275Z,true,2026-07-21T20:50:23.275Z,"0000000000",xsd:string,2026-07-21T20:50:23.279Z,,,,
InternetGatewayDevice.X_ZHONE_CpeMgrClientId.CpeCfgMgrClientSerialNumber,false,2026-07-21T20:50:23.275Z,false,2026-07-21T20:50:23.275Z,"301623033",xsd:string,2026-07-21T20:50:23.279Z,,,,
InternetGatewayDevice.X_ZHONE_CpeMgrClientId.CpeCfgMgrClientSysName,false,2026-07-21T20:50:23.275Z,false,2026-07-21T20:50:23.275Z,"ZNID24xx-Router",xsd:string,2026-07-21T20:50:23.279Z,,,,
InternetGatewayDevice.X_ZHONE_CpeMgrClientStatus,true,2026-07-21T20:50:23.275Z,false,2026-07-21T20:50:23.275Z,"",,,,,,
InternetGatewayDevice.X_ZHONE_CpeMgrClientStatus.CpeCfgMgrClientActualBasePath,false,2026-07-21T20:50:23.275Z,true,2026-07-21T20:50:23.275Z,"",xsd:string,2026-07-21T20:50:23.279Z,,,,
InternetGatewayDevice.X_ZHONE_CpeMgrClientStatus.CpeCfgMgrClientActualCfgFilename,false,2026-07-21T20:50:23.275Z,false,2026-07-21T20:50:23.275Z,"",xsd:string,2026-07-21T20:50:23.279Z,,,,
InternetGatewayDevice.X_ZHONE_CpeMgrClientStatus.CpeCfgMgrClientActualSpecPath,false,2026-07-21T20:50:23.275Z,true,2026-07-21T20:50:23.275Z,"",xsd:string,2026-07-21T20:50:23.279Z,,,,
InternetGatewayDevice.X_ZHONE_CpeMgrClientStatus.CpeCfgMgrClientActualSwFilename,false,2026-07-21T20:50:23.275Z,false,2026-07-21T20:50:23.275Z,"ZNID24xxSIP_0205058_image_with_c",xsd:string,2026-07-21T20:50:23.279Z,,,,
InternetGatewayDevice.X_ZHONE_CpeMgrClientStatus.CpeCfgMgrClientErrorDescription,false,2026-07-21T20:50:23.275Z,false,2026-07-21T20:50:23.275Z,"Software and Specific Configuration Level Ready",xsd:string,2026-07-21T20:50:23.279Z,,,,
InternetGatewayDevice.X_ZHONE_CpeMgrClientStatus.CpeCfgMgrClientState,false,2026-07-21T20:50:23.275Z,false,2026-07-21T20:50:23.275Z,"ClientOperational",xsd:string,2026-07-21T20:50:23.279Z,,,,
InternetGatewayDevice.X_ZHONE_CpeMgrClientUpdates,true,2026-07-21T20:50:23.275Z,false,2026-07-21T20:50:23.275Z,"",,,,,,
InternetGatewayDevice.X_ZHONE_CpeMgrClientUpdates.CpeCfgMgrClientReceivedGenericCfgFilename,false,2026-07-21T20:50:23.275Z,true,2026-07-21T20:50:23.275Z,"",xsd:string,2026-07-21T20:50:23.279Z,,,,
InternetGatewayDevice.X_ZHONE_CpeMgrClientUpdates.CpeCfgMgrClientReceivedSpecificCfgFilename,false,2026-07-21T20:50:23.275Z,true,2026-07-21T20:50:23.275Z,"",xsd:string,2026-07-21T20:50:23.279Z,,,,
InternetGatewayDevice.X_ZHONE_CpeMgrClientUpdates.CpeCfgMgrClientReceivedSwFilename,false,2026-07-21T20:50:23.275Z,true,2026-07-21T20:50:23.275Z,"",xsd:string,2026-07-21T20:50:23.279Z,,,,
InternetGatewayDevice.X_ZHONE_CpeMgrClientUpdates.CpeCfgMgrForceUpdate,false,2026-07-21T20:50:23.275Z,true,2026-07-21T20:50:23.275Z,"None",xsd:string,2026-07-21T20:50:23.279Z,,,,
InternetGatewayDevice.X_ZHONE_CpeMgrClientUpdates.CpeCfgMgrRequiredUpdates,false,2026-07-21T20:50:23.275Z,true,2026-07-21T20:50:23.275Z,"0",xsd:unsignedInt,2026-07-21T20:50:23.279Z,,,,
InternetGatewayDevice.X_ZHONE_DnsProxyHostObject,true,2026-07-21T20:50:23.275Z,false,2026-07-21T20:50:23.275Z,"",,,,,,
InternetGatewayDevice.X_ZHONE_DnsProxyHostObject.MaxHostEntries,false,2026-07-21T20:50:23.275Z,true,2026-07-21T20:50:23.275Z,"0",xsd:unsignedInt,2026-07-21T20:50:23.279Z,,,,
InternetGatewayDevice.X_ZHONE_Dot1xPaeSystemObject,true,2026-07-21T20:50:23.275Z,false,2026-07-21T20:50:23.275Z,"",,,,,,
InternetGatewayDevice.X_ZHONE_Dot1xPaeSystemObject.BoundIfName,false,2026-07-21T20:50:23.275Z,true,2026-07-21T20:50:23.275Z,"eth0.v200",xsd:string,2026-07-21T20:50:23.279Z,,,,
InternetGatewayDevice.X_ZHONE_Dot1xPaeSystemObject.Dot1xAuthConfigTable,true,2026-07-21T20:50:23.275Z,true,2026-07-21T20:50:23.275Z,"",,,,,,
InternetGatewayDevice.X_ZHONE_Dot1xPaeSystemObject.Dot1xAuthConfigTable.1,true,2026-07-21T20:50:23.275Z,true,2026-07-21T20:50:23.275Z,"",,,,,,
InternetGatewayDevice.X_ZHONE_Dot1xPaeSystemObject.Dot1xAuthConfigTable.1.Dot1xAuthAdminControlledDirections,false,2026-07-21T20:50:23.275Z,false,2026-07-21T20:50:23.275Z,"InDirection",xsd:string,2026-07-21T20:50:23.279Z,,,,
InternetGatewayDevice.X_ZHONE_Dot1xPaeSystemObject.Dot1xAuthConfigTable.1.Dot1xAuthBackendAuthState,false,2026-07-21T20:50:23.275Z,false,2026-07-21T20:50:23.275Z,"N/A",xsd:string,2026-07-21T20:50:23.279Z,,,,
InternetGatewayDevice.X_ZHONE_Dot1xPaeSystemObject.Dot1xAuthConfigTable.1.Dot1xAuthKeyTxEnabled,false,2026-07-21T20:50:23.275Z,true,2026-07-21T20:50:23.275Z,"false",xsd:boolean,2026-07-21T20:50:23.279Z,,,,
InternetGatewayDevice.X_ZHONE_Dot1xPaeSystemObject.Dot1xAuthConfigTable.1.Dot1xAuthOperControlledDirections,false,2026-07-21T20:50:23.275Z,false,2026-07-21T20:50:23.275Z,"InDirection",xsd:string,2026-07-21T20:50:23.279Z,,,,
InternetGatewayDevice.X_ZHONE_Dot1xPaeSystemObject.Dot1xAuthConfigTable.1.Dot1xAuthPaeState,false,2026-07-21T20:50:23.275Z,false,2026-07-21T20:50:23.275Z,"N/A",xsd:string,2026-07-21T20:50:23.279Z,,,,
InternetGatewayDevice.X_ZHONE_Dot1xPaeSystemObject.Dot1xAuthConfigTable.1.Dot1xAuthQuietPeriod,false,2026-07-21T20:50:23.275Z,true,2026-07-21T20:50:23.275Z,"60",xsd:unsignedInt,2026-07-21T20:50:23.279Z,,,,
InternetGatewayDevice.X_ZHONE_Dot1xPaeSystemObject.Dot1xAuthConfigTable.1.Dot1xAuthReAuthEnabled,false,2026-07-21T20:50:23.275Z,true,2026-07-21T20:50:23.275Z,"true",xsd:boolean,2026-07-21T20:50:23.279Z,,,,
InternetGatewayDevice.X_ZHONE_Dot1xPaeSystemObject.Dot1xAuthConfigTable.1.Dot1xAuthReAuthPeriod,false,2026-07-21T20:50:23.275Z,true,2026-07-21T20:50:23.275Z,"3600",xsd:unsignedInt,2026-07-21T20:50:23.279Z,,,,
InternetGatewayDevice.X_ZHONE_Dot1xPaeSystemObject.Dot1xAuthConfigTable.1.Dot1xAuthServerTimeout,false,2026-07-21T20:50:23.275Z,true,2026-07-21T20:50:23.275Z,"30",xsd:unsignedInt,2026-07-21T20:50:23.279Z,,,,
InternetGatewayDevice.X_ZHONE_Dot1xPaeSystemObject.Dot1xAuthConfigTable.1.Dot1xAuthauthControlledPortControl,false,2026-07-21T20:50:23.275Z,false,2026-07-21T20:50:23.275Z,"N/A",xsd:string,2026-07-21T20:50:23.279Z,,,,
InternetGatewayDevice.X_ZHONE_Dot1xPaeSystemObject.Dot1xAuthConfigTable.1.Dot1xAuthauthControlledPortStatus,false,2026-07-21T20:50:23.275Z,false,2026-07-21T20:50:23.275Z,"N/A",xsd:string,2026-07-21T20:50:23.279Z,,,,
InternetGatewayDevice.X_ZHONE_Dot1xPaeSystemObject.Dot1xAuthConfigTable.2,true,2026-07-21T20:50:23.275Z,true,2026-07-21T20:50:23.275Z,"",,,,,,
InternetGatewayDevice.X_ZHONE_Dot1xPaeSystemObject.Dot1xAuthConfigTable.2.Dot1xAuthAdminControlledDirections,false,2026-07-21T20:50:23.275Z,false,2026-07-21T20:50:23.275Z,"InDirection",xsd:string,2026-07-21T20:50:23.279Z,,,,
InternetGatewayDevice.X_ZHONE_Dot1xPaeSystemObject.Dot1xAuthConfigTable.2.Dot1xAuthBackendAuthState,false,2026-07-21T20:50:23.275Z,false,2026-07-21T20:50:23.275Z,"N/A",xsd:string,2026-07-21T20:50:23.279Z,,,,
InternetGatewayDevice.X_ZHONE_Dot1xPaeSystemObject.Dot1xAuthConfigTable.2.Dot1xAuthKeyTxEnabled,false,2026-07-21T20:50:23.275Z,true,2026-07-21T20:50:23.275Z,"false",xsd:boolean,2026-07-21T20:50:23.279Z,,,,
InternetGatewayDevice.X_ZHONE_Dot1xPaeSystemObject.Dot1xAuthConfigTable.2.Dot1xAuthOperControlledDirections,false,2026-07-21T20:50:23.275Z,false,2026-07-21T20:50:23.275Z,"InDirection",xsd:string,2026-07-21T20:50:23.279Z,,,,
InternetGatewayDevice.X_ZHONE_Dot1xPaeSystemObject.Dot1xAuthConfigTable.2.Dot1xAuthPaeState,false,2026-07-21T20:50:23.275Z,false,2026-07-21T20:50:23.275Z,"N/A",xsd:string,2026-07-21T20:50:23.279Z,,,,
InternetGatewayDevice.X_ZHONE_Dot1xPaeSystemObject.Dot1xAuthConfigTable.2.Dot1xAuthQuietPeriod,false,2026-07-21T20:50:23.275Z,true,2026-07-21T20:50:23.275Z,"60",xsd:unsignedInt,2026-07-21T20:50:23.279Z,,,,
InternetGatewayDevice.X_ZHONE_Dot1xPaeSystemObject.Dot1xAuthConfigTable.2.Dot1xAuthReAuthEnabled,false,2026-07-21T20:50:23.275Z,true,2026-07-21T20:50:23.275Z,"true",xsd:boolean,2026-07-21T20:50:23.279Z,,,,
InternetGatewayDevice.X_ZHONE_Dot1xPaeSystemObject.Dot1xAuthConfigTable.2.Dot1xAuthReAuthPeriod,false,2026-07-21T20:50:23.275Z,true,2026-07-21T20:50:23.275Z,"3600",xsd:unsignedInt,2026-07-21T20:50:23.279Z,,,,
InternetGatewayDevice.X_ZHONE_Dot1xPaeSystemObject.Dot1xAuthConfigTable.2.Dot1xAuthServerTimeout,false,2026-07-21T20:50:23.275Z,true,2026-07-21T20:50:23.275Z,"30",xsd:unsignedInt,2026-07-21T20:50:23.279Z,,,,
InternetGatewayDevice.X_ZHONE_Dot1xPaeSystemObject.Dot1xAuthConfigTable.2.Dot1xAuthauthControlledPortControl,false,2026-07-21T20:50:23.275Z,false,2026-07-21T20:50:23.275Z,"N/A",xsd:string,2026-07-21T20:50:23.279Z,,,,
InternetGatewayDevice.X_ZHONE_Dot1xPaeSystemObject.Dot1xAuthConfigTable.2.Dot1xAuthauthControlledPortStatus,false,2026-07-21T20:50:23.275Z,false,2026-07-21T20:50:23.275Z,"N/A",xsd:string,2026-07-21T20:50:23.279Z,,,,
InternetGatewayDevice.X_ZHONE_Dot1xPaeSystemObject.Dot1xAuthConfigTable.3,true,2026-07-21T20:50:23.275Z,true,2026-07-21T20:50:23.275Z,"",,,,,,
InternetGatewayDevice.X_ZHONE_Dot1xPaeSystemObject.Dot1xAuthConfigTable.3.Dot1xAuthAdminControlledDirections,false,2026-07-21T20:50:23.275Z,false,2026-07-21T20:50:23.275Z,"InDirection",xsd:string,2026-07-21T20:50:23.279Z,,,,
InternetGatewayDevice.X_ZHONE_Dot1xPaeSystemObject.Dot1xAuthConfigTable.3.Dot1xAuthBackendAuthState,false,2026-07-21T20:50:23.275Z,false,2026-07-21T20:50:23.275Z,"N/A",xsd:string,2026-07-21T20:50:23.279Z,,,,
InternetGatewayDevice.X_ZHONE_Dot1xPaeSystemObject.Dot1xAuthConfigTable.3.Dot1xAuthKeyTxEnabled,false,2026-07-21T20:50:23.275Z,true,2026-07-21T20:50:23.275Z,"false",xsd:boolean,2026-07-21T20:50:23.279Z,,,,
InternetGatewayDevice.X_ZHONE_Dot1xPaeSystemObject.Dot1xAuthConfigTable.3.Dot1xAuthOperControlledDirections,false,2026-07-21T20:50:23.275Z,false,2026-07-21T20:50:23.275Z,"InDirection",xsd:string,2026-07-21T20:50:23.279Z,,,,
InternetGatewayDevice.X_ZHONE_Dot1xPaeSystemObject.Dot1xAuthConfigTable.3.Dot1xAuthPaeState,false,2026-07-21T20:50:23.275Z,false,2026-07-21T20:50:23.275Z,"N/A",xsd:string,2026-07-21T20:50:23.279Z,,,,
InternetGatewayDevice.X_ZHONE_Dot1xPaeSystemObject.Dot1xAuthConfigTable.3.Dot1xAuthQuietPeriod,false,2026-07-21T20:50:23.275Z,true,2026-07-21T20:50:23.275Z,"60",xsd:unsignedInt,2026-07-21T20:50:23.279Z,,,,
InternetGatewayDevice.X_ZHONE_Dot1xPaeSystemObject.Dot1xAuthConfigTable.3.Dot1xAuthReAuthEnabled,false,2026-07-21T20:50:23.275Z,true,2026-07-21T20:50:23.275Z,"true",xsd:boolean,2026-07-21T20:50:23.279Z,,,,
InternetGatewayDevice.X_ZHONE_Dot1xPaeSystemObject.Dot1xAuthConfigTable.3.Dot1xAuthReAuthPeriod,false,2026-07-21T20:50:23.275Z,true,2026-07-21T20:50:23.275Z,"3600",xsd:unsignedInt,2026-07-21T20:50:23.279Z,,,,
InternetGatewayDevice.X_ZHONE_Dot1xPaeSystemObject.Dot1xAuthConfigTable.3.Dot1xAuthServerTimeout,false,2026-07-21T20:50:23.275Z,true,2026-07-21T20:50:23.275Z,"30",xsd:unsignedInt,2026-07-21T20:50:23.279Z,,,,
InternetGatewayDevice.X_ZHONE_Dot1xPaeSystemObject.Dot1xAuthConfigTable.3.Dot1xAuthauthControlledPortControl,false,2026-07-21T20:50:23.275Z,false,2026-07-21T20:50:23.275Z,"N/A",xsd:string,2026-07-21T20:50:23.279Z,,,,
InternetGatewayDevice.X_ZHONE_Dot1xPaeSystemObject.Dot1xAuthConfigTable.3.Dot1xAuthauthControlledPortStatus,false,2026-07-21T20:50:23.275Z,false,2026-07-21T20:50:23.275Z,"N/A",xsd:string,2026-07-21T20:50:23.279Z,,,,
InternetGatewayDevice.X_ZHONE_Dot1xPaeSystemObject.Dot1xAuthConfigTable.4,true,2026-07-21T20:50:23.275Z,true,2026-07-21T20:50:23.275Z,"",,,,,,
InternetGatewayDevice.X_ZHONE_Dot1xPaeSystemObject.Dot1xAuthConfigTable.4.Dot1xAuthAdminControlledDirections,false,2026-07-21T20:50:23.275Z,false,2026-07-21T20:50:23.275Z,"InDirection",xsd:string,2026-07-21T20:50:23.279Z,,,,
InternetGatewayDevice.X_ZHONE_Dot1xPaeSystemObject.Dot1xAuthConfigTable.4.Dot1xAuthBackendAuthState,false,2026-07-21T20:50:23.275Z,false,2026-07-21T20:50:23.275Z,"N/A",xsd:string,2026-07-21T20:50:23.279Z,,,,
InternetGatewayDevice.X_ZHONE_Dot1xPaeSystemObject.Dot1xAuthConfigTable.4.Dot1xAuthKeyTxEnabled,false,2026-07-21T20:50:23.275Z,true,2026-07-21T20:50:23.275Z,"false",xsd:boolean,2026-07-21T20:50:23.279Z,,,,
InternetGatewayDevice.X_ZHONE_Dot1xPaeSystemObject.Dot1xAuthConfigTable.4.Dot1xAuthOperControlledDirections,false,2026-07-21T20:50:23.275Z,false,2026-07-21T20:50:23.275Z,"InDirection",xsd:string,2026-07-21T20:50:23.279Z,,,,
InternetGatewayDevice.X_ZHONE_Dot1xPaeSystemObject.Dot1xAuthConfigTable.4.Dot1xAuthPaeState,false,2026-07-21T20:50:23.275Z,false,2026-07-21T20:50:23.275Z,"N/A",xsd:string,2026-07-21T20:50:23.279Z,,,,
InternetGatewayDevice.X_ZHONE_Dot1xPaeSystemObject.Dot1xAuthConfigTable.4.Dot1xAuthQuietPeriod,false,2026-07-21T20:50:23.275Z,true,2026-07-21T20:50:23.275Z,"60",xsd:unsignedInt,2026-07-21T20:50:23.279Z,,,,
InternetGatewayDevice.X_ZHONE_Dot1xPaeSystemObject.Dot1xAuthConfigTable.4.Dot1xAuthReAuthEnabled,false,2026-07-21T20:50:23.275Z,true,2026-07-21T20:50:23.275Z,"true",xsd:boolean,2026-07-21T20:50:23.279Z,,,,
InternetGatewayDevice.X_ZHONE_Dot1xPaeSystemObject.Dot1xAuthConfigTable.4.Dot1xAuthReAuthPeriod,false,2026-07-21T20:50:23.275Z,true,2026-07-21T20:50:23.275Z,"3600",xsd:unsignedInt,2026-07-21T20:50:23.279Z,,,,
InternetGatewayDevice.X_ZHONE_Dot1xPaeSystemObject.Dot1xAuthConfigTable.4.Dot1xAuthServerTimeout,false,2026-07-21T20:50:23.275Z,true,2026-07-21T20:50:23.275Z,"30",xsd:unsignedInt,2026-07-21T20:50:23.279Z,,,,
InternetGatewayDevice.X_ZHONE_Dot1xPaeSystemObject.Dot1xAuthConfigTable.4.Dot1xAuthauthControlledPortControl,false,2026-07-21T20:50:23.275Z,false,2026-07-21T20:50:23.275Z,"N/A",xsd:string,2026-07-21T20:50:23.279Z,,,,
InternetGatewayDevice.X_ZHONE_Dot1xPaeSystemObject.Dot1xAuthConfigTable.4.Dot1xAuthauthControlledPortStatus,false,2026-07-21T20:50:23.275Z,false,2026-07-21T20:50:23.275Z,"N/A",xsd:string,2026-07-21T20:50:23.279Z,,,,
InternetGatewayDevice.X_ZHONE_Dot1xPaeSystemObject.Dot1xAuthSessionStatsTable,true,2026-07-21T20:50:23.275Z,true,2026-07-21T20:50:23.275Z,"",,,,,,
InternetGatewayDevice.X_ZHONE_Dot1xPaeSystemObject.Dot1xAuthSessionStatsTable.1,true,2026-07-21T20:50:23.275Z,true,2026-07-21T20:50:23.275Z,"",,,,,,
InternetGatewayDevice.X_ZHONE_Dot1xPaeSystemObject.Dot1xAuthSessionStatsTable.1.Dot1xAuthSessionAuthenticMethod,false,2026-07-21T20:50:23.275Z,false,2026-07-21T20:50:23.275Z,"RemoteAuthServer",xsd:string,2026-07-21T20:50:23.279Z,,,,
InternetGatewayDevice.X_ZHONE_Dot1xPaeSystemObject.Dot1xAuthSessionStatsTable.1.Dot1xAuthSessionId,false,2026-07-21T20:50:23.275Z,false,2026-07-21T20:50:23.275Z,"",xsd:string,2026-07-21T20:50:23.279Z,,,,
InternetGatewayDevice.X_ZHONE_Dot1xPaeSystemObject.Dot1xAuthSessionStatsTable.1.Dot1xAuthSessionTerminateCause,false,2026-07-21T20:50:23.275Z,false,2026-07-21T20:50:23.275Z,"N/A",xsd:string,2026-07-21T20:50:23.279Z,,,,
InternetGatewayDevice.X_ZHONE_Dot1xPaeSystemObject.Dot1xAuthSessionStatsTable.1.Dot1xAuthSessionTime,false,2026-07-21T20:50:23.275Z,false,2026-07-21T20:50:23.275Z,"0",xsd:unsignedInt,2026-07-21T20:50:23.279Z,,,,
InternetGatewayDevice.X_ZHONE_Dot1xPaeSystemObject.Dot1xAuthSessionStatsTable.1.Dot1xAuthSessionUserName,false,2026-07-21T20:50:23.275Z,false,2026-07-21T20:50:23.275Z,"",xsd:string,2026-07-21T20:50:23.279Z,,,,
InternetGatewayDevice.X_ZHONE_Dot1xPaeSystemObject.Dot1xAuthSessionStatsTable.2,true,2026-07-21T20:50:23.275Z,true,2026-07-21T20:50:23.275Z,"",,,,,,
InternetGatewayDevice.X_ZHONE_Dot1xPaeSystemObject.Dot1xAuthSessionStatsTable.2.Dot1xAuthSessionAuthenticMethod,false,2026-07-21T20:50:23.275Z,false,2026-07-21T20:50:23.275Z,"RemoteAuthServer",xsd:string,2026-07-21T20:50:23.279Z,,,,
InternetGatewayDevice.X_ZHONE_Dot1xPaeSystemObject.Dot1xAuthSessionStatsTable.2.Dot1xAuthSessionId,false,2026-07-21T20:50:23.275Z,false,2026-07-21T20:50:23.275Z,"",xsd:string,2026-07-21T20:50:23.279Z,,,,
InternetGatewayDevice.X_ZHONE_Dot1xPaeSystemObject.Dot1xAuthSessionStatsTable.2.Dot1xAuthSessionTerminateCause,false,2026-07-21T20:50:23.275Z,false,2026-07-21T20:50:23.275Z,"N/A",xsd:string,2026-07-21T20:50:23.279Z,,,,
InternetGatewayDevice.X_ZHONE_Dot1xPaeSystemObject.Dot1xAuthSessionStatsTable.2.Dot1xAuthSessionTime,false,2026-07-21T20:50:23.275Z,false,2026-07-21T20:50:23.275Z,"0",xsd:unsignedInt,2026-07-21T20:50:23.279Z,,,,
InternetGatewayDevice.X_ZHONE_Dot1xPaeSystemObject.Dot1xAuthSessionStatsTable.2.Dot1xAuthSessionUserName,false,2026-07-21T20:50:23.275Z,false,2026-07-21T20:50:23.275Z,"",xsd:string,2026-07-21T20:50:23.279Z,,,,
InternetGatewayDevice.X_ZHONE_Dot1xPaeSystemObject.Dot1xAuthSessionStatsTable.3,true,2026-07-21T20:50:23.275Z,true,2026-07-21T20:50:23.275Z,"",,,,,,
InternetGatewayDevice.X_ZHONE_Dot1xPaeSystemObject.Dot1xAuthSessionStatsTable.3.Dot1xAuthSessionAuthenticMethod,false,2026-07-21T20:50:23.275Z,false,2026-07-21T20:50:23.275Z,"RemoteAuthServer",xsd:string,2026-07-21T20:50:23.279Z,,,,
InternetGatewayDevice.X_ZHONE_Dot1xPaeSystemObject.Dot1xAuthSessionStatsTable.3.Dot1xAuthSessionId,false,2026-07-21T20:50:23.275Z,false,2026-07-21T20:50:23.275Z,"",xsd:string,2026-07-21T20:50:23.279Z,,,,
InternetGatewayDevice.X_ZHONE_Dot1xPaeSystemObject.Dot1xAuthSessionStatsTable.3.Dot1xAuthSessionTerminateCause,false,2026-07-21T20:50:23.275Z,false,2026-07-21T20:50:23.275Z,"N/A",xsd:string,2026-07-21T20:50:23.279Z,,,,
InternetGatewayDevice.X_ZHONE_Dot1xPaeSystemObject.Dot1xAuthSessionStatsTable.3.Dot1xAuthSessionTime,false,2026-07-21T20:50:23.275Z,false,2026-07-21T20:50:23.275Z,"0",xsd:unsignedInt,2026-07-21T20:50:23.279Z,,,,
InternetGatewayDevice.X_ZHONE_Dot1xPaeSystemObject.Dot1xAuthSessionStatsTable.3.Dot1xAuthSessionUserName,false,2026-07-21T20:50:23.275Z,false,2026-07-21T20:50:23.275Z,"",xsd:string,2026-07-21T20:50:23.279Z,,,,
InternetGatewayDevice.X_ZHONE_Dot1xPaeSystemObject.Dot1xAuthSessionStatsTable.4,true,2026-07-21T20:50:23.275Z,true,2026-07-21T20:50:23.275Z,"",,,,,,
InternetGatewayDevice.X_ZHONE_Dot1xPaeSystemObject.Dot1xAuthSessionStatsTable.4.Dot1xAuthSessionAuthenticMethod,false,2026-07-21T20:50:23.275Z,false,2026-07-21T20:50:23.275Z,"RemoteAuthServer",xsd:string,2026-07-21T20:50:23.279Z,,,,
InternetGatewayDevice.X_ZHONE_Dot1xPaeSystemObject.Dot1xAuthSessionStatsTable.4.Dot1xAuthSessionId,false,2026-07-21T20:50:23.275Z,false,2026-07-21T20:50:23.275Z,"",xsd:string,2026-07-21T20:50:23.279Z,,,,
InternetGatewayDevice.X_ZHONE_Dot1xPaeSystemObject.Dot1xAuthSessionStatsTable.4.Dot1xAuthSessionTerminateCause,false,2026-07-21T20:50:23.275Z,false,2026-07-21T20:50:23.275Z,"N/A",xsd:string,2026-07-21T20:50:23.279Z,,,,
InternetGatewayDevice.X_ZHONE_Dot1xPaeSystemObject.Dot1xAuthSessionStatsTable.4.Dot1xAuthSessionTime,false,2026-07-21T20:50:23.275Z,false,2026-07-21T20:50:23.275Z,"0",xsd:unsignedInt,2026-07-21T20:50:23.279Z,,,,
InternetGatewayDevice.X_ZHONE_Dot1xPaeSystemObject.Dot1xAuthSessionStatsTable.4.Dot1xAuthSessionUserName,false,2026-07-21T20:50:23.275Z,false,2026-07-21T20:50:23.275Z,"",xsd:string,2026-07-21T20:50:23.279Z,,,,
InternetGatewayDevice.X_ZHONE_Dot1xPaeSystemObject.Dot1xAuthStatsTable,true,2026-07-21T20:50:23.275Z,true,2026-07-21T20:50:23.275Z,"",,,,,,
InternetGatewayDevice.X_ZHONE_Dot1xPaeSystemObject.Dot1xAuthStatsTable.1,true,2026-07-21T20:50:23.275Z,true,2026-07-21T20:50:23.275Z,"",,,,,,
InternetGatewayDevice.X_ZHONE_Dot1xPaeSystemObject.Dot1xAuthStatsTable.1.Dot1xAuthEapLengthErrorFramesRx,false,2026-07-21T20:50:23.275Z,false,2026-07-21T20:50:23.275Z,"0",xsd:unsignedInt,2026-07-21T20:50:23.279Z,,,,
InternetGatewayDevice.X_ZHONE_Dot1xPaeSystemObject.Dot1xAuthStatsTable.1.Dot1xAuthEapolFramesRx,false,2026-07-21T20:50:23.275Z,false,2026-07-21T20:50:23.275Z,"0",xsd:unsignedInt,2026-07-21T20:50:23.279Z,,,,
InternetGatewayDevice.X_ZHONE_Dot1xPaeSystemObject.Dot1xAuthStatsTable.1.Dot1xAuthEapolFramesTx,false,2026-07-21T20:50:23.275Z,false,2026-07-21T20:50:23.275Z,"0",xsd:unsignedInt,2026-07-21T20:50:23.279Z,,,,
InternetGatewayDevice.X_ZHONE_Dot1xPaeSystemObject.Dot1xAuthStatsTable.1.Dot1xAuthEapolLogoffFramesRx,false,2026-07-21T20:50:23.275Z,false,2026-07-21T20:50:23.275Z,"0",xsd:unsignedInt,2026-07-21T20:50:23.279Z,,,,
InternetGatewayDevice.X_ZHONE_Dot1xPaeSystemObject.Dot1xAuthStatsTable.1.Dot1xAuthEapolReqFramesRx,false,2026-07-21T20:50:23.275Z,false,2026-07-21T20:50:23.275Z,"0",xsd:unsignedInt,2026-07-21T20:50:23.279Z,,,,
InternetGatewayDevice.X_ZHONE_Dot1xPaeSystemObject.Dot1xAuthStatsTable.1.Dot1xAuthEapolReqIdFramesRx,false,2026-07-21T20:50:23.275Z,false,2026-07-21T20:50:23.275Z,"0",xsd:unsignedInt,2026-07-21T20:50:23.279Z,,,,
InternetGatewayDevice.X_ZHONE_Dot1xPaeSystemObject.Dot1xAuthStatsTable.1.Dot1xAuthEapolRespFramesRx,false,2026-07-21T20:50:23.275Z,false,2026-07-21T20:50:23.275Z,"0",xsd:unsignedInt,2026-07-21T20:50:23.279Z,,,,
InternetGatewayDevice.X_ZHONE_Dot1xPaeSystemObject.Dot1xAuthStatsTable.1.Dot1xAuthEapolRespIdFramesRx,false,2026-07-21T20:50:23.275Z,false,2026-07-21T20:50:23.275Z,"0",xsd:unsignedInt,2026-07-21T20:50:23.279Z,,,,
InternetGatewayDevice.X_ZHONE_Dot1xPaeSystemObject.Dot1xAuthStatsTable.1.Dot1xAuthEapolStartFramesRx,false,2026-07-21T20:50:23.275Z,false,2026-07-21T20:50:23.275Z,"0",xsd:unsignedInt,2026-07-21T20:50:23.279Z,,,,
InternetGatewayDevice.X_ZHONE_Dot1xPaeSystemObject.Dot1xAuthStatsTable.1.Dot1xAuthInvalidEapolFramesRx,false,2026-07-21T20:50:23.275Z,false,2026-07-21T20:50:23.275Z,"0",xsd:unsignedInt,2026-07-21T20:50:23.279Z,,,,
InternetGatewayDevice.X_ZHONE_Dot1xPaeSystemObject.Dot1xAuthStatsTable.1.Dot1xAuthLastEapolFrameSource,false,2026-07-21T20:50:23.275Z,false,2026-07-21T20:50:23.275Z,"00:00:00:00:00:00",xsd:string,2026-07-21T20:50:23.279Z,,,,
InternetGatewayDevice.X_ZHONE_Dot1xPaeSystemObject.Dot1xAuthStatsTable.1.Dot1xAuthLastEapolFrameVersion,false,2026-07-21T20:50:23.275Z,false,2026-07-21T20:50:23.275Z,"0",xsd:unsignedInt,2026-07-21T20:50:23.279Z,,,,
InternetGatewayDevice.X_ZHONE_Dot1xPaeSystemObject.Dot1xAuthStatsTable.2,true,2026-07-21T20:50:23.275Z,true,2026-07-21T20:50:23.275Z,"",,,,,,
InternetGatewayDevice.X_ZHONE_Dot1xPaeSystemObject.Dot1xAuthStatsTable.2.Dot1xAuthEapLengthErrorFramesRx,false,2026-07-21T20:50:23.275Z,false,2026-07-21T20:50:23.275Z,"0",xsd:unsignedInt,2026-07-21T20:50:23.279Z,,,,
InternetGatewayDevice.X_ZHONE_Dot1xPaeSystemObject.Dot1xAuthStatsTable.2.Dot1xAuthEapolFramesRx,false,2026-07-21T20:50:23.275Z,false,2026-07-21T20:50:23.275Z,"0",xsd:unsignedInt,2026-07-21T20:50:23.279Z,,,,
InternetGatewayDevice.X_ZHONE_Dot1xPaeSystemObject.Dot1xAuthStatsTable.2.Dot1xAuthEapolFramesTx,false,2026-07-21T20:50:23.275Z,false,2026-07-21T20:50:23.275Z,"0",xsd:unsignedInt,2026-07-21T20:50:23.279Z,,,,
InternetGatewayDevice.X_ZHONE_Dot1xPaeSystemObject.Dot1xAuthStatsTable.2.Dot1xAuthEapolLogoffFramesRx,false,2026-07-21T20:50:23.275Z,false,2026-07-21T20:50:23.275Z,"0",xsd:unsignedInt,2026-07-21T20:50:23.279Z,,,,
InternetGatewayDevice.X_ZHONE_Dot1xPaeSystemObject.Dot1xAuthStatsTable.2.Dot1xAuthEapolReqFramesRx,false,2026-07-21T20:50:23.275Z,false,2026-07-21T20:50:23.275Z,"0",xsd:unsignedInt,2026-07-21T20:50:23.279Z,,,,
InternetGatewayDevice.X_ZHONE_Dot1xPaeSystemObject.Dot1xAuthStatsTable.2.Dot1xAuthEapolReqIdFramesRx,false,2026-07-21T20:50:23.275Z,false,2026-07-21T20:50:23.275Z,"0",xsd:unsignedInt,2026-07-21T20:50:23.279Z,,,,
InternetGatewayDevice.X_ZHONE_Dot1xPaeSystemObject.Dot1xAuthStatsTable.2.Dot1xAuthEapolRespFramesRx,false,2026-07-21T20:50:23.275Z,false,2026-07-21T20:50:23.275Z,"0",xsd:unsignedInt,2026-07-21T20:50:23.279Z,,,,
InternetGatewayDevice.X_ZHONE_Dot1xPaeSystemObject.Dot1xAuthStatsTable.2.Dot1xAuthEapolRespIdFramesRx,false,2026-07-21T20:50:23.275Z,false,2026-07-21T20:50:23.275Z,"0",xsd:unsignedInt,2026-07-21T20:50:23.279Z,,,,
InternetGatewayDevice.X_ZHONE_Dot1xPaeSystemObject.Dot1xAuthStatsTable.2.Dot1xAuthEapolStartFramesRx,false,2026-07-21T20:50:23.275Z,false,2026-07-21T20:50:23.275Z,"0",xsd:unsignedInt,2026-07-21T20:50:23.279Z,,,,
InternetGatewayDevice.X_ZHONE_Dot1xPaeSystemObject.Dot1xAuthStatsTable.2.Dot1xAuthInvalidEapolFramesRx,false,2026-07-21T20:50:23.275Z,false,2026-07-21T20:50:23.275Z,"0",xsd:unsignedInt,2026-07-21T20:50:23.279Z,,,,
InternetGatewayDevice.X_ZHONE_Dot1xPaeSystemObject.Dot1xAuthStatsTable.2.Dot1xAuthLastEapolFrameSource,false,2026-07-21T20:50:23.275Z,false,2026-07-21T20:50:23.275Z,"00:00:00:00:00:00",xsd:string,2026-07-21T20:50:23.279Z,,,,
InternetGatewayDevice.X_ZHONE_Dot1xPaeSystemObject.Dot1xAuthStatsTable.2.Dot1xAuthLastEapolFrameVersion,false,2026-07-21T20:50:23.275Z,false,2026-07-21T20:50:23.275Z,"0",xsd:unsignedInt,2026-07-21T20:50:23.279Z,,,,
InternetGatewayDevice.X_ZHONE_Dot1xPaeSystemObject.Dot1xAuthStatsTable.3,true,2026-07-21T20:50:23.275Z,true,2026-07-21T20:50:23.275Z,"",,,,,,
InternetGatewayDevice.X_ZHONE_Dot1xPaeSystemObject.Dot1xAuthStatsTable.3.Dot1xAuthEapLengthErrorFramesRx,false,2026-07-21T20:50:23.275Z,false,2026-07-21T20:50:23.275Z,"0",xsd:unsignedInt,2026-07-21T20:50:23.279Z,,,,
InternetGatewayDevice.X_ZHONE_Dot1xPaeSystemObject.Dot1xAuthStatsTable.3.Dot1xAuthEapolFramesRx,false,2026-07-21T20:50:23.275Z,false,2026-07-21T20:50:23.275Z,"0",xsd:unsignedInt,2026-07-21T20:50:23.279Z,,,,
InternetGatewayDevice.X_ZHONE_Dot1xPaeSystemObject.Dot1xAuthStatsTable.3.Dot1xAuthEapolFramesTx,false,2026-07-21T20:50:23.275Z,false,2026-07-21T20:50:23.275Z,"0",xsd:unsignedInt,2026-07-21T20:50:23.279Z,,,,
InternetGatewayDevice.X_ZHONE_Dot1xPaeSystemObject.Dot1xAuthStatsTable.3.Dot1xAuthEapolLogoffFramesRx,false,2026-07-21T20:50:23.275Z,false,2026-07-21T20:50:23.275Z,"0",xsd:unsignedInt,2026-07-21T20:50:23.279Z,,,,
InternetGatewayDevice.X_ZHONE_Dot1xPaeSystemObject.Dot1xAuthStatsTable.3.Dot1xAuthEapolReqFramesRx,false,2026-07-21T20:50:23.275Z,false,2026-07-21T20:50:23.275Z,"0",xsd:unsignedInt,2026-07-21T20:50:23.279Z,,,,
InternetGatewayDevice.X_ZHONE_Dot1xPaeSystemObject.Dot1xAuthStatsTable.3.Dot1xAuthEapolReqIdFramesRx,false,2026-07-21T20:50:23.275Z,false,2026-07-21T20:50:23.275Z,"0",xsd:unsignedInt,2026-07-21T20:50:23.279Z,,,,
InternetGatewayDevice.X_ZHONE_Dot1xPaeSystemObject.Dot1xAuthStatsTable.3.Dot1xAuthEapolRespFramesRx,false,2026-07-21T20:50:23.275Z,false,2026-07-21T20:50:23.275Z,"0",xsd:unsignedInt,2026-07-21T20:50:23.279Z,,,,
InternetGatewayDevice.X_ZHONE_Dot1xPaeSystemObject.Dot1xAuthStatsTable.3.Dot1xAuthEapolRespIdFramesRx,false,2026-07-21T20:50:23.275Z,false,2026-07-21T20:50:23.275Z,"0",xsd:unsignedInt,2026-07-21T20:50:23.279Z,,,,
InternetGatewayDevice.X_ZHONE_Dot1xPaeSystemObject.Dot1xAuthStatsTable.3.Dot1xAuthEapolStartFramesRx,false,2026-07-21T20:50:23.275Z,false,2026-07-21T20:50:23.275Z,"0",xsd:unsignedInt,2026-07-21T20:50:23.279Z,,,,
InternetGatewayDevice.X_ZHONE_Dot1xPaeSystemObject.Dot1xAuthStatsTable.3.Dot1xAuthInvalidEapolFramesRx,false,2026-07-21T20:50:23.275Z,false,2026-07-21T20:50:23.275Z,"0",xsd:unsignedInt,2026-07-21T20:50:23.279Z,,,,
InternetGatewayDevice.X_ZHONE_Dot1xPaeSystemObject.Dot1xAuthStatsTable.3.Dot1xAuthLastEapolFrameSource,false,2026-07-21T20:50:23.275Z,false,2026-07-21T20:50:23.275Z,"00:00:00:00:00:00",xsd:string,2026-07-21T20:50:23.279Z,,,,
InternetGatewayDevice.X_ZHONE_Dot1xPaeSystemObject.Dot1xAuthStatsTable.3.Dot1xAuthLastEapolFrameVersion,false,2026-07-21T20:50:23.275Z,false,2026-07-21T20:50:23.275Z,"0",xsd:unsignedInt,2026-07-21T20:50:23.279Z,,,,
InternetGatewayDevice.X_ZHONE_Dot1xPaeSystemObject.Dot1xAuthStatsTable.4,true,2026-07-21T20:50:23.275Z,true,2026-07-21T20:50:23.275Z,"",,,,,,
InternetGatewayDevice.X_ZHONE_Dot1xPaeSystemObject.Dot1xAuthStatsTable.4.Dot1xAuthEapLengthErrorFramesRx,false,2026-07-21T20:50:23.275Z,false,2026-07-21T20:50:23.275Z,"0",xsd:unsignedInt,2026-07-21T20:50:23.279Z,,,,
InternetGatewayDevice.X_ZHONE_Dot1xPaeSystemObject.Dot1xAuthStatsTable.4.Dot1xAuthEapolFramesRx,false,2026-07-21T20:50:23.275Z,false,2026-07-21T20:50:23.275Z,"0",xsd:unsignedInt,2026-07-21T20:50:23.279Z,,,,
InternetGatewayDevice.X_ZHONE_Dot1xPaeSystemObject.Dot1xAuthStatsTable.4.Dot1xAuthEapolFramesTx,false,2026-07-21T20:50:23.275Z,false,2026-07-21T20:50:23.275Z,"0",xsd:unsignedInt,2026-07-21T20:50:23.279Z,,,,
InternetGatewayDevice.X_ZHONE_Dot1xPaeSystemObject.Dot1xAuthStatsTable.4.Dot1xAuthEapolLogoffFramesRx,false,2026-07-21T20:50:23.275Z,false,2026-07-21T20:50:23.275Z,"0",xsd:unsignedInt,2026-07-21T20:50:23.279Z,,,,
InternetGatewayDevice.X_ZHONE_Dot1xPaeSystemObject.Dot1xAuthStatsTable.4.Dot1xAuthEapolReqFramesRx,false,2026-07-21T20:50:23.275Z,false,2026-07-21T20:50:23.275Z,"0",xsd:unsignedInt,2026-07-21T20:50:23.279Z,,,,
InternetGatewayDevice.X_ZHONE_Dot1xPaeSystemObject.Dot1xAuthStatsTable.4.Dot1xAuthEapolReqIdFramesRx,false,2026-07-21T20:50:23.275Z,false,2026-07-21T20:50:23.275Z,"0",xsd:unsignedInt,2026-07-21T20:50:23.279Z,,,,
InternetGatewayDevice.X_ZHONE_Dot1xPaeSystemObject.Dot1xAuthStatsTable.4.Dot1xAuthEapolRespFramesRx,false,2026-07-21T20:50:23.275Z,false,2026-07-21T20:50:23.275Z,"0",xsd:unsignedInt,2026-07-21T20:50:23.279Z,,,,
InternetGatewayDevice.X_ZHONE_Dot1xPaeSystemObject.Dot1xAuthStatsTable.4.Dot1xAuthEapolRespIdFramesRx,false,2026-07-21T20:50:23.275Z,false,2026-07-21T20:50:23.275Z,"0",xsd:unsignedInt,2026-07-21T20:50:23.279Z,,,,
InternetGatewayDevice.X_ZHONE_Dot1xPaeSystemObject.Dot1xAuthStatsTable.4.Dot1xAuthEapolStartFramesRx,false,2026-07-21T20:50:23.275Z,false,2026-07-21T20:50:23.275Z,"0",xsd:unsignedInt,2026-07-21T20:50:23.279Z,,,,
InternetGatewayDevice.X_ZHONE_Dot1xPaeSystemObject.Dot1xAuthStatsTable.4.Dot1xAuthInvalidEapolFramesRx,false,2026-07-21T20:50:23.275Z,false,2026-07-21T20:50:23.275Z,"0",xsd:unsignedInt,2026-07-21T20:50:23.279Z,,,,
InternetGatewayDevice.X_ZHONE_Dot1xPaeSystemObject.Dot1xAuthStatsTable.4.Dot1xAuthLastEapolFrameSource,false,2026-07-21T20:50:23.275Z,false,2026-07-21T20:50:23.275Z,"00:00:00:00:00:00",xsd:string,2026-07-21T20:50:23.279Z,,,,
InternetGatewayDevice.X_ZHONE_Dot1xPaeSystemObject.Dot1xAuthStatsTable.4.Dot1xAuthLastEapolFrameVersion,false,2026-07-21T20:50:23.275Z,false,2026-07-21T20:50:23.275Z,"0",xsd:unsignedInt,2026-07-21T20:50:23.279Z,,,,
InternetGatewayDevice.X_ZHONE_Dot1xPaeSystemObject.Dot1xPaePortTable,true,2026-07-21T20:50:23.275Z,true,2026-07-21T20:50:23.275Z,"",,,,,,
InternetGatewayDevice.X_ZHONE_Dot1xPaeSystemObject.Dot1xPaePortTable.1,true,2026-07-21T20:50:23.275Z,true,2026-07-21T20:50:23.275Z,"",,,,,,
InternetGatewayDevice.X_ZHONE_Dot1xPaeSystemObject.Dot1xPaePortTable.1.Dot1xPaePortAuthControl,false,2026-07-21T20:50:23.275Z,true,2026-07-21T20:50:23.275Z,"Disabled",xsd:string,2026-07-21T20:50:23.279Z,,,,
InternetGatewayDevice.X_ZHONE_Dot1xPaeSystemObject.Dot1xPaePortTable.1.Dot1xPaePortCapabilities,false,2026-07-21T20:50:23.275Z,false,2026-07-21T20:50:23.275Z,"1",xsd:unsignedInt,2026-07-21T20:50:23.279Z,,,,
InternetGatewayDevice.X_ZHONE_Dot1xPaeSystemObject.Dot1xPaePortTable.1.Dot1xPaePortInitialize,false,2026-07-21T20:50:23.275Z,true,2026-07-21T20:50:23.275Z,"false",xsd:boolean,2026-07-21T20:50:23.279Z,,,,
InternetGatewayDevice.X_ZHONE_Dot1xPaeSystemObject.Dot1xPaePortTable.1.Dot1xPaePortName,false,2026-07-21T20:50:23.275Z,true,2026-07-21T20:50:23.275Z,"eth1",xsd:string,2026-07-21T20:50:23.279Z,,,,
InternetGatewayDevice.X_ZHONE_Dot1xPaeSystemObject.Dot1xPaePortTable.1.Dot1xPaePortNumber,false,2026-07-21T20:50:23.275Z,true,2026-07-21T20:50:23.275Z,"1",xsd:int,2026-07-21T20:50:23.279Z,,,,
InternetGatewayDevice.X_ZHONE_Dot1xPaeSystemObject.Dot1xPaePortTable.1.Dot1xPaePortProtocolVersion,false,2026-07-21T20:50:23.275Z,false,2026-07-21T20:50:23.275Z,"2",xsd:unsignedInt,2026-07-21T20:50:23.279Z,,,,
InternetGatewayDevice.X_ZHONE_Dot1xPaeSystemObject.Dot1xPaePortTable.1.Dot1xPaePortReauthenticate,false,2026-07-21T20:50:23.275Z,true,2026-07-21T20:50:23.275Z,"false",xsd:boolean,2026-07-21T20:50:23.279Z,,,,
InternetGatewayDevice.X_ZHONE_Dot1xPaeSystemObject.Dot1xPaePortTable.1.LoggingDestination,false,2026-07-21T20:50:23.275Z,true,2026-07-21T20:50:23.275Z,"Syslog",xsd:string,2026-07-21T20:50:23.279Z,,,,
InternetGatewayDevice.X_ZHONE_Dot1xPaeSystemObject.Dot1xPaePortTable.1.LoggingLevel,false,2026-07-21T20:50:23.275Z,true,2026-07-21T20:50:23.275Z,"Notice",xsd:string,2026-07-21T20:50:23.279Z,,,,
InternetGatewayDevice.X_ZHONE_Dot1xPaeSystemObject.Dot1xPaePortTable.2,true,2026-07-21T20:50:23.275Z,true,2026-07-21T20:50:23.275Z,"",,,,,,
InternetGatewayDevice.X_ZHONE_Dot1xPaeSystemObject.Dot1xPaePortTable.2.Dot1xPaePortAuthControl,false,2026-07-21T20:50:23.275Z,true,2026-07-21T20:50:23.275Z,"Disabled",xsd:string,2026-07-21T20:50:23.279Z,,,,
InternetGatewayDevice.X_ZHONE_Dot1xPaeSystemObject.Dot1xPaePortTable.2.Dot1xPaePortCapabilities,false,2026-07-21T20:50:23.275Z,false,2026-07-21T20:50:23.275Z,"1",xsd:unsignedInt,2026-07-21T20:50:23.279Z,,,,
InternetGatewayDevice.X_ZHONE_Dot1xPaeSystemObject.Dot1xPaePortTable.2.Dot1xPaePortInitialize,false,2026-07-21T20:50:23.275Z,true,2026-07-21T20:50:23.275Z,"false",xsd:boolean,2026-07-21T20:50:23.279Z,,,,
InternetGatewayDevice.X_ZHONE_Dot1xPaeSystemObject.Dot1xPaePortTable.2.Dot1xPaePortName,false,2026-07-21T20:50:23.275Z,true,2026-07-21T20:50:23.275Z,"eth2",xsd:string,2026-07-21T20:50:23.279Z,,,,
InternetGatewayDevice.X_ZHONE_Dot1xPaeSystemObject.Dot1xPaePortTable.2.Dot1xPaePortNumber,false,2026-07-21T20:50:23.275Z,true,2026-07-21T20:50:23.275Z,"2",xsd:int,2026-07-21T20:50:23.279Z,,,,
InternetGatewayDevice.X_ZHONE_Dot1xPaeSystemObject.Dot1xPaePortTable.2.Dot1xPaePortProtocolVersion,false,2026-07-21T20:50:23.275Z,false,2026-07-21T20:50:23.275Z,"2",xsd:unsignedInt,2026-07-21T20:50:23.279Z,,,,
InternetGatewayDevice.X_ZHONE_Dot1xPaeSystemObject.Dot1xPaePortTable.2.Dot1xPaePortReauthenticate,false,2026-07-21T20:50:23.275Z,true,2026-07-21T20:50:23.275Z,"false",xsd:boolean,2026-07-21T20:50:23.279Z,,,,
InternetGatewayDevice.X_ZHONE_Dot1xPaeSystemObject.Dot1xPaePortTable.2.LoggingDestination,false,2026-07-21T20:50:23.275Z,true,2026-07-21T20:50:23.275Z,"Syslog",xsd:string,2026-07-21T20:50:23.279Z,,,,
InternetGatewayDevice.X_ZHONE_Dot1xPaeSystemObject.Dot1xPaePortTable.2.LoggingLevel,false,2026-07-21T20:50:23.275Z,true,2026-07-21T20:50:23.275Z,"Notice",xsd:string,2026-07-21T20:50:23.279Z,,,,
InternetGatewayDevice.X_ZHONE_Dot1xPaeSystemObject.Dot1xPaePortTable.3,true,2026-07-21T20:50:23.275Z,true,2026-07-21T20:50:23.275Z,"",,,,,,
InternetGatewayDevice.X_ZHONE_Dot1xPaeSystemObject.Dot1xPaePortTable.3.Dot1xPaePortAuthControl,false,2026-07-21T20:50:23.275Z,true,2026-07-21T20:50:23.275Z,"Disabled",xsd:string,2026-07-21T20:50:23.279Z,,,,
InternetGatewayDevice.X_ZHONE_Dot1xPaeSystemObject.Dot1xPaePortTable.3.Dot1xPaePortCapabilities,false,2026-07-21T20:50:23.275Z,false,2026-07-21T20:50:23.275Z,"1",xsd:unsignedInt,2026-07-21T20:50:23.279Z,,,,
InternetGatewayDevice.X_ZHONE_Dot1xPaeSystemObject.Dot1xPaePortTable.3.Dot1xPaePortInitialize,false,2026-07-21T20:50:23.275Z,true,2026-07-21T20:50:23.275Z,"false",xsd:boolean,2026-07-21T20:50:23.279Z,,,,
InternetGatewayDevice.X_ZHONE_Dot1xPaeSystemObject.Dot1xPaePortTable.3.Dot1xPaePortName,false,2026-07-21T20:50:23.275Z,true,2026-07-21T20:50:23.275Z,"eth3",xsd:string,2026-07-21T20:50:23.279Z,,,,
InternetGatewayDevice.X_ZHONE_Dot1xPaeSystemObject.Dot1xPaePortTable.3.Dot1xPaePortNumber,false,2026-07-21T20:50:23.275Z,true,2026-07-21T20:50:23.275Z,"3",xsd:int,2026-07-21T20:50:23.279Z,,,,
InternetGatewayDevice.X_ZHONE_Dot1xPaeSystemObject.Dot1xPaePortTable.3.Dot1xPaePortProtocolVersion,false,2026-07-21T20:50:23.275Z,false,2026-07-21T20:50:23.275Z,"2",xsd:unsignedInt,2026-07-21T20:50:23.279Z,,,,
InternetGatewayDevice.X_ZHONE_Dot1xPaeSystemObject.Dot1xPaePortTable.3.Dot1xPaePortReauthenticate,false,2026-07-21T20:50:23.275Z,true,2026-07-21T20:50:23.275Z,"false",xsd:boolean,2026-07-21T20:50:23.279Z,,,,
InternetGatewayDevice.X_ZHONE_Dot1xPaeSystemObject.Dot1xPaePortTable.3.LoggingDestination,false,2026-07-21T20:50:23.275Z,true,2026-07-21T20:50:23.275Z,"Syslog",xsd:string,2026-07-21T20:50:23.279Z,,,,
InternetGatewayDevice.X_ZHONE_Dot1xPaeSystemObject.Dot1xPaePortTable.3.LoggingLevel,false,2026-07-21T20:50:23.275Z,true,2026-07-21T20:50:23.275Z,"Notice",xsd:string,2026-07-21T20:50:23.279Z,,,,
InternetGatewayDevice.X_ZHONE_Dot1xPaeSystemObject.Dot1xPaePortTable.4,true,2026-07-21T20:50:23.275Z,true,2026-07-21T20:50:23.275Z,"",,,,,,
InternetGatewayDevice.X_ZHONE_Dot1xPaeSystemObject.Dot1xPaePortTable.4.Dot1xPaePortAuthControl,false,2026-07-21T20:50:23.275Z,true,2026-07-21T20:50:23.275Z,"Disabled",xsd:string,2026-07-21T20:50:23.279Z,,,,
InternetGatewayDevice.X_ZHONE_Dot1xPaeSystemObject.Dot1xPaePortTable.4.Dot1xPaePortCapabilities,false,2026-07-21T20:50:23.275Z,false,2026-07-21T20:50:23.275Z,"1",xsd:unsignedInt,2026-07-21T20:50:23.279Z,,,,
InternetGatewayDevice.X_ZHONE_Dot1xPaeSystemObject.Dot1xPaePortTable.4.Dot1xPaePortInitialize,false,2026-07-21T20:50:23.275Z,true,2026-07-21T20:50:23.275Z,"false",xsd:boolean,2026-07-21T20:50:23.279Z,,,,
InternetGatewayDevice.X_ZHONE_Dot1xPaeSystemObject.Dot1xPaePortTable.4.Dot1xPaePortName,false,2026-07-21T20:50:23.275Z,true,2026-07-21T20:50:23.275Z,"eth4",xsd:string,2026-07-21T20:50:23.279Z,,,,
InternetGatewayDevice.X_ZHONE_Dot1xPaeSystemObject.Dot1xPaePortTable.4.Dot1xPaePortNumber,false,2026-07-21T20:50:23.275Z,true,2026-07-21T20:50:23.275Z,"4",xsd:int,2026-07-21T20:50:23.279Z,,,,
InternetGatewayDevice.X_ZHONE_Dot1xPaeSystemObject.Dot1xPaePortTable.4.Dot1xPaePortProtocolVersion,false,2026-07-21T20:50:23.275Z,false,2026-07-21T20:50:23.275Z,"2",xsd:unsignedInt,2026-07-21T20:50:23.279Z,,,,
InternetGatewayDevice.X_ZHONE_Dot1xPaeSystemObject.Dot1xPaePortTable.4.Dot1xPaePortReauthenticate,false,2026-07-21T20:50:23.275Z,true,2026-07-21T20:50:23.275Z,"false",xsd:boolean,2026-07-21T20:50:23.279Z,,,,
InternetGatewayDevice.X_ZHONE_Dot1xPaeSystemObject.Dot1xPaePortTable.4.LoggingDestination,false,2026-07-21T20:50:23.275Z,true,2026-07-21T20:50:23.275Z,"Syslog",xsd:string,2026-07-21T20:50:23.279Z,,,,
InternetGatewayDevice.X_ZHONE_Dot1xPaeSystemObject.Dot1xPaePortTable.4.LoggingLevel,false,2026-07-21T20:50:23.275Z,true,2026-07-21T20:50:23.275Z,"Notice",xsd:string,2026-07-21T20:50:23.279Z,,,,
InternetGatewayDevice.X_ZHONE_Dot1xPaeSystemObject.RadiusAccClient,true,2026-07-21T20:50:23.275Z,false,2026-07-21T20:50:23.275Z,"",,,,,,
InternetGatewayDevice.X_ZHONE_Dot1xPaeSystemObject.RadiusAccClient.RadiusAccClientIdentifier,false,2026-07-21T20:50:23.275Z,true,2026-07-21T20:50:23.275Z,"ZNID24xx-Router",xsd:string,2026-07-21T20:50:23.279Z,,,,
InternetGatewayDevice.X_ZHONE_Dot1xPaeSystemObject.RadiusAccClient.RadiusAccClientInvalidServerAddresses,false,2026-07-21T20:50:23.275Z,false,2026-07-21T20:50:23.275Z,"0",xsd:unsignedInt,2026-07-21T20:50:23.279Z,,,,
InternetGatewayDevice.X_ZHONE_Dot1xPaeSystemObject.RadiusAccServerTable,true,2026-07-21T20:50:23.275Z,true,2026-07-21T20:50:23.275Z,"",,,,,,
InternetGatewayDevice.X_ZHONE_Dot1xPaeSystemObject.RadiusAccServerTable.1,true,2026-07-21T20:50:23.275Z,true,2026-07-21T20:50:23.275Z,"",,,,,,
InternetGatewayDevice.X_ZHONE_Dot1xPaeSystemObject.RadiusAccServerTable.1.RadiusAccClientBadAuthenticators,false,2026-07-21T20:50:23.275Z,false,2026-07-21T20:50:23.275Z,"0",xsd:unsignedInt,2026-07-21T20:50:23.279Z,,,,
InternetGatewayDevice.X_ZHONE_Dot1xPaeSystemObject.RadiusAccServerTable.1.RadiusAccClientMalformedResponses,false,2026-07-21T20:50:23.275Z,false,2026-07-21T20:50:23.275Z,"0",xsd:unsignedInt,2026-07-21T20:50:23.279Z,,,,
InternetGatewayDevice.X_ZHONE_Dot1xPaeSystemObject.RadiusAccServerTable.1.RadiusAccClientPacketsDropped,false,2026-07-21T20:50:23.275Z,false,2026-07-21T20:50:23.275Z,"0",xsd:unsignedInt,2026-07-21T20:50:23.279Z,,,,
InternetGatewayDevice.X_ZHONE_Dot1xPaeSystemObject.RadiusAccServerTable.1.RadiusAccClientPendingRequests,false,2026-07-21T20:50:23.275Z,false,2026-07-21T20:50:23.275Z,"0",xsd:unsignedInt,2026-07-21T20:50:23.279Z,,,,
InternetGatewayDevice.X_ZHONE_Dot1xPaeSystemObject.RadiusAccServerTable.1.RadiusAccClientRequests,false,2026-07-21T20:50:23.275Z,false,2026-07-21T20:50:23.275Z,"0",xsd:unsignedInt,2026-07-21T20:50:23.279Z,,,,
InternetGatewayDevice.X_ZHONE_Dot1xPaeSystemObject.RadiusAccServerTable.1.RadiusAccClientResponses,false,2026-07-21T20:50:23.275Z,false,2026-07-21T20:50:23.275Z,"0",xsd:unsignedInt,2026-07-21T20:50:23.279Z,,,,
InternetGatewayDevice.X_ZHONE_Dot1xPaeSystemObject.RadiusAccServerTable.1.RadiusAccClientRetransmissions,false,2026-07-21T20:50:23.275Z,false,2026-07-21T20:50:23.275Z,"0",xsd:unsignedInt,2026-07-21T20:50:23.279Z,,,,
InternetGatewayDevice.X_ZHONE_Dot1xPaeSystemObject.RadiusAccServerTable.1.RadiusAccClientRoundTripTime,false,2026-07-21T20:50:23.275Z,false,2026-07-21T20:50:23.275Z,"0",xsd:unsignedInt,2026-07-21T20:50:23.279Z,,,,
InternetGatewayDevice.X_ZHONE_Dot1xPaeSystemObject.RadiusAccServerTable.1.RadiusAccClientServerPrimaryPortNumber,false,2026-07-21T20:50:23.275Z,true,2026-07-21T20:50:23.275Z,"1813",xsd:unsignedInt,2026-07-21T20:50:23.279Z,,,,
InternetGatewayDevice.X_ZHONE_Dot1xPaeSystemObject.RadiusAccServerTable.1.RadiusAccClientServerSecondaryPortNumber,false,2026-07-21T20:50:23.275Z,true,2026-07-21T20:50:23.275Z,"1813",xsd:unsignedInt,2026-07-21T20:50:23.279Z,,,,
InternetGatewayDevice.X_ZHONE_Dot1xPaeSystemObject.RadiusAccServerTable.1.RadiusAccClientTimeouts,false,2026-07-21T20:50:23.275Z,false,2026-07-21T20:50:23.275Z,"0",xsd:unsignedInt,2026-07-21T20:50:23.279Z,,,,
InternetGatewayDevice.X_ZHONE_Dot1xPaeSystemObject.RadiusAccServerTable.1.RadiusAccClientUnknownTypes,false,2026-07-21T20:50:23.275Z,false,2026-07-21T20:50:23.275Z,"0",xsd:unsignedInt,2026-07-21T20:50:23.279Z,,,,
InternetGatewayDevice.X_ZHONE_Dot1xPaeSystemObject.RadiusAccServerTable.1.RadiusAccServerIndex,false,2026-07-21T20:50:23.275Z,true,2026-07-21T20:50:23.275Z,"1",xsd:unsignedInt,2026-07-21T20:50:23.279Z,,,,
InternetGatewayDevice.X_ZHONE_Dot1xPaeSystemObject.RadiusAccServerTable.1.RadiusAccServerPrimaryAddress,false,2026-07-21T20:50:23.275Z,true,2026-07-21T20:50:23.275Z,"127.0.0.1",xsd:string,2026-07-21T20:50:23.279Z,,,,
InternetGatewayDevice.X_ZHONE_Dot1xPaeSystemObject.RadiusAccServerTable.1.RadiusAccServerSecondaryAddress,false,2026-07-21T20:50:23.275Z,true,2026-07-21T20:50:23.275Z,"0.0.0.0",xsd:string,2026-07-21T20:50:23.279Z,,,,
InternetGatewayDevice.X_ZHONE_Dot1xPaeSystemObject.RadiusAccServerTable.2,true,2026-07-21T20:50:23.275Z,true,2026-07-21T20:50:23.275Z,"",,,,,,
InternetGatewayDevice.X_ZHONE_Dot1xPaeSystemObject.RadiusAccServerTable.2.RadiusAccClientBadAuthenticators,false,2026-07-21T20:50:23.275Z,false,2026-07-21T20:50:23.275Z,"0",xsd:unsignedInt,2026-07-21T20:50:23.279Z,,,,
InternetGatewayDevice.X_ZHONE_Dot1xPaeSystemObject.RadiusAccServerTable.2.RadiusAccClientMalformedResponses,false,2026-07-21T20:50:23.275Z,false,2026-07-21T20:50:23.275Z,"0",xsd:unsignedInt,2026-07-21T20:50:23.279Z,,,,
InternetGatewayDevice.X_ZHONE_Dot1xPaeSystemObject.RadiusAccServerTable.2.RadiusAccClientPacketsDropped,false,2026-07-21T20:50:23.275Z,false,2026-07-21T20:50:23.275Z,"0",xsd:unsignedInt,2026-07-21T20:50:23.279Z,,,,
InternetGatewayDevice.X_ZHONE_Dot1xPaeSystemObject.RadiusAccServerTable.2.RadiusAccClientPendingRequests,false,2026-07-21T20:50:23.275Z,false,2026-07-21T20:50:23.275Z,"0",xsd:unsignedInt,2026-07-21T20:50:23.279Z,,,,
InternetGatewayDevice.X_ZHONE_Dot1xPaeSystemObject.RadiusAccServerTable.2.RadiusAccClientRequests,false,2026-07-21T20:50:23.275Z,false,2026-07-21T20:50:23.275Z,"0",xsd:unsignedInt,2026-07-21T20:50:23.279Z,,,,
InternetGatewayDevice.X_ZHONE_Dot1xPaeSystemObject.RadiusAccServerTable.2.RadiusAccClientResponses,false,2026-07-21T20:50:23.275Z,false,2026-07-21T20:50:23.275Z,"0",xsd:unsignedInt,2026-07-21T20:50:23.279Z,,,,
InternetGatewayDevice.X_ZHONE_Dot1xPaeSystemObject.RadiusAccServerTable.2.RadiusAccClientRetransmissions,false,2026-07-21T20:50:23.275Z,false,2026-07-21T20:50:23.275Z,"0",xsd:unsignedInt,2026-07-21T20:50:23.279Z,,,,
InternetGatewayDevice.X_ZHONE_Dot1xPaeSystemObject.RadiusAccServerTable.2.RadiusAccClientRoundTripTime,false,2026-07-21T20:50:23.275Z,false,2026-07-21T20:50:23.275Z,"0",xsd:unsignedInt,2026-07-21T20:50:23.279Z,,,,
InternetGatewayDevice.X_ZHONE_Dot1xPaeSystemObject.RadiusAccServerTable.2.RadiusAccClientServerPrimaryPortNumber,false,2026-07-21T20:50:23.275Z,true,2026-07-21T20:50:23.275Z,"1813",xsd:unsignedInt,2026-07-21T20:50:23.279Z,,,,
InternetGatewayDevice.X_ZHONE_Dot1xPaeSystemObject.RadiusAccServerTable.2.RadiusAccClientServerSecondaryPortNumber,false,2026-07-21T20:50:23.275Z,true,2026-07-21T20:50:23.275Z,"1813",xsd:unsignedInt,2026-07-21T20:50:23.279Z,,,,
InternetGatewayDevice.X_ZHONE_Dot1xPaeSystemObject.RadiusAccServerTable.2.RadiusAccClientTimeouts,false,2026-07-21T20:50:23.275Z,false,2026-07-21T20:50:23.275Z,"0",xsd:unsignedInt,2026-07-21T20:50:23.279Z,,,,
InternetGatewayDevice.X_ZHONE_Dot1xPaeSystemObject.RadiusAccServerTable.2.RadiusAccClientUnknownTypes,false,2026-07-21T20:50:23.275Z,false,2026-07-21T20:50:23.275Z,"0",xsd:unsignedInt,2026-07-21T20:50:23.279Z,,,,
InternetGatewayDevice.X_ZHONE_Dot1xPaeSystemObject.RadiusAccServerTable.2.RadiusAccServerIndex,false,2026-07-21T20:50:23.275Z,true,2026-07-21T20:50:23.275Z,"2",xsd:unsignedInt,2026-07-21T20:50:23.279Z,,,,
InternetGatewayDevice.X_ZHONE_Dot1xPaeSystemObject.RadiusAccServerTable.2.RadiusAccServerPrimaryAddress,false,2026-07-21T20:50:23.275Z,true,2026-07-21T20:50:23.275Z,"127.0.0.1",xsd:string,2026-07-21T20:50:23.279Z,,,,
InternetGatewayDevice.X_ZHONE_Dot1xPaeSystemObject.RadiusAccServerTable.2.RadiusAccServerSecondaryAddress,false,2026-07-21T20:50:23.275Z,true,2026-07-21T20:50:23.275Z,"0.0.0.0",xsd:string,2026-07-21T20:50:23.279Z,,,,
InternetGatewayDevice.X_ZHONE_Dot1xPaeSystemObject.RadiusAccServerTable.3,true,2026-07-21T20:50:23.275Z,true,2026-07-21T20:50:23.275Z,"",,,,,,
InternetGatewayDevice.X_ZHONE_Dot1xPaeSystemObject.RadiusAccServerTable.3.RadiusAccClientBadAuthenticators,false,2026-07-21T20:50:23.275Z,false,2026-07-21T20:50:23.275Z,"0",xsd:unsignedInt,2026-07-21T20:50:23.279Z,,,,
InternetGatewayDevice.X_ZHONE_Dot1xPaeSystemObject.RadiusAccServerTable.3.RadiusAccClientMalformedResponses,false,2026-07-21T20:50:23.275Z,false,2026-07-21T20:50:23.275Z,"0",xsd:unsignedInt,2026-07-21T20:50:23.279Z,,,,
InternetGatewayDevice.X_ZHONE_Dot1xPaeSystemObject.RadiusAccServerTable.3.RadiusAccClientPacketsDropped,false,2026-07-21T20:50:23.275Z,false,2026-07-21T20:50:23.275Z,"0",xsd:unsignedInt,2026-07-21T20:50:23.279Z,,,,
InternetGatewayDevice.X_ZHONE_Dot1xPaeSystemObject.RadiusAccServerTable.3.RadiusAccClientPendingRequests,false,2026-07-21T20:50:23.275Z,false,2026-07-21T20:50:23.275Z,"0",xsd:unsignedInt,2026-07-21T20:50:23.279Z,,,,
InternetGatewayDevice.X_ZHONE_Dot1xPaeSystemObject.RadiusAccServerTable.3.RadiusAccClientRequests,false,2026-07-21T20:50:23.275Z,false,2026-07-21T20:50:23.275Z,"0",xsd:unsignedInt,2026-07-21T20:50:23.279Z,,,,
InternetGatewayDevice.X_ZHONE_Dot1xPaeSystemObject.RadiusAccServerTable.3.RadiusAccClientResponses,false,2026-07-21T20:50:23.275Z,false,2026-07-21T20:50:23.275Z,"0",xsd:unsignedInt,2026-07-21T20:50:23.279Z,,,,
InternetGatewayDevice.X_ZHONE_Dot1xPaeSystemObject.RadiusAccServerTable.3.RadiusAccClientRetransmissions,false,2026-07-21T20:50:23.275Z,false,2026-07-21T20:50:23.275Z,"0",xsd:unsignedInt,2026-07-21T20:50:23.279Z,,,,
InternetGatewayDevice.X_ZHONE_Dot1xPaeSystemObject.RadiusAccServerTable.3.RadiusAccClientRoundTripTime,false,2026-07-21T20:50:23.275Z,false,2026-07-21T20:50:23.275Z,"0",xsd:unsignedInt,2026-07-21T20:50:23.279Z,,,,
InternetGatewayDevice.X_ZHONE_Dot1xPaeSystemObject.RadiusAccServerTable.3.RadiusAccClientServerPrimaryPortNumber,false,2026-07-21T20:50:23.275Z,true,2026-07-21T20:50:23.275Z,"1813",xsd:unsignedInt,2026-07-21T20:50:23.279Z,,,,
InternetGatewayDevice.X_ZHONE_Dot1xPaeSystemObject.RadiusAccServerTable.3.RadiusAccClientServerSecondaryPortNumber,false,2026-07-21T20:50:23.275Z,true,2026-07-21T20:50:23.275Z,"1813",xsd:unsignedInt,2026-07-21T20:50:23.279Z,,,,
InternetGatewayDevice.X_ZHONE_Dot1xPaeSystemObject.RadiusAccServerTable.3.RadiusAccClientTimeouts,false,2026-07-21T20:50:23.275Z,false,2026-07-21T20:50:23.275Z,"0",xsd:unsignedInt,2026-07-21T20:50:23.279Z,,,,
InternetGatewayDevice.X_ZHONE_Dot1xPaeSystemObject.RadiusAccServerTable.3.RadiusAccClientUnknownTypes,false,2026-07-21T20:50:23.275Z,false,2026-07-21T20:50:23.275Z,"0",xsd:unsignedInt,2026-07-21T20:50:23.279Z,,,,
InternetGatewayDevice.X_ZHONE_Dot1xPaeSystemObject.RadiusAccServerTable.3.RadiusAccServerIndex,false,2026-07-21T20:50:23.275Z,true,2026-07-21T20:50:23.275Z,"3",xsd:unsignedInt,2026-07-21T20:50:23.279Z,,,,
InternetGatewayDevice.X_ZHONE_Dot1xPaeSystemObject.RadiusAccServerTable.3.RadiusAccServerPrimaryAddress,false,2026-07-21T20:50:23.275Z,true,2026-07-21T20:50:23.275Z,"127.0.0.1",xsd:string,2026-07-21T20:50:23.279Z,,,,
InternetGatewayDevice.X_ZHONE_Dot1xPaeSystemObject.RadiusAccServerTable.3.RadiusAccServerSecondaryAddress,false,2026-07-21T20:50:23.275Z,true,2026-07-21T20:50:23.275Z,"0.0.0.0",xsd:string,2026-07-21T20:50:23.279Z,,,,
InternetGatewayDevice.X_ZHONE_Dot1xPaeSystemObject.RadiusAccServerTable.4,true,2026-07-21T20:50:23.275Z,true,2026-07-21T20:50:23.275Z,"",,,,,,
InternetGatewayDevice.X_ZHONE_Dot1xPaeSystemObject.RadiusAccServerTable.4.RadiusAccClientBadAuthenticators,false,2026-07-21T20:50:23.275Z,false,2026-07-21T20:50:23.275Z,"0",xsd:unsignedInt,2026-07-21T20:50:23.279Z,,,,
InternetGatewayDevice.X_ZHONE_Dot1xPaeSystemObject.RadiusAccServerTable.4.RadiusAccClientMalformedResponses,false,2026-07-21T20:50:23.275Z,false,2026-07-21T20:50:23.275Z,"0",xsd:unsignedInt,2026-07-21T20:50:23.279Z,,,,
InternetGatewayDevice.X_ZHONE_Dot1xPaeSystemObject.RadiusAccServerTable.4.RadiusAccClientPacketsDropped,false,2026-07-21T20:50:23.275Z,false,2026-07-21T20:50:23.275Z,"0",xsd:unsignedInt,2026-07-21T20:50:23.279Z,,,,
InternetGatewayDevice.X_ZHONE_Dot1xPaeSystemObject.RadiusAccServerTable.4.RadiusAccClientPendingRequests,false,2026-07-21T20:50:23.275Z,false,2026-07-21T20:50:23.275Z,"0",xsd:unsignedInt,2026-07-21T20:50:23.279Z,,,,
InternetGatewayDevice.X_ZHONE_Dot1xPaeSystemObject.RadiusAccServerTable.4.RadiusAccClientRequests,false,2026-07-21T20:50:23.275Z,false,2026-07-21T20:50:23.275Z,"0",xsd:unsignedInt,2026-07-21T20:50:23.279Z,,,,
InternetGatewayDevice.X_ZHONE_Dot1xPaeSystemObject.RadiusAccServerTable.4.RadiusAccClientResponses,false,2026-07-21T20:50:23.275Z,false,2026-07-21T20:50:23.275Z,"0",xsd:unsignedInt,2026-07-21T20:50:23.279Z,,,,
InternetGatewayDevice.X_ZHONE_Dot1xPaeSystemObject.RadiusAccServerTable.4.RadiusAccClientRetransmissions,false,2026-07-21T20:50:23.275Z,false,2026-07-21T20:50:23.275Z,"0",xsd:unsignedInt,2026-07-21T20:50:23.279Z,,,,
InternetGatewayDevice.X_ZHONE_Dot1xPaeSystemObject.RadiusAccServerTable.4.RadiusAccClientRoundTripTime,false,2026-07-21T20:50:23.275Z,false,2026-07-21T20:50:23.275Z,"0",xsd:unsignedInt,2026-07-21T20:50:23.279Z,,,,
InternetGatewayDevice.X_ZHONE_Dot1xPaeSystemObject.RadiusAccServerTable.4.RadiusAccClientServerPrimaryPortNumber,false,2026-07-21T20:50:23.275Z,true,2026-07-21T20:50:23.275Z,"1813",xsd:unsignedInt,2026-07-21T20:50:23.279Z,,,,
InternetGatewayDevice.X_ZHONE_Dot1xPaeSystemObject.RadiusAccServerTable.4.RadiusAccClientServerSecondaryPortNumber,false,2026-07-21T20:50:23.275Z,true,2026-07-21T20:50:23.275Z,"1813",xsd:unsignedInt,2026-07-21T20:50:23.279Z,,,,
InternetGatewayDevice.X_ZHONE_Dot1xPaeSystemObject.RadiusAccServerTable.4.RadiusAccClientTimeouts,false,2026-07-21T20:50:23.275Z,false,2026-07-21T20:50:23.275Z,"0",xsd:unsignedInt,2026-07-21T20:50:23.279Z,,,,
InternetGatewayDevice.X_ZHONE_Dot1xPaeSystemObject.RadiusAccServerTable.4.RadiusAccClientUnknownTypes,false,2026-07-21T20:50:23.275Z,false,2026-07-21T20:50:23.275Z,"0",xsd:unsignedInt,2026-07-21T20:50:23.279Z,,,,
InternetGatewayDevice.X_ZHONE_Dot1xPaeSystemObject.RadiusAccServerTable.4.RadiusAccServerIndex,false,2026-07-21T20:50:23.275Z,true,2026-07-21T20:50:23.275Z,"4",xsd:unsignedInt,2026-07-21T20:50:23.279Z,,,,
InternetGatewayDevice.X_ZHONE_Dot1xPaeSystemObject.RadiusAccServerTable.4.RadiusAccServerPrimaryAddress,false,2026-07-21T20:50:23.275Z,true,2026-07-21T20:50:23.275Z,"127.0.0.1",xsd:string,2026-07-21T20:50:23.279Z,,,,
InternetGatewayDevice.X_ZHONE_Dot1xPaeSystemObject.RadiusAccServerTable.4.RadiusAccServerSecondaryAddress,false,2026-07-21T20:50:23.275Z,true,2026-07-21T20:50:23.275Z,"0.0.0.0",xsd:string,2026-07-21T20:50:23.279Z,,,,
InternetGatewayDevice.X_ZHONE_Dot1xPaeSystemObject.RadiusAuthClient,true,2026-07-21T20:50:23.275Z,false,2026-07-21T20:50:23.275Z,"",,,,,,
InternetGatewayDevice.X_ZHONE_Dot1xPaeSystemObject.RadiusAuthClient.RadiusAuthClientIdentifier,false,2026-07-21T20:50:23.275Z,true,2026-07-21T20:50:23.275Z,"ZNID24xx-Router",xsd:string,2026-07-21T20:50:23.279Z,,,,
InternetGatewayDevice.X_ZHONE_Dot1xPaeSystemObject.RadiusAuthClient.RadiusAuthClientInvalidServerAddresses,false,2026-07-21T20:50:23.275Z,false,2026-07-21T20:50:23.275Z,"0",xsd:unsignedInt,2026-07-21T20:50:23.279Z,,,,
InternetGatewayDevice.X_ZHONE_Dot1xPaeSystemObject.RadiusAuthServerTable,true,2026-07-21T20:50:23.275Z,true,2026-07-21T20:50:23.275Z,"",,,,,,
InternetGatewayDevice.X_ZHONE_Dot1xPaeSystemObject.RadiusAuthServerTable.1,true,2026-07-21T20:50:23.275Z,true,2026-07-21T20:50:23.275Z,"",,,,,,
InternetGatewayDevice.X_ZHONE_Dot1xPaeSystemObject.RadiusAuthServerTable.1.RadiusAuthClientAccessAccepts,false,2026-07-21T20:50:23.275Z,false,2026-07-21T20:50:23.275Z,"0",xsd:unsignedInt,2026-07-21T20:50:23.279Z,,,,
InternetGatewayDevice.X_ZHONE_Dot1xPaeSystemObject.RadiusAuthServerTable.1.RadiusAuthClientAccessChallenges,false,2026-07-21T20:50:23.275Z,false,2026-07-21T20:50:23.275Z,"0",xsd:unsignedInt,2026-07-21T20:50:23.279Z,,,,
InternetGatewayDevice.X_ZHONE_Dot1xPaeSystemObject.RadiusAuthServerTable.1.RadiusAuthClientAccessRejects,false,2026-07-21T20:50:23.275Z,false,2026-07-21T20:50:23.275Z,"0",xsd:unsignedInt,2026-07-21T20:50:23.279Z,,,,
InternetGatewayDevice.X_ZHONE_Dot1xPaeSystemObject.RadiusAuthServerTable.1.RadiusAuthClientAccessRequests,false,2026-07-21T20:50:23.275Z,false,2026-07-21T20:50:23.275Z,"0",xsd:unsignedInt,2026-07-21T20:50:23.279Z,,,,
InternetGatewayDevice.X_ZHONE_Dot1xPaeSystemObject.RadiusAuthServerTable.1.RadiusAuthClientAccessRetransmissions,false,2026-07-21T20:50:23.275Z,false,2026-07-21T20:50:23.275Z,"0",xsd:unsignedInt,2026-07-21T20:50:23.279Z,,,,
InternetGatewayDevice.X_ZHONE_Dot1xPaeSystemObject.RadiusAuthServerTable.1.RadiusAuthClientBadAuthenticators,false,2026-07-21T20:50:23.275Z,false,2026-07-21T20:50:23.275Z,"0",xsd:unsignedInt,2026-07-21T20:50:23.279Z,,,,
InternetGatewayDevice.X_ZHONE_Dot1xPaeSystemObject.RadiusAuthServerTable.1.RadiusAuthClientMalformedAccessResponses,false,2026-07-21T20:50:23.275Z,false,2026-07-21T20:50:23.275Z,"0",xsd:unsignedInt,2026-07-21T20:50:23.279Z,,,,
InternetGatewayDevice.X_ZHONE_Dot1xPaeSystemObject.RadiusAuthServerTable.1.RadiusAuthClientPacketsDropped,false,2026-07-21T20:50:23.275Z,false,2026-07-21T20:50:23.275Z,"0",xsd:unsignedInt,2026-07-21T20:50:23.279Z,,,,
InternetGatewayDevice.X_ZHONE_Dot1xPaeSystemObject.RadiusAuthServerTable.1.RadiusAuthClientPendingRequests,false,2026-07-21T20:50:23.275Z,false,2026-07-21T20:50:23.275Z,"0",xsd:unsignedInt,2026-07-21T20:50:23.279Z,,,,
InternetGatewayDevice.X_ZHONE_Dot1xPaeSystemObject.RadiusAuthServerTable.1.RadiusAuthClientRoundTripTime,false,2026-07-21T20:50:23.275Z,false,2026-07-21T20:50:23.275Z,"0",xsd:unsignedInt,2026-07-21T20:50:23.279Z,,,,
InternetGatewayDevice.X_ZHONE_Dot1xPaeSystemObject.RadiusAuthServerTable.1.RadiusAuthClientServerPrimaryPortNumber,false,2026-07-21T20:50:23.275Z,true,2026-07-21T20:50:23.275Z,"1812",xsd:unsignedInt,2026-07-21T20:50:23.279Z,,,,
InternetGatewayDevice.X_ZHONE_Dot1xPaeSystemObject.RadiusAuthServerTable.1.RadiusAuthClientServerSecondaryPortNumber,false,2026-07-21T20:50:23.275Z,true,2026-07-21T20:50:23.275Z,"1812",xsd:unsignedInt,2026-07-21T20:50:23.279Z,,,,
InternetGatewayDevice.X_ZHONE_Dot1xPaeSystemObject.RadiusAuthServerTable.1.RadiusAuthClientTimeouts,false,2026-07-21T20:50:23.275Z,false,2026-07-21T20:50:23.275Z,"0",xsd:unsignedInt,2026-07-21T20:50:23.279Z,,,,
InternetGatewayDevice.X_ZHONE_Dot1xPaeSystemObject.RadiusAuthServerTable.1.RadiusAuthClientUnknownTypes,false,2026-07-21T20:50:23.275Z,false,2026-07-21T20:50:23.275Z,"0",xsd:unsignedInt,2026-07-21T20:50:23.279Z,,,,
InternetGatewayDevice.X_ZHONE_Dot1xPaeSystemObject.RadiusAuthServerTable.1.RadiusAuthServerIndex,false,2026-07-21T20:50:23.275Z,true,2026-07-21T20:50:23.275Z,"1",xsd:unsignedInt,2026-07-21T20:50:23.279Z,,,,
InternetGatewayDevice.X_ZHONE_Dot1xPaeSystemObject.RadiusAuthServerTable.1.RadiusAuthServerPrimaryAddress,false,2026-07-21T20:50:23.275Z,true,2026-07-21T20:50:23.275Z,"127.0.0.1",xsd:string,2026-07-21T20:50:23.279Z,,,,
InternetGatewayDevice.X_ZHONE_Dot1xPaeSystemObject.RadiusAuthServerTable.1.RadiusAuthServerSecondaryAddress,false,2026-07-21T20:50:23.275Z,true,2026-07-21T20:50:23.275Z,"0.0.0.0",xsd:string,2026-07-21T20:50:23.279Z,,,,
InternetGatewayDevice.X_ZHONE_Dot1xPaeSystemObject.RadiusAuthServerTable.2,true,2026-07-21T20:50:23.275Z,true,2026-07-21T20:50:23.275Z,"",,,,,,
InternetGatewayDevice.X_ZHONE_Dot1xPaeSystemObject.RadiusAuthServerTable.2.RadiusAuthClientAccessAccepts,false,2026-07-21T20:50:23.275Z,false,2026-07-21T20:50:23.275Z,"0",xsd:unsignedInt,2026-07-21T20:50:23.279Z,,,,
InternetGatewayDevice.X_ZHONE_Dot1xPaeSystemObject.RadiusAuthServerTable.2.RadiusAuthClientAccessChallenges,false,2026-07-21T20:50:23.275Z,false,2026-07-21T20:50:23.275Z,"0",xsd:unsignedInt,2026-07-21T20:50:23.279Z,,,,
InternetGatewayDevice.X_ZHONE_Dot1xPaeSystemObject.RadiusAuthServerTable.2.RadiusAuthClientAccessRejects,false,2026-07-21T20:50:23.275Z,false,2026-07-21T20:50:23.275Z,"0",xsd:unsignedInt,2026-07-21T20:50:23.279Z,,,,
InternetGatewayDevice.X_ZHONE_Dot1xPaeSystemObject.RadiusAuthServerTable.2.RadiusAuthClientAccessRequests,false,2026-07-21T20:50:23.275Z,false,2026-07-21T20:50:23.275Z,"0",xsd:unsignedInt,2026-07-21T20:50:23.279Z,,,,
InternetGatewayDevice.X_ZHONE_Dot1xPaeSystemObject.RadiusAuthServerTable.2.RadiusAuthClientAccessRetransmissions,false,2026-07-21T20:50:23.275Z,false,2026-07-21T20:50:23.275Z,"0",xsd:unsignedInt,2026-07-21T20:50:23.279Z,,,,
InternetGatewayDevice.X_ZHONE_Dot1xPaeSystemObject.RadiusAuthServerTable.2.RadiusAuthClientBadAuthenticators,false,2026-07-21T20:50:23.275Z,false,2026-07-21T20:50:23.275Z,"0",xsd:unsignedInt,2026-07-21T20:50:23.279Z,,,,
InternetGatewayDevice.X_ZHONE_Dot1xPaeSystemObject.RadiusAuthServerTable.2.RadiusAuthClientMalformedAccessResponses,false,2026-07-21T20:50:23.275Z,false,2026-07-21T20:50:23.275Z,"0",xsd:unsignedInt,2026-07-21T20:50:23.279Z,,,,
InternetGatewayDevice.X_ZHONE_Dot1xPaeSystemObject.RadiusAuthServerTable.2.RadiusAuthClientPacketsDropped,false,2026-07-21T20:50:23.275Z,false,2026-07-21T20:50:23.275Z,"0",xsd:unsignedInt,2026-07-21T20:50:23.279Z,,,,
InternetGatewayDevice.X_ZHONE_Dot1xPaeSystemObject.RadiusAuthServerTable.2.RadiusAuthClientPendingRequests,false,2026-07-21T20:50:23.275Z,false,2026-07-21T20:50:23.275Z,"0",xsd:unsignedInt,2026-07-21T20:50:23.279Z,,,,
InternetGatewayDevice.X_ZHONE_Dot1xPaeSystemObject.RadiusAuthServerTable.2.RadiusAuthClientRoundTripTime,false,2026-07-21T20:50:23.275Z,false,2026-07-21T20:50:23.275Z,"0",xsd:unsignedInt,2026-07-21T20:50:23.279Z,,,,
InternetGatewayDevice.X_ZHONE_Dot1xPaeSystemObject.RadiusAuthServerTable.2.RadiusAuthClientServerPrimaryPortNumber,false,2026-07-21T20:50:23.275Z,true,2026-07-21T20:50:23.275Z,"1812",xsd:unsignedInt,2026-07-21T20:50:23.279Z,,,,
InternetGatewayDevice.X_ZHONE_Dot1xPaeSystemObject.RadiusAuthServerTable.2.RadiusAuthClientServerSecondaryPortNumber,false,2026-07-21T20:50:23.275Z,true,2026-07-21T20:50:23.275Z,"1812",xsd:unsignedInt,2026-07-21T20:50:23.279Z,,,,
InternetGatewayDevice.X_ZHONE_Dot1xPaeSystemObject.RadiusAuthServerTable.2.RadiusAuthClientTimeouts,false,2026-07-21T20:50:23.275Z,false,2026-07-21T20:50:23.275Z,"0",xsd:unsignedInt,2026-07-21T20:50:23.279Z,,,,
InternetGatewayDevice.X_ZHONE_Dot1xPaeSystemObject.RadiusAuthServerTable.2.RadiusAuthClientUnknownTypes,false,2026-07-21T20:50:23.275Z,false,2026-07-21T20:50:23.275Z,"0",xsd:unsignedInt,2026-07-21T20:50:23.279Z,,,,
InternetGatewayDevice.X_ZHONE_Dot1xPaeSystemObject.RadiusAuthServerTable.2.RadiusAuthServerIndex,false,2026-07-21T20:50:23.275Z,true,2026-07-21T20:50:23.275Z,"2",xsd:unsignedInt,2026-07-21T20:50:23.279Z,,,,
InternetGatewayDevice.X_ZHONE_Dot1xPaeSystemObject.RadiusAuthServerTable.2.RadiusAuthServerPrimaryAddress,false,2026-07-21T20:50:23.275Z,true,2026-07-21T20:50:23.275Z,"127.0.0.1",xsd:string,2026-07-21T20:50:23.279Z,,,,
InternetGatewayDevice.X_ZHONE_Dot1xPaeSystemObject.RadiusAuthServerTable.2.RadiusAuthServerSecondaryAddress,false,2026-07-21T20:50:23.275Z,true,2026-07-21T20:50:23.275Z,"0.0.0.0",xsd:string,2026-07-21T20:50:23.279Z,,,,
InternetGatewayDevice.X_ZHONE_Dot1xPaeSystemObject.RadiusAuthServerTable.3,true,2026-07-21T20:50:23.275Z,true,2026-07-21T20:50:23.275Z,"",,,,,,
InternetGatewayDevice.X_ZHONE_Dot1xPaeSystemObject.RadiusAuthServerTable.3.RadiusAuthClientAccessAccepts,false,2026-07-21T20:50:23.275Z,false,2026-07-21T20:50:23.275Z,"0",xsd:unsignedInt,2026-07-21T20:50:23.279Z,,,,
InternetGatewayDevice.X_ZHONE_Dot1xPaeSystemObject.RadiusAuthServerTable.3.RadiusAuthClientAccessChallenges,false,2026-07-21T20:50:23.275Z,false,2026-07-21T20:50:23.275Z,"0",xsd:unsignedInt,2026-07-21T20:50:23.279Z,,,,
InternetGatewayDevice.X_ZHONE_Dot1xPaeSystemObject.RadiusAuthServerTable.3.RadiusAuthClientAccessRejects,false,2026-07-21T20:50:23.275Z,false,2026-07-21T20:50:23.275Z,"0",xsd:unsignedInt,2026-07-21T20:50:23.279Z,,,,
InternetGatewayDevice.X_ZHONE_Dot1xPaeSystemObject.RadiusAuthServerTable.3.RadiusAuthClientAccessRequests,false,2026-07-21T20:50:23.275Z,false,2026-07-21T20:50:23.275Z,"0",xsd:unsignedInt,2026-07-21T20:50:23.279Z,,,,
InternetGatewayDevice.X_ZHONE_Dot1xPaeSystemObject.RadiusAuthServerTable.3.RadiusAuthClientAccessRetransmissions,false,2026-07-21T20:50:23.275Z,false,2026-07-21T20:50:23.275Z,"0",xsd:unsignedInt,2026-07-21T20:50:23.279Z,,,,
InternetGatewayDevice.X_ZHONE_Dot1xPaeSystemObject.RadiusAuthServerTable.3.RadiusAuthClientBadAuthenticators,false,2026-07-21T20:50:23.275Z,false,2026-07-21T20:50:23.275Z,"0",xsd:unsignedInt,2026-07-21T20:50:23.279Z,,,,
InternetGatewayDevice.X_ZHONE_Dot1xPaeSystemObject.RadiusAuthServerTable.3.RadiusAuthClientMalformedAccessResponses,false,2026-07-21T20:50:23.275Z,false,2026-07-21T20:50:23.275Z,"0",xsd:unsignedInt,2026-07-21T20:50:23.279Z,,,,
InternetGatewayDevice.X_ZHONE_Dot1xPaeSystemObject.RadiusAuthServerTable.3.RadiusAuthClientPacketsDropped,false,2026-07-21T20:50:23.275Z,false,2026-07-21T20:50:23.275Z,"0",xsd:unsignedInt,2026-07-21T20:50:23.279Z,,,,
InternetGatewayDevice.X_ZHONE_Dot1xPaeSystemObject.RadiusAuthServerTable.3.RadiusAuthClientPendingRequests,false,2026-07-21T20:50:23.275Z,false,2026-07-21T20:50:23.275Z,"0",xsd:unsignedInt,2026-07-21T20:50:23.279Z,,,,
InternetGatewayDevice.X_ZHONE_Dot1xPaeSystemObject.RadiusAuthServerTable.3.RadiusAuthClientRoundTripTime,false,2026-07-21T20:50:23.275Z,false,2026-07-21T20:50:23.275Z,"0",xsd:unsignedInt,2026-07-21T20:50:23.279Z,,,,
InternetGatewayDevice.X_ZHONE_Dot1xPaeSystemObject.RadiusAuthServerTable.3.RadiusAuthClientServerPrimaryPortNumber,false,2026-07-21T20:50:23.275Z,true,2026-07-21T20:50:23.275Z,"1812",xsd:unsignedInt,2026-07-21T20:50:23.279Z,,,,
InternetGatewayDevice.X_ZHONE_Dot1xPaeSystemObject.RadiusAuthServerTable.3.RadiusAuthClientServerSecondaryPortNumber,false,2026-07-21T20:50:23.275Z,true,2026-07-21T20:50:23.275Z,"1812",xsd:unsignedInt,2026-07-21T20:50:23.279Z,,,,
InternetGatewayDevice.X_ZHONE_Dot1xPaeSystemObject.RadiusAuthServerTable.3.RadiusAuthClientTimeouts,false,2026-07-21T20:50:23.275Z,false,2026-07-21T20:50:23.275Z,"0",xsd:unsignedInt,2026-07-21T20:50:23.279Z,,,,
InternetGatewayDevice.X_ZHONE_Dot1xPaeSystemObject.RadiusAuthServerTable.3.RadiusAuthClientUnknownTypes,false,2026-07-21T20:50:23.275Z,false,2026-07-21T20:50:23.275Z,"0",xsd:unsignedInt,2026-07-21T20:50:23.279Z,,,,
InternetGatewayDevice.X_ZHONE_Dot1xPaeSystemObject.RadiusAuthServerTable.3.RadiusAuthServerIndex,false,2026-07-21T20:50:23.275Z,true,2026-07-21T20:50:23.275Z,"3",xsd:unsignedInt,2026-07-21T20:50:23.279Z,,,,
InternetGatewayDevice.X_ZHONE_Dot1xPaeSystemObject.RadiusAuthServerTable.3.RadiusAuthServerPrimaryAddress,false,2026-07-21T20:50:23.275Z,true,2026-07-21T20:50:23.275Z,"127.0.0.1",xsd:string,2026-07-21T20:50:23.279Z,,,,
InternetGatewayDevice.X_ZHONE_Dot1xPaeSystemObject.RadiusAuthServerTable.3.RadiusAuthServerSecondaryAddress,false,2026-07-21T20:50:23.275Z,true,2026-07-21T20:50:23.275Z,"0.0.0.0",xsd:string,2026-07-21T20:50:23.279Z,,,,
InternetGatewayDevice.X_ZHONE_Dot1xPaeSystemObject.RadiusAuthServerTable.4,true,2026-07-21T20:50:23.275Z,true,2026-07-21T20:50:23.275Z,"",,,,,,
InternetGatewayDevice.X_ZHONE_Dot1xPaeSystemObject.RadiusAuthServerTable.4.RadiusAuthClientAccessAccepts,false,2026-07-21T20:50:23.275Z,false,2026-07-21T20:50:23.275Z,"0",xsd:unsignedInt,2026-07-21T20:50:23.279Z,,,,
InternetGatewayDevice.X_ZHONE_Dot1xPaeSystemObject.RadiusAuthServerTable.4.RadiusAuthClientAccessChallenges,false,2026-07-21T20:50:23.275Z,false,2026-07-21T20:50:23.275Z,"0",xsd:unsignedInt,2026-07-21T20:50:23.279Z,,,,
InternetGatewayDevice.X_ZHONE_Dot1xPaeSystemObject.RadiusAuthServerTable.4.RadiusAuthClientAccessRejects,false,2026-07-21T20:50:23.275Z,false,2026-07-21T20:50:23.275Z,"0",xsd:unsignedInt,2026-07-21T20:50:23.279Z,,,,
InternetGatewayDevice.X_ZHONE_Dot1xPaeSystemObject.RadiusAuthServerTable.4.RadiusAuthClientAccessRequests,false,2026-07-21T20:50:23.275Z,false,2026-07-21T20:50:23.275Z,"0",xsd:unsignedInt,2026-07-21T20:50:23.279Z,,,,
InternetGatewayDevice.X_ZHONE_Dot1xPaeSystemObject.RadiusAuthServerTable.4.RadiusAuthClientAccessRetransmissions,false,2026-07-21T20:50:23.275Z,false,2026-07-21T20:50:23.275Z,"0",xsd:unsignedInt,2026-07-21T20:50:23.279Z,,,,
InternetGatewayDevice.X_ZHONE_Dot1xPaeSystemObject.RadiusAuthServerTable.4.RadiusAuthClientBadAuthenticators,false,2026-07-21T20:50:23.275Z,false,2026-07-21T20:50:23.275Z,"0",xsd:unsignedInt,2026-07-21T20:50:23.279Z,,,,
InternetGatewayDevice.X_ZHONE_Dot1xPaeSystemObject.RadiusAuthServerTable.4.RadiusAuthClientMalformedAccessResponses,false,2026-07-21T20:50:23.275Z,false,2026-07-21T20:50:23.275Z,"0",xsd:unsignedInt,2026-07-21T20:50:23.279Z,,,,
InternetGatewayDevice.X_ZHONE_Dot1xPaeSystemObject.RadiusAuthServerTable.4.RadiusAuthClientPacketsDropped,false,2026-07-21T20:50:23.275Z,false,2026-07-21T20:50:23.275Z,"0",xsd:unsignedInt,2026-07-21T20:50:23.279Z,,,,
InternetGatewayDevice.X_ZHONE_Dot1xPaeSystemObject.RadiusAuthServerTable.4.RadiusAuthClientPendingRequests,false,2026-07-21T20:50:23.275Z,false,2026-07-21T20:50:23.275Z,"0",xsd:unsignedInt,2026-07-21T20:50:23.279Z,,,,
InternetGatewayDevice.X_ZHONE_Dot1xPaeSystemObject.RadiusAuthServerTable.4.RadiusAuthClientRoundTripTime,false,2026-07-21T20:50:23.275Z,false,2026-07-21T20:50:23.275Z,"0",xsd:unsignedInt,2026-07-21T20:50:23.279Z,,,,
InternetGatewayDevice.X_ZHONE_Dot1xPaeSystemObject.RadiusAuthServerTable.4.RadiusAuthClientServerPrimaryPortNumber,false,2026-07-21T20:50:23.275Z,true,2026-07-21T20:50:23.275Z,"1812",xsd:unsignedInt,2026-07-21T20:50:23.279Z,,,,
InternetGatewayDevice.X_ZHONE_Dot1xPaeSystemObject.RadiusAuthServerTable.4.RadiusAuthClientServerSecondaryPortNumber,false,2026-07-21T20:50:23.275Z,true,2026-07-21T20:50:23.275Z,"1812",xsd:unsignedInt,2026-07-21T20:50:23.279Z,,,,
InternetGatewayDevice.X_ZHONE_Dot1xPaeSystemObject.RadiusAuthServerTable.4.RadiusAuthClientTimeouts,false,2026-07-21T20:50:23.275Z,false,2026-07-21T20:50:23.275Z,"0",xsd:unsignedInt,2026-07-21T20:50:23.279Z,,,,
InternetGatewayDevice.X_ZHONE_Dot1xPaeSystemObject.RadiusAuthServerTable.4.RadiusAuthClientUnknownTypes,false,2026-07-21T20:50:23.275Z,false,2026-07-21T20:50:23.275Z,"0",xsd:unsignedInt,2026-07-21T20:50:23.279Z,,,,
InternetGatewayDevice.X_ZHONE_Dot1xPaeSystemObject.RadiusAuthServerTable.4.RadiusAuthServerIndex,false,2026-07-21T20:50:23.275Z,true,2026-07-21T20:50:23.275Z,"4",xsd:unsignedInt,2026-07-21T20:50:23.279Z,,,,
InternetGatewayDevice.X_ZHONE_Dot1xPaeSystemObject.RadiusAuthServerTable.4.RadiusAuthServerPrimaryAddress,false,2026-07-21T20:50:23.275Z,true,2026-07-21T20:50:23.275Z,"127.0.0.1",xsd:string,2026-07-21T20:50:23.279Z,,,,
InternetGatewayDevice.X_ZHONE_Dot1xPaeSystemObject.RadiusAuthServerTable.4.RadiusAuthServerSecondaryAddress,false,2026-07-21T20:50:23.275Z,true,2026-07-21T20:50:23.275Z,"0.0.0.0",xsd:string,2026-07-21T20:50:23.279Z,,,,
InternetGatewayDevice.X_ZHONE_LLDP,true,2026-07-21T20:50:23.275Z,false,2026-07-21T20:50:23.275Z,"",,,,,,
InternetGatewayDevice.X_ZHONE_LLDP.LldpApplyConfig,true,2026-07-21T20:50:23.275Z,false,2026-07-21T20:50:23.275Z,"",,,,,,
InternetGatewayDevice.X_ZHONE_LLDP.LldpApplyConfig.lldpPortNum,false,2026-07-21T20:50:23.275Z,true,2026-07-21T20:50:23.275Z,"1",xsd:unsignedInt,2026-07-21T20:50:23.279Z,,,,
InternetGatewayDevice.X_ZHONE_LLDP.LldpConfiguration,true,2026-07-21T20:50:23.275Z,false,2026-07-21T20:50:23.275Z,"",,,,,,
InternetGatewayDevice.X_ZHONE_LLDP.LldpConfiguration.LldpPortConfigEntry,true,2026-07-21T20:50:23.275Z,true,2026-07-21T20:50:23.275Z,"",,,,,,
InternetGatewayDevice.X_ZHONE_LLDP.LldpConfiguration.LldpPortConfigEntry.1,true,2026-07-21T20:50:23.275Z,true,2026-07-21T20:50:23.275Z,"",,,,,,
InternetGatewayDevice.X_ZHONE_LLDP.LldpConfiguration.LldpPortConfigEntry.1.lldpPortConfigAdminStatus,false,2026-07-21T20:50:23.275Z,true,2026-07-21T20:50:23.275Z,"3",xsd:unsignedInt,2026-07-21T20:50:23.279Z,,,,
InternetGatewayDevice.X_ZHONE_LLDP.LldpConfiguration.LldpPortConfigEntry.1.lldpPortConfigNotificationEnable,false,2026-07-21T20:50:23.275Z,true,2026-07-21T20:50:23.275Z,"false",xsd:boolean,2026-07-21T20:50:23.279Z,,,,
InternetGatewayDevice.X_ZHONE_LLDP.LldpConfiguration.LldpPortConfigEntry.1.lldpPortConfigPortNum,false,2026-07-21T20:50:23.275Z,true,2026-07-21T20:50:23.275Z,"1",xsd:unsignedInt,2026-07-21T20:50:23.279Z,,,,
InternetGatewayDevice.X_ZHONE_LLDP.LldpConfiguration.LldpPortConfigEntry.1.lldpPortConfigTLVsTxEnable,false,2026-07-21T20:50:23.275Z,true,2026-07-21T20:50:23.275Z,"0",xsd:unsignedInt,2026-07-21T20:50:23.279Z,,,,
InternetGatewayDevice.X_ZHONE_LLDP.LldpConfiguration.LldpPortConfigEntry.2,true,2026-07-21T20:50:23.275Z,true,2026-07-21T20:50:23.275Z,"",,,,,,
InternetGatewayDevice.X_ZHONE_LLDP.LldpConfiguration.LldpPortConfigEntry.2.lldpPortConfigAdminStatus,false,2026-07-21T20:50:23.275Z,true,2026-07-21T20:50:23.275Z,"3",xsd:unsignedInt,2026-07-21T20:50:23.279Z,,,,
InternetGatewayDevice.X_ZHONE_LLDP.LldpConfiguration.LldpPortConfigEntry.2.lldpPortConfigNotificationEnable,false,2026-07-21T20:50:23.275Z,true,2026-07-21T20:50:23.275Z,"false",xsd:boolean,2026-07-21T20:50:23.279Z,,,,
InternetGatewayDevice.X_ZHONE_LLDP.LldpConfiguration.LldpPortConfigEntry.2.lldpPortConfigPortNum,false,2026-07-21T20:50:23.275Z,true,2026-07-21T20:50:23.275Z,"2",xsd:unsignedInt,2026-07-21T20:50:23.279Z,,,,
InternetGatewayDevice.X_ZHONE_LLDP.LldpConfiguration.LldpPortConfigEntry.2.lldpPortConfigTLVsTxEnable,false,2026-07-21T20:50:23.275Z,true,2026-07-21T20:50:23.275Z,"0",xsd:unsignedInt,2026-07-21T20:50:23.279Z,,,,
InternetGatewayDevice.X_ZHONE_LLDP.LldpConfiguration.LldpPortConfigEntry.3,true,2026-07-21T20:50:23.275Z,true,2026-07-21T20:50:23.275Z,"",,,,,,
InternetGatewayDevice.X_ZHONE_LLDP.LldpConfiguration.LldpPortConfigEntry.3.lldpPortConfigAdminStatus,false,2026-07-21T20:50:23.275Z,true,2026-07-21T20:50:23.275Z,"3",xsd:unsignedInt,2026-07-21T20:50:23.279Z,,,,
InternetGatewayDevice.X_ZHONE_LLDP.LldpConfiguration.LldpPortConfigEntry.3.lldpPortConfigNotificationEnable,false,2026-07-21T20:50:23.275Z,true,2026-07-21T20:50:23.275Z,"false",xsd:boolean,2026-07-21T20:50:23.279Z,,,,
InternetGatewayDevice.X_ZHONE_LLDP.LldpConfiguration.LldpPortConfigEntry.3.lldpPortConfigPortNum,false,2026-07-21T20:50:23.275Z,true,2026-07-21T20:50:23.275Z,"3",xsd:unsignedInt,2026-07-21T20:50:23.279Z,,,,
InternetGatewayDevice.X_ZHONE_LLDP.LldpConfiguration.LldpPortConfigEntry.3.lldpPortConfigTLVsTxEnable,false,2026-07-21T20:50:23.275Z,true,2026-07-21T20:50:23.275Z,"0",xsd:unsignedInt,2026-07-21T20:50:23.279Z,,,,
InternetGatewayDevice.X_ZHONE_LLDP.LldpConfiguration.LldpPortConfigEntry.4,true,2026-07-21T20:50:23.275Z,true,2026-07-21T20:50:23.275Z,"",,,,,,
InternetGatewayDevice.X_ZHONE_LLDP.LldpConfiguration.LldpPortConfigEntry.4.lldpPortConfigAdminStatus,false,2026-07-21T20:50:23.275Z,true,2026-07-21T20:50:23.275Z,"3",xsd:unsignedInt,2026-07-21T20:50:23.279Z,,,,
InternetGatewayDevice.X_ZHONE_LLDP.LldpConfiguration.LldpPortConfigEntry.4.lldpPortConfigNotificationEnable,false,2026-07-21T20:50:23.275Z,true,2026-07-21T20:50:23.275Z,"false",xsd:boolean,2026-07-21T20:50:23.279Z,,,,
InternetGatewayDevice.X_ZHONE_LLDP.LldpConfiguration.LldpPortConfigEntry.4.lldpPortConfigPortNum,false,2026-07-21T20:50:23.275Z,true,2026-07-21T20:50:23.275Z,"4",xsd:unsignedInt,2026-07-21T20:50:23.279Z,,,,
InternetGatewayDevice.X_ZHONE_LLDP.LldpConfiguration.LldpPortConfigEntry.4.lldpPortConfigTLVsTxEnable,false,2026-07-21T20:50:23.275Z,true,2026-07-21T20:50:23.275Z,"0",xsd:unsignedInt,2026-07-21T20:50:23.279Z,,,,
InternetGatewayDevice.X_ZHONE_LLDP.LldpConfiguration.lldpConfigManAddrPortsTxEnable,false,2026-07-21T20:50:23.275Z,true,2026-07-21T20:50:23.275Z,"0",xsd:unsignedInt,2026-07-21T20:50:23.279Z,,,,
InternetGatewayDevice.X_ZHONE_LLDP.LldpConfiguration.lldpMessageTxHoldMultiplier,false,2026-07-21T20:50:23.275Z,true,2026-07-21T20:50:23.275Z,"4",xsd:unsignedInt,2026-07-21T20:50:23.279Z,,,,
InternetGatewayDevice.X_ZHONE_LLDP.LldpConfiguration.lldpMessageTxInterval,false,2026-07-21T20:50:23.275Z,true,2026-07-21T20:50:23.275Z,"30",xsd:unsignedInt,2026-07-21T20:50:23.279Z,,,,
InternetGatewayDevice.X_ZHONE_LLDP.LldpConfiguration.lldpNotificationInterval,false,2026-07-21T20:50:23.275Z,true,2026-07-21T20:50:23.275Z,"5",xsd:unsignedInt,2026-07-21T20:50:23.279Z,,,,
InternetGatewayDevice.X_ZHONE_LLDP.LldpConfiguration.lldpReinitDelay,false,2026-07-21T20:50:23.275Z,true,2026-07-21T20:50:23.275Z,"2",xsd:unsignedInt,2026-07-21T20:50:23.279Z,,,,
InternetGatewayDevice.X_ZHONE_LLDP.LldpConfiguration.lldpTxDelay,false,2026-07-21T20:50:23.275Z,true,2026-07-21T20:50:23.275Z,"2",xsd:unsignedInt,2026-07-21T20:50:23.279Z,,,,
InternetGatewayDevice.X_ZHONE_LLDP.LldpConfiguration.llpdDebug,false,2026-07-21T20:50:23.275Z,true,2026-07-21T20:50:23.275Z,"",xsd:string,2026-07-21T20:50:23.279Z,,,,
InternetGatewayDevice.X_ZHONE_LLDP.LldpConfiguration.llpdState,false,2026-07-21T20:50:23.275Z,true,2026-07-21T20:50:23.275Z,"false",xsd:boolean,2026-07-21T20:50:23.279Z,,,,
InternetGatewayDevice.X_ZHONE_LLDP.LldpExtensions,true,2026-07-21T20:50:23.275Z,false,2026-07-21T20:50:23.275Z,"",,,,,,
InternetGatewayDevice.X_ZHONE_LLDP.LldpExtensions.LldpXMedConfig,true,2026-07-21T20:50:23.275Z,false,2026-07-21T20:50:23.275Z,"",,,,,,
InternetGatewayDevice.X_ZHONE_LLDP.LldpExtensions.LldpXMedConfig.lldpXMedDeviceClass,false,2026-07-21T20:50:23.275Z,true,2026-07-21T20:50:23.275Z,"0",xsd:unsignedInt,2026-07-21T20:50:23.279Z,,,,
InternetGatewayDevice.X_ZHONE_LLDP.LldpExtensions.LldpXMedLocalData,true,2026-07-21T20:50:23.275Z,false,2026-07-21T20:50:23.275Z,"",,,,,,
InternetGatewayDevice.X_ZHONE_LLDP.LldpExtensions.LldpXMedLocalData.LldpXMedLocLocationEntry,true,2026-07-21T20:50:23.275Z,true,2026-07-21T20:50:23.275Z,"",,,,,,
InternetGatewayDevice.X_ZHONE_LLDP.LldpExtensions.LldpXMedLocalData.LldpXMedLocLocationEntry.1,true,2026-07-21T20:50:23.275Z,true,2026-07-21T20:50:23.275Z,"",,,,,,
InternetGatewayDevice.X_ZHONE_LLDP.LldpExtensions.LldpXMedLocalData.LldpXMedLocLocationEntry.1.LldpXMedLocLocationSubtypeEntry,true,2026-07-21T20:50:23.275Z,true,2026-07-21T20:50:23.275Z,"",,,,,,
InternetGatewayDevice.X_ZHONE_LLDP.LldpExtensions.LldpXMedLocalData.LldpXMedLocLocationEntry.1.LldpXMedLocLocationSubtypeEntry.1,true,2026-07-21T20:50:23.275Z,true,2026-07-21T20:50:23.275Z,"",,,,,,
InternetGatewayDevice.X_ZHONE_LLDP.LldpExtensions.LldpXMedLocalData.LldpXMedLocLocationEntry.1.LldpXMedLocLocationSubtypeEntry.1.lldpLocPortNum,false,2026-07-21T20:50:23.275Z,true,2026-07-21T20:50:23.275Z,"1",xsd:unsignedInt,2026-07-21T20:50:23.279Z,,,,
InternetGatewayDevice.X_ZHONE_LLDP.LldpExtensions.LldpXMedLocalData.LldpXMedLocLocationEntry.1.LldpXMedLocLocationSubtypeEntry.1.lldpXMedLocLocationInfo,false,2026-07-21T20:50:23.275Z,true,2026-07-21T20:50:23.275Z,"www.zhone.com",xsd:string,2026-07-21T20:50:23.279Z,,,,
InternetGatewayDevice.X_ZHONE_LLDP.LldpExtensions.LldpXMedLocalData.LldpXMedLocLocationEntry.1.LldpXMedLocLocationSubtypeEntry.1.lldpXMedLocLocationSubtype,false,2026-07-21T20:50:23.275Z,true,2026-07-21T20:50:23.275Z,"true",xsd:boolean,2026-07-21T20:50:23.279Z,,,,
InternetGatewayDevice.X_ZHONE_LLDP.LldpExtensions.LldpXMedLocalData.LldpXMedLocLocationEntry.2,true,2026-07-21T20:50:23.275Z,true,2026-07-21T20:50:23.275Z,"",,,,,,
InternetGatewayDevice.X_ZHONE_LLDP.LldpExtensions.LldpXMedLocalData.LldpXMedLocLocationEntry.2.LldpXMedLocLocationSubtypeEntry,true,2026-07-21T20:50:23.275Z,true,2026-07-21T20:50:23.275Z,"",,,,,,
InternetGatewayDevice.X_ZHONE_LLDP.LldpExtensions.LldpXMedLocalData.LldpXMedLocLocationEntry.2.LldpXMedLocLocationSubtypeEntry.1,true,2026-07-21T20:50:23.275Z,true,2026-07-21T20:50:23.275Z,"",,,,,,
InternetGatewayDevice.X_ZHONE_LLDP.LldpExtensions.LldpXMedLocalData.LldpXMedLocLocationEntry.2.LldpXMedLocLocationSubtypeEntry.1.lldpLocPortNum,false,2026-07-21T20:50:23.275Z,true,2026-07-21T20:50:23.275Z,"2",xsd:unsignedInt,2026-07-21T20:50:23.279Z,,,,
InternetGatewayDevice.X_ZHONE_LLDP.LldpExtensions.LldpXMedLocalData.LldpXMedLocLocationEntry.2.LldpXMedLocLocationSubtypeEntry.1.lldpXMedLocLocationInfo,false,2026-07-21T20:50:23.275Z,true,2026-07-21T20:50:23.275Z,"www.zhone.com",xsd:string,2026-07-21T20:50:23.279Z,,,,
InternetGatewayDevice.X_ZHONE_LLDP.LldpExtensions.LldpXMedLocalData.LldpXMedLocLocationEntry.2.LldpXMedLocLocationSubtypeEntry.1.lldpXMedLocLocationSubtype,false,2026-07-21T20:50:23.275Z,true,2026-07-21T20:50:23.275Z,"true",xsd:boolean,2026-07-21T20:50:23.279Z,,,,
InternetGatewayDevice.X_ZHONE_LLDP.LldpExtensions.LldpXMedLocalData.LldpXMedLocLocationEntry.3,true,2026-07-21T20:50:23.275Z,true,2026-07-21T20:50:23.275Z,"",,,,,,
InternetGatewayDevice.X_ZHONE_LLDP.LldpExtensions.LldpXMedLocalData.LldpXMedLocLocationEntry.3.LldpXMedLocLocationSubtypeEntry,true,2026-07-21T20:50:23.275Z,true,2026-07-21T20:50:23.275Z,"",,,,,,
InternetGatewayDevice.X_ZHONE_LLDP.LldpExtensions.LldpXMedLocalData.LldpXMedLocLocationEntry.3.LldpXMedLocLocationSubtypeEntry.1,true,2026-07-21T20:50:23.275Z,true,2026-07-21T20:50:23.275Z,"",,,,,,
InternetGatewayDevice.X_ZHONE_LLDP.LldpExtensions.LldpXMedLocalData.LldpXMedLocLocationEntry.3.LldpXMedLocLocationSubtypeEntry.1.lldpLocPortNum,false,2026-07-21T20:50:23.275Z,true,2026-07-21T20:50:23.275Z,"3",xsd:unsignedInt,2026-07-21T20:50:23.279Z,,,,
InternetGatewayDevice.X_ZHONE_LLDP.LldpExtensions.LldpXMedLocalData.LldpXMedLocLocationEntry.3.LldpXMedLocLocationSubtypeEntry.1.lldpXMedLocLocationInfo,false,2026-07-21T20:50:23.275Z,true,2026-07-21T20:50:23.275Z,"www.zhone.com",xsd:string,2026-07-21T20:50:23.279Z,,,,
InternetGatewayDevice.X_ZHONE_LLDP.LldpExtensions.LldpXMedLocalData.LldpXMedLocLocationEntry.3.LldpXMedLocLocationSubtypeEntry.1.lldpXMedLocLocationSubtype,false,2026-07-21T20:50:23.275Z,true,2026-07-21T20:50:23.275Z,"true",xsd:boolean,2026-07-21T20:50:23.279Z,,,,
InternetGatewayDevice.X_ZHONE_LLDP.LldpExtensions.LldpXMedLocalData.LldpXMedLocLocationEntry.4,true,2026-07-21T20:50:23.275Z,true,2026-07-21T20:50:23.275Z,"",,,,,,
InternetGatewayDevice.X_ZHONE_LLDP.LldpExtensions.LldpXMedLocalData.LldpXMedLocLocationEntry.4.LldpXMedLocLocationSubtypeEntry,true,2026-07-21T20:50:23.275Z,true,2026-07-21T20:50:23.275Z,"",,,,,,
InternetGatewayDevice.X_ZHONE_LLDP.LldpExtensions.LldpXMedLocalData.LldpXMedLocLocationEntry.4.LldpXMedLocLocationSubtypeEntry.1,true,2026-07-21T20:50:23.275Z,true,2026-07-21T20:50:23.275Z,"",,,,,,
InternetGatewayDevice.X_ZHONE_LLDP.LldpExtensions.LldpXMedLocalData.LldpXMedLocLocationEntry.4.LldpXMedLocLocationSubtypeEntry.1.lldpLocPortNum,false,2026-07-21T20:50:23.275Z,true,2026-07-21T20:50:23.275Z,"4",xsd:unsignedInt,2026-07-21T20:50:23.279Z,,,,
InternetGatewayDevice.X_ZHONE_LLDP.LldpExtensions.LldpXMedLocalData.LldpXMedLocLocationEntry.4.LldpXMedLocLocationSubtypeEntry.1.lldpXMedLocLocationInfo,false,2026-07-21T20:50:23.275Z,true,2026-07-21T20:50:23.275Z,"www.zhone.com",xsd:string,2026-07-21T20:50:23.279Z,,,,
InternetGatewayDevice.X_ZHONE_LLDP.LldpExtensions.LldpXMedLocalData.LldpXMedLocLocationEntry.4.LldpXMedLocLocationSubtypeEntry.1.lldpXMedLocLocationSubtype,false,2026-07-21T20:50:23.275Z,true,2026-07-21T20:50:23.275Z,"true",xsd:boolean,2026-07-21T20:50:23.279Z,,,,
InternetGatewayDevice.X_ZHONE_LLDP.LldpExtensions.LldpXMedLocalData.LldpXMedLocMediaPolicyEntry,true,2026-07-21T20:50:23.275Z,true,2026-07-21T20:50:23.275Z,"",,,,,,
InternetGatewayDevice.X_ZHONE_LLDP.LldpExtensions.LldpXMedLocalData.LldpXMedLocMediaPolicyEntry.1,true,2026-07-21T20:50:23.275Z,true,2026-07-21T20:50:23.275Z,"",,,,,,
InternetGatewayDevice.X_ZHONE_LLDP.LldpExtensions.LldpXMedLocalData.LldpXMedLocMediaPolicyEntry.1.LldpXMedLocMediaPolicyAppType,true,2026-07-21T20:50:23.275Z,true,2026-07-21T20:50:23.275Z,"",,,,,,
InternetGatewayDevice.X_ZHONE_LLDP.LldpExtensions.LldpXMedLocalData.LldpXMedLocMediaPolicyEntry.1.LldpXMedLocMediaPolicyAppType.1,true,2026-07-21T20:50:23.275Z,true,2026-07-21T20:50:23.275Z,"",,,,,,
InternetGatewayDevice.X_ZHONE_LLDP.LldpExtensions.LldpXMedLocalData.LldpXMedLocMediaPolicyEntry.1.LldpXMedLocMediaPolicyAppType.1.lldpXMedLocMediaPolicyAppType,false,2026-07-21T20:50:23.275Z,true,2026-07-21T20:50:23.275Z,"1",xsd:unsignedInt,2026-07-21T20:50:23.279Z,,,,
InternetGatewayDevice.X_ZHONE_LLDP.LldpExtensions.LldpXMedLocalData.LldpXMedLocMediaPolicyEntry.1.LldpXMedLocMediaPolicyAppType.1.lldpXMedLocMediaPolicyDscp,false,2026-07-21T20:50:23.275Z,true,2026-07-21T20:50:23.275Z,"0",xsd:unsignedInt,2026-07-21T20:50:23.279Z,,,,
InternetGatewayDevice.X_ZHONE_LLDP.LldpExtensions.LldpXMedLocalData.LldpXMedLocMediaPolicyEntry.1.LldpXMedLocMediaPolicyAppType.1.lldpXMedLocMediaPolicyPriority,false,2026-07-21T20:50:23.275Z,true,2026-07-21T20:50:23.275Z,"0",xsd:unsignedInt,2026-07-21T20:50:23.279Z,,,,
InternetGatewayDevice.X_ZHONE_LLDP.LldpExtensions.LldpXMedLocalData.LldpXMedLocMediaPolicyEntry.1.LldpXMedLocMediaPolicyAppType.1.lldpXMedLocMediaPolicyTagged,false,2026-07-21T20:50:23.275Z,true,2026-07-21T20:50:23.275Z,"false",xsd:boolean,2026-07-21T20:50:23.279Z,,,,
InternetGatewayDevice.X_ZHONE_LLDP.LldpExtensions.LldpXMedLocalData.LldpXMedLocMediaPolicyEntry.1.LldpXMedLocMediaPolicyAppType.1.lldpXMedLocMediaPolicyUnknown,false,2026-07-21T20:50:23.275Z,true,2026-07-21T20:50:23.275Z,"true",xsd:boolean,2026-07-21T20:50:23.279Z,,,,
InternetGatewayDevice.X_ZHONE_LLDP.LldpExtensions.LldpXMedLocalData.LldpXMedLocMediaPolicyEntry.1.LldpXMedLocMediaPolicyAppType.1.lldpXMedLocMediaPolicyVlanID,false,2026-07-21T20:50:23.275Z,true,2026-07-21T20:50:23.275Z,"0",xsd:unsignedInt,2026-07-21T20:50:23.279Z,,,,
InternetGatewayDevice.X_ZHONE_LLDP.LldpExtensions.LldpXMedLocalData.LldpXMedLocMediaPolicyEntry.1.LldpXMedLocMediaPolicyAppType.2,true,2026-07-21T20:50:23.275Z,true,2026-07-21T20:50:23.275Z,"",,,,,,
InternetGatewayDevice.X_ZHONE_LLDP.LldpExtensions.LldpXMedLocalData.LldpXMedLocMediaPolicyEntry.1.LldpXMedLocMediaPolicyAppType.2.lldpXMedLocMediaPolicyAppType,false,2026-07-21T20:50:23.275Z,true,2026-07-21T20:50:23.275Z,"2",xsd:unsignedInt,2026-07-21T20:50:23.279Z,,,,
InternetGatewayDevice.X_ZHONE_LLDP.LldpExtensions.LldpXMedLocalData.LldpXMedLocMediaPolicyEntry.1.LldpXMedLocMediaPolicyAppType.2.lldpXMedLocMediaPolicyDscp,false,2026-07-21T20:50:23.275Z,true,2026-07-21T20:50:23.275Z,"0",xsd:unsignedInt,2026-07-21T20:50:23.279Z,,,,
InternetGatewayDevice.X_ZHONE_LLDP.LldpExtensions.LldpXMedLocalData.LldpXMedLocMediaPolicyEntry.1.LldpXMedLocMediaPolicyAppType.2.lldpXMedLocMediaPolicyPriority,false,2026-07-21T20:50:23.275Z,true,2026-07-21T20:50:23.275Z,"0",xsd:unsignedInt,2026-07-21T20:50:23.279Z,,,,
InternetGatewayDevice.X_ZHONE_LLDP.LldpExtensions.LldpXMedLocalData.LldpXMedLocMediaPolicyEntry.1.LldpXMedLocMediaPolicyAppType.2.lldpXMedLocMediaPolicyTagged,false,2026-07-21T20:50:23.275Z,true,2026-07-21T20:50:23.275Z,"false",xsd:boolean,2026-07-21T20:50:23.279Z,,,,
InternetGatewayDevice.X_ZHONE_LLDP.LldpExtensions.LldpXMedLocalData.LldpXMedLocMediaPolicyEntry.1.LldpXMedLocMediaPolicyAppType.2.lldpXMedLocMediaPolicyUnknown,false,2026-07-21T20:50:23.275Z,true,2026-07-21T20:50:23.275Z,"true",xsd:boolean,2026-07-21T20:50:23.279Z,,,,
InternetGatewayDevice.X_ZHONE_LLDP.LldpExtensions.LldpXMedLocalData.LldpXMedLocMediaPolicyEntry.1.LldpXMedLocMediaPolicyAppType.2.lldpXMedLocMediaPolicyVlanID,false,2026-07-21T20:50:23.275Z,true,2026-07-21T20:50:23.275Z,"0",xsd:unsignedInt,2026-07-21T20:50:23.279Z,,,,
InternetGatewayDevice.X_ZHONE_LLDP.LldpExtensions.LldpXMedLocalData.LldpXMedLocMediaPolicyEntry.1.LldpXMedLocMediaPolicyAppType.3,true,2026-07-21T20:50:23.275Z,true,2026-07-21T20:50:23.275Z,"",,,,,,
InternetGatewayDevice.X_ZHONE_LLDP.LldpExtensions.LldpXMedLocalData.LldpXMedLocMediaPolicyEntry.1.LldpXMedLocMediaPolicyAppType.3.lldpXMedLocMediaPolicyAppType,false,2026-07-21T20:50:23.275Z,true,2026-07-21T20:50:23.275Z,"3",xsd:unsignedInt,2026-07-21T20:50:23.279Z,,,,
InternetGatewayDevice.X_ZHONE_LLDP.LldpExtensions.LldpXMedLocalData.LldpXMedLocMediaPolicyEntry.1.LldpXMedLocMediaPolicyAppType.3.lldpXMedLocMediaPolicyDscp,false,2026-07-21T20:50:23.275Z,true,2026-07-21T20:50:23.275Z,"0",xsd:unsignedInt,2026-07-21T20:50:23.279Z,,,,
InternetGatewayDevice.X_ZHONE_LLDP.LldpExtensions.LldpXMedLocalData.LldpXMedLocMediaPolicyEntry.1.LldpXMedLocMediaPolicyAppType.3.lldpXMedLocMediaPolicyPriority,false,2026-07-21T20:50:23.275Z,true,2026-07-21T20:50:23.275Z,"0",xsd:unsignedInt,2026-07-21T20:50:23.279Z,,,,
InternetGatewayDevice.X_ZHONE_LLDP.LldpExtensions.LldpXMedLocalData.LldpXMedLocMediaPolicyEntry.1.LldpXMedLocMediaPolicyAppType.3.lldpXMedLocMediaPolicyTagged,false,2026-07-21T20:50:23.275Z,true,2026-07-21T20:50:23.275Z,"false",xsd:boolean,2026-07-21T20:50:23.279Z,,,,
InternetGatewayDevice.X_ZHONE_LLDP.LldpExtensions.LldpXMedLocalData.LldpXMedLocMediaPolicyEntry.1.LldpXMedLocMediaPolicyAppType.3.lldpXMedLocMediaPolicyUnknown,false,2026-07-21T20:50:23.275Z,true,2026-07-21T20:50:23.275Z,"true",xsd:boolean,2026-07-21T20:50:23.279Z,,,,
InternetGatewayDevice.X_ZHONE_LLDP.LldpExtensions.LldpXMedLocalData.LldpXMedLocMediaPolicyEntry.1.LldpXMedLocMediaPolicyAppType.3.lldpXMedLocMediaPolicyVlanID,false,2026-07-21T20:50:23.275Z,true,2026-07-21T20:50:23.275Z,"0",xsd:unsignedInt,2026-07-21T20:50:23.279Z,,,,
InternetGatewayDevice.X_ZHONE_LLDP.LldpExtensions.LldpXMedLocalData.LldpXMedLocMediaPolicyEntry.1.LldpXMedLocMediaPolicyAppType.4,true,2026-07-21T20:50:23.275Z,true,2026-07-21T20:50:23.275Z,"",,,,,,
InternetGatewayDevice.X_ZHONE_LLDP.LldpExtensions.LldpXMedLocalData.LldpXMedLocMediaPolicyEntry.1.LldpXMedLocMediaPolicyAppType.4.lldpXMedLocMediaPolicyAppType,false,2026-07-21T20:50:23.275Z,true,2026-07-21T20:50:23.275Z,"4",xsd:unsignedInt,2026-07-21T20:50:23.279Z,,,,
InternetGatewayDevice.X_ZHONE_LLDP.LldpExtensions.LldpXMedLocalData.LldpXMedLocMediaPolicyEntry.1.LldpXMedLocMediaPolicyAppType.4.lldpXMedLocMediaPolicyDscp,false,2026-07-21T20:50:23.275Z,true,2026-07-21T20:50:23.275Z,"0",xsd:unsignedInt,2026-07-21T20:50:23.279Z,,,,
InternetGatewayDevice.X_ZHONE_LLDP.LldpExtensions.LldpXMedLocalData.LldpXMedLocMediaPolicyEntry.1.LldpXMedLocMediaPolicyAppType.4.lldpXMedLocMediaPolicyPriority,false,2026-07-21T20:50:23.275Z,true,2026-07-21T20:50:23.275Z,"0",xsd:unsignedInt,2026-07-21T20:50:23.279Z,,,,
InternetGatewayDevice.X_ZHONE_LLDP.LldpExtensions.LldpXMedLocalData.LldpXMedLocMediaPolicyEntry.1.LldpXMedLocMediaPolicyAppType.4.lldpXMedLocMediaPolicyTagged,false,2026-07-21T20:50:23.275Z,true,2026-07-21T20:50:23.275Z,"false",xsd:boolean,2026-07-21T20:50:23.279Z,,,,
InternetGatewayDevice.X_ZHONE_LLDP.LldpExtensions.LldpXMedLocalData.LldpXMedLocMediaPolicyEntry.1.LldpXMedLocMediaPolicyAppType.4.lldpXMedLocMediaPolicyUnknown,false,2026-07-21T20:50:23.275Z,true,2026-07-21T20:50:23.275Z,"true",xsd:boolean,2026-07-21T20:50:23.279Z,,,,
InternetGatewayDevice.X_ZHONE_LLDP.LldpExtensions.LldpXMedLocalData.LldpXMedLocMediaPolicyEntry.1.LldpXMedLocMediaPolicyAppType.4.lldpXMedLocMediaPolicyVlanID,false,2026-07-21T20:50:23.275Z,true,2026-07-21T20:50:23.275Z,"0",xsd:unsignedInt,2026-07-21T20:50:23.279Z,,,,
InternetGatewayDevice.X_ZHONE_LLDP.LldpExtensions.LldpXMedLocalData.LldpXMedLocMediaPolicyEntry.1.LldpXMedLocMediaPolicyAppType.5,true,2026-07-21T20:50:23.275Z,true,2026-07-21T20:50:23.275Z,"",,,,,,
InternetGatewayDevice.X_ZHONE_LLDP.LldpExtensions.LldpXMedLocalData.LldpXMedLocMediaPolicyEntry.1.LldpXMedLocMediaPolicyAppType.5.lldpXMedLocMediaPolicyAppType,false,2026-07-21T20:50:23.275Z,true,2026-07-21T20:50:23.275Z,"5",xsd:unsignedInt,2026-07-21T20:50:23.279Z,,,,
InternetGatewayDevice.X_ZHONE_LLDP.LldpExtensions.LldpXMedLocalData.LldpXMedLocMediaPolicyEntry.1.LldpXMedLocMediaPolicyAppType.5.lldpXMedLocMediaPolicyDscp,false,2026-07-21T20:50:23.275Z,true,2026-07-21T20:50:23.275Z,"0",xsd:unsignedInt,2026-07-21T20:50:23.279Z,,,,
InternetGatewayDevice.X_ZHONE_LLDP.LldpExtensions.LldpXMedLocalData.LldpXMedLocMediaPolicyEntry.1.LldpXMedLocMediaPolicyAppType.5.lldpXMedLocMediaPolicyPriority,false,2026-07-21T20:50:23.275Z,true,2026-07-21T20:50:23.275Z,"0",xsd:unsignedInt,2026-07-21T20:50:23.279Z,,,,
InternetGatewayDevice.X_ZHONE_LLDP.LldpExtensions.LldpXMedLocalData.LldpXMedLocMediaPolicyEntry.1.LldpXMedLocMediaPolicyAppType.5.lldpXMedLocMediaPolicyTagged,false,2026-07-21T20:50:23.275Z,true,2026-07-21T20:50:23.275Z,"false",xsd:boolean,2026-07-21T20:50:23.279Z,,,,
InternetGatewayDevice.X_ZHONE_LLDP.LldpExtensions.LldpXMedLocalData.LldpXMedLocMediaPolicyEntry.1.LldpXMedLocMediaPolicyAppType.5.lldpXMedLocMediaPolicyUnknown,false,2026-07-21T20:50:23.275Z,true,2026-07-21T20:50:23.275Z,"true",xsd:boolean,2026-07-21T20:50:23.279Z,,,,
InternetGatewayDevice.X_ZHONE_LLDP.LldpExtensions.LldpXMedLocalData.LldpXMedLocMediaPolicyEntry.1.LldpXMedLocMediaPolicyAppType.5.lldpXMedLocMediaPolicyVlanID,false,2026-07-21T20:50:23.275Z,true,2026-07-21T20:50:23.275Z,"0",xsd:unsignedInt,2026-07-21T20:50:23.279Z,,,,
InternetGatewayDevice.X_ZHONE_LLDP.LldpExtensions.LldpXMedLocalData.LldpXMedLocMediaPolicyEntry.1.LldpXMedLocMediaPolicyAppType.6,true,2026-07-21T20:50:23.275Z,true,2026-07-21T20:50:23.275Z,"",,,,,,
InternetGatewayDevice.X_ZHONE_LLDP.LldpExtensions.LldpXMedLocalData.LldpXMedLocMediaPolicyEntry.1.LldpXMedLocMediaPolicyAppType.6.lldpXMedLocMediaPolicyAppType,false,2026-07-21T20:50:23.275Z,true,2026-07-21T20:50:23.275Z,"6",xsd:unsignedInt,2026-07-21T20:50:23.279Z,,,,
InternetGatewayDevice.X_ZHONE_LLDP.LldpExtensions.LldpXMedLocalData.LldpXMedLocMediaPolicyEntry.1.LldpXMedLocMediaPolicyAppType.6.lldpXMedLocMediaPolicyDscp,false,2026-07-21T20:50:23.275Z,true,2026-07-21T20:50:23.275Z,"0",xsd:unsignedInt,2026-07-21T20:50:23.279Z,,,,
InternetGatewayDevice.X_ZHONE_LLDP.LldpExtensions.LldpXMedLocalData.LldpXMedLocMediaPolicyEntry.1.LldpXMedLocMediaPolicyAppType.6.lldpXMedLocMediaPolicyPriority,false,2026-07-21T20:50:23.275Z,true,2026-07-21T20:50:23.275Z,"0",xsd:unsignedInt,2026-07-21T20:50:23.279Z,,,,
InternetGatewayDevice.X_ZHONE_LLDP.LldpExtensions.LldpXMedLocalData.LldpXMedLocMediaPolicyEntry.1.LldpXMedLocMediaPolicyAppType.6.lldpXMedLocMediaPolicyTagged,false,2026-07-21T20:50:23.275Z,true,2026-07-21T20:50:23.275Z,"false",xsd:boolean,2026-07-21T20:50:23.279Z,,,,
InternetGatewayDevice.X_ZHONE_LLDP.LldpExtensions.LldpXMedLocalData.LldpXMedLocMediaPolicyEntry.1.LldpXMedLocMediaPolicyAppType.6.lldpXMedLocMediaPolicyUnknown,false,2026-07-21T20:50:23.275Z,true,2026-07-21T20:50:23.275Z,"true",xsd:boolean,2026-07-21T20:50:23.279Z,,,,
InternetGatewayDevice.X_ZHONE_LLDP.LldpExtensions.LldpXMedLocalData.LldpXMedLocMediaPolicyEntry.1.LldpXMedLocMediaPolicyAppType.6.lldpXMedLocMediaPolicyVlanID,false,2026-07-21T20:50:23.275Z,true,2026-07-21T20:50:23.275Z,"0",xsd:unsignedInt,2026-07-21T20:50:23.279Z,,,,
InternetGatewayDevice.X_ZHONE_LLDP.LldpExtensions.LldpXMedLocalData.LldpXMedLocMediaPolicyEntry.1.LldpXMedLocMediaPolicyAppType.7,true,2026-07-21T20:50:23.275Z,true,2026-07-21T20:50:23.275Z,"",,,,,,
InternetGatewayDevice.X_ZHONE_LLDP.LldpExtensions.LldpXMedLocalData.LldpXMedLocMediaPolicyEntry.1.LldpXMedLocMediaPolicyAppType.7.lldpXMedLocMediaPolicyAppType,false,2026-07-21T20:50:23.275Z,true,2026-07-21T20:50:23.275Z,"7",xsd:unsignedInt,2026-07-21T20:50:23.279Z,,,,
InternetGatewayDevice.X_ZHONE_LLDP.LldpExtensions.LldpXMedLocalData.LldpXMedLocMediaPolicyEntry.1.LldpXMedLocMediaPolicyAppType.7.lldpXMedLocMediaPolicyDscp,false,2026-07-21T20:50:23.275Z,true,2026-07-21T20:50:23.275Z,"0",xsd:unsignedInt,2026-07-21T20:50:23.279Z,,,,
InternetGatewayDevice.X_ZHONE_LLDP.LldpExtensions.LldpXMedLocalData.LldpXMedLocMediaPolicyEntry.1.LldpXMedLocMediaPolicyAppType.7.lldpXMedLocMediaPolicyPriority,false,2026-07-21T20:50:23.275Z,true,2026-07-21T20:50:23.275Z,"0",xsd:unsignedInt,2026-07-21T20:50:23.279Z,,,,
InternetGatewayDevice.X_ZHONE_LLDP.LldpExtensions.LldpXMedLocalData.LldpXMedLocMediaPolicyEntry.1.LldpXMedLocMediaPolicyAppType.7.lldpXMedLocMediaPolicyTagged,false,2026-07-21T20:50:23.275Z,true,2026-07-21T20:50:23.275Z,"false",xsd:boolean,2026-07-21T20:50:23.279Z,,,,
InternetGatewayDevice.X_ZHONE_LLDP.LldpExtensions.LldpXMedLocalData.LldpXMedLocMediaPolicyEntry.1.LldpXMedLocMediaPolicyAppType.7.lldpXMedLocMediaPolicyUnknown,false,2026-07-21T20:50:23.275Z,true,2026-07-21T20:50:23.275Z,"true",xsd:boolean,2026-07-21T20:50:23.279Z,,,,
InternetGatewayDevice.X_ZHONE_LLDP.LldpExtensions.LldpXMedLocalData.LldpXMedLocMediaPolicyEntry.1.LldpXMedLocMediaPolicyAppType.7.lldpXMedLocMediaPolicyVlanID,false,2026-07-21T20:50:23.275Z,true,2026-07-21T20:50:23.275Z,"0",xsd:unsignedInt,2026-07-21T20:50:23.279Z,,,,
InternetGatewayDevice.X_ZHONE_LLDP.LldpExtensions.LldpXMedLocalData.LldpXMedLocMediaPolicyEntry.1.LldpXMedLocMediaPolicyAppType.8,true,2026-07-21T20:50:23.275Z,true,2026-07-21T20:50:23.275Z,"",,,,,,
InternetGatewayDevice.X_ZHONE_LLDP.LldpExtensions.LldpXMedLocalData.LldpXMedLocMediaPolicyEntry.1.LldpXMedLocMediaPolicyAppType.8.lldpXMedLocMediaPolicyAppType,false,2026-07-21T20:50:23.275Z,true,2026-07-21T20:50:23.275Z,"8",xsd:unsignedInt,2026-07-21T20:50:23.279Z,,,,
InternetGatewayDevice.X_ZHONE_LLDP.LldpExtensions.LldpXMedLocalData.LldpXMedLocMediaPolicyEntry.1.LldpXMedLocMediaPolicyAppType.8.lldpXMedLocMediaPolicyDscp,false,2026-07-21T20:50:23.275Z,true,2026-07-21T20:50:23.275Z,"0",xsd:unsignedInt,2026-07-21T20:50:23.279Z,,,,
InternetGatewayDevice.X_ZHONE_LLDP.LldpExtensions.LldpXMedLocalData.LldpXMedLocMediaPolicyEntry.1.LldpXMedLocMediaPolicyAppType.8.lldpXMedLocMediaPolicyPriority,false,2026-07-21T20:50:23.275Z,true,2026-07-21T20:50:23.275Z,"0",xsd:unsignedInt,2026-07-21T20:50:23.279Z,,,,
InternetGatewayDevice.X_ZHONE_LLDP.LldpExtensions.LldpXMedLocalData.LldpXMedLocMediaPolicyEntry.1.LldpXMedLocMediaPolicyAppType.8.lldpXMedLocMediaPolicyTagged,false,2026-07-21T20:50:23.275Z,true,2026-07-21T20:50:23.275Z,"false",xsd:boolean,2026-07-21T20:50:23.279Z,,,,
InternetGatewayDevice.X_ZHONE_LLDP.LldpExtensions.LldpXMedLocalData.LldpXMedLocMediaPolicyEntry.1.LldpXMedLocMediaPolicyAppType.8.lldpXMedLocMediaPolicyUnknown,false,2026-07-21T20:50:23.275Z,true,2026-07-21T20:50:23.275Z,"true",xsd:boolean,2026-07-21T20:50:23.279Z,,,,
InternetGatewayDevice.X_ZHONE_LLDP.LldpExtensions.LldpXMedLocalData.LldpXMedLocMediaPolicyEntry.1.LldpXMedLocMediaPolicyAppType.8.lldpXMedLocMediaPolicyVlanID,false,2026-07-21T20:50:23.275Z,true,2026-07-21T20:50:23.275Z,"0",xsd:unsignedInt,2026-07-21T20:50:23.279Z,,,,
InternetGatewayDevice.X_ZHONE_LLDP.LldpExtensions.LldpXMedLocalData.LldpXMedLocMediaPolicyEntry.2,true,2026-07-21T20:50:23.275Z,true,2026-07-21T20:50:23.275Z,"",,,,,,
InternetGatewayDevice.X_ZHONE_LLDP.LldpExtensions.LldpXMedLocalData.LldpXMedLocMediaPolicyEntry.2.LldpXMedLocMediaPolicyAppType,true,2026-07-21T20:50:23.275Z,true,2026-07-21T20:50:23.275Z,"",,,,,,
InternetGatewayDevice.X_ZHONE_LLDP.LldpExtensions.LldpXMedLocalData.LldpXMedLocMediaPolicyEntry.2.LldpXMedLocMediaPolicyAppType.1,true,2026-07-21T20:50:23.275Z,true,2026-07-21T20:50:23.275Z,"",,,,,,
InternetGatewayDevice.X_ZHONE_LLDP.LldpExtensions.LldpXMedLocalData.LldpXMedLocMediaPolicyEntry.2.LldpXMedLocMediaPolicyAppType.1.lldpXMedLocMediaPolicyAppType,false,2026-07-21T20:50:23.275Z,true,2026-07-21T20:50:23.275Z,"1",xsd:unsignedInt,2026-07-21T20:50:23.279Z,,,,
InternetGatewayDevice.X_ZHONE_LLDP.LldpExtensions.LldpXMedLocalData.LldpXMedLocMediaPolicyEntry.2.LldpXMedLocMediaPolicyAppType.1.lldpXMedLocMediaPolicyDscp,false,2026-07-21T20:50:23.275Z,true,2026-07-21T20:50:23.275Z,"0",xsd:unsignedInt,2026-07-21T20:50:23.279Z,,,,
InternetGatewayDevice.X_ZHONE_LLDP.LldpExtensions.LldpXMedLocalData.LldpXMedLocMediaPolicyEntry.2.LldpXMedLocMediaPolicyAppType.1.lldpXMedLocMediaPolicyPriority,false,2026-07-21T20:50:23.275Z,true,2026-07-21T20:50:23.275Z,"0",xsd:unsignedInt,2026-07-21T20:50:23.279Z,,,,
InternetGatewayDevice.X_ZHONE_LLDP.LldpExtensions.LldpXMedLocalData.LldpXMedLocMediaPolicyEntry.2.LldpXMedLocMediaPolicyAppType.1.lldpXMedLocMediaPolicyTagged,false,2026-07-21T20:50:23.275Z,true,2026-07-21T20:50:23.275Z,"false",xsd:boolean,2026-07-21T20:50:23.279Z,,,,
InternetGatewayDevice.X_ZHONE_LLDP.LldpExtensions.LldpXMedLocalData.LldpXMedLocMediaPolicyEntry.2.LldpXMedLocMediaPolicyAppType.1.lldpXMedLocMediaPolicyUnknown,false,2026-07-21T20:50:23.275Z,true,2026-07-21T20:50:23.275Z,"true",xsd:boolean,2026-07-21T20:50:23.279Z,,,,
InternetGatewayDevice.X_ZHONE_LLDP.LldpExtensions.LldpXMedLocalData.LldpXMedLocMediaPolicyEntry.2.LldpXMedLocMediaPolicyAppType.1.lldpXMedLocMediaPolicyVlanID,false,2026-07-21T20:50:23.275Z,true,2026-07-21T20:50:23.275Z,"0",xsd:unsignedInt,2026-07-21T20:50:23.279Z,,,,
InternetGatewayDevice.X_ZHONE_LLDP.LldpExtensions.LldpXMedLocalData.LldpXMedLocMediaPolicyEntry.2.LldpXMedLocMediaPolicyAppType.2,true,2026-07-21T20:50:23.275Z,true,2026-07-21T20:50:23.275Z,"",,,,,,
InternetGatewayDevice.X_ZHONE_LLDP.LldpExtensions.LldpXMedLocalData.LldpXMedLocMediaPolicyEntry.2.LldpXMedLocMediaPolicyAppType.2.lldpXMedLocMediaPolicyAppType,false,2026-07-21T20:50:23.275Z,true,2026-07-21T20:50:23.275Z,"2",xsd:unsignedInt,2026-07-21T20:50:23.279Z,,,,
InternetGatewayDevice.X_ZHONE_LLDP.LldpExtensions.LldpXMedLocalData.LldpXMedLocMediaPolicyEntry.2.LldpXMedLocMediaPolicyAppType.2.lldpXMedLocMediaPolicyDscp,false,2026-07-21T20:50:23.275Z,true,2026-07-21T20:50:23.275Z,"0",xsd:unsignedInt,2026-07-21T20:50:23.279Z,,,,
InternetGatewayDevice.X_ZHONE_LLDP.LldpExtensions.LldpXMedLocalData.LldpXMedLocMediaPolicyEntry.2.LldpXMedLocMediaPolicyAppType.2.lldpXMedLocMediaPolicyPriority,false,2026-07-21T20:50:23.275Z,true,2026-07-21T20:50:23.275Z,"0",xsd:unsignedInt,2026-07-21T20:50:23.279Z,,,,
InternetGatewayDevice.X_ZHONE_LLDP.LldpExtensions.LldpXMedLocalData.LldpXMedLocMediaPolicyEntry.2.LldpXMedLocMediaPolicyAppType.2.lldpXMedLocMediaPolicyTagged,false,2026-07-21T20:50:23.275Z,true,2026-07-21T20:50:23.275Z,"false",xsd:boolean,2026-07-21T20:50:23.279Z,,,,
InternetGatewayDevice.X_ZHONE_LLDP.LldpExtensions.LldpXMedLocalData.LldpXMedLocMediaPolicyEntry.2.LldpXMedLocMediaPolicyAppType.2.lldpXMedLocMediaPolicyUnknown,false,2026-07-21T20:50:23.275Z,true,2026-07-21T20:50:23.275Z,"true",xsd:boolean,2026-07-21T20:50:23.279Z,,,,
InternetGatewayDevice.X_ZHONE_LLDP.LldpExtensions.LldpXMedLocalData.LldpXMedLocMediaPolicyEntry.2.LldpXMedLocMediaPolicyAppType.2.lldpXMedLocMediaPolicyVlanID,false,2026-07-21T20:50:23.275Z,true,2026-07-21T20:50:23.275Z,"0",xsd:unsignedInt,2026-07-21T20:50:23.279Z,,,,
InternetGatewayDevice.X_ZHONE_LLDP.LldpExtensions.LldpXMedLocalData.LldpXMedLocMediaPolicyEntry.2.LldpXMedLocMediaPolicyAppType.3,true,2026-07-21T20:50:23.275Z,true,2026-07-21T20:50:23.275Z,"",,,,,,
InternetGatewayDevice.X_ZHONE_LLDP.LldpExtensions.LldpXMedLocalData.LldpXMedLocMediaPolicyEntry.2.LldpXMedLocMediaPolicyAppType.3.lldpXMedLocMediaPolicyAppType,false,2026-07-21T20:50:23.275Z,true,2026-07-21T20:50:23.275Z,"3",xsd:unsignedInt,2026-07-21T20:50:23.279Z,,,,
InternetGatewayDevice.X_ZHONE_LLDP.LldpExtensions.LldpXMedLocalData.LldpXMedLocMediaPolicyEntry.2.LldpXMedLocMediaPolicyAppType.3.lldpXMedLocMediaPolicyDscp,false,2026-07-21T20:50:23.275Z,true,2026-07-21T20:50:23.275Z,"0",xsd:unsignedInt,2026-07-21T20:50:23.279Z,,,,
InternetGatewayDevice.X_ZHONE_LLDP.LldpExtensions.LldpXMedLocalData.LldpXMedLocMediaPolicyEntry.2.LldpXMedLocMediaPolicyAppType.3.lldpXMedLocMediaPolicyPriority,false,2026-07-21T20:50:23.275Z,true,2026-07-21T20:50:23.275Z,"0",xsd:unsignedInt,2026-07-21T20:50:23.279Z,,,,
InternetGatewayDevice.X_ZHONE_LLDP.LldpExtensions.LldpXMedLocalData.LldpXMedLocMediaPolicyEntry.2.LldpXMedLocMediaPolicyAppType.3.lldpXMedLocMediaPolicyTagged,false,2026-07-21T20:50:23.275Z,true,2026-07-21T20:50:23.275Z,"false",xsd:boolean,2026-07-21T20:50:23.279Z,,,,
InternetGatewayDevice.X_ZHONE_LLDP.LldpExtensions.LldpXMedLocalData.LldpXMedLocMediaPolicyEntry.2.LldpXMedLocMediaPolicyAppType.3.lldpXMedLocMediaPolicyUnknown,false,2026-07-21T20:50:23.275Z,true,2026-07-21T20:50:23.275Z,"true",xsd:boolean,2026-07-21T20:50:23.279Z,,,,
InternetGatewayDevice.X_ZHONE_LLDP.LldpExtensions.LldpXMedLocalData.LldpXMedLocMediaPolicyEntry.2.LldpXMedLocMediaPolicyAppType.3.lldpXMedLocMediaPolicyVlanID,false,2026-07-21T20:50:23.275Z,true,2026-07-21T20:50:23.275Z,"0",xsd:unsignedInt,2026-07-21T20:50:23.279Z,,,,
InternetGatewayDevice.X_ZHONE_LLDP.LldpExtensions.LldpXMedLocalData.LldpXMedLocMediaPolicyEntry.2.LldpXMedLocMediaPolicyAppType.4,true,2026-07-21T20:50:23.275Z,true,2026-07-21T20:50:23.275Z,"",,,,,,
InternetGatewayDevice.X_ZHONE_LLDP.LldpExtensions.LldpXMedLocalData.LldpXMedLocMediaPolicyEntry.2.LldpXMedLocMediaPolicyAppType.4.lldpXMedLocMediaPolicyAppType,false,2026-07-21T20:50:23.275Z,true,2026-07-21T20:50:23.275Z,"4",xsd:unsignedInt,2026-07-21T20:50:23.279Z,,,,
InternetGatewayDevice.X_ZHONE_LLDP.LldpExtensions.LldpXMedLocalData.LldpXMedLocMediaPolicyEntry.2.LldpXMedLocMediaPolicyAppType.4.lldpXMedLocMediaPolicyDscp,false,2026-07-21T20:50:23.275Z,true,2026-07-21T20:50:23.275Z,"0",xsd:unsignedInt,2026-07-21T20:50:23.279Z,,,,
InternetGatewayDevice.X_ZHONE_LLDP.LldpExtensions.LldpXMedLocalData.LldpXMedLocMediaPolicyEntry.2.LldpXMedLocMediaPolicyAppType.4.lldpXMedLocMediaPolicyPriority,false,2026-07-21T20:50:23.275Z,true,2026-07-21T20:50:23.275Z,"0",xsd:unsignedInt,2026-07-21T20:50:23.279Z,,,,
InternetGatewayDevice.X_ZHONE_LLDP.LldpExtensions.LldpXMedLocalData.LldpXMedLocMediaPolicyEntry.2.LldpXMedLocMediaPolicyAppType.4.lldpXMedLocMediaPolicyTagged,false,2026-07-21T20:50:23.275Z,true,2026-07-21T20:50:23.275Z,"false",xsd:boolean,2026-07-21T20:50:23.279Z,,,,
InternetGatewayDevice.X_ZHONE_LLDP.LldpExtensions.LldpXMedLocalData.LldpXMedLocMediaPolicyEntry.2.LldpXMedLocMediaPolicyAppType.4.lldpXMedLocMediaPolicyUnknown,false,2026-07-21T20:50:23.275Z,true,2026-07-21T20:50:23.275Z,"true",xsd:boolean,2026-07-21T20:50:23.279Z,,,,
InternetGatewayDevice.X_ZHONE_LLDP.LldpExtensions.LldpXMedLocalData.LldpXMedLocMediaPolicyEntry.2.LldpXMedLocMediaPolicyAppType.4.lldpXMedLocMediaPolicyVlanID,false,2026-07-21T20:50:23.275Z,true,2026-07-21T20:50:23.275Z,"0",xsd:unsignedInt,2026-07-21T20:50:23.279Z,,,,
InternetGatewayDevice.X_ZHONE_LLDP.LldpExtensions.LldpXMedLocalData.LldpXMedLocMediaPolicyEntry.2.LldpXMedLocMediaPolicyAppType.5,true,2026-07-21T20:50:23.275Z,true,2026-07-21T20:50:23.275Z,"",,,,,,
InternetGatewayDevice.X_ZHONE_LLDP.LldpExtensions.LldpXMedLocalData.LldpXMedLocMediaPolicyEntry.2.LldpXMedLocMediaPolicyAppType.5.lldpXMedLocMediaPolicyAppType,false,2026-07-21T20:50:23.275Z,true,2026-07-21T20:50:23.275Z,"5",xsd:unsignedInt,2026-07-21T20:50:23.279Z,,,,
InternetGatewayDevice.X_ZHONE_LLDP.LldpExtensions.LldpXMedLocalData.LldpXMedLocMediaPolicyEntry.2.LldpXMedLocMediaPolicyAppType.5.lldpXMedLocMediaPolicyDscp,false,2026-07-21T20:50:23.275Z,true,2026-07-21T20:50:23.275Z,"0",xsd:unsignedInt,2026-07-21T20:50:23.279Z,,,,
InternetGatewayDevice.X_ZHONE_LLDP.LldpExtensions.LldpXMedLocalData.LldpXMedLocMediaPolicyEntry.2.LldpXMedLocMediaPolicyAppType.5.lldpXMedLocMediaPolicyPriority,false,2026-07-21T20:50:23.275Z,true,2026-07-21T20:50:23.275Z,"0",xsd:unsignedInt,2026-07-21T20:50:23.279Z,,,,
InternetGatewayDevice.X_ZHONE_LLDP.LldpExtensions.LldpXMedLocalData.LldpXMedLocMediaPolicyEntry.2.LldpXMedLocMediaPolicyAppType.5.lldpXMedLocMediaPolicyTagged,false,2026-07-21T20:50:23.275Z,true,2026-07-21T20:50:23.275Z,"false",xsd:boolean,2026-07-21T20:50:23.279Z,,,,
InternetGatewayDevice.X_ZHONE_LLDP.LldpExtensions.LldpXMedLocalData.LldpXMedLocMediaPolicyEntry.2.LldpXMedLocMediaPolicyAppType.5.lldpXMedLocMediaPolicyUnknown,false,2026-07-21T20:50:23.275Z,true,2026-07-21T20:50:23.275Z,"true",xsd:boolean,2026-07-21T20:50:23.279Z,,,,
InternetGatewayDevice.X_ZHONE_LLDP.LldpExtensions.LldpXMedLocalData.LldpXMedLocMediaPolicyEntry.2.LldpXMedLocMediaPolicyAppType.5.lldpXMedLocMediaPolicyVlanID,false,2026-07-21T20:50:23.275Z,true,2026-07-21T20:50:23.275Z,"0",xsd:unsignedInt,2026-07-21T20:50:23.279Z,,,,
InternetGatewayDevice.X_ZHONE_LLDP.LldpExtensions.LldpXMedLocalData.LldpXMedLocMediaPolicyEntry.2.LldpXMedLocMediaPolicyAppType.6,true,2026-07-21T20:50:23.275Z,true,2026-07-21T20:50:23.275Z,"",,,,,,
InternetGatewayDevice.X_ZHONE_LLDP.LldpExtensions.LldpXMedLocalData.LldpXMedLocMediaPolicyEntry.2.LldpXMedLocMediaPolicyAppType.6.lldpXMedLocMediaPolicyAppType,false,2026-07-21T20:50:23.275Z,true,2026-07-21T20:50:23.275Z,"6",xsd:unsignedInt,2026-07-21T20:50:23.279Z,,,,
InternetGatewayDevice.X_ZHONE_LLDP.LldpExtensions.LldpXMedLocalData.LldpXMedLocMediaPolicyEntry.2.LldpXMedLocMediaPolicyAppType.6.lldpXMedLocMediaPolicyDscp,false,2026-07-21T20:50:23.275Z,true,2026-07-21T20:50:23.275Z,"0",xsd:unsignedInt,2026-07-21T20:50:23.279Z,,,,
InternetGatewayDevice.X_ZHONE_LLDP.LldpExtensions.LldpXMedLocalData.LldpXMedLocMediaPolicyEntry.2.LldpXMedLocMediaPolicyAppType.6.lldpXMedLocMediaPolicyPriority,false,2026-07-21T20:50:23.275Z,true,2026-07-21T20:50:23.275Z,"0",xsd:unsignedInt,2026-07-21T20:50:23.279Z,,,,
InternetGatewayDevice.X_ZHONE_LLDP.LldpExtensions.LldpXMedLocalData.LldpXMedLocMediaPolicyEntry.2.LldpXMedLocMediaPolicyAppType.6.lldpXMedLocMediaPolicyTagged,false,2026-07-21T20:50:23.275Z,true,2026-07-21T20:50:23.275Z,"false",xsd:boolean,2026-07-21T20:50:23.279Z,,,,
InternetGatewayDevice.X_ZHONE_LLDP.LldpExtensions.LldpXMedLocalData.LldpXMedLocMediaPolicyEntry.2.LldpXMedLocMediaPolicyAppType.6.lldpXMedLocMediaPolicyUnknown,false,2026-07-21T20:50:23.275Z,true,2026-07-21T20:50:23.275Z,"true",xsd:boolean,2026-07-21T20:50:23.279Z,,,,
InternetGatewayDevice.X_ZHONE_LLDP.LldpExtensions.LldpXMedLocalData.LldpXMedLocMediaPolicyEntry.2.LldpXMedLocMediaPolicyAppType.6.lldpXMedLocMediaPolicyVlanID,false,2026-07-21T20:50:23.275Z,true,2026-07-21T20:50:23.275Z,"0",xsd:unsignedInt,2026-07-21T20:50:23.279Z,,,,
InternetGatewayDevice.X_ZHONE_LLDP.LldpExtensions.LldpXMedLocalData.LldpXMedLocMediaPolicyEntry.2.LldpXMedLocMediaPolicyAppType.7,true,2026-07-21T20:50:23.275Z,true,2026-07-21T20:50:23.275Z,"",,,,,,
InternetGatewayDevice.X_ZHONE_LLDP.LldpExtensions.LldpXMedLocalData.LldpXMedLocMediaPolicyEntry.2.LldpXMedLocMediaPolicyAppType.7.lldpXMedLocMediaPolicyAppType,false,2026-07-21T20:50:23.275Z,true,2026-07-21T20:50:23.275Z,"7",xsd:unsignedInt,2026-07-21T20:50:23.279Z,,,,
InternetGatewayDevice.X_ZHONE_LLDP.LldpExtensions.LldpXMedLocalData.LldpXMedLocMediaPolicyEntry.2.LldpXMedLocMediaPolicyAppType.7.lldpXMedLocMediaPolicyDscp,false,2026-07-21T20:50:23.275Z,true,2026-07-21T20:50:23.275Z,"0",xsd:unsignedInt,2026-07-21T20:50:23.279Z,,,,
InternetGatewayDevice.X_ZHONE_LLDP.LldpExtensions.LldpXMedLocalData.LldpXMedLocMediaPolicyEntry.2.LldpXMedLocMediaPolicyAppType.7.lldpXMedLocMediaPolicyPriority,false,2026-07-21T20:50:23.275Z,true,2026-07-21T20:50:23.275Z,"0",xsd:unsignedInt,2026-07-21T20:50:23.279Z,,,,
InternetGatewayDevice.X_ZHONE_LLDP.LldpExtensions.LldpXMedLocalData.LldpXMedLocMediaPolicyEntry.2.LldpXMedLocMediaPolicyAppType.7.lldpXMedLocMediaPolicyTagged,false,2026-07-21T20:50:23.275Z,true,2026-07-21T20:50:23.275Z,"false",xsd:boolean,2026-07-21T20:50:23.279Z,,,,
InternetGatewayDevice.X_ZHONE_LLDP.LldpExtensions.LldpXMedLocalData.LldpXMedLocMediaPolicyEntry.2.LldpXMedLocMediaPolicyAppType.7.lldpXMedLocMediaPolicyUnknown,false,2026-07-21T20:50:23.275Z,true,2026-07-21T20:50:23.275Z,"true",xsd:boolean,2026-07-21T20:50:23.279Z,,,,
InternetGatewayDevice.X_ZHONE_LLDP.LldpExtensions.LldpXMedLocalData.LldpXMedLocMediaPolicyEntry.2.LldpXMedLocMediaPolicyAppType.7.lldpXMedLocMediaPolicyVlanID,false,2026-07-21T20:50:23.275Z,true,2026-07-21T20:50:23.275Z,"0",xsd:unsignedInt,2026-07-21T20:50:23.279Z,,,,
InternetGatewayDevice.X_ZHONE_LLDP.LldpExtensions.LldpXMedLocalData.LldpXMedLocMediaPolicyEntry.2.LldpXMedLocMediaPolicyAppType.8,true,2026-07-21T20:50:23.275Z,true,2026-07-21T20:50:23.275Z,"",,,,,,
InternetGatewayDevice.X_ZHONE_LLDP.LldpExtensions.LldpXMedLocalData.LldpXMedLocMediaPolicyEntry.2.LldpXMedLocMediaPolicyAppType.8.lldpXMedLocMediaPolicyAppType,false,2026-07-21T20:50:23.275Z,true,2026-07-21T20:50:23.275Z,"8",xsd:unsignedInt,2026-07-21T20:50:23.279Z,,,,
InternetGatewayDevice.X_ZHONE_LLDP.LldpExtensions.LldpXMedLocalData.LldpXMedLocMediaPolicyEntry.2.LldpXMedLocMediaPolicyAppType.8.lldpXMedLocMediaPolicyDscp,false,2026-07-21T20:50:23.275Z,true,2026-07-21T20:50:23.275Z,"0",xsd:unsignedInt,2026-07-21T20:50:23.279Z,,,,
InternetGatewayDevice.X_ZHONE_LLDP.LldpExtensions.LldpXMedLocalData.LldpXMedLocMediaPolicyEntry.2.LldpXMedLocMediaPolicyAppType.8.lldpXMedLocMediaPolicyPriority,false,2026-07-21T20:50:23.275Z,true,2026-07-21T20:50:23.275Z,"0",xsd:unsignedInt,2026-07-21T20:50:23.279Z,,,,
InternetGatewayDevice.X_ZHONE_LLDP.LldpExtensions.LldpXMedLocalData.LldpXMedLocMediaPolicyEntry.2.LldpXMedLocMediaPolicyAppType.8.lldpXMedLocMediaPolicyTagged,false,2026-07-21T20:50:23.275Z,true,2026-07-21T20:50:23.275Z,"false",xsd:boolean,2026-07-21T20:50:23.279Z,,,,
InternetGatewayDevice.X_ZHONE_LLDP.LldpExtensions.LldpXMedLocalData.LldpXMedLocMediaPolicyEntry.2.LldpXMedLocMediaPolicyAppType.8.lldpXMedLocMediaPolicyUnknown,false,2026-07-21T20:50:23.275Z,true,2026-07-21T20:50:23.275Z,"true",xsd:boolean,2026-07-21T20:50:23.279Z,,,,
InternetGatewayDevice.X_ZHONE_LLDP.LldpExtensions.LldpXMedLocalData.LldpXMedLocMediaPolicyEntry.2.LldpXMedLocMediaPolicyAppType.8.lldpXMedLocMediaPolicyVlanID,false,2026-07-21T20:50:23.275Z,true,2026-07-21T20:50:23.275Z,"0",xsd:unsignedInt,2026-07-21T20:50:23.279Z,,,,
InternetGatewayDevice.X_ZHONE_LLDP.LldpExtensions.LldpXMedLocalData.LldpXMedLocMediaPolicyEntry.3,true,2026-07-21T20:50:23.275Z,true,2026-07-21T20:50:23.275Z,"",,,,,,
InternetGatewayDevice.X_ZHONE_LLDP.LldpExtensions.LldpXMedLocalData.LldpXMedLocMediaPolicyEntry.3.LldpXMedLocMediaPolicyAppType,true,2026-07-21T20:50:23.275Z,true,2026-07-21T20:50:23.275Z,"",,,,,,
InternetGatewayDevice.X_ZHONE_LLDP.LldpExtensions.LldpXMedLocalData.LldpXMedLocMediaPolicyEntry.3.LldpXMedLocMediaPolicyAppType.1,true,2026-07-21T20:50:23.275Z,true,2026-07-21T20:50:23.275Z,"",,,,,,
InternetGatewayDevice.X_ZHONE_LLDP.LldpExtensions.LldpXMedLocalData.LldpXMedLocMediaPolicyEntry.3.LldpXMedLocMediaPolicyAppType.1.lldpXMedLocMediaPolicyAppType,false,2026-07-21T20:50:23.275Z,true,2026-07-21T20:50:23.275Z,"1",xsd:unsignedInt,2026-07-21T20:50:23.279Z,,,,
InternetGatewayDevice.X_ZHONE_LLDP.LldpExtensions.LldpXMedLocalData.LldpXMedLocMediaPolicyEntry.3.LldpXMedLocMediaPolicyAppType.1.lldpXMedLocMediaPolicyDscp,false,2026-07-21T20:50:23.275Z,true,2026-07-21T20:50:23.275Z,"0",xsd:unsignedInt,2026-07-21T20:50:23.279Z,,,,
InternetGatewayDevice.X_ZHONE_LLDP.LldpExtensions.LldpXMedLocalData.LldpXMedLocMediaPolicyEntry.3.LldpXMedLocMediaPolicyAppType.1.lldpXMedLocMediaPolicyPriority,false,2026-07-21T20:50:23.275Z,true,2026-07-21T20:50:23.275Z,"0",xsd:unsignedInt,2026-07-21T20:50:23.279Z,,,,
InternetGatewayDevice.X_ZHONE_LLDP.LldpExtensions.LldpXMedLocalData.LldpXMedLocMediaPolicyEntry.3.LldpXMedLocMediaPolicyAppType.1.lldpXMedLocMediaPolicyTagged,false,2026-07-21T20:50:23.275Z,true,2026-07-21T20:50:23.275Z,"false",xsd:boolean,2026-07-21T20:50:23.279Z,,,,
InternetGatewayDevice.X_ZHONE_LLDP.LldpExtensions.LldpXMedLocalData.LldpXMedLocMediaPolicyEntry.3.LldpXMedLocMediaPolicyAppType.1.lldpXMedLocMediaPolicyUnknown,false,2026-07-21T20:50:23.275Z,true,2026-07-21T20:50:23.275Z,"true",xsd:boolean,2026-07-21T20:50:23.279Z,,,,
InternetGatewayDevice.X_ZHONE_LLDP.LldpExtensions.LldpXMedLocalData.LldpXMedLocMediaPolicyEntry.3.LldpXMedLocMediaPolicyAppType.1.lldpXMedLocMediaPolicyVlanID,false,2026-07-21T20:50:23.275Z,true,2026-07-21T20:50:23.275Z,"0",xsd:unsignedInt,2026-07-21T20:50:23.279Z,,,,
InternetGatewayDevice.X_ZHONE_LLDP.LldpExtensions.LldpXMedLocalData.LldpXMedLocMediaPolicyEntry.3.LldpXMedLocMediaPolicyAppType.2,true,2026-07-21T20:50:23.275Z,true,2026-07-21T20:50:23.275Z,"",,,,,,
InternetGatewayDevice.X_ZHONE_LLDP.LldpExtensions.LldpXMedLocalData.LldpXMedLocMediaPolicyEntry.3.LldpXMedLocMediaPolicyAppType.2.lldpXMedLocMediaPolicyAppType,false,2026-07-21T20:50:23.275Z,true,2026-07-21T20:50:23.275Z,"2",xsd:unsignedInt,2026-07-21T20:50:23.279Z,,,,
InternetGatewayDevice.X_ZHONE_LLDP.LldpExtensions.LldpXMedLocalData.LldpXMedLocMediaPolicyEntry.3.LldpXMedLocMediaPolicyAppType.2.lldpXMedLocMediaPolicyDscp,false,2026-07-21T20:50:23.275Z,true,2026-07-21T20:50:23.275Z,"0",xsd:unsignedInt,2026-07-21T20:50:23.279Z,,,,
InternetGatewayDevice.X_ZHONE_LLDP.LldpExtensions.LldpXMedLocalData.LldpXMedLocMediaPolicyEntry.3.LldpXMedLocMediaPolicyAppType.2.lldpXMedLocMediaPolicyPriority,false,2026-07-21T20:50:23.275Z,true,2026-07-21T20:50:23.275Z,"0",xsd:unsignedInt,2026-07-21T20:50:23.279Z,,,,
InternetGatewayDevice.X_ZHONE_LLDP.LldpExtensions.LldpXMedLocalData.LldpXMedLocMediaPolicyEntry.3.LldpXMedLocMediaPolicyAppType.2.lldpXMedLocMediaPolicyTagged,false,2026-07-21T20:50:23.275Z,true,2026-07-21T20:50:23.275Z,"false",xsd:boolean,2026-07-21T20:50:23.279Z,,,,
InternetGatewayDevice.X_ZHONE_LLDP.LldpExtensions.LldpXMedLocalData.LldpXMedLocMediaPolicyEntry.3.LldpXMedLocMediaPolicyAppType.2.lldpXMedLocMediaPolicyUnknown,false,2026-07-21T20:50:23.275Z,true,2026-07-21T20:50:23.275Z,"true",xsd:boolean,2026-07-21T20:50:23.279Z,,,,
InternetGatewayDevice.X_ZHONE_LLDP.LldpExtensions.LldpXMedLocalData.LldpXMedLocMediaPolicyEntry.3.LldpXMedLocMediaPolicyAppType.2.lldpXMedLocMediaPolicyVlanID,false,2026-07-21T20:50:23.275Z,true,2026-07-21T20:50:23.275Z,"0",xsd:unsignedInt,2026-07-21T20:50:23.279Z,,,,
InternetGatewayDevice.X_ZHONE_LLDP.LldpExtensions.LldpXMedLocalData.LldpXMedLocMediaPolicyEntry.3.LldpXMedLocMediaPolicyAppType.3,true,2026-07-21T20:50:23.275Z,true,2026-07-21T20:50:23.275Z,"",,,,,,
InternetGatewayDevice.X_ZHONE_LLDP.LldpExtensions.LldpXMedLocalData.LldpXMedLocMediaPolicyEntry.3.LldpXMedLocMediaPolicyAppType.3.lldpXMedLocMediaPolicyAppType,false,2026-07-21T20:50:23.275Z,true,2026-07-21T20:50:23.275Z,"3",xsd:unsignedInt,2026-07-21T20:50:23.279Z,,,,
InternetGatewayDevice.X_ZHONE_LLDP.LldpExtensions.LldpXMedLocalData.LldpXMedLocMediaPolicyEntry.3.LldpXMedLocMediaPolicyAppType.3.lldpXMedLocMediaPolicyDscp,false,2026-07-21T20:50:23.275Z,true,2026-07-21T20:50:23.275Z,"0",xsd:unsignedInt,2026-07-21T20:50:23.279Z,,,,
InternetGatewayDevice.X_ZHONE_LLDP.LldpExtensions.LldpXMedLocalData.LldpXMedLocMediaPolicyEntry.3.LldpXMedLocMediaPolicyAppType.3.lldpXMedLocMediaPolicyPriority,false,2026-07-21T20:50:23.275Z,true,2026-07-21T20:50:23.275Z,"0",xsd:unsignedInt,2026-07-21T20:50:23.279Z,,,,
InternetGatewayDevice.X_ZHONE_LLDP.LldpExtensions.LldpXMedLocalData.LldpXMedLocMediaPolicyEntry.3.LldpXMedLocMediaPolicyAppType.3.lldpXMedLocMediaPolicyTagged,false,2026-07-21T20:50:23.275Z,true,2026-07-21T20:50:23.275Z,"false",xsd:boolean,2026-07-21T20:50:23.279Z,,,,
InternetGatewayDevice.X_ZHONE_LLDP.LldpExtensions.LldpXMedLocalData.LldpXMedLocMediaPolicyEntry.3.LldpXMedLocMediaPolicyAppType.3.lldpXMedLocMediaPolicyUnknown,false,2026-07-21T20:50:23.275Z,true,2026-07-21T20:50:23.275Z,"true",xsd:boolean,2026-07-21T20:50:23.279Z,,,,
InternetGatewayDevice.X_ZHONE_LLDP.LldpExtensions.LldpXMedLocalData.LldpXMedLocMediaPolicyEntry.3.LldpXMedLocMediaPolicyAppType.3.lldpXMedLocMediaPolicyVlanID,false,2026-07-21T20:50:23.275Z,true,2026-07-21T20:50:23.275Z,"0",xsd:unsignedInt,2026-07-21T20:50:23.279Z,,,,
InternetGatewayDevice.X_ZHONE_LLDP.LldpExtensions.LldpXMedLocalData.LldpXMedLocMediaPolicyEntry.3.LldpXMedLocMediaPolicyAppType.4,true,2026-07-21T20:50:23.275Z,true,2026-07-21T20:50:23.275Z,"",,,,,,
InternetGatewayDevice.X_ZHONE_LLDP.LldpExtensions.LldpXMedLocalData.LldpXMedLocMediaPolicyEntry.3.LldpXMedLocMediaPolicyAppType.4.lldpXMedLocMediaPolicyAppType,false,2026-07-21T20:50:23.275Z,true,2026-07-21T20:50:23.275Z,"4",xsd:unsignedInt,2026-07-21T20:50:23.279Z,,,,
InternetGatewayDevice.X_ZHONE_LLDP.LldpExtensions.LldpXMedLocalData.LldpXMedLocMediaPolicyEntry.3.LldpXMedLocMediaPolicyAppType.4.lldpXMedLocMediaPolicyDscp,false,2026-07-21T20:50:23.275Z,true,2026-07-21T20:50:23.275Z,"0",xsd:unsignedInt,2026-07-21T20:50:23.279Z,,,,
InternetGatewayDevice.X_ZHONE_LLDP.LldpExtensions.LldpXMedLocalData.LldpXMedLocMediaPolicyEntry.3.LldpXMedLocMediaPolicyAppType.4.lldpXMedLocMediaPolicyPriority,false,2026-07-21T20:50:23.275Z,true,2026-07-21T20:50:23.275Z,"0",xsd:unsignedInt,2026-07-21T20:50:23.279Z,,,,
InternetGatewayDevice.X_ZHONE_LLDP.LldpExtensions.LldpXMedLocalData.LldpXMedLocMediaPolicyEntry.3.LldpXMedLocMediaPolicyAppType.4.lldpXMedLocMediaPolicyTagged,false,2026-07-21T20:50:23.275Z,true,2026-07-21T20:50:23.275Z,"false",xsd:boolean,2026-07-21T20:50:23.279Z,,,,
InternetGatewayDevice.X_ZHONE_LLDP.LldpExtensions.LldpXMedLocalData.LldpXMedLocMediaPolicyEntry.3.LldpXMedLocMediaPolicyAppType.4.lldpXMedLocMediaPolicyUnknown,false,2026-07-21T20:50:23.275Z,true,2026-07-21T20:50:23.275Z,"true",xsd:boolean,2026-07-21T20:50:23.279Z,,,,
InternetGatewayDevice.X_ZHONE_LLDP.LldpExtensions.LldpXMedLocalData.LldpXMedLocMediaPolicyEntry.3.LldpXMedLocMediaPolicyAppType.4.lldpXMedLocMediaPolicyVlanID,false,2026-07-21T20:50:23.275Z,true,2026-07-21T20:50:23.275Z,"0",xsd:unsignedInt,2026-07-21T20:50:23.279Z,,,,
InternetGatewayDevice.X_ZHONE_LLDP.LldpExtensions.LldpXMedLocalData.LldpXMedLocMediaPolicyEntry.3.LldpXMedLocMediaPolicyAppType.5,true,2026-07-21T20:50:23.275Z,true,2026-07-21T20:50:23.275Z,"",,,,,,
InternetGatewayDevice.X_ZHONE_LLDP.LldpExtensions.LldpXMedLocalData.LldpXMedLocMediaPolicyEntry.3.LldpXMedLocMediaPolicyAppType.5.lldpXMedLocMediaPolicyAppType,false,2026-07-21T20:50:23.275Z,true,2026-07-21T20:50:23.275Z,"5",xsd:unsignedInt,2026-07-21T20:50:23.279Z,,,,
InternetGatewayDevice.X_ZHONE_LLDP.LldpExtensions.LldpXMedLocalData.LldpXMedLocMediaPolicyEntry.3.LldpXMedLocMediaPolicyAppType.5.lldpXMedLocMediaPolicyDscp,false,2026-07-21T20:50:23.275Z,true,2026-07-21T20:50:23.275Z,"0",xsd:unsignedInt,2026-07-21T20:50:23.279Z,,,,
InternetGatewayDevice.X_ZHONE_LLDP.LldpExtensions.LldpXMedLocalData.LldpXMedLocMediaPolicyEntry.3.LldpXMedLocMediaPolicyAppType.5.lldpXMedLocMediaPolicyPriority,false,2026-07-21T20:50:23.275Z,true,2026-07-21T20:50:23.275Z,"0",xsd:unsignedInt,2026-07-21T20:50:23.279Z,,,,
InternetGatewayDevice.X_ZHONE_LLDP.LldpExtensions.LldpXMedLocalData.LldpXMedLocMediaPolicyEntry.3.LldpXMedLocMediaPolicyAppType.5.lldpXMedLocMediaPolicyTagged,false,2026-07-21T20:50:23.275Z,true,2026-07-21T20:50:23.275Z,"false",xsd:boolean,2026-07-21T20:50:23.279Z,,,,
InternetGatewayDevice.X_ZHONE_LLDP.LldpExtensions.LldpXMedLocalData.LldpXMedLocMediaPolicyEntry.3.LldpXMedLocMediaPolicyAppType.5.lldpXMedLocMediaPolicyUnknown,false,2026-07-21T20:50:23.275Z,true,2026-07-21T20:50:23.275Z,"true",xsd:boolean,2026-07-21T20:50:23.279Z,,,,
InternetGatewayDevice.X_ZHONE_LLDP.LldpExtensions.LldpXMedLocalData.LldpXMedLocMediaPolicyEntry.3.LldpXMedLocMediaPolicyAppType.5.lldpXMedLocMediaPolicyVlanID,false,2026-07-21T20:50:23.275Z,true,2026-07-21T20:50:23.275Z,"0",xsd:unsignedInt,2026-07-21T20:50:23.279Z,,,,
InternetGatewayDevice.X_ZHONE_LLDP.LldpExtensions.LldpXMedLocalData.LldpXMedLocMediaPolicyEntry.3.LldpXMedLocMediaPolicyAppType.6,true,2026-07-21T20:50:23.275Z,true,2026-07-21T20:50:23.275Z,"",,,,,,
InternetGatewayDevice.X_ZHONE_LLDP.LldpExtensions.LldpXMedLocalData.LldpXMedLocMediaPolicyEntry.3.LldpXMedLocMediaPolicyAppType.6.lldpXMedLocMediaPolicyAppType,false,2026-07-21T20:50:23.275Z,true,2026-07-21T20:50:23.275Z,"6",xsd:unsignedInt,2026-07-21T20:50:23.279Z,,,,
InternetGatewayDevice.X_ZHONE_LLDP.LldpExtensions.LldpXMedLocalData.LldpXMedLocMediaPolicyEntry.3.LldpXMedLocMediaPolicyAppType.6.lldpXMedLocMediaPolicyDscp,false,2026-07-21T20:50:23.275Z,true,2026-07-21T20:50:23.275Z,"0",xsd:unsignedInt,2026-07-21T20:50:23.279Z,,,,
InternetGatewayDevice.X_ZHONE_LLDP.LldpExtensions.LldpXMedLocalData.LldpXMedLocMediaPolicyEntry.3.LldpXMedLocMediaPolicyAppType.6.lldpXMedLocMediaPolicyPriority,false,2026-07-21T20:50:23.275Z,true,2026-07-21T20:50:23.275Z,"0",xsd:unsignedInt,2026-07-21T20:50:23.279Z,,,,
InternetGatewayDevice.X_ZHONE_LLDP.LldpExtensions.LldpXMedLocalData.LldpXMedLocMediaPolicyEntry.3.LldpXMedLocMediaPolicyAppType.6.lldpXMedLocMediaPolicyTagged,false,2026-07-21T20:50:23.275Z,true,2026-07-21T20:50:23.275Z,"false",xsd:boolean,2026-07-21T20:50:23.279Z,,,,
InternetGatewayDevice.X_ZHONE_LLDP.LldpExtensions.LldpXMedLocalData.LldpXMedLocMediaPolicyEntry.3.LldpXMedLocMediaPolicyAppType.6.lldpXMedLocMediaPolicyUnknown,false,2026-07-21T20:50:23.275Z,true,2026-07-21T20:50:23.275Z,"true",xsd:boolean,2026-07-21T20:50:23.279Z,,,,
InternetGatewayDevice.X_ZHONE_LLDP.LldpExtensions.LldpXMedLocalData.LldpXMedLocMediaPolicyEntry.3.LldpXMedLocMediaPolicyAppType.6.lldpXMedLocMediaPolicyVlanID,false,2026-07-21T20:50:23.275Z,true,2026-07-21T20:50:23.275Z,"0",xsd:unsignedInt,2026-07-21T20:50:23.279Z,,,,
InternetGatewayDevice.X_ZHONE_LLDP.LldpExtensions.LldpXMedLocalData.LldpXMedLocMediaPolicyEntry.3.LldpXMedLocMediaPolicyAppType.7,true,2026-07-21T20:50:23.275Z,true,2026-07-21T20:50:23.275Z,"",,,,,,
InternetGatewayDevice.X_ZHONE_LLDP.LldpExtensions.LldpXMedLocalData.LldpXMedLocMediaPolicyEntry.3.LldpXMedLocMediaPolicyAppType.7.lldpXMedLocMediaPolicyAppType,false,2026-07-21T20:50:23.275Z,true,2026-07-21T20:50:23.275Z,"7",xsd:unsignedInt,2026-07-21T20:50:23.279Z,,,,
InternetGatewayDevice.X_ZHONE_LLDP.LldpExtensions.LldpXMedLocalData.LldpXMedLocMediaPolicyEntry.3.LldpXMedLocMediaPolicyAppType.7.lldpXMedLocMediaPolicyDscp,false,2026-07-21T20:50:23.275Z,true,2026-07-21T20:50:23.275Z,"0",xsd:unsignedInt,2026-07-21T20:50:23.279Z,,,,
InternetGatewayDevice.X_ZHONE_LLDP.LldpExtensions.LldpXMedLocalData.LldpXMedLocMediaPolicyEntry.3.LldpXMedLocMediaPolicyAppType.7.lldpXMedLocMediaPolicyPriority,false,2026-07-21T20:50:23.275Z,true,2026-07-21T20:50:23.275Z,"0",xsd:unsignedInt,2026-07-21T20:50:23.279Z,,,,
InternetGatewayDevice.X_ZHONE_LLDP.LldpExtensions.LldpXMedLocalData.LldpXMedLocMediaPolicyEntry.3.LldpXMedLocMediaPolicyAppType.7.lldpXMedLocMediaPolicyTagged,false,2026-07-21T20:50:23.275Z,true,2026-07-21T20:50:23.275Z,"false",xsd:boolean,2026-07-21T20:50:23.279Z,,,,
InternetGatewayDevice.X_ZHONE_LLDP.LldpExtensions.LldpXMedLocalData.LldpXMedLocMediaPolicyEntry.3.LldpXMedLocMediaPolicyAppType.7.lldpXMedLocMediaPolicyUnknown,false,2026-07-21T20:50:23.275Z,true,2026-07-21T20:50:23.275Z,"true",xsd:boolean,2026-07-21T20:50:23.279Z,,,,
InternetGatewayDevice.X_ZHONE_LLDP.LldpExtensions.LldpXMedLocalData.LldpXMedLocMediaPolicyEntry.3.LldpXMedLocMediaPolicyAppType.7.lldpXMedLocMediaPolicyVlanID,false,2026-07-21T20:50:23.275Z,true,2026-07-21T20:50:23.275Z,"0",xsd:unsignedInt,2026-07-21T20:50:23.279Z,,,,
InternetGatewayDevice.X_ZHONE_LLDP.LldpExtensions.LldpXMedLocalData.LldpXMedLocMediaPolicyEntry.3.LldpXMedLocMediaPolicyAppType.8,true,2026-07-21T20:50:23.275Z,true,2026-07-21T20:50:23.275Z,"",,,,,,
InternetGatewayDevice.X_ZHONE_LLDP.LldpExtensions.LldpXMedLocalData.LldpXMedLocMediaPolicyEntry.3.LldpXMedLocMediaPolicyAppType.8.lldpXMedLocMediaPolicyAppType,false,2026-07-21T20:50:23.275Z,true,2026-07-21T20:50:23.275Z,"8",xsd:unsignedInt,2026-07-21T20:50:23.279Z,,,,
InternetGatewayDevice.X_ZHONE_LLDP.LldpExtensions.LldpXMedLocalData.LldpXMedLocMediaPolicyEntry.3.LldpXMedLocMediaPolicyAppType.8.lldpXMedLocMediaPolicyDscp,false,2026-07-21T20:50:23.275Z,true,2026-07-21T20:50:23.275Z,"0",xsd:unsignedInt,2026-07-21T20:50:23.279Z,,,,
InternetGatewayDevice.X_ZHONE_LLDP.LldpExtensions.LldpXMedLocalData.LldpXMedLocMediaPolicyEntry.3.LldpXMedLocMediaPolicyAppType.8.lldpXMedLocMediaPolicyPriority,false,2026-07-21T20:50:23.275Z,true,2026-07-21T20:50:23.275Z,"0",xsd:unsignedInt,2026-07-21T20:50:23.279Z,,,,
InternetGatewayDevice.X_ZHONE_LLDP.LldpExtensions.LldpXMedLocalData.LldpXMedLocMediaPolicyEntry.3.LldpXMedLocMediaPolicyAppType.8.lldpXMedLocMediaPolicyTagged,false,2026-07-21T20:50:23.275Z,true,2026-07-21T20:50:23.275Z,"false",xsd:boolean,2026-07-21T20:50:23.279Z,,,,
InternetGatewayDevice.X_ZHONE_LLDP.LldpExtensions.LldpXMedLocalData.LldpXMedLocMediaPolicyEntry.3.LldpXMedLocMediaPolicyAppType.8.lldpXMedLocMediaPolicyUnknown,false,2026-07-21T20:50:23.275Z,true,2026-07-21T20:50:23.275Z,"true",xsd:boolean,2026-07-21T20:50:23.279Z,,,,
InternetGatewayDevice.X_ZHONE_LLDP.LldpExtensions.LldpXMedLocalData.LldpXMedLocMediaPolicyEntry.3.LldpXMedLocMediaPolicyAppType.8.lldpXMedLocMediaPolicyVlanID,false,2026-07-21T20:50:23.275Z,true,2026-07-21T20:50:23.275Z,"0",xsd:unsignedInt,2026-07-21T20:50:23.279Z,,,,
InternetGatewayDevice.X_ZHONE_LLDP.LldpExtensions.LldpXMedLocalData.LldpXMedLocMediaPolicyEntry.4,true,2026-07-21T20:50:23.275Z,true,2026-07-21T20:50:23.275Z,"",,,,,,
InternetGatewayDevice.X_ZHONE_LLDP.LldpExtensions.LldpXMedLocalData.LldpXMedLocMediaPolicyEntry.4.LldpXMedLocMediaPolicyAppType,true,2026-07-21T20:50:23.275Z,true,2026-07-21T20:50:23.275Z,"",,,,,,
InternetGatewayDevice.X_ZHONE_LLDP.LldpExtensions.LldpXMedLocalData.LldpXMedLocMediaPolicyEntry.4.LldpXMedLocMediaPolicyAppType.1,true,2026-07-21T20:50:23.275Z,true,2026-07-21T20:50:23.275Z,"",,,,,,
InternetGatewayDevice.X_ZHONE_LLDP.LldpExtensions.LldpXMedLocalData.LldpXMedLocMediaPolicyEntry.4.LldpXMedLocMediaPolicyAppType.1.lldpXMedLocMediaPolicyAppType,false,2026-07-21T20:50:23.275Z,true,2026-07-21T20:50:23.275Z,"1",xsd:unsignedInt,2026-07-21T20:50:23.279Z,,,,
InternetGatewayDevice.X_ZHONE_LLDP.LldpExtensions.LldpXMedLocalData.LldpXMedLocMediaPolicyEntry.4.LldpXMedLocMediaPolicyAppType.1.lldpXMedLocMediaPolicyDscp,false,2026-07-21T20:50:23.275Z,true,2026-07-21T20:50:23.275Z,"0",xsd:unsignedInt,2026-07-21T20:50:23.279Z,,,,
InternetGatewayDevice.X_ZHONE_LLDP.LldpExtensions.LldpXMedLocalData.LldpXMedLocMediaPolicyEntry.4.LldpXMedLocMediaPolicyAppType.1.lldpXMedLocMediaPolicyPriority,false,2026-07-21T20:50:23.275Z,true,2026-07-21T20:50:23.275Z,"0",xsd:unsignedInt,2026-07-21T20:50:23.279Z,,,,
InternetGatewayDevice.X_ZHONE_LLDP.LldpExtensions.LldpXMedLocalData.LldpXMedLocMediaPolicyEntry.4.LldpXMedLocMediaPolicyAppType.1.lldpXMedLocMediaPolicyTagged,false,2026-07-21T20:50:23.275Z,true,2026-07-21T20:50:23.275Z,"false",xsd:boolean,2026-07-21T20:50:23.279Z,,,,
InternetGatewayDevice.X_ZHONE_LLDP.LldpExtensions.LldpXMedLocalData.LldpXMedLocMediaPolicyEntry.4.LldpXMedLocMediaPolicyAppType.1.lldpXMedLocMediaPolicyUnknown,false,2026-07-21T20:50:23.275Z,true,2026-07-21T20:50:23.275Z,"true",xsd:boolean,2026-07-21T20:50:23.279Z,,,,
InternetGatewayDevice.X_ZHONE_LLDP.LldpExtensions.LldpXMedLocalData.LldpXMedLocMediaPolicyEntry.4.LldpXMedLocMediaPolicyAppType.1.lldpXMedLocMediaPolicyVlanID,false,2026-07-21T20:50:23.275Z,true,2026-07-21T20:50:23.275Z,"0",xsd:unsignedInt,2026-07-21T20:50:23.279Z,,,,
InternetGatewayDevice.X_ZHONE_LLDP.LldpExtensions.LldpXMedLocalData.LldpXMedLocMediaPolicyEntry.4.LldpXMedLocMediaPolicyAppType.2,true,2026-07-21T20:50:23.275Z,true,2026-07-21T20:50:23.275Z,"",,,,,,
InternetGatewayDevice.X_ZHONE_LLDP.LldpExtensions.LldpXMedLocalData.LldpXMedLocMediaPolicyEntry.4.LldpXMedLocMediaPolicyAppType.2.lldpXMedLocMediaPolicyAppType,false,2026-07-21T20:50:23.275Z,true,2026-07-21T20:50:23.275Z,"2",xsd:unsignedInt,2026-07-21T20:50:23.279Z,,,,
InternetGatewayDevice.X_ZHONE_LLDP.LldpExtensions.LldpXMedLocalData.LldpXMedLocMediaPolicyEntry.4.LldpXMedLocMediaPolicyAppType.2.lldpXMedLocMediaPolicyDscp,false,2026-07-21T20:50:23.275Z,true,2026-07-21T20:50:23.275Z,"0",xsd:unsignedInt,2026-07-21T20:50:23.279Z,,,,
InternetGatewayDevice.X_ZHONE_LLDP.LldpExtensions.LldpXMedLocalData.LldpXMedLocMediaPolicyEntry.4.LldpXMedLocMediaPolicyAppType.2.lldpXMedLocMediaPolicyPriority,false,2026-07-21T20:50:23.275Z,true,2026-07-21T20:50:23.275Z,"0",xsd:unsignedInt,2026-07-21T20:50:23.279Z,,,,
InternetGatewayDevice.X_ZHONE_LLDP.LldpExtensions.LldpXMedLocalData.LldpXMedLocMediaPolicyEntry.4.LldpXMedLocMediaPolicyAppType.2.lldpXMedLocMediaPolicyTagged,false,2026-07-21T20:50:23.275Z,true,2026-07-21T20:50:23.275Z,"false",xsd:boolean,2026-07-21T20:50:23.279Z,,,,
InternetGatewayDevice.X_ZHONE_LLDP.LldpExtensions.LldpXMedLocalData.LldpXMedLocMediaPolicyEntry.4.LldpXMedLocMediaPolicyAppType.2.lldpXMedLocMediaPolicyUnknown,false,2026-07-21T20:50:23.275Z,true,2026-07-21T20:50:23.275Z,"true",xsd:boolean,2026-07-21T20:50:23.279Z,,,,
InternetGatewayDevice.X_ZHONE_LLDP.LldpExtensions.LldpXMedLocalData.LldpXMedLocMediaPolicyEntry.4.LldpXMedLocMediaPolicyAppType.2.lldpXMedLocMediaPolicyVlanID,false,2026-07-21T20:50:23.275Z,true,2026-07-21T20:50:23.275Z,"0",xsd:unsignedInt,2026-07-21T20:50:23.279Z,,,,
InternetGatewayDevice.X_ZHONE_LLDP.LldpExtensions.LldpXMedLocalData.LldpXMedLocMediaPolicyEntry.4.LldpXMedLocMediaPolicyAppType.3,true,2026-07-21T20:50:23.275Z,true,2026-07-21T20:50:23.275Z,"",,,,,,
InternetGatewayDevice.X_ZHONE_LLDP.LldpExtensions.LldpXMedLocalData.LldpXMedLocMediaPolicyEntry.4.LldpXMedLocMediaPolicyAppType.3.lldpXMedLocMediaPolicyAppType,false,2026-07-21T20:50:23.275Z,true,2026-07-21T20:50:23.275Z,"3",xsd:unsignedInt,2026-07-21T20:50:23.279Z,,,,
InternetGatewayDevice.X_ZHONE_LLDP.LldpExtensions.LldpXMedLocalData.LldpXMedLocMediaPolicyEntry.4.LldpXMedLocMediaPolicyAppType.3.lldpXMedLocMediaPolicyDscp,false,2026-07-21T20:50:23.275Z,true,2026-07-21T20:50:23.275Z,"0",xsd:unsignedInt,2026-07-21T20:50:23.279Z,,,,
InternetGatewayDevice.X_ZHONE_LLDP.LldpExtensions.LldpXMedLocalData.LldpXMedLocMediaPolicyEntry.4.LldpXMedLocMediaPolicyAppType.3.lldpXMedLocMediaPolicyPriority,false,2026-07-21T20:50:23.275Z,true,2026-07-21T20:50:23.275Z,"0",xsd:unsignedInt,2026-07-21T20:50:23.279Z,,,,
InternetGatewayDevice.X_ZHONE_LLDP.LldpExtensions.LldpXMedLocalData.LldpXMedLocMediaPolicyEntry.4.LldpXMedLocMediaPolicyAppType.3.lldpXMedLocMediaPolicyTagged,false,2026-07-21T20:50:23.275Z,true,2026-07-21T20:50:23.275Z,"false",xsd:boolean,2026-07-21T20:50:23.279Z,,,,
InternetGatewayDevice.X_ZHONE_LLDP.LldpExtensions.LldpXMedLocalData.LldpXMedLocMediaPolicyEntry.4.LldpXMedLocMediaPolicyAppType.3.lldpXMedLocMediaPolicyUnknown,false,2026-07-21T20:50:23.275Z,true,2026-07-21T20:50:23.275Z,"true",xsd:boolean,2026-07-21T20:50:23.279Z,,,,
InternetGatewayDevice.X_ZHONE_LLDP.LldpExtensions.LldpXMedLocalData.LldpXMedLocMediaPolicyEntry.4.LldpXMedLocMediaPolicyAppType.3.lldpXMedLocMediaPolicyVlanID,false,2026-07-21T20:50:23.275Z,true,2026-07-21T20:50:23.275Z,"0",xsd:unsignedInt,2026-07-21T20:50:23.279Z,,,,
InternetGatewayDevice.X_ZHONE_LLDP.LldpExtensions.LldpXMedLocalData.LldpXMedLocMediaPolicyEntry.4.LldpXMedLocMediaPolicyAppType.4,true,2026-07-21T20:50:23.275Z,true,2026-07-21T20:50:23.275Z,"",,,,,,
InternetGatewayDevice.X_ZHONE_LLDP.LldpExtensions.LldpXMedLocalData.LldpXMedLocMediaPolicyEntry.4.LldpXMedLocMediaPolicyAppType.4.lldpXMedLocMediaPolicyAppType,false,2026-07-21T20:50:23.275Z,true,2026-07-21T20:50:23.275Z,"4",xsd:unsignedInt,2026-07-21T20:50:23.279Z,,,,
InternetGatewayDevice.X_ZHONE_LLDP.LldpExtensions.LldpXMedLocalData.LldpXMedLocMediaPolicyEntry.4.LldpXMedLocMediaPolicyAppType.4.lldpXMedLocMediaPolicyDscp,false,2026-07-21T20:50:23.275Z,true,2026-07-21T20:50:23.275Z,"0",xsd:unsignedInt,2026-07-21T20:50:23.279Z,,,,
InternetGatewayDevice.X_ZHONE_LLDP.LldpExtensions.LldpXMedLocalData.LldpXMedLocMediaPolicyEntry.4.LldpXMedLocMediaPolicyAppType.4.lldpXMedLocMediaPolicyPriority,false,2026-07-21T20:50:23.275Z,true,2026-07-21T20:50:23.275Z,"0",xsd:unsignedInt,2026-07-21T20:50:23.279Z,,,,
InternetGatewayDevice.X_ZHONE_LLDP.LldpExtensions.LldpXMedLocalData.LldpXMedLocMediaPolicyEntry.4.LldpXMedLocMediaPolicyAppType.4.lldpXMedLocMediaPolicyTagged,false,2026-07-21T20:50:23.275Z,true,2026-07-21T20:50:23.275Z,"false",xsd:boolean,2026-07-21T20:50:23.279Z,,,,
InternetGatewayDevice.X_ZHONE_LLDP.LldpExtensions.LldpXMedLocalData.LldpXMedLocMediaPolicyEntry.4.LldpXMedLocMediaPolicyAppType.4.lldpXMedLocMediaPolicyUnknown,false,2026-07-21T20:50:23.275Z,true,2026-07-21T20:50:23.275Z,"true",xsd:boolean,2026-07-21T20:50:23.279Z,,,,
InternetGatewayDevice.X_ZHONE_LLDP.LldpExtensions.LldpXMedLocalData.LldpXMedLocMediaPolicyEntry.4.LldpXMedLocMediaPolicyAppType.4.lldpXMedLocMediaPolicyVlanID,false,2026-07-21T20:50:23.275Z,true,2026-07-21T20:50:23.275Z,"0",xsd:unsignedInt,2026-07-21T20:50:23.279Z,,,,
InternetGatewayDevice.X_ZHONE_LLDP.LldpExtensions.LldpXMedLocalData.LldpXMedLocMediaPolicyEntry.4.LldpXMedLocMediaPolicyAppType.5,true,2026-07-21T20:50:23.275Z,true,2026-07-21T20:50:23.275Z,"",,,,,,
InternetGatewayDevice.X_ZHONE_LLDP.LldpExtensions.LldpXMedLocalData.LldpXMedLocMediaPolicyEntry.4.LldpXMedLocMediaPolicyAppType.5.lldpXMedLocMediaPolicyAppType,false,2026-07-21T20:50:23.275Z,true,2026-07-21T20:50:23.275Z,"5",xsd:unsignedInt,2026-07-21T20:50:23.279Z,,,,
InternetGatewayDevice.X_ZHONE_LLDP.LldpExtensions.LldpXMedLocalData.LldpXMedLocMediaPolicyEntry.4.LldpXMedLocMediaPolicyAppType.5.lldpXMedLocMediaPolicyDscp,false,2026-07-21T20:50:23.275Z,true,2026-07-21T20:50:23.275Z,"0",xsd:unsignedInt,2026-07-21T20:50:23.279Z,,,,
InternetGatewayDevice.X_ZHONE_LLDP.LldpExtensions.LldpXMedLocalData.LldpXMedLocMediaPolicyEntry.4.LldpXMedLocMediaPolicyAppType.5.lldpXMedLocMediaPolicyPriority,false,2026-07-21T20:50:23.275Z,true,2026-07-21T20:50:23.275Z,"0",xsd:unsignedInt,2026-07-21T20:50:23.279Z,,,,
InternetGatewayDevice.X_ZHONE_LLDP.LldpExtensions.LldpXMedLocalData.LldpXMedLocMediaPolicyEntry.4.LldpXMedLocMediaPolicyAppType.5.lldpXMedLocMediaPolicyTagged,false,2026-07-21T20:50:23.275Z,true,2026-07-21T20:50:23.275Z,"false",xsd:boolean,2026-07-21T20:50:23.279Z,,,,
InternetGatewayDevice.X_ZHONE_LLDP.LldpExtensions.LldpXMedLocalData.LldpXMedLocMediaPolicyEntry.4.LldpXMedLocMediaPolicyAppType.5.lldpXMedLocMediaPolicyUnknown,false,2026-07-21T20:50:23.275Z,true,2026-07-21T20:50:23.275Z,"true",xsd:boolean,2026-07-21T20:50:23.279Z,,,,
InternetGatewayDevice.X_ZHONE_LLDP.LldpExtensions.LldpXMedLocalData.LldpXMedLocMediaPolicyEntry.4.LldpXMedLocMediaPolicyAppType.5.lldpXMedLocMediaPolicyVlanID,false,2026-07-21T20:50:23.275Z,true,2026-07-21T20:50:23.275Z,"0",xsd:unsignedInt,2026-07-21T20:50:23.279Z,,,,
InternetGatewayDevice.X_ZHONE_LLDP.LldpExtensions.LldpXMedLocalData.LldpXMedLocMediaPolicyEntry.4.LldpXMedLocMediaPolicyAppType.6,true,2026-07-21T20:50:23.275Z,true,2026-07-21T20:50:23.275Z,"",,,,,,
InternetGatewayDevice.X_ZHONE_LLDP.LldpExtensions.LldpXMedLocalData.LldpXMedLocMediaPolicyEntry.4.LldpXMedLocMediaPolicyAppType.6.lldpXMedLocMediaPolicyAppType,false,2026-07-21T20:50:23.275Z,true,2026-07-21T20:50:23.275Z,"6",xsd:unsignedInt,2026-07-21T20:50:23.279Z,,,,
InternetGatewayDevice.X_ZHONE_LLDP.LldpExtensions.LldpXMedLocalData.LldpXMedLocMediaPolicyEntry.4.LldpXMedLocMediaPolicyAppType.6.lldpXMedLocMediaPolicyDscp,false,2026-07-21T20:50:23.275Z,true,2026-07-21T20:50:23.275Z,"0",xsd:unsignedInt,2026-07-21T20:50:23.279Z,,,,
InternetGatewayDevice.X_ZHONE_LLDP.LldpExtensions.LldpXMedLocalData.LldpXMedLocMediaPolicyEntry.4.LldpXMedLocMediaPolicyAppType.6.lldpXMedLocMediaPolicyPriority,false,2026-07-21T20:50:23.275Z,true,2026-07-21T20:50:23.275Z,"0",xsd:unsignedInt,2026-07-21T20:50:23.279Z,,,,
InternetGatewayDevice.X_ZHONE_LLDP.LldpExtensions.LldpXMedLocalData.LldpXMedLocMediaPolicyEntry.4.LldpXMedLocMediaPolicyAppType.6.lldpXMedLocMediaPolicyTagged,false,2026-07-21T20:50:23.275Z,true,2026-07-21T20:50:23.275Z,"false",xsd:boolean,2026-07-21T20:50:23.279Z,,,,
InternetGatewayDevice.X_ZHONE_LLDP.LldpExtensions.LldpXMedLocalData.LldpXMedLocMediaPolicyEntry.4.LldpXMedLocMediaPolicyAppType.6.lldpXMedLocMediaPolicyUnknown,false,2026-07-21T20:50:23.275Z,true,2026-07-21T20:50:23.275Z,"true",xsd:boolean,2026-07-21T20:50:23.279Z,,,,
InternetGatewayDevice.X_ZHONE_LLDP.LldpExtensions.LldpXMedLocalData.LldpXMedLocMediaPolicyEntry.4.LldpXMedLocMediaPolicyAppType.6.lldpXMedLocMediaPolicyVlanID,false,2026-07-21T20:50:23.275Z,true,2026-07-21T20:50:23.275Z,"0",xsd:unsignedInt,2026-07-21T20:50:23.279Z,,,,
InternetGatewayDevice.X_ZHONE_LLDP.LldpExtensions.LldpXMedLocalData.LldpXMedLocMediaPolicyEntry.4.LldpXMedLocMediaPolicyAppType.7,true,2026-07-21T20:50:23.275Z,true,2026-07-21T20:50:23.275Z,"",,,,,,
InternetGatewayDevice.X_ZHONE_LLDP.LldpExtensions.LldpXMedLocalData.LldpXMedLocMediaPolicyEntry.4.LldpXMedLocMediaPolicyAppType.7.lldpXMedLocMediaPolicyAppType,false,2026-07-21T20:50:23.275Z,true,2026-07-21T20:50:23.275Z,"7",xsd:unsignedInt,2026-07-21T20:50:23.279Z,,,,
InternetGatewayDevice.X_ZHONE_LLDP.LldpExtensions.LldpXMedLocalData.LldpXMedLocMediaPolicyEntry.4.LldpXMedLocMediaPolicyAppType.7.lldpXMedLocMediaPolicyDscp,false,2026-07-21T20:50:23.275Z,true,2026-07-21T20:50:23.275Z,"0",xsd:unsignedInt,2026-07-21T20:50:23.279Z,,,,
InternetGatewayDevice.X_ZHONE_LLDP.LldpExtensions.LldpXMedLocalData.LldpXMedLocMediaPolicyEntry.4.LldpXMedLocMediaPolicyAppType.7.lldpXMedLocMediaPolicyPriority,false,2026-07-21T20:50:23.275Z,true,2026-07-21T20:50:23.275Z,"0",xsd:unsignedInt,2026-07-21T20:50:23.279Z,,,,
InternetGatewayDevice.X_ZHONE_LLDP.LldpExtensions.LldpXMedLocalData.LldpXMedLocMediaPolicyEntry.4.LldpXMedLocMediaPolicyAppType.7.lldpXMedLocMediaPolicyTagged,false,2026-07-21T20:50:23.275Z,true,2026-07-21T20:50:23.275Z,"false",xsd:boolean,2026-07-21T20:50:23.279Z,,,,
InternetGatewayDevice.X_ZHONE_LLDP.LldpExtensions.LldpXMedLocalData.LldpXMedLocMediaPolicyEntry.4.LldpXMedLocMediaPolicyAppType.7.lldpXMedLocMediaPolicyUnknown,false,2026-07-21T20:50:23.275Z,true,2026-07-21T20:50:23.275Z,"true",xsd:boolean,2026-07-21T20:50:23.279Z,,,,
InternetGatewayDevice.X_ZHONE_LLDP.LldpExtensions.LldpXMedLocalData.LldpXMedLocMediaPolicyEntry.4.LldpXMedLocMediaPolicyAppType.7.lldpXMedLocMediaPolicyVlanID,false,2026-07-21T20:50:23.275Z,true,2026-07-21T20:50:23.275Z,"0",xsd:unsignedInt,2026-07-21T20:50:23.279Z,,,,
InternetGatewayDevice.X_ZHONE_LLDP.LldpExtensions.LldpXMedLocalData.LldpXMedLocMediaPolicyEntry.4.LldpXMedLocMediaPolicyAppType.8,true,2026-07-21T20:50:23.275Z,true,2026-07-21T20:50:23.275Z,"",,,,,,
InternetGatewayDevice.X_ZHONE_LLDP.LldpExtensions.LldpXMedLocalData.LldpXMedLocMediaPolicyEntry.4.LldpXMedLocMediaPolicyAppType.8.lldpXMedLocMediaPolicyAppType,false,2026-07-21T20:50:23.275Z,true,2026-07-21T20:50:23.275Z,"8",xsd:unsignedInt,2026-07-21T20:50:23.279Z,,,,
InternetGatewayDevice.X_ZHONE_LLDP.LldpExtensions.LldpXMedLocalData.LldpXMedLocMediaPolicyEntry.4.LldpXMedLocMediaPolicyAppType.8.lldpXMedLocMediaPolicyDscp,false,2026-07-21T20:50:23.275Z,true,2026-07-21T20:50:23.275Z,"0",xsd:unsignedInt,2026-07-21T20:50:23.279Z,,,,
InternetGatewayDevice.X_ZHONE_LLDP.LldpExtensions.LldpXMedLocalData.LldpXMedLocMediaPolicyEntry.4.LldpXMedLocMediaPolicyAppType.8.lldpXMedLocMediaPolicyPriority,false,2026-07-21T20:50:23.275Z,true,2026-07-21T20:50:23.275Z,"0",xsd:unsignedInt,2026-07-21T20:50:23.279Z,,,,
InternetGatewayDevice.X_ZHONE_LLDP.LldpExtensions.LldpXMedLocalData.LldpXMedLocMediaPolicyEntry.4.LldpXMedLocMediaPolicyAppType.8.lldpXMedLocMediaPolicyTagged,false,2026-07-21T20:50:23.275Z,true,2026-07-21T20:50:23.275Z,"false",xsd:boolean,2026-07-21T20:50:23.279Z,,,,
InternetGatewayDevice.X_ZHONE_LLDP.LldpExtensions.LldpXMedLocalData.LldpXMedLocMediaPolicyEntry.4.LldpXMedLocMediaPolicyAppType.8.lldpXMedLocMediaPolicyUnknown,false,2026-07-21T20:50:23.275Z,true,2026-07-21T20:50:23.275Z,"true",xsd:boolean,2026-07-21T20:50:23.279Z,,,,
InternetGatewayDevice.X_ZHONE_LLDP.LldpExtensions.LldpXMedLocalData.LldpXMedLocMediaPolicyEntry.4.LldpXMedLocMediaPolicyAppType.8.lldpXMedLocMediaPolicyVlanID,false,2026-07-21T20:50:23.275Z,true,2026-07-21T20:50:23.275Z,"0",xsd:unsignedInt,2026-07-21T20:50:23.279Z,,,,
InternetGatewayDevice.X_ZHONE_LLDP.LldpExtensions.LldpXMedLocalData.lldpXMedLocAssetID,false,2026-07-21T20:50:23.275Z,true,2026-07-21T20:50:23.275Z,"",xsd:string,2026-07-21T20:50:23.279Z,,,,
InternetGatewayDevice.X_ZHONE_LLDP.LldpExtensions.LldpXMedLocalData.lldpXMedLocFirmwareRev,false,2026-07-21T20:50:23.275Z,true,2026-07-21T20:50:23.275Z,"",xsd:string,2026-07-21T20:50:23.279Z,,,,
InternetGatewayDevice.X_ZHONE_LLDP.LldpExtensions.LldpXMedLocalData.lldpXMedLocHardwareRev,false,2026-07-21T20:50:23.275Z,true,2026-07-21T20:50:23.275Z,"",xsd:string,2026-07-21T20:50:23.279Z,,,,
InternetGatewayDevice.X_ZHONE_LLDP.LldpExtensions.LldpXMedLocalData.lldpXMedLocMfgName,false,2026-07-21T20:50:23.275Z,true,2026-07-21T20:50:23.275Z,"",xsd:string,2026-07-21T20:50:23.279Z,,,,
InternetGatewayDevice.X_ZHONE_LLDP.LldpExtensions.LldpXMedLocalData.lldpXMedLocModelName,false,2026-07-21T20:50:23.275Z,true,2026-07-21T20:50:23.275Z,"",xsd:string,2026-07-21T20:50:23.279Z,,,,
InternetGatewayDevice.X_ZHONE_LLDP.LldpExtensions.LldpXMedLocalData.lldpXMedLocSerialNum,false,2026-07-21T20:50:23.275Z,true,2026-07-21T20:50:23.275Z,"",xsd:string,2026-07-21T20:50:23.279Z,,,,
InternetGatewayDevice.X_ZHONE_LLDP.LldpExtensions.LldpXMedLocalData.lldpXMedLocSoftwareRev,false,2026-07-21T20:50:23.275Z,true,2026-07-21T20:50:23.275Z,"",xsd:string,2026-07-21T20:50:23.279Z,,,,
InternetGatewayDevice.X_ZHONE_LLDP.LldpExtensions.LldpXMedLocalData.lldpXMedLocXPoEDeviceType,false,2026-07-21T20:50:23.275Z,true,2026-07-21T20:50:23.275Z,"0",xsd:unsignedInt,2026-07-21T20:50:23.279Z,,,,
InternetGatewayDevice.X_ZHONE_LLDP.LldpExtensions.LldpXMedLocalData.lldpXMedLocXPoEPDPowerPriority,false,2026-07-21T20:50:23.275Z,true,2026-07-21T20:50:23.275Z,"1",xsd:unsignedInt,2026-07-21T20:50:23.279Z,,,,
InternetGatewayDevice.X_ZHONE_LLDP.LldpExtensions.LldpXMedLocalData.lldpXMedLocXPoEPDPowerReq,false,2026-07-21T20:50:23.275Z,true,2026-07-21T20:50:23.275Z,"0",xsd:unsignedInt,2026-07-21T20:50:23.279Z,,,,
InternetGatewayDevice.X_ZHONE_LLDP.LldpExtensions.LldpXMedLocalData.lldpXMedLocXPoEPDPowerSource,false,2026-07-21T20:50:23.275Z,true,2026-07-21T20:50:23.275Z,"0",xsd:unsignedInt,2026-07-21T20:50:23.279Z,,,,
InternetGatewayDevice.X_ZHONE_LLDP.LldpExtensions.LldpXMedLocalData.lldpXMedLocXPoEPSEPowerSource,false,2026-07-21T20:50:23.275Z,true,2026-07-21T20:50:23.275Z,"1",xsd:unsignedInt,2026-07-21T20:50:23.279Z,,,,
InternetGatewayDevice.X_ZHONE_LLDP.LldpExtensions.LldpXMedRemoteData,true,2026-07-21T20:50:23.275Z,false,2026-07-21T20:50:23.275Z,"",,,,,,
InternetGatewayDevice.X_ZHONE_LLDP.LldpExtensions.LldpXMedRemoteData.LldpXMedRemInventoryEntry,true,2026-07-21T20:50:23.275Z,true,2026-07-21T20:50:23.275Z,"",,,,,,
InternetGatewayDevice.X_ZHONE_LLDP.LldpExtensions.LldpXMedRemoteData.LldpXMedRemInventoryEntry.1,true,2026-07-21T20:50:23.275Z,true,2026-07-21T20:50:23.275Z,"",,,,,,
InternetGatewayDevice.X_ZHONE_LLDP.LldpExtensions.LldpXMedRemoteData.LldpXMedRemInventoryEntry.1.lldpRemIndex,false,2026-07-21T20:50:23.275Z,false,2026-07-21T20:50:23.275Z,"0",xsd:unsignedInt,2026-07-21T20:50:23.279Z,,,,
InternetGatewayDevice.X_ZHONE_LLDP.LldpExtensions.LldpXMedRemoteData.LldpXMedRemInventoryEntry.1.lldpRemLocalPortNum,false,2026-07-21T20:50:23.275Z,false,2026-07-21T20:50:23.275Z,"1",xsd:unsignedInt,2026-07-21T20:50:23.279Z,,,,
InternetGatewayDevice.X_ZHONE_LLDP.LldpExtensions.LldpXMedRemoteData.LldpXMedRemInventoryEntry.1.lldpRemTimeMark,false,2026-07-21T20:50:23.275Z,false,2026-07-21T20:50:23.275Z,"0",xsd:string,2026-07-21T20:50:23.279Z,,,,
InternetGatewayDevice.X_ZHONE_LLDP.LldpExtensions.LldpXMedRemoteData.LldpXMedRemInventoryEntry.1.lldpXMedRemAssetID,false,2026-07-21T20:50:23.275Z,false,2026-07-21T20:50:23.275Z,"",xsd:string,2026-07-21T20:50:23.279Z,,,,
InternetGatewayDevice.X_ZHONE_LLDP.LldpExtensions.LldpXMedRemoteData.LldpXMedRemInventoryEntry.1.lldpXMedRemFirmwareRev,false,2026-07-21T20:50:23.275Z,false,2026-07-21T20:50:23.275Z,"",xsd:string,2026-07-21T20:50:23.279Z,,,,
InternetGatewayDevice.X_ZHONE_LLDP.LldpExtensions.LldpXMedRemoteData.LldpXMedRemInventoryEntry.1.lldpXMedRemHardwareRev,false,2026-07-21T20:50:23.275Z,false,2026-07-21T20:50:23.275Z,"",xsd:string,2026-07-21T20:50:23.279Z,,,,
InternetGatewayDevice.X_ZHONE_LLDP.LldpExtensions.LldpXMedRemoteData.LldpXMedRemInventoryEntry.1.lldpXMedRemMfgName,false,2026-07-21T20:50:23.275Z,false,2026-07-21T20:50:23.275Z,"",xsd:string,2026-07-21T20:50:23.279Z,,,,
InternetGatewayDevice.X_ZHONE_LLDP.LldpExtensions.LldpXMedRemoteData.LldpXMedRemInventoryEntry.1.lldpXMedRemModelName,false,2026-07-21T20:50:23.275Z,false,2026-07-21T20:50:23.275Z,"",xsd:string,2026-07-21T20:50:23.279Z,,,,
InternetGatewayDevice.X_ZHONE_LLDP.LldpExtensions.LldpXMedRemoteData.LldpXMedRemInventoryEntry.1.lldpXMedRemSerialNum,false,2026-07-21T20:50:23.275Z,false,2026-07-21T20:50:23.275Z,"",xsd:string,2026-07-21T20:50:23.279Z,,,,
InternetGatewayDevice.X_ZHONE_LLDP.LldpExtensions.LldpXMedRemoteData.LldpXMedRemInventoryEntry.1.lldpXMedRemSoftwareRev,false,2026-07-21T20:50:23.275Z,false,2026-07-21T20:50:23.275Z,"",xsd:string,2026-07-21T20:50:23.279Z,,,,
InternetGatewayDevice.X_ZHONE_LLDP.LldpExtensions.LldpXMedRemoteData.LldpXMedRemInventoryEntry.2,true,2026-07-21T20:50:23.275Z,true,2026-07-21T20:50:23.275Z,"",,,,,,
InternetGatewayDevice.X_ZHONE_LLDP.LldpExtensions.LldpXMedRemoteData.LldpXMedRemInventoryEntry.2.lldpRemIndex,false,2026-07-21T20:50:23.275Z,false,2026-07-21T20:50:23.275Z,"0",xsd:unsignedInt,2026-07-21T20:50:23.279Z,,,,
InternetGatewayDevice.X_ZHONE_LLDP.LldpExtensions.LldpXMedRemoteData.LldpXMedRemInventoryEntry.2.lldpRemLocalPortNum,false,2026-07-21T20:50:23.275Z,false,2026-07-21T20:50:23.275Z,"2",xsd:unsignedInt,2026-07-21T20:50:23.279Z,,,,
InternetGatewayDevice.X_ZHONE_LLDP.LldpExtensions.LldpXMedRemoteData.LldpXMedRemInventoryEntry.2.lldpRemTimeMark,false,2026-07-21T20:50:23.275Z,false,2026-07-21T20:50:23.275Z,"0",xsd:string,2026-07-21T20:50:23.279Z,,,,
InternetGatewayDevice.X_ZHONE_LLDP.LldpExtensions.LldpXMedRemoteData.LldpXMedRemInventoryEntry.2.lldpXMedRemAssetID,false,2026-07-21T20:50:23.275Z,false,2026-07-21T20:50:23.275Z,"",xsd:string,2026-07-21T20:50:23.279Z,,,,
InternetGatewayDevice.X_ZHONE_LLDP.LldpExtensions.LldpXMedRemoteData.LldpXMedRemInventoryEntry.2.lldpXMedRemFirmwareRev,false,2026-07-21T20:50:23.275Z,false,2026-07-21T20:50:23.275Z,"",xsd:string,2026-07-21T20:50:23.279Z,,,,
InternetGatewayDevice.X_ZHONE_LLDP.LldpExtensions.LldpXMedRemoteData.LldpXMedRemInventoryEntry.2.lldpXMedRemHardwareRev,false,2026-07-21T20:50:23.275Z,false,2026-07-21T20:50:23.275Z,"",xsd:string,2026-07-21T20:50:23.279Z,,,,
InternetGatewayDevice.X_ZHONE_LLDP.LldpExtensions.LldpXMedRemoteData.LldpXMedRemInventoryEntry.2.lldpXMedRemMfgName,false,2026-07-21T20:50:23.275Z,false,2026-07-21T20:50:23.275Z,"",xsd:string,2026-07-21T20:50:23.279Z,,,,
InternetGatewayDevice.X_ZHONE_LLDP.LldpExtensions.LldpXMedRemoteData.LldpXMedRemInventoryEntry.2.lldpXMedRemModelName,false,2026-07-21T20:50:23.275Z,false,2026-07-21T20:50:23.275Z,"",xsd:string,2026-07-21T20:50:23.279Z,,,,
InternetGatewayDevice.X_ZHONE_LLDP.LldpExtensions.LldpXMedRemoteData.LldpXMedRemInventoryEntry.2.lldpXMedRemSerialNum,false,2026-07-21T20:50:23.275Z,false,2026-07-21T20:50:23.275Z,"",xsd:string,2026-07-21T20:50:23.279Z,,,,
InternetGatewayDevice.X_ZHONE_LLDP.LldpExtensions.LldpXMedRemoteData.LldpXMedRemInventoryEntry.2.lldpXMedRemSoftwareRev,false,2026-07-21T20:50:23.275Z,false,2026-07-21T20:50:23.275Z,"",xsd:string,2026-07-21T20:50:23.279Z,,,,
InternetGatewayDevice.X_ZHONE_LLDP.LldpExtensions.LldpXMedRemoteData.LldpXMedRemInventoryEntry.3,true,2026-07-21T20:50:23.275Z,true,2026-07-21T20:50:23.275Z,"",,,,,,
InternetGatewayDevice.X_ZHONE_LLDP.LldpExtensions.LldpXMedRemoteData.LldpXMedRemInventoryEntry.3.lldpRemIndex,false,2026-07-21T20:50:23.275Z,false,2026-07-21T20:50:23.275Z,"0",xsd:unsignedInt,2026-07-21T20:50:23.279Z,,,,
InternetGatewayDevice.X_ZHONE_LLDP.LldpExtensions.LldpXMedRemoteData.LldpXMedRemInventoryEntry.3.lldpRemLocalPortNum,false,2026-07-21T20:50:23.275Z,false,2026-07-21T20:50:23.275Z,"3",xsd:unsignedInt,2026-07-21T20:50:23.279Z,,,,
InternetGatewayDevice.X_ZHONE_LLDP.LldpExtensions.LldpXMedRemoteData.LldpXMedRemInventoryEntry.3.lldpRemTimeMark,false,2026-07-21T20:50:23.275Z,false,2026-07-21T20:50:23.275Z,"0",xsd:string,2026-07-21T20:50:23.279Z,,,,
InternetGatewayDevice.X_ZHONE_LLDP.LldpExtensions.LldpXMedRemoteData.LldpXMedRemInventoryEntry.3.lldpXMedRemAssetID,false,2026-07-21T20:50:23.275Z,false,2026-07-21T20:50:23.275Z,"",xsd:string,2026-07-21T20:50:23.279Z,,,,
InternetGatewayDevice.X_ZHONE_LLDP.LldpExtensions.LldpXMedRemoteData.LldpXMedRemInventoryEntry.3.lldpXMedRemFirmwareRev,false,2026-07-21T20:50:23.275Z,false,2026-07-21T20:50:23.275Z,"",xsd:string,2026-07-21T20:50:23.279Z,,,,
InternetGatewayDevice.X_ZHONE_LLDP.LldpExtensions.LldpXMedRemoteData.LldpXMedRemInventoryEntry.3.lldpXMedRemHardwareRev,false,2026-07-21T20:50:23.275Z,false,2026-07-21T20:50:23.275Z,"",xsd:string,2026-07-21T20:50:23.279Z,,,,
InternetGatewayDevice.X_ZHONE_LLDP.LldpExtensions.LldpXMedRemoteData.LldpXMedRemInventoryEntry.3.lldpXMedRemMfgName,false,2026-07-21T20:50:23.275Z,false,2026-07-21T20:50:23.275Z,"",xsd:string,2026-07-21T20:50:23.279Z,,,,
InternetGatewayDevice.X_ZHONE_LLDP.LldpExtensions.LldpXMedRemoteData.LldpXMedRemInventoryEntry.3.lldpXMedRemModelName,false,2026-07-21T20:50:23.275Z,false,2026-07-21T20:50:23.275Z,"",xsd:string,2026-07-21T20:50:23.279Z,,,,
InternetGatewayDevice.X_ZHONE_LLDP.LldpExtensions.LldpXMedRemoteData.LldpXMedRemInventoryEntry.3.lldpXMedRemSerialNum,false,2026-07-21T20:50:23.275Z,false,2026-07-21T20:50:23.275Z,"",xsd:string,2026-07-21T20:50:23.279Z,,,,
InternetGatewayDevice.X_ZHONE_LLDP.LldpExtensions.LldpXMedRemoteData.LldpXMedRemInventoryEntry.3.lldpXMedRemSoftwareRev,false,2026-07-21T20:50:23.275Z,false,2026-07-21T20:50:23.275Z,"",xsd:string,2026-07-21T20:50:23.279Z,,,,
InternetGatewayDevice.X_ZHONE_LLDP.LldpExtensions.LldpXMedRemoteData.LldpXMedRemInventoryEntry.4,true,2026-07-21T20:50:23.275Z,true,2026-07-21T20:50:23.275Z,"",,,,,,
InternetGatewayDevice.X_ZHONE_LLDP.LldpExtensions.LldpXMedRemoteData.LldpXMedRemInventoryEntry.4.lldpRemIndex,false,2026-07-21T20:50:23.275Z,false,2026-07-21T20:50:23.275Z,"0",xsd:unsignedInt,2026-07-21T20:50:23.279Z,,,,
InternetGatewayDevice.X_ZHONE_LLDP.LldpExtensions.LldpXMedRemoteData.LldpXMedRemInventoryEntry.4.lldpRemLocalPortNum,false,2026-07-21T20:50:23.275Z,false,2026-07-21T20:50:23.275Z,"4",xsd:unsignedInt,2026-07-21T20:50:23.279Z,,,,
InternetGatewayDevice.X_ZHONE_LLDP.LldpExtensions.LldpXMedRemoteData.LldpXMedRemInventoryEntry.4.lldpRemTimeMark,false,2026-07-21T20:50:23.275Z,false,2026-07-21T20:50:23.275Z,"0",xsd:string,2026-07-21T20:50:23.279Z,,,,
InternetGatewayDevice.X_ZHONE_LLDP.LldpExtensions.LldpXMedRemoteData.LldpXMedRemInventoryEntry.4.lldpXMedRemAssetID,false,2026-07-21T20:50:23.275Z,false,2026-07-21T20:50:23.275Z,"",xsd:string,2026-07-21T20:50:23.279Z,,,,
InternetGatewayDevice.X_ZHONE_LLDP.LldpExtensions.LldpXMedRemoteData.LldpXMedRemInventoryEntry.4.lldpXMedRemFirmwareRev,false,2026-07-21T20:50:23.275Z,false,2026-07-21T20:50:23.275Z,"",xsd:string,2026-07-21T20:50:23.279Z,,,,
InternetGatewayDevice.X_ZHONE_LLDP.LldpExtensions.LldpXMedRemoteData.LldpXMedRemInventoryEntry.4.lldpXMedRemHardwareRev,false,2026-07-21T20:50:23.275Z,false,2026-07-21T20:50:23.275Z,"",xsd:string,2026-07-21T20:50:23.279Z,,,,
InternetGatewayDevice.X_ZHONE_LLDP.LldpExtensions.LldpXMedRemoteData.LldpXMedRemInventoryEntry.4.lldpXMedRemMfgName,false,2026-07-21T20:50:23.275Z,false,2026-07-21T20:50:23.275Z,"",xsd:string,2026-07-21T20:50:23.279Z,,,,
InternetGatewayDevice.X_ZHONE_LLDP.LldpExtensions.LldpXMedRemoteData.LldpXMedRemInventoryEntry.4.lldpXMedRemModelName,false,2026-07-21T20:50:23.275Z,false,2026-07-21T20:50:23.275Z,"",xsd:string,2026-07-21T20:50:23.279Z,,,,
InternetGatewayDevice.X_ZHONE_LLDP.LldpExtensions.LldpXMedRemoteData.LldpXMedRemInventoryEntry.4.lldpXMedRemSerialNum,false,2026-07-21T20:50:23.275Z,false,2026-07-21T20:50:23.275Z,"",xsd:string,2026-07-21T20:50:23.279Z,,,,
InternetGatewayDevice.X_ZHONE_LLDP.LldpExtensions.LldpXMedRemoteData.LldpXMedRemInventoryEntry.4.lldpXMedRemSoftwareRev,false,2026-07-21T20:50:23.275Z,false,2026-07-21T20:50:23.275Z,"",xsd:string,2026-07-21T20:50:23.279Z,,,,
InternetGatewayDevice.X_ZHONE_LLDP.LldpExtensions.XMedConfig,true,2026-07-21T20:50:23.275Z,true,2026-07-21T20:50:23.275Z,"",,,,,,
InternetGatewayDevice.X_ZHONE_LLDP.LldpExtensions.XMedConfig.LldpXMedPortConfigEntry,true,2026-07-21T20:50:23.275Z,true,2026-07-21T20:50:23.275Z,"",,,,,,
InternetGatewayDevice.X_ZHONE_LLDP.LldpExtensions.XMedConfig.LldpXMedPortConfigEntry.1,true,2026-07-21T20:50:23.275Z,true,2026-07-21T20:50:23.275Z,"",,,,,,
InternetGatewayDevice.X_ZHONE_LLDP.LldpExtensions.XMedConfig.LldpXMedPortConfigEntry.1.lLldpXMedPortCapSupported,false,2026-07-21T20:50:23.275Z,true,2026-07-21T20:50:23.275Z,"34",xsd:unsignedInt,2026-07-21T20:50:23.279Z,,,,
InternetGatewayDevice.X_ZHONE_LLDP.LldpExtensions.XMedConfig.LldpXMedPortConfigEntry.1.lldpXMedPortConfigNotifEnable,false,2026-07-21T20:50:23.275Z,true,2026-07-21T20:50:23.275Z,"false",xsd:boolean,2026-07-21T20:50:23.279Z,,,,
InternetGatewayDevice.X_ZHONE_LLDP.LldpExtensions.XMedConfig.LldpXMedPortConfigEntry.1.lldpXMedPortConfigTLVsTxEnable,false,2026-07-21T20:50:23.275Z,true,2026-07-21T20:50:23.275Z,"34",xsd:unsignedInt,2026-07-21T20:50:23.279Z,,,,
InternetGatewayDevice.X_ZHONE_LLDP.LldpExtensions.XMedConfig.LldpXMedPortConfigEntry.2,true,2026-07-21T20:50:23.275Z,true,2026-07-21T20:50:23.275Z,"",,,,,,
InternetGatewayDevice.X_ZHONE_LLDP.LldpExtensions.XMedConfig.LldpXMedPortConfigEntry.2.lLldpXMedPortCapSupported,false,2026-07-21T20:50:23.275Z,true,2026-07-21T20:50:23.275Z,"34",xsd:unsignedInt,2026-07-21T20:50:23.279Z,,,,
InternetGatewayDevice.X_ZHONE_LLDP.LldpExtensions.XMedConfig.LldpXMedPortConfigEntry.2.lldpXMedPortConfigNotifEnable,false,2026-07-21T20:50:23.275Z,true,2026-07-21T20:50:23.275Z,"false",xsd:boolean,2026-07-21T20:50:23.279Z,,,,
InternetGatewayDevice.X_ZHONE_LLDP.LldpExtensions.XMedConfig.LldpXMedPortConfigEntry.2.lldpXMedPortConfigTLVsTxEnable,false,2026-07-21T20:50:23.275Z,true,2026-07-21T20:50:23.275Z,"34",xsd:unsignedInt,2026-07-21T20:50:23.279Z,,,,
InternetGatewayDevice.X_ZHONE_LLDP.LldpExtensions.XMedConfig.LldpXMedPortConfigEntry.3,true,2026-07-21T20:50:23.275Z,true,2026-07-21T20:50:23.275Z,"",,,,,,
InternetGatewayDevice.X_ZHONE_LLDP.LldpExtensions.XMedConfig.LldpXMedPortConfigEntry.3.lLldpXMedPortCapSupported,false,2026-07-21T20:50:23.275Z,true,2026-07-21T20:50:23.275Z,"34",xsd:unsignedInt,2026-07-21T20:50:23.279Z,,,,
InternetGatewayDevice.X_ZHONE_LLDP.LldpExtensions.XMedConfig.LldpXMedPortConfigEntry.3.lldpXMedPortConfigNotifEnable,false,2026-07-21T20:50:23.275Z,true,2026-07-21T20:50:23.275Z,"false",xsd:boolean,2026-07-21T20:50:23.279Z,,,,
InternetGatewayDevice.X_ZHONE_LLDP.LldpExtensions.XMedConfig.LldpXMedPortConfigEntry.3.lldpXMedPortConfigTLVsTxEnable,false,2026-07-21T20:50:23.275Z,true,2026-07-21T20:50:23.275Z,"34",xsd:unsignedInt,2026-07-21T20:50:23.279Z,,,,
InternetGatewayDevice.X_ZHONE_LLDP.LldpExtensions.XMedConfig.LldpXMedPortConfigEntry.4,true,2026-07-21T20:50:23.275Z,true,2026-07-21T20:50:23.275Z,"",,,,,,
InternetGatewayDevice.X_ZHONE_LLDP.LldpExtensions.XMedConfig.LldpXMedPortConfigEntry.4.lLldpXMedPortCapSupported,false,2026-07-21T20:50:23.275Z,true,2026-07-21T20:50:23.275Z,"34",xsd:unsignedInt,2026-07-21T20:50:23.279Z,,,,
InternetGatewayDevice.X_ZHONE_LLDP.LldpExtensions.XMedConfig.LldpXMedPortConfigEntry.4.lldpXMedPortConfigNotifEnable,false,2026-07-21T20:50:23.275Z,true,2026-07-21T20:50:23.275Z,"false",xsd:boolean,2026-07-21T20:50:23.279Z,,,,
InternetGatewayDevice.X_ZHONE_LLDP.LldpExtensions.XMedConfig.LldpXMedPortConfigEntry.4.lldpXMedPortConfigTLVsTxEnable,false,2026-07-21T20:50:23.275Z,true,2026-07-21T20:50:23.275Z,"34",xsd:unsignedInt,2026-07-21T20:50:23.279Z,,,,
InternetGatewayDevice.X_ZHONE_LLDP.LldpLocalSystemData,true,2026-07-21T20:50:23.275Z,false,2026-07-21T20:50:23.275Z,"",,,,,,
InternetGatewayDevice.X_ZHONE_LLDP.LldpLocalSystemData.LldpLocPortEntry,true,2026-07-21T20:50:23.275Z,true,2026-07-21T20:50:23.275Z,"",,,,,,
InternetGatewayDevice.X_ZHONE_LLDP.LldpLocalSystemData.LldpLocPortEntry.1,true,2026-07-21T20:50:23.275Z,true,2026-07-21T20:50:23.275Z,"",,,,,,
InternetGatewayDevice.X_ZHONE_LLDP.LldpLocalSystemData.LldpLocPortEntry.1.lldpLocPortDesc,false,2026-07-21T20:50:23.275Z,true,2026-07-21T20:50:23.275Z,"GE1 - GigE",xsd:string,2026-07-21T20:50:23.279Z,,,,
InternetGatewayDevice.X_ZHONE_LLDP.LldpLocalSystemData.LldpLocPortEntry.1.lldpLocPortId,false,2026-07-21T20:50:23.275Z,true,2026-07-21T20:50:23.275Z,"eth1",xsd:string,2026-07-21T20:50:23.279Z,,,,
InternetGatewayDevice.X_ZHONE_LLDP.LldpLocalSystemData.LldpLocPortEntry.1.lldpLocPortIdSubtype,false,2026-07-21T20:50:23.275Z,true,2026-07-21T20:50:23.275Z,"1",xsd:unsignedInt,2026-07-21T20:50:23.279Z,,,,
InternetGatewayDevice.X_ZHONE_LLDP.LldpLocalSystemData.LldpLocPortEntry.1.lldpLocPortNum,false,2026-07-21T20:50:23.275Z,true,2026-07-21T20:50:23.275Z,"1",xsd:unsignedInt,2026-07-21T20:50:23.279Z,,,,
InternetGatewayDevice.X_ZHONE_LLDP.LldpLocalSystemData.LldpLocPortEntry.2,true,2026-07-21T20:50:23.275Z,true,2026-07-21T20:50:23.275Z,"",,,,,,
InternetGatewayDevice.X_ZHONE_LLDP.LldpLocalSystemData.LldpLocPortEntry.2.lldpLocPortDesc,false,2026-07-21T20:50:23.275Z,true,2026-07-21T20:50:23.275Z,"GE2 - GigE",xsd:string,2026-07-21T20:50:23.279Z,,,,
InternetGatewayDevice.X_ZHONE_LLDP.LldpLocalSystemData.LldpLocPortEntry.2.lldpLocPortId,false,2026-07-21T20:50:23.275Z,true,2026-07-21T20:50:23.275Z,"eth2",xsd:string,2026-07-21T20:50:23.279Z,,,,
InternetGatewayDevice.X_ZHONE_LLDP.LldpLocalSystemData.LldpLocPortEntry.2.lldpLocPortIdSubtype,false,2026-07-21T20:50:23.275Z,true,2026-07-21T20:50:23.275Z,"1",xsd:unsignedInt,2026-07-21T20:50:23.279Z,,,,
InternetGatewayDevice.X_ZHONE_LLDP.LldpLocalSystemData.LldpLocPortEntry.2.lldpLocPortNum,false,2026-07-21T20:50:23.275Z,true,2026-07-21T20:50:23.275Z,"2",xsd:unsignedInt,2026-07-21T20:50:23.279Z,,,,
InternetGatewayDevice.X_ZHONE_LLDP.LldpLocalSystemData.LldpLocPortEntry.3,true,2026-07-21T20:50:23.275Z,true,2026-07-21T20:50:23.275Z,"",,,,,,
InternetGatewayDevice.X_ZHONE_LLDP.LldpLocalSystemData.LldpLocPortEntry.3.lldpLocPortDesc,false,2026-07-21T20:50:23.275Z,true,2026-07-21T20:50:23.275Z,"GE3 - GigE",xsd:string,2026-07-21T20:50:23.279Z,,,,
InternetGatewayDevice.X_ZHONE_LLDP.LldpLocalSystemData.LldpLocPortEntry.3.lldpLocPortId,false,2026-07-21T20:50:23.275Z,true,2026-07-21T20:50:23.275Z,"eth3",xsd:string,2026-07-21T20:50:23.279Z,,,,
InternetGatewayDevice.X_ZHONE_LLDP.LldpLocalSystemData.LldpLocPortEntry.3.lldpLocPortIdSubtype,false,2026-07-21T20:50:23.275Z,true,2026-07-21T20:50:23.275Z,"1",xsd:unsignedInt,2026-07-21T20:50:23.279Z,,,,
InternetGatewayDevice.X_ZHONE_LLDP.LldpLocalSystemData.LldpLocPortEntry.3.lldpLocPortNum,false,2026-07-21T20:50:23.275Z,true,2026-07-21T20:50:23.275Z,"3",xsd:unsignedInt,2026-07-21T20:50:23.279Z,,,,
InternetGatewayDevice.X_ZHONE_LLDP.LldpLocalSystemData.LldpLocPortEntry.4,true,2026-07-21T20:50:23.275Z,true,2026-07-21T20:50:23.275Z,"",,,,,,
InternetGatewayDevice.X_ZHONE_LLDP.LldpLocalSystemData.LldpLocPortEntry.4.lldpLocPortDesc,false,2026-07-21T20:50:23.275Z,true,2026-07-21T20:50:23.275Z,"GE4 - GigE",xsd:string,2026-07-21T20:50:23.279Z,,,,
InternetGatewayDevice.X_ZHONE_LLDP.LldpLocalSystemData.LldpLocPortEntry.4.lldpLocPortId,false,2026-07-21T20:50:23.275Z,true,2026-07-21T20:50:23.275Z,"eth4",xsd:string,2026-07-21T20:50:23.279Z,,,,
InternetGatewayDevice.X_ZHONE_LLDP.LldpLocalSystemData.LldpLocPortEntry.4.lldpLocPortIdSubtype,false,2026-07-21T20:50:23.275Z,true,2026-07-21T20:50:23.275Z,"1",xsd:unsignedInt,2026-07-21T20:50:23.279Z,,,,
InternetGatewayDevice.X_ZHONE_LLDP.LldpLocalSystemData.LldpLocPortEntry.4.lldpLocPortNum,false,2026-07-21T20:50:23.275Z,true,2026-07-21T20:50:23.275Z,"4",xsd:unsignedInt,2026-07-21T20:50:23.279Z,,,,
InternetGatewayDevice.X_ZHONE_LLDP.LldpLocalSystemData.lldpLocChassisId,false,2026-07-21T20:50:23.275Z,true,2026-07-21T20:50:23.275Z,"",xsd:string,2026-07-21T20:50:23.279Z,,,,
InternetGatewayDevice.X_ZHONE_LLDP.LldpLocalSystemData.lldpLocChassisIdSubtype,false,2026-07-21T20:50:23.275Z,true,2026-07-21T20:50:23.275Z,"5",xsd:int,2026-07-21T20:50:23.279Z,,,,
InternetGatewayDevice.X_ZHONE_LLDP.LldpLocalSystemData.lldpLocManAddrEntry,true,2026-07-21T20:50:23.275Z,false,2026-07-21T20:50:23.275Z,"",,,,,,
InternetGatewayDevice.X_ZHONE_LLDP.LldpLocalSystemData.lldpLocManAddrEntry.lldpLocManAddr,false,2026-07-21T20:50:23.275Z,true,2026-07-21T20:50:23.275Z,"192.168.1.1",xsd:string,2026-07-21T20:50:23.279Z,,,,
InternetGatewayDevice.X_ZHONE_LLDP.LldpLocalSystemData.lldpLocManAddrEntry.lldpLocManAddrIfId,false,2026-07-21T20:50:23.275Z,true,2026-07-21T20:50:23.275Z,"1",xsd:unsignedInt,2026-07-21T20:50:23.279Z,,,,
InternetGatewayDevice.X_ZHONE_LLDP.LldpLocalSystemData.lldpLocManAddrEntry.lldpLocManAddrIfSubtype,false,2026-07-21T20:50:23.275Z,true,2026-07-21T20:50:23.275Z,"2",xsd:unsignedInt,2026-07-21T20:50:23.279Z,,,,
InternetGatewayDevice.X_ZHONE_LLDP.LldpLocalSystemData.lldpLocManAddrEntry.lldpLocManAddrLen,false,2026-07-21T20:50:23.275Z,true,2026-07-21T20:50:23.275Z,"11",xsd:unsignedInt,2026-07-21T20:50:23.279Z,,,,
InternetGatewayDevice.X_ZHONE_LLDP.LldpLocalSystemData.lldpLocManAddrEntry.lldpLocManAddrOID,false,2026-07-21T20:50:23.275Z,true,2026-07-21T20:50:23.275Z,".1.3.6.1.4.1.5504",xsd:string,2026-07-21T20:50:23.279Z,,,,
InternetGatewayDevice.X_ZHONE_LLDP.LldpLocalSystemData.lldpLocManAddrEntry.lldpLocManAddrSubtype,false,2026-07-21T20:50:23.275Z,true,2026-07-21T20:50:23.275Z,"1",xsd:unsignedInt,2026-07-21T20:50:23.279Z,,,,
InternetGatewayDevice.X_ZHONE_LLDP.LldpLocalSystemData.lldpLocSysCapEnabled,false,2026-07-21T20:50:23.275Z,true,2026-07-21T20:50:23.275Z,"0",xsd:unsignedInt,2026-07-21T20:50:23.279Z,,,,
InternetGatewayDevice.X_ZHONE_LLDP.LldpLocalSystemData.lldpLocSysCapSupported,false,2026-07-21T20:50:23.275Z,true,2026-07-21T20:50:23.275Z,"0",xsd:unsignedInt,2026-07-21T20:50:23.279Z,,,,
InternetGatewayDevice.X_ZHONE_LLDP.LldpLocalSystemData.lldpLocSysDesc,false,2026-07-21T20:50:23.275Z,true,2026-07-21T20:50:23.275Z,"",xsd:string,2026-07-21T20:50:23.279Z,,,,
InternetGatewayDevice.X_ZHONE_LLDP.LldpLocalSystemData.lldpLocSysName,false,2026-07-21T20:50:23.275Z,true,2026-07-21T20:50:23.275Z,"",xsd:string,2026-07-21T20:50:23.279Z,,,,
InternetGatewayDevice.X_ZHONE_LLDP.LldpRemoteSystemsData,true,2026-07-21T20:50:23.275Z,false,2026-07-21T20:50:23.275Z,"",,,,,,
InternetGatewayDevice.X_ZHONE_LLDP.LldpRemoteSystemsData.LldpRemEntry,true,2026-07-21T20:50:23.275Z,true,2026-07-21T20:50:23.275Z,"",,,,,,
InternetGatewayDevice.X_ZHONE_LLDP.LldpRemoteSystemsData.LldpRemEntry.1,true,2026-07-21T20:50:23.275Z,true,2026-07-21T20:50:23.275Z,"",,,,,,
InternetGatewayDevice.X_ZHONE_LLDP.LldpRemoteSystemsData.LldpRemEntry.1.lldpRemChassisId,false,2026-07-21T20:50:23.275Z,false,2026-07-21T20:50:23.275Z,"",xsd:string,2026-07-21T20:50:23.279Z,,,,
InternetGatewayDevice.X_ZHONE_LLDP.LldpRemoteSystemsData.LldpRemEntry.1.lldpRemChassisIdSubtype,false,2026-07-21T20:50:23.275Z,false,2026-07-21T20:50:23.275Z,"0",xsd:unsignedInt,2026-07-21T20:50:23.279Z,,,,
InternetGatewayDevice.X_ZHONE_LLDP.LldpRemoteSystemsData.LldpRemEntry.1.lldpRemIndex,false,2026-07-21T20:50:23.275Z,false,2026-07-21T20:50:23.275Z,"0",xsd:unsignedInt,2026-07-21T20:50:23.279Z,,,,
InternetGatewayDevice.X_ZHONE_LLDP.LldpRemoteSystemsData.LldpRemEntry.1.lldpRemLocalPortNum,false,2026-07-21T20:50:23.275Z,false,2026-07-21T20:50:23.275Z,"1",xsd:unsignedInt,2026-07-21T20:50:23.279Z,,,,
InternetGatewayDevice.X_ZHONE_LLDP.LldpRemoteSystemsData.LldpRemEntry.1.lldpRemPortDesc,false,2026-07-21T20:50:23.275Z,false,2026-07-21T20:50:23.275Z,"",xsd:string,2026-07-21T20:50:23.279Z,,,,
InternetGatewayDevice.X_ZHONE_LLDP.LldpRemoteSystemsData.LldpRemEntry.1.lldpRemPortId,false,2026-07-21T20:50:23.275Z,false,2026-07-21T20:50:23.275Z,"",xsd:string,2026-07-21T20:50:23.279Z,,,,
InternetGatewayDevice.X_ZHONE_LLDP.LldpRemoteSystemsData.LldpRemEntry.1.lldpRemPortIdSubtype,false,2026-07-21T20:50:23.275Z,false,2026-07-21T20:50:23.275Z,"0",xsd:unsignedInt,2026-07-21T20:50:23.279Z,,,,
InternetGatewayDevice.X_ZHONE_LLDP.LldpRemoteSystemsData.LldpRemEntry.1.lldpRemSysCapEnabled,false,2026-07-21T20:50:23.275Z,false,2026-07-21T20:50:23.275Z,"0",xsd:unsignedInt,2026-07-21T20:50:23.279Z,,,,
InternetGatewayDevice.X_ZHONE_LLDP.LldpRemoteSystemsData.LldpRemEntry.1.lldpRemSysCapSupported,false,2026-07-21T20:50:23.275Z,false,2026-07-21T20:50:23.275Z,"0",xsd:unsignedInt,2026-07-21T20:50:23.279Z,,,,
InternetGatewayDevice.X_ZHONE_LLDP.LldpRemoteSystemsData.LldpRemEntry.1.lldpRemSysDesc,false,2026-07-21T20:50:23.275Z,false,2026-07-21T20:50:23.275Z,"",xsd:string,2026-07-21T20:50:23.279Z,,,,
InternetGatewayDevice.X_ZHONE_LLDP.LldpRemoteSystemsData.LldpRemEntry.1.lldpRemSysName,false,2026-07-21T20:50:23.275Z,false,2026-07-21T20:50:23.275Z,"",xsd:string,2026-07-21T20:50:23.279Z,,,,
InternetGatewayDevice.X_ZHONE_LLDP.LldpRemoteSystemsData.LldpRemEntry.1.lldpRemTimeMark,false,2026-07-21T20:50:23.275Z,false,2026-07-21T20:50:23.275Z,"0",xsd:string,2026-07-21T20:50:23.279Z,,,,
InternetGatewayDevice.X_ZHONE_LLDP.LldpRemoteSystemsData.LldpRemEntry.2,true,2026-07-21T20:50:23.275Z,true,2026-07-21T20:50:23.275Z,"",,,,,,
InternetGatewayDevice.X_ZHONE_LLDP.LldpRemoteSystemsData.LldpRemEntry.2.lldpRemChassisId,false,2026-07-21T20:50:23.275Z,false,2026-07-21T20:50:23.275Z,"",xsd:string,2026-07-21T20:50:23.279Z,,,,
InternetGatewayDevice.X_ZHONE_LLDP.LldpRemoteSystemsData.LldpRemEntry.2.lldpRemChassisIdSubtype,false,2026-07-21T20:50:23.275Z,false,2026-07-21T20:50:23.275Z,"0",xsd:unsignedInt,2026-07-21T20:50:23.279Z,,,,
InternetGatewayDevice.X_ZHONE_LLDP.LldpRemoteSystemsData.LldpRemEntry.2.lldpRemIndex,false,2026-07-21T20:50:23.275Z,false,2026-07-21T20:50:23.275Z,"0",xsd:unsignedInt,2026-07-21T20:50:23.279Z,,,,
InternetGatewayDevice.X_ZHONE_LLDP.LldpRemoteSystemsData.LldpRemEntry.2.lldpRemLocalPortNum,false,2026-07-21T20:50:23.275Z,false,2026-07-21T20:50:23.275Z,"2",xsd:unsignedInt,2026-07-21T20:50:23.279Z,,,,
InternetGatewayDevice.X_ZHONE_LLDP.LldpRemoteSystemsData.LldpRemEntry.2.lldpRemPortDesc,false,2026-07-21T20:50:23.275Z,false,2026-07-21T20:50:23.275Z,"",xsd:string,2026-07-21T20:50:23.279Z,,,,
InternetGatewayDevice.X_ZHONE_LLDP.LldpRemoteSystemsData.LldpRemEntry.2.lldpRemPortId,false,2026-07-21T20:50:23.275Z,false,2026-07-21T20:50:23.275Z,"",xsd:string,2026-07-21T20:50:23.279Z,,,,
InternetGatewayDevice.X_ZHONE_LLDP.LldpRemoteSystemsData.LldpRemEntry.2.lldpRemPortIdSubtype,false,2026-07-21T20:50:23.275Z,false,2026-07-21T20:50:23.275Z,"0",xsd:unsignedInt,2026-07-21T20:50:23.279Z,,,,
InternetGatewayDevice.X_ZHONE_LLDP.LldpRemoteSystemsData.LldpRemEntry.2.lldpRemSysCapEnabled,false,2026-07-21T20:50:23.275Z,false,2026-07-21T20:50:23.275Z,"0",xsd:unsignedInt,2026-07-21T20:50:23.279Z,,,,
InternetGatewayDevice.X_ZHONE_LLDP.LldpRemoteSystemsData.LldpRemEntry.2.lldpRemSysCapSupported,false,2026-07-21T20:50:23.275Z,false,2026-07-21T20:50:23.275Z,"0",xsd:unsignedInt,2026-07-21T20:50:23.279Z,,,,
InternetGatewayDevice.X_ZHONE_LLDP.LldpRemoteSystemsData.LldpRemEntry.2.lldpRemSysDesc,false,2026-07-21T20:50:23.275Z,false,2026-07-21T20:50:23.275Z,"",xsd:string,2026-07-21T20:50:23.279Z,,,,
InternetGatewayDevice.X_ZHONE_LLDP.LldpRemoteSystemsData.LldpRemEntry.2.lldpRemSysName,false,2026-07-21T20:50:23.275Z,false,2026-07-21T20:50:23.275Z,"",xsd:string,2026-07-21T20:50:23.279Z,,,,
InternetGatewayDevice.X_ZHONE_LLDP.LldpRemoteSystemsData.LldpRemEntry.2.lldpRemTimeMark,false,2026-07-21T20:50:23.275Z,false,2026-07-21T20:50:23.275Z,"0",xsd:string,2026-07-21T20:50:23.279Z,,,,
InternetGatewayDevice.X_ZHONE_LLDP.LldpRemoteSystemsData.LldpRemEntry.3,true,2026-07-21T20:50:23.275Z,true,2026-07-21T20:50:23.275Z,"",,,,,,
InternetGatewayDevice.X_ZHONE_LLDP.LldpRemoteSystemsData.LldpRemEntry.3.lldpRemChassisId,false,2026-07-21T20:50:23.275Z,false,2026-07-21T20:50:23.275Z,"",xsd:string,2026-07-21T20:50:23.279Z,,,,
InternetGatewayDevice.X_ZHONE_LLDP.LldpRemoteSystemsData.LldpRemEntry.3.lldpRemChassisIdSubtype,false,2026-07-21T20:50:23.275Z,false,2026-07-21T20:50:23.275Z,"0",xsd:unsignedInt,2026-07-21T20:50:23.279Z,,,,
InternetGatewayDevice.X_ZHONE_LLDP.LldpRemoteSystemsData.LldpRemEntry.3.lldpRemIndex,false,2026-07-21T20:50:23.275Z,false,2026-07-21T20:50:23.275Z,"0",xsd:unsignedInt,2026-07-21T20:50:23.279Z,,,,
InternetGatewayDevice.X_ZHONE_LLDP.LldpRemoteSystemsData.LldpRemEntry.3.lldpRemLocalPortNum,false,2026-07-21T20:50:23.275Z,false,2026-07-21T20:50:23.275Z,"3",xsd:unsignedInt,2026-07-21T20:50:23.279Z,,,,
InternetGatewayDevice.X_ZHONE_LLDP.LldpRemoteSystemsData.LldpRemEntry.3.lldpRemPortDesc,false,2026-07-21T20:50:23.275Z,false,2026-07-21T20:50:23.275Z,"",xsd:string,2026-07-21T20:50:23.279Z,,,,
InternetGatewayDevice.X_ZHONE_LLDP.LldpRemoteSystemsData.LldpRemEntry.3.lldpRemPortId,false,2026-07-21T20:50:23.275Z,false,2026-07-21T20:50:23.275Z,"",xsd:string,2026-07-21T20:50:23.279Z,,,,
InternetGatewayDevice.X_ZHONE_LLDP.LldpRemoteSystemsData.LldpRemEntry.3.lldpRemPortIdSubtype,false,2026-07-21T20:50:23.275Z,false,2026-07-21T20:50:23.275Z,"0",xsd:unsignedInt,2026-07-21T20:50:23.279Z,,,,
InternetGatewayDevice.X_ZHONE_LLDP.LldpRemoteSystemsData.LldpRemEntry.3.lldpRemSysCapEnabled,false,2026-07-21T20:50:23.275Z,false,2026-07-21T20:50:23.275Z,"0",xsd:unsignedInt,2026-07-21T20:50:23.279Z,,,,
InternetGatewayDevice.X_ZHONE_LLDP.LldpRemoteSystemsData.LldpRemEntry.3.lldpRemSysCapSupported,false,2026-07-21T20:50:23.275Z,false,2026-07-21T20:50:23.275Z,"0",xsd:unsignedInt,2026-07-21T20:50:23.279Z,,,,
InternetGatewayDevice.X_ZHONE_LLDP.LldpRemoteSystemsData.LldpRemEntry.3.lldpRemSysDesc,false,2026-07-21T20:50:23.275Z,false,2026-07-21T20:50:23.275Z,"",xsd:string,2026-07-21T20:50:23.279Z,,,,
InternetGatewayDevice.X_ZHONE_LLDP.LldpRemoteSystemsData.LldpRemEntry.3.lldpRemSysName,false,2026-07-21T20:50:23.275Z,false,2026-07-21T20:50:23.275Z,"",xsd:string,2026-07-21T20:50:23.279Z,,,,
InternetGatewayDevice.X_ZHONE_LLDP.LldpRemoteSystemsData.LldpRemEntry.3.lldpRemTimeMark,false,2026-07-21T20:50:23.275Z,false,2026-07-21T20:50:23.275Z,"0",xsd:string,2026-07-21T20:50:23.279Z,,,,
InternetGatewayDevice.X_ZHONE_LLDP.LldpRemoteSystemsData.LldpRemEntry.4,true,2026-07-21T20:50:23.275Z,true,2026-07-21T20:50:23.275Z,"",,,,,,
InternetGatewayDevice.X_ZHONE_LLDP.LldpRemoteSystemsData.LldpRemEntry.4.lldpRemChassisId,false,2026-07-21T20:50:23.275Z,false,2026-07-21T20:50:23.275Z,"",xsd:string,2026-07-21T20:50:23.279Z,,,,
InternetGatewayDevice.X_ZHONE_LLDP.LldpRemoteSystemsData.LldpRemEntry.4.lldpRemChassisIdSubtype,false,2026-07-21T20:50:23.275Z,false,2026-07-21T20:50:23.275Z,"0",xsd:unsignedInt,2026-07-21T20:50:23.279Z,,,,
InternetGatewayDevice.X_ZHONE_LLDP.LldpRemoteSystemsData.LldpRemEntry.4.lldpRemIndex,false,2026-07-21T20:50:23.275Z,false,2026-07-21T20:50:23.275Z,"0",xsd:unsignedInt,2026-07-21T20:50:23.279Z,,,,
InternetGatewayDevice.X_ZHONE_LLDP.LldpRemoteSystemsData.LldpRemEntry.4.lldpRemLocalPortNum,false,2026-07-21T20:50:23.275Z,false,2026-07-21T20:50:23.275Z,"4",xsd:unsignedInt,2026-07-21T20:50:23.279Z,,,,
InternetGatewayDevice.X_ZHONE_LLDP.LldpRemoteSystemsData.LldpRemEntry.4.lldpRemPortDesc,false,2026-07-21T20:50:23.275Z,false,2026-07-21T20:50:23.275Z,"",xsd:string,2026-07-21T20:50:23.279Z,,,,
InternetGatewayDevice.X_ZHONE_LLDP.LldpRemoteSystemsData.LldpRemEntry.4.lldpRemPortId,false,2026-07-21T20:50:23.275Z,false,2026-07-21T20:50:23.275Z,"",xsd:string,2026-07-21T20:50:23.279Z,,,,
InternetGatewayDevice.X_ZHONE_LLDP.LldpRemoteSystemsData.LldpRemEntry.4.lldpRemPortIdSubtype,false,2026-07-21T20:50:23.275Z,false,2026-07-21T20:50:23.275Z,"0",xsd:unsignedInt,2026-07-21T20:50:23.279Z,,,,
InternetGatewayDevice.X_ZHONE_LLDP.LldpRemoteSystemsData.LldpRemEntry.4.lldpRemSysCapEnabled,false,2026-07-21T20:50:23.275Z,false,2026-07-21T20:50:23.275Z,"0",xsd:unsignedInt,2026-07-21T20:50:23.279Z,,,,
InternetGatewayDevice.X_ZHONE_LLDP.LldpRemoteSystemsData.LldpRemEntry.4.lldpRemSysCapSupported,false,2026-07-21T20:50:23.275Z,false,2026-07-21T20:50:23.275Z,"0",xsd:unsignedInt,2026-07-21T20:50:23.279Z,,,,
InternetGatewayDevice.X_ZHONE_LLDP.LldpRemoteSystemsData.LldpRemEntry.4.lldpRemSysDesc,false,2026-07-21T20:50:23.275Z,false,2026-07-21T20:50:23.275Z,"",xsd:string,2026-07-21T20:50:23.279Z,,,,
InternetGatewayDevice.X_ZHONE_LLDP.LldpRemoteSystemsData.LldpRemEntry.4.lldpRemSysName,false,2026-07-21T20:50:23.275Z,false,2026-07-21T20:50:23.275Z,"",xsd:string,2026-07-21T20:50:23.279Z,,,,
InternetGatewayDevice.X_ZHONE_LLDP.LldpRemoteSystemsData.LldpRemEntry.4.lldpRemTimeMark,false,2026-07-21T20:50:23.275Z,false,2026-07-21T20:50:23.275Z,"0",xsd:string,2026-07-21T20:50:23.279Z,,,,
InternetGatewayDevice.X_ZHONE_LLDP.LldpStatistics,true,2026-07-21T20:50:23.275Z,false,2026-07-21T20:50:23.275Z,"",,,,,,
InternetGatewayDevice.X_ZHONE_LLDP.LldpStatistics.LldpStatsRxPortEntry,true,2026-07-21T20:50:23.275Z,true,2026-07-21T20:50:23.275Z,"",,,,,,
InternetGatewayDevice.X_ZHONE_LLDP.LldpStatistics.LldpStatsRxPortEntry.1,true,2026-07-21T20:50:23.275Z,true,2026-07-21T20:50:23.275Z,"",,,,,,
InternetGatewayDevice.X_ZHONE_LLDP.LldpStatistics.LldpStatsRxPortEntry.1.lldpStatsRxPortAgeoutsTotal,false,2026-07-21T20:50:23.275Z,false,2026-07-21T20:50:23.275Z,"0",xsd:unsignedInt,2026-07-21T20:50:23.279Z,,,,
InternetGatewayDevice.X_ZHONE_LLDP.LldpStatistics.LldpStatsRxPortEntry.1.lldpStatsRxPortFramesDiscardedTotal,false,2026-07-21T20:50:23.275Z,false,2026-07-21T20:50:23.275Z,"0",xsd:unsignedInt,2026-07-21T20:50:23.279Z,,,,
InternetGatewayDevice.X_ZHONE_LLDP.LldpStatistics.LldpStatsRxPortEntry.1.lldpStatsRxPortFramesErrors,false,2026-07-21T20:50:23.275Z,false,2026-07-21T20:50:23.275Z,"0",xsd:unsignedInt,2026-07-21T20:50:23.279Z,,,,
InternetGatewayDevice.X_ZHONE_LLDP.LldpStatistics.LldpStatsRxPortEntry.1.lldpStatsRxPortFramesTotal,false,2026-07-21T20:50:23.275Z,false,2026-07-21T20:50:23.275Z,"0",xsd:unsignedInt,2026-07-21T20:50:23.279Z,,,,
InternetGatewayDevice.X_ZHONE_LLDP.LldpStatistics.LldpStatsRxPortEntry.1.lldpStatsRxPortNum,false,2026-07-21T20:50:23.275Z,false,2026-07-21T20:50:23.275Z,"0",xsd:unsignedInt,2026-07-21T20:50:23.279Z,,,,
InternetGatewayDevice.X_ZHONE_LLDP.LldpStatistics.LldpStatsRxPortEntry.1.lldpStatsRxPortTLVsDiscardedTotal,false,2026-07-21T20:50:23.275Z,false,2026-07-21T20:50:23.275Z,"0",xsd:unsignedInt,2026-07-21T20:50:23.279Z,,,,
InternetGatewayDevice.X_ZHONE_LLDP.LldpStatistics.LldpStatsRxPortEntry.1.lldpStatsRxPortTLVsUnrecognizedTotal,false,2026-07-21T20:50:23.275Z,false,2026-07-21T20:50:23.275Z,"0",xsd:unsignedInt,2026-07-21T20:50:23.279Z,,,,
InternetGatewayDevice.X_ZHONE_LLDP.LldpStatistics.LldpStatsRxPortEntry.2,true,2026-07-21T20:50:23.275Z,true,2026-07-21T20:50:23.275Z,"",,,,,,
InternetGatewayDevice.X_ZHONE_LLDP.LldpStatistics.LldpStatsRxPortEntry.2.lldpStatsRxPortAgeoutsTotal,false,2026-07-21T20:50:23.275Z,false,2026-07-21T20:50:23.275Z,"0",xsd:unsignedInt,2026-07-21T20:50:23.279Z,,,,
InternetGatewayDevice.X_ZHONE_LLDP.LldpStatistics.LldpStatsRxPortEntry.2.lldpStatsRxPortFramesDiscardedTotal,false,2026-07-21T20:50:23.275Z,false,2026-07-21T20:50:23.275Z,"0",xsd:unsignedInt,2026-07-21T20:50:23.279Z,,,,
InternetGatewayDevice.X_ZHONE_LLDP.LldpStatistics.LldpStatsRxPortEntry.2.lldpStatsRxPortFramesErrors,false,2026-07-21T20:50:23.275Z,false,2026-07-21T20:50:23.275Z,"0",xsd:unsignedInt,2026-07-21T20:50:23.279Z,,,,
InternetGatewayDevice.X_ZHONE_LLDP.LldpStatistics.LldpStatsRxPortEntry.2.lldpStatsRxPortFramesTotal,false,2026-07-21T20:50:23.275Z,false,2026-07-21T20:50:23.275Z,"0",xsd:unsignedInt,2026-07-21T20:50:23.279Z,,,,
InternetGatewayDevice.X_ZHONE_LLDP.LldpStatistics.LldpStatsRxPortEntry.2.lldpStatsRxPortNum,false,2026-07-21T20:50:23.275Z,false,2026-07-21T20:50:23.275Z,"0",xsd:unsignedInt,2026-07-21T20:50:23.279Z,,,,
InternetGatewayDevice.X_ZHONE_LLDP.LldpStatistics.LldpStatsRxPortEntry.2.lldpStatsRxPortTLVsDiscardedTotal,false,2026-07-21T20:50:23.275Z,false,2026-07-21T20:50:23.275Z,"0",xsd:unsignedInt,2026-07-21T20:50:23.279Z,,,,
InternetGatewayDevice.X_ZHONE_LLDP.LldpStatistics.LldpStatsRxPortEntry.2.lldpStatsRxPortTLVsUnrecognizedTotal,false,2026-07-21T20:50:23.275Z,false,2026-07-21T20:50:23.275Z,"0",xsd:unsignedInt,2026-07-21T20:50:23.279Z,,,,
InternetGatewayDevice.X_ZHONE_LLDP.LldpStatistics.LldpStatsRxPortEntry.3,true,2026-07-21T20:50:23.275Z,true,2026-07-21T20:50:23.275Z,"",,,,,,
InternetGatewayDevice.X_ZHONE_LLDP.LldpStatistics.LldpStatsRxPortEntry.3.lldpStatsRxPortAgeoutsTotal,false,2026-07-21T20:50:23.275Z,false,2026-07-21T20:50:23.275Z,"0",xsd:unsignedInt,2026-07-21T20:50:23.279Z,,,,
InternetGatewayDevice.X_ZHONE_LLDP.LldpStatistics.LldpStatsRxPortEntry.3.lldpStatsRxPortFramesDiscardedTotal,false,2026-07-21T20:50:23.275Z,false,2026-07-21T20:50:23.275Z,"0",xsd:unsignedInt,2026-07-21T20:50:23.279Z,,,,
InternetGatewayDevice.X_ZHONE_LLDP.LldpStatistics.LldpStatsRxPortEntry.3.lldpStatsRxPortFramesErrors,false,2026-07-21T20:50:23.275Z,false,2026-07-21T20:50:23.275Z,"0",xsd:unsignedInt,2026-07-21T20:50:23.279Z,,,,
InternetGatewayDevice.X_ZHONE_LLDP.LldpStatistics.LldpStatsRxPortEntry.3.lldpStatsRxPortFramesTotal,false,2026-07-21T20:50:23.275Z,false,2026-07-21T20:50:23.275Z,"0",xsd:unsignedInt,2026-07-21T20:50:23.279Z,,,,
InternetGatewayDevice.X_ZHONE_LLDP.LldpStatistics.LldpStatsRxPortEntry.3.lldpStatsRxPortNum,false,2026-07-21T20:50:23.275Z,false,2026-07-21T20:50:23.275Z,"0",xsd:unsignedInt,2026-07-21T20:50:23.279Z,,,,
InternetGatewayDevice.X_ZHONE_LLDP.LldpStatistics.LldpStatsRxPortEntry.3.lldpStatsRxPortTLVsDiscardedTotal,false,2026-07-21T20:50:23.275Z,false,2026-07-21T20:50:23.275Z,"0",xsd:unsignedInt,2026-07-21T20:50:23.279Z,,,,
InternetGatewayDevice.X_ZHONE_LLDP.LldpStatistics.LldpStatsRxPortEntry.3.lldpStatsRxPortTLVsUnrecognizedTotal,false,2026-07-21T20:50:23.275Z,false,2026-07-21T20:50:23.275Z,"0",xsd:unsignedInt,2026-07-21T20:50:23.279Z,,,,
InternetGatewayDevice.X_ZHONE_LLDP.LldpStatistics.LldpStatsRxPortEntry.4,true,2026-07-21T20:50:23.275Z,true,2026-07-21T20:50:23.275Z,"",,,,,,
InternetGatewayDevice.X_ZHONE_LLDP.LldpStatistics.LldpStatsRxPortEntry.4.lldpStatsRxPortAgeoutsTotal,false,2026-07-21T20:50:23.275Z,false,2026-07-21T20:50:23.275Z,"0",xsd:unsignedInt,2026-07-21T20:50:23.279Z,,,,
InternetGatewayDevice.X_ZHONE_LLDP.LldpStatistics.LldpStatsRxPortEntry.4.lldpStatsRxPortFramesDiscardedTotal,false,2026-07-21T20:50:23.275Z,false,2026-07-21T20:50:23.275Z,"0",xsd:unsignedInt,2026-07-21T20:50:23.279Z,,,,
InternetGatewayDevice.X_ZHONE_LLDP.LldpStatistics.LldpStatsRxPortEntry.4.lldpStatsRxPortFramesErrors,false,2026-07-21T20:50:23.275Z,false,2026-07-21T20:50:23.275Z,"0",xsd:unsignedInt,2026-07-21T20:50:23.279Z,,,,
InternetGatewayDevice.X_ZHONE_LLDP.LldpStatistics.LldpStatsRxPortEntry.4.lldpStatsRxPortFramesTotal,false,2026-07-21T20:50:23.275Z,false,2026-07-21T20:50:23.275Z,"0",xsd:unsignedInt,2026-07-21T20:50:23.279Z,,,,
InternetGatewayDevice.X_ZHONE_LLDP.LldpStatistics.LldpStatsRxPortEntry.4.lldpStatsRxPortNum,false,2026-07-21T20:50:23.275Z,false,2026-07-21T20:50:23.275Z,"0",xsd:unsignedInt,2026-07-21T20:50:23.279Z,,,,
InternetGatewayDevice.X_ZHONE_LLDP.LldpStatistics.LldpStatsRxPortEntry.4.lldpStatsRxPortTLVsDiscardedTotal,false,2026-07-21T20:50:23.275Z,false,2026-07-21T20:50:23.275Z,"0",xsd:unsignedInt,2026-07-21T20:50:23.279Z,,,,
InternetGatewayDevice.X_ZHONE_LLDP.LldpStatistics.LldpStatsRxPortEntry.4.lldpStatsRxPortTLVsUnrecognizedTotal,false,2026-07-21T20:50:23.275Z,false,2026-07-21T20:50:23.275Z,"0",xsd:unsignedInt,2026-07-21T20:50:23.279Z,,,,
InternetGatewayDevice.X_ZHONE_LLDP.LldpStatistics.LldpStatsTxPortEntry,true,2026-07-21T20:50:23.275Z,true,2026-07-21T20:50:23.275Z,"",,,,,,
InternetGatewayDevice.X_ZHONE_LLDP.LldpStatistics.LldpStatsTxPortEntry.1,true,2026-07-21T20:50:23.275Z,true,2026-07-21T20:50:23.275Z,"",,,,,,
InternetGatewayDevice.X_ZHONE_LLDP.LldpStatistics.LldpStatsTxPortEntry.1.lldpStatsTxPortFramesTotal,false,2026-07-21T20:50:23.275Z,false,2026-07-21T20:50:23.275Z,"0",xsd:unsignedInt,2026-07-21T20:50:23.279Z,,,,
InternetGatewayDevice.X_ZHONE_LLDP.LldpStatistics.LldpStatsTxPortEntry.1.lldpStatsTxPortNum,false,2026-07-21T20:50:23.275Z,false,2026-07-21T20:50:23.275Z,"0",xsd:unsignedInt,2026-07-21T20:50:23.279Z,,,,
InternetGatewayDevice.X_ZHONE_LLDP.LldpStatistics.LldpStatsTxPortEntry.2,true,2026-07-21T20:50:23.275Z,true,2026-07-21T20:50:23.275Z,"",,,,,,
InternetGatewayDevice.X_ZHONE_LLDP.LldpStatistics.LldpStatsTxPortEntry.2.lldpStatsTxPortFramesTotal,false,2026-07-21T20:50:23.275Z,false,2026-07-21T20:50:23.275Z,"0",xsd:unsignedInt,2026-07-21T20:50:23.279Z,,,,
InternetGatewayDevice.X_ZHONE_LLDP.LldpStatistics.LldpStatsTxPortEntry.2.lldpStatsTxPortNum,false,2026-07-21T20:50:23.275Z,false,2026-07-21T20:50:23.275Z,"0",xsd:unsignedInt,2026-07-21T20:50:23.279Z,,,,
InternetGatewayDevice.X_ZHONE_LLDP.LldpStatistics.LldpStatsTxPortEntry.3,true,2026-07-21T20:50:23.275Z,true,2026-07-21T20:50:23.275Z,"",,,,,,
InternetGatewayDevice.X_ZHONE_LLDP.LldpStatistics.LldpStatsTxPortEntry.3.lldpStatsTxPortFramesTotal,false,2026-07-21T20:50:23.275Z,false,2026-07-21T20:50:23.275Z,"0",xsd:unsignedInt,2026-07-21T20:50:23.279Z,,,,
InternetGatewayDevice.X_ZHONE_LLDP.LldpStatistics.LldpStatsTxPortEntry.3.lldpStatsTxPortNum,false,2026-07-21T20:50:23.275Z,false,2026-07-21T20:50:23.275Z,"0",xsd:unsignedInt,2026-07-21T20:50:23.279Z,,,,
InternetGatewayDevice.X_ZHONE_LLDP.LldpStatistics.LldpStatsTxPortEntry.4,true,2026-07-21T20:50:23.275Z,true,2026-07-21T20:50:23.275Z,"",,,,,,
InternetGatewayDevice.X_ZHONE_LLDP.LldpStatistics.LldpStatsTxPortEntry.4.lldpStatsTxPortFramesTotal,false,2026-07-21T20:50:23.275Z,false,2026-07-21T20:50:23.275Z,"0",xsd:unsignedInt,2026-07-21T20:50:23.279Z,,,,
InternetGatewayDevice.X_ZHONE_LLDP.LldpStatistics.LldpStatsTxPortEntry.4.lldpStatsTxPortNum,false,2026-07-21T20:50:23.275Z,false,2026-07-21T20:50:23.275Z,"0",xsd:unsignedInt,2026-07-21T20:50:23.279Z,,,,
InternetGatewayDevice.X_ZHONE_LLDP.LldpStatistics.lldpStatsRemTablesAgeouts,false,2026-07-21T20:50:23.275Z,false,2026-07-21T20:50:23.275Z,"0",xsd:unsignedInt,2026-07-21T20:50:23.279Z,,,,
InternetGatewayDevice.X_ZHONE_LLDP.LldpStatistics.lldpStatsRemTablesDeletes,false,2026-07-21T20:50:23.275Z,false,2026-07-21T20:50:23.275Z,"0",xsd:unsignedInt,2026-07-21T20:50:23.279Z,,,,
InternetGatewayDevice.X_ZHONE_LLDP.LldpStatistics.lldpStatsRemTablesDrops,false,2026-07-21T20:50:23.275Z,false,2026-07-21T20:50:23.275Z,"0",xsd:unsignedInt,2026-07-21T20:50:23.279Z,,,,
InternetGatewayDevice.X_ZHONE_LLDP.LldpStatistics.lldpStatsRemTablesInserts,false,2026-07-21T20:50:23.275Z,false,2026-07-21T20:50:23.275Z,"0",xsd:unsignedInt,2026-07-21T20:50:23.279Z,,,,
InternetGatewayDevice.X_ZHONE_LLDP.LldpStatistics.lldpStatsRemTablesLastChangeTime,false,2026-07-21T20:50:23.275Z,false,2026-07-21T20:50:23.275Z,"0",xsd:unsignedLong,2026-07-21T20:50:23.279Z,,,,
InternetGatewayDevice.X_ZHONE_SFPStatus,true,2026-07-21T20:50:23.275Z,true,2026-07-21T20:50:23.275Z,"",,,,,,
InternetGatewayDevice.X_ZHONE_SFPStatus.1,true,2026-07-21T20:50:23.275Z,false,2026-07-21T20:50:23.275Z,"",,,,,,
InternetGatewayDevice.X_ZHONE_SFPStatus.1.Connector,false,2026-07-21T20:50:23.275Z,false,2026-07-21T20:50:23.275Z,"11",xsd:unsignedInt,2026-07-21T20:50:23.279Z,,,,
InternetGatewayDevice.X_ZHONE_SFPStatus.1.DateCode,false,2026-07-21T20:50:23.275Z,false,2026-07-21T20:50:23.275Z,"111210  4",xsd:string,2026-07-21T20:50:23.279Z,,,,
InternetGatewayDevice.X_ZHONE_SFPStatus.1.Encoding,false,2026-07-21T20:50:23.275Z,false,2026-07-21T20:50:23.275Z,"3",xsd:unsignedInt,2026-07-21T20:50:23.279Z,,,,
InternetGatewayDevice.X_ZHONE_SFPStatus.1.ExtIdentifier,false,2026-07-21T20:50:23.275Z,false,2026-07-21T20:50:23.275Z,"8",xsd:unsignedInt,2026-07-21T20:50:23.279Z,,,,
InternetGatewayDevice.X_ZHONE_SFPStatus.1.FiberLen_TCC7,false,2026-07-21T20:50:23.275Z,false,2026-07-21T20:50:23.275Z,"0",xsd:unsignedInt,2026-07-21T20:50:23.279Z,,,,
InternetGatewayDevice.X_ZHONE_SFPStatus.1.FiberSpeed_TCC10,false,2026-07-21T20:50:23.275Z,false,2026-07-21T20:50:23.275Z,"0",xsd:unsignedInt,2026-07-21T20:50:23.279Z,,,,
InternetGatewayDevice.X_ZHONE_SFPStatus.1.FiberTranMedia_TCC9,false,2026-07-21T20:50:23.275Z,false,2026-07-21T20:50:23.275Z,"0",xsd:unsignedInt,2026-07-21T20:50:23.279Z,,,,
InternetGatewayDevice.X_ZHONE_SFPStatus.1.FiberTranTech_TCC78,false,2026-07-21T20:50:23.275Z,false,2026-07-21T20:50:23.275Z,"0",xsd:unsignedInt,2026-07-21T20:50:23.279Z,,,,
InternetGatewayDevice.X_ZHONE_SFPStatus.1.GigEComp_TCC6,false,2026-07-21T20:50:23.275Z,false,2026-07-21T20:50:23.275Z,"0",xsd:unsignedInt,2026-07-21T20:50:23.279Z,,,,
InternetGatewayDevice.X_ZHONE_SFPStatus.1.Identifier,false,2026-07-21T20:50:23.275Z,false,2026-07-21T20:50:23.275Z,"2",xsd:unsignedInt,2026-07-21T20:50:23.279Z,,,,
InternetGatewayDevice.X_ZHONE_SFPStatus.1.IsPresent,false,2026-07-21T20:50:23.275Z,false,2026-07-21T20:50:23.275Z,"true",xsd:boolean,2026-07-21T20:50:23.279Z,,,,
InternetGatewayDevice.X_ZHONE_SFPStatus.1.LinkLength50m10m,false,2026-07-21T20:50:23.275Z,false,2026-07-21T20:50:23.275Z,"0",xsd:unsignedInt,2026-07-21T20:50:23.279Z,,,,
InternetGatewayDevice.X_ZHONE_SFPStatus.1.LinkLength625m10m,false,2026-07-21T20:50:23.275Z,false,2026-07-21T20:50:23.275Z,"0",xsd:unsignedInt,2026-07-21T20:50:23.279Z,,,,
InternetGatewayDevice.X_ZHONE_SFPStatus.1.LinkLength9m100m,false,2026-07-21T20:50:23.275Z,false,2026-07-21T20:50:23.275Z,"200",xsd:unsignedInt,2026-07-21T20:50:23.279Z,,,,
InternetGatewayDevice.X_ZHONE_SFPStatus.1.LinkLength9mkm,false,2026-07-21T20:50:23.275Z,false,2026-07-21T20:50:23.275Z,"20",xsd:unsignedInt,2026-07-21T20:50:23.279Z,,,,
InternetGatewayDevice.X_ZHONE_SFPStatus.1.LinkLengthCopper,false,2026-07-21T20:50:23.275Z,false,2026-07-21T20:50:23.275Z,"0",xsd:unsignedInt,2026-07-21T20:50:23.279Z,,,,
InternetGatewayDevice.X_ZHONE_SFPStatus.1.MaxBitRate,false,2026-07-21T20:50:23.275Z,false,2026-07-21T20:50:23.275Z,"20",xsd:unsignedInt,2026-07-21T20:50:23.279Z,,,,
InternetGatewayDevice.X_ZHONE_SFPStatus.1.MinBitRate,false,2026-07-21T20:50:23.275Z,false,2026-07-21T20:50:23.275Z,"20",xsd:unsignedInt,2026-07-21T20:50:23.279Z,,,,
InternetGatewayDevice.X_ZHONE_SFPStatus.1.NominalBitRate,false,2026-07-21T20:50:23.275Z,false,2026-07-21T20:50:23.275Z,"12",xsd:unsignedInt,2026-07-21T20:50:23.279Z,,,,
InternetGatewayDevice.X_ZHONE_SFPStatus.1.Options,false,2026-07-21T20:50:23.275Z,false,2026-07-21T20:50:23.275Z,"7168",xsd:unsignedInt,2026-07-21T20:50:23.279Z,,,,
InternetGatewayDevice.X_ZHONE_SFPStatus.1.SerialNumber,false,2026-07-21T20:50:23.275Z,false,2026-07-21T20:50:23.275Z,"019126AD4V      ",xsd:string,2026-07-21T20:50:23.279Z,,,,
InternetGatewayDevice.X_ZHONE_SFPStatus.1.SonetComp_TCC45,false,2026-07-21T20:50:23.275Z,false,2026-07-21T20:50:23.275Z,"0",xsd:unsignedInt,2026-07-21T20:50:23.279Z,,,,
InternetGatewayDevice.X_ZHONE_SFPStatus.1.VendorName,false,2026-07-21T20:50:23.275Z,false,2026-07-21T20:50:23.275Z,"T&W             ",xsd:string,2026-07-21T20:50:23.279Z,,,,
InternetGatewayDevice.X_ZHONE_SFPStatus.1.VendorOui,false,2026-07-21T20:50:23.275Z,false,2026-07-21T20:50:23.275Z,"00-00-00",xsd:string,2026-07-21T20:50:23.279Z,,,,
InternetGatewayDevice.X_ZHONE_SFPStatus.1.VendorPartNumber,false,2026-07-21T20:50:23.275Z,false,2026-07-21T20:50:23.275Z,"TW2362F-CDEH    ",xsd:string,2026-07-21T20:50:23.279Z,,,,
InternetGatewayDevice.X_ZHONE_SFPStatus.1.VendorRevisionLevel,false,2026-07-21T20:50:23.275Z,false,2026-07-21T20:50:23.275Z,"1.036",xsd:string,2026-07-21T20:50:23.279Z,,,,
InternetGatewayDevice.X_ZHONE_System,true,2026-07-21T20:50:23.275Z,false,2026-07-21T20:50:23.275Z,"",,,,,,
InternetGatewayDevice.X_ZHONE_System.DefaultIfName,false,2026-07-21T20:50:23.275Z,true,2026-07-21T20:50:23.275Z,"eth0.v190.ppp",xsd:string,2026-07-21T20:50:23.279Z,,,,
InternetGatewayDevice.X_ZHONE_System.DerivedMac1,false,2026-07-21T20:50:23.275Z,true,2026-07-21T20:50:23.275Z,"2a:02:71:18:c3:fe",xsd:string,2026-07-21T20:50:23.279Z,,,,
InternetGatewayDevice.X_ZHONE_System.DnsType,false,2026-07-21T20:50:23.275Z,true,2026-07-21T20:50:23.275Z,"DHCP",xsd:string,2026-07-21T20:50:23.279Z,,,,
InternetGatewayDevice.X_ZHONE_System.FirewallCfg,true,2026-07-21T20:50:23.275Z,false,2026-07-21T20:50:23.275Z,"",,,,,,
InternetGatewayDevice.X_ZHONE_System.FirewallCfg.EnableFirewall,false,2026-07-21T20:50:23.275Z,true,2026-07-21T20:50:23.275Z,"true",xsd:boolean,2026-07-21T20:50:23.279Z,,,,
InternetGatewayDevice.X_ZHONE_System.FirewallCfg.TcpSynCookies,false,2026-07-21T20:50:23.275Z,true,2026-07-21T20:50:23.275Z,"true",xsd:boolean,2026-07-21T20:50:23.279Z,,,,
InternetGatewayDevice.X_ZHONE_System.IfName,false,2026-07-21T20:50:23.275Z,true,2026-07-21T20:50:23.275Z,"Unconfigured",xsd:string,2026-07-21T20:50:23.279Z,,,,
InternetGatewayDevice.X_ZHONE_System.PrimaryDnsIpAddress,false,2026-07-21T20:50:23.275Z,true,2026-07-21T20:50:23.275Z,"0.0.0.0",xsd:string,2026-07-21T20:50:23.279Z,,,,
InternetGatewayDevice.X_ZHONE_System.SecondaryDnsIpAddress,false,2026-07-21T20:50:23.275Z,true,2026-07-21T20:50:23.275Z,"0.0.0.0",xsd:string,2026-07-21T20:50:23.279Z,,,,
InternetGatewayDevice.X_ZHONE_WanBackup,true,2026-07-21T20:50:23.275Z,false,2026-07-21T20:50:23.275Z,"",,,,,,
InternetGatewayDevice.X_ZHONE_WanBackup.ATinitCommands,false,2026-07-21T20:50:23.275Z,true,2026-07-21T20:50:23.275Z,"ATZ:ATQ0E1V1",xsd:string,2026-07-21T20:50:23.279Z,,,,
InternetGatewayDevice.X_ZHONE_WanBackup.AccessPointName,false,2026-07-21T20:50:23.275Z,true,2026-07-21T20:50:23.275Z,"",xsd:string,2026-07-21T20:50:23.279Z,,,,
InternetGatewayDevice.X_ZHONE_WanBackup.BackupDataVlan,false,2026-07-21T20:50:23.275Z,true,2026-07-21T20:50:23.275Z,"200",xsd:unsignedInt,2026-07-21T20:50:23.279Z,,,,
InternetGatewayDevice.X_ZHONE_WanBackup.BackupDefaultGateway,false,2026-07-21T20:50:23.275Z,true,2026-07-21T20:50:23.275Z,"0.0.0.0",xsd:string,2026-07-21T20:50:23.279Z,,,,
InternetGatewayDevice.X_ZHONE_WanBackup.BackupIpAddress,false,2026-07-21T20:50:23.275Z,true,2026-07-21T20:50:23.275Z,"0.0.0.0",xsd:string,2026-07-21T20:50:23.279Z,,,,
InternetGatewayDevice.X_ZHONE_WanBackup.BackupIpAddressMode,false,2026-07-21T20:50:23.275Z,true,2026-07-21T20:50:23.275Z,"DHCP",xsd:string,2026-07-21T20:50:23.279Z,,,,
InternetGatewayDevice.X_ZHONE_WanBackup.BackupPrimaryDns,false,2026-07-21T20:50:23.275Z,true,2026-07-21T20:50:23.275Z,"0.0.0.0",xsd:string,2026-07-21T20:50:23.279Z,,,,
InternetGatewayDevice.X_ZHONE_WanBackup.BackupSecondaryDns,false,2026-07-21T20:50:23.275Z,true,2026-07-21T20:50:23.275Z,"0.0.0.0",xsd:string,2026-07-21T20:50:23.279Z,,,,
InternetGatewayDevice.X_ZHONE_WanBackup.BackupSubnetMask,false,2026-07-21T20:50:23.275Z,true,2026-07-21T20:50:23.275Z,"0.0.0.0",xsd:string,2026-07-21T20:50:23.279Z,,,,
InternetGatewayDevice.X_ZHONE_WanBackup.CellularDataNumber,false,2026-07-21T20:50:23.275Z,true,2026-07-21T20:50:23.275Z,"",xsd:string,2026-07-21T20:50:23.279Z,,,,
InternetGatewayDevice.X_ZHONE_WanBackup.CellularPinNumber,false,2026-07-21T20:50:23.275Z,true,2026-07-21T20:50:23.275Z,"",xsd:string,2026-07-21T20:50:23.279Z,,,,
InternetGatewayDevice.X_ZHONE_WanBackup.ChapPapPassword,false,2026-07-21T20:50:23.275Z,true,2026-07-21T20:50:23.275Z,"",xsd:string,2026-07-21T20:50:23.279Z,,,,
InternetGatewayDevice.X_ZHONE_WanBackup.ChapPapUsername,false,2026-07-21T20:50:23.275Z,true,2026-07-21T20:50:23.275Z,"",xsd:string,2026-07-21T20:50:23.279Z,,,,
InternetGatewayDevice.X_ZHONE_WanBackup.ConnectionTimeout,false,2026-07-21T20:50:23.275Z,true,2026-07-21T20:50:23.275Z,"300",xsd:unsignedInt,2026-07-21T20:50:23.279Z,,,,
InternetGatewayDevice.X_ZHONE_WanBackup.FailoverTimer,false,2026-07-21T20:50:23.275Z,true,2026-07-21T20:50:23.275Z,"0",xsd:unsignedInt,2026-07-21T20:50:23.279Z,,,,
InternetGatewayDevice.X_ZHONE_WanBackup.RestoralTimer,false,2026-07-21T20:50:23.275Z,true,2026-07-21T20:50:23.275Z,"60",xsd:unsignedInt,2026-07-21T20:50:23.279Z,,,,