Parameter,Object,Object timestamp,Writable,Writable timestamp,Value,Value type,Value timestamp,Notification,Notification timestamp,Access list,Access list timestamp
"DeviceID.ID,false,2026-07-08T16:11:50.313Z,false,2026-07-08T16:11:50.313Z,""00259E-HS8145X6-5A4E54533A4A8693"",xsd:string,2026-07-08T16:11:50.313Z,,,,"
"DeviceID.Manufacturer,false,2026-07-08T16:11:50.313Z,false,2026-07-08T16:11:50.313Z,""Huawei Technologies Co., Ltd"",xsd:string,2026-07-08T16:11:50.313Z,,,,"
"DeviceID.OUI,false,2026-07-08T16:11:50.313Z,false,2026-07-08T16:11:50.313Z,""00259E"",xsd:string,2026-07-08T16:11:50.313Z,,,,"
"DeviceID.ProductClass,false,2026-07-08T16:11:50.313Z,false,2026-07-08T16:11:50.313Z,""HS8145X6"",xsd:string,2026-07-08T16:11:50.313Z,,,,"
"DeviceID.SerialNumber,false,2026-07-08T16:11:50.313Z,false,2026-07-08T16:11:50.313Z,""5A4E54533A4A8693"",xsd:string,2026-07-08T16:11:50.313Z,,,,"
"Events.0_BOOTSTRAP,false,2026-07-08T16:11:50.313Z,false,2026-07-08T16:11:50.313Z,""2026-07-08T14:33:21.440Z"",xsd:dateTime,2026-07-08T16:11:50.313Z,,,,"
"Events.1_BOOT,false,2026-07-08T16:11:50.313Z,false,2026-07-08T16:11:50.313Z,""2026-07-08T14:33:21.440Z"",xsd:dateTime,2026-07-08T16:11:50.313Z,,,,"
"Events.Inform,false,2026-07-08T16:11:50.313Z,false,2026-07-08T16:11:50.313Z,""2026-07-08T16:11:50.313Z"",xsd:dateTime,2026-07-08T16:11:50.313Z,,,,"
"Events.Registered,false,2026-07-08T16:11:50.313Z,false,2026-07-08T16:11:50.313Z,""2026-07-08T14:33:21.440Z"",xsd:dateTime,2026-07-08T16:11:50.313Z,,,,"
"InternetGatewayDevice,true,2026-07-08T16:02:08.806Z,false,2026-07-08T16:02:08.806Z,"""",,,,,,"
"InternetGatewayDevice.Capabilities,true,2026-07-08T16:02:08.806Z,false,2026-07-08T16:02:08.806Z,"""",,,,,,"
"InternetGatewayDevice.Capabilities.PerformanceDiagnostic,true,2026-07-08T16:02:08.806Z,false,2026-07-08T16:02:08.806Z,"""",,,,,,"
"InternetGatewayDevice.Capabilities.PerformanceDiagnostic.DownloadTransports,false,2026-07-08T16:02:08.806Z,false,2026-07-08T16:02:08.806Z,""HTTP,FTP"",xsd:string,2026-07-08T16:02:08.808Z,,,,"
"InternetGatewayDevice.Capabilities.PerformanceDiagnostic.UploadTransports,false,2026-07-08T16:02:08.806Z,false,2026-07-08T16:02:08.806Z,""HTTP,FTP"",xsd:string,2026-07-08T16:02:08.808Z,,,,"
"InternetGatewayDevice.DHCPv4,true,2026-07-08T16:02:08.806Z,true,2026-07-08T16:02:08.806Z,"""",,,,,,"
"InternetGatewayDevice.DHCPv4.Client,true,2026-07-08T16:02:08.806Z,true,2026-07-08T16:02:08.806Z,"""",,,,,,"
"InternetGatewayDevice.DHCPv4.X_HW_ClientDefaultDSCP,false,2026-07-08T16:02:08.806Z,true,2026-07-08T16:02:08.806Z,""0"",xsd:unsignedInt,2026-07-08T16:02:08.808Z,,,,"
"InternetGatewayDevice.DHCPv6,true,2026-07-08T16:02:08.806Z,true,2026-07-08T16:02:08.806Z,"""",,,,,,"
"InternetGatewayDevice.DHCPv6.Client,true,2026-07-08T16:02:08.806Z,true,2026-07-08T16:02:08.806Z,"""",,,,,,"
"InternetGatewayDevice.DHCPv6.X_HW_ClientDefaultDSCP,false,2026-07-08T16:02:08.806Z,true,2026-07-08T16:02:08.806Z,""0"",xsd:unsignedInt,2026-07-08T16:02:08.808Z,,,,"
"InternetGatewayDevice.DNS,true,2026-07-08T16:02:08.806Z,true,2026-07-08T16:02:08.806Z,"""",,,,,,"
"InternetGatewayDevice.DNS.Diagnostics,true,2026-07-08T16:02:08.806Z,true,2026-07-08T16:02:08.806Z,"""",,,,,,"
"InternetGatewayDevice.DNS.Diagnostics.NSLookupDiagnostics,true,2026-07-08T16:02:08.806Z,true,2026-07-08T16:02:08.806Z,"""",,,,,,"
"InternetGatewayDevice.DNS.Diagnostics.NSLookupDiagnostics.DNSServer,false,2026-07-08T16:02:08.806Z,true,2026-07-08T16:02:08.806Z,"""",xsd:string,2026-07-08T16:02:08.808Z,,,,"
"InternetGatewayDevice.DNS.Diagnostics.NSLookupDiagnostics.DiagnosticsState,false,2026-07-08T16:02:08.806Z,true,2026-07-08T16:02:08.806Z,""None"",xsd:string,2026-07-08T16:02:08.808Z,,,,"
"InternetGatewayDevice.DNS.Diagnostics.NSLookupDiagnostics.HostName,false,2026-07-08T16:02:08.806Z,true,2026-07-08T16:02:08.806Z,"""",xsd:string,2026-07-08T16:02:08.808Z,,,,"
"InternetGatewayDevice.DNS.Diagnostics.NSLookupDiagnostics.Interface,false,2026-07-08T16:02:08.806Z,true,2026-07-08T16:02:08.806Z,"""",xsd:string,2026-07-08T16:02:08.808Z,,,,"
"InternetGatewayDevice.DNS.Diagnostics.NSLookupDiagnostics.NumberOfRepetitions,false,2026-07-08T16:02:08.806Z,true,2026-07-08T16:02:08.806Z,""5"",xsd:unsignedInt,2026-07-08T16:02:08.808Z,,,,"
"InternetGatewayDevice.DNS.Diagnostics.NSLookupDiagnostics.Result,true,2026-07-08T16:02:08.806Z,true,2026-07-08T16:02:08.806Z,"""",,,,,,"
"InternetGatewayDevice.DNS.Diagnostics.NSLookupDiagnostics.ResultNumberOfEntries,false,2026-07-08T16:02:08.806Z,false,2026-07-08T16:02:08.806Z,""0"",xsd:unsignedInt,2026-07-08T16:02:08.808Z,,,,"
"InternetGatewayDevice.DNS.Diagnostics.NSLookupDiagnostics.SuccessCount,false,2026-07-08T16:02:08.806Z,false,2026-07-08T16:02:08.806Z,""0"",xsd:unsignedInt,2026-07-08T16:02:08.808Z,,,,"
"InternetGatewayDevice.DNS.Diagnostics.NSLookupDiagnostics.Timeout,false,2026-07-08T16:02:08.806Z,true,2026-07-08T16:02:08.806Z,""5000"",xsd:unsignedInt,2026-07-08T16:02:08.808Z,,,,"
"InternetGatewayDevice.DeviceConfig,true,2026-07-08T16:02:08.806Z,false,2026-07-08T16:02:08.806Z,"""",,,,,,"
"InternetGatewayDevice.DeviceConfig.ConfigFile,false,2026-07-08T16:02:08.806Z,true,2026-07-08T16:02:08.806Z,""FILE OVER SIZE"",xsd:string,2026-07-08T16:02:08.808Z,,,,"
"InternetGatewayDevice.DeviceConfig.PersistentData,false,2026-07-08T16:02:08.806Z,true,2026-07-08T16:02:08.806Z,""CURRENT CONFIG"",xsd:string,2026-07-08T16:02:08.808Z,,,,"
"InternetGatewayDevice.DeviceConfig.X_HW_ConfigEncryptionKey,false,2026-07-08T16:02:08.806Z,true,2026-07-08T16:02:08.806Z,"""",xsd:string,2026-07-08T16:02:08.808Z,,,,"
"InternetGatewayDevice.DeviceInfo,true,2026-07-08T16:02:08.806Z,true,2026-07-08T16:02:08.806Z,"""",,,,,,"
"InternetGatewayDevice.DeviceInfo.AccessType,false,2026-07-08T16:02:08.806Z,false,2026-07-08T16:02:08.806Z,""Gpon"",xsd:string,2026-07-08T16:02:08.808Z,,,,"
"InternetGatewayDevice.DeviceInfo.AdditionalHardwareVersion,false,2026-07-08T16:02:08.806Z,false,2026-07-08T16:02:08.806Z,"""",xsd:string,2026-07-08T16:02:08.808Z,,,,"
"InternetGatewayDevice.DeviceInfo.AdditionalSoftwareVersion,false,2026-07-08T16:02:08.806Z,false,2026-07-08T16:02:08.806Z,""2020.01"",xsd:string,2026-07-08T16:02:08.808Z,,,,"
"InternetGatewayDevice.DeviceInfo.Description,false,2026-07-08T16:02:08.806Z,false,2026-07-08T16:02:08.806Z,""OptiXstar HS8145X6 GPON Terminal (CLASS B+/PRODUCT ID:2150082025DSL0341690)"",xsd:string,2026-07-08T16:02:08.808Z,,,,"
"InternetGatewayDevice.DeviceInfo.DeviceLog,false,2026-07-08T16:02:08.806Z,false,2026-07-08T16:02:08.806Z,""2025-07-23 14:16:35 [Critical] Time synchronized successfully, uptime:[26s], src:[1], app:[OMCI_PRO_Proces], pid:[1644]"
2025-07-23 13:48:41 [Critical] Time synchronized successfully, uptime:[104s], src:[1], app:[OMCI_PRO_Proces], pid:[1644]
2025-07-21 16:17:43 [Critical] Time synchronized successfully, uptime:[37s], src:[1], app:[OMCI_PRO_Proces], pid:[1645]
2025-07-18 18:18:39 [Critical] Time synchronized successfully, uptime:[73s], src:[1], app:[OMCI_PRO_Proces], pid:[1647]
",xsd:string,2026-07-08T16:02:08.808Z,,,,
InternetGatewayDevice.DeviceInfo.DeviceType,false,2026-07-08T16:02:08.806Z,false,2026-07-08T16:02:08.806Z,COMMON 4+1 AP"",xsd:string,2026-07-08T16:02:08.808Z,,,,"
"InternetGatewayDevice.DeviceInfo.EfuseInfo,true,2026-07-08T16:02:08.806Z,false,2026-07-08T16:02:08.806Z,"""",,,,,,"
"InternetGatewayDevice.DeviceInfo.EfuseInfo.State,false,2026-07-08T16:02:08.806Z,false,2026-07-08T16:02:08.806Z,""3"",xsd:unsignedInt,2026-07-08T16:02:08.808Z,,,,"
"InternetGatewayDevice.DeviceInfo.EnabledOptions,false,2026-07-08T16:02:08.806Z,false,2026-07-08T16:02:08.806Z,"""",xsd:string,2026-07-08T16:02:08.808Z,,,,"
"InternetGatewayDevice.DeviceInfo.FirstUseDate,false,2026-07-08T16:02:08.806Z,false,2026-07-08T16:02:08.806Z,""0001-01-01T00:00:00.000Z"",xsd:dateTime,2026-07-08T16:02:08.808Z,,,,"
"InternetGatewayDevice.DeviceInfo.FlashStatus,true,2026-07-08T16:02:08.806Z,false,2026-07-08T16:02:08.806Z,"""",,,,,,"
"InternetGatewayDevice.DeviceInfo.FlashStatus.Free,false,2026-07-08T16:02:08.806Z,false,2026-07-08T16:02:08.806Z,""81164"",xsd:unsignedInt,2026-07-08T16:02:08.808Z,,,,"
"InternetGatewayDevice.DeviceInfo.FlashStatus.Total,false,2026-07-08T16:02:08.806Z,false,2026-07-08T16:02:08.806Z,""262144"",xsd:unsignedInt,2026-07-08T16:02:08.808Z,,,,"
"InternetGatewayDevice.DeviceInfo.HardwareVersion,false,2026-07-08T16:02:08.806Z,false,2026-07-08T16:02:08.806Z,""210D.A"",xsd:string,2026-07-08T16:11:50.314Z,,,,"
"InternetGatewayDevice.DeviceInfo.ManufactureInfo,false,2026-07-08T16:02:08.806Z,false,2026-07-08T16:02:08.806Z,""2150082025DSL0341690.C402"",xsd:string,2026-07-08T16:02:08.808Z,,,,"
"InternetGatewayDevice.DeviceInfo.Manufacturer,false,2026-07-08T16:02:08.806Z,false,2026-07-08T16:02:08.806Z,""Huawei Technologies Co., Ltd"",xsd:string,2026-07-08T16:02:08.808Z,,,,"
"InternetGatewayDevice.DeviceInfo.ManufacturerOUI,false,2026-07-08T16:02:08.806Z,false,2026-07-08T16:02:08.806Z,""00259E"",xsd:string,2026-07-08T16:02:08.808Z,,,,"
"InternetGatewayDevice.DeviceInfo.MemoryStatus,true,2026-07-08T16:02:08.806Z,false,2026-07-08T16:02:08.806Z,"""",,,,,,"
"InternetGatewayDevice.DeviceInfo.MemoryStatus.Free,false,2026-07-08T16:02:08.806Z,false,2026-07-08T16:02:08.806Z,""342280"",xsd:unsignedInt,2026-07-08T16:02:08.808Z,,,,"
"InternetGatewayDevice.DeviceInfo.MemoryStatus.Total,false,2026-07-08T16:02:08.806Z,false,2026-07-08T16:02:08.806Z,""524288"",xsd:unsignedInt,2026-07-08T16:02:08.808Z,,,,"
"InternetGatewayDevice.DeviceInfo.ModelName,false,2026-07-08T16:02:08.806Z,false,2026-07-08T16:02:08.806Z,""HS8145X6"",xsd:string,2026-07-08T16:02:08.808Z,,,,"
"InternetGatewayDevice.DeviceInfo.ModelNumber,false,2026-07-08T16:02:08.806Z,false,2026-07-08T16:02:08.806Z,"""",xsd:string,2026-07-08T16:02:08.808Z,,,,"
"InternetGatewayDevice.DeviceInfo.ModemFirmwareVersion,false,2026-07-08T16:02:08.806Z,false,2026-07-08T16:02:08.806Z,""5.21.0.50"",xsd:string,2026-07-08T16:02:08.808Z,,,,"
"InternetGatewayDevice.DeviceInfo.ProcessStatus,true,2026-07-08T16:02:08.806Z,false,2026-07-08T16:02:08.806Z,"""",,,,,,"
"InternetGatewayDevice.DeviceInfo.ProcessStatus.CPUUsage,false,2026-07-08T16:02:08.806Z,false,2026-07-08T16:02:08.806Z,""16"",xsd:unsignedInt,2026-07-08T16:02:08.808Z,,,,"
"InternetGatewayDevice.DeviceInfo.ProcessStatus.Process,true,2026-07-08T16:02:08.806Z,false,2026-07-08T16:02:08.806Z,"""",,,,,,"
"InternetGatewayDevice.DeviceInfo.ProcessStatus.Process.1,true,2026-07-08T16:02:08.806Z,false,2026-07-08T16:02:08.806Z,"""",,,,,,"
"InternetGatewayDevice.DeviceInfo.ProcessStatus.Process.1.CPUTime,false,2026-07-08T16:02:08.806Z,false,2026-07-08T16:02:08.806Z,""5510"",xsd:unsignedInt,2026-07-08T16:02:08.808Z,,,,"
"InternetGatewayDevice.DeviceInfo.ProcessStatus.Process.1.Command,false,2026-07-08T16:02:08.806Z,false,2026-07-08T16:02:08.806Z,""ssmp"",xsd:string,2026-07-08T16:02:08.808Z,,,,"
"InternetGatewayDevice.DeviceInfo.ProcessStatus.Process.1.PID,false,2026-07-08T16:02:08.806Z,false,2026-07-08T16:02:08.806Z,""1622"",xsd:unsignedInt,2026-07-08T16:02:08.808Z,,,,"
"InternetGatewayDevice.DeviceInfo.ProcessStatus.Process.1.Priority,false,2026-07-08T16:02:08.806Z,false,2026-07-08T16:02:08.806Z,""120"",xsd:unsignedInt,2026-07-08T16:02:08.808Z,,,,"
"InternetGatewayDevice.DeviceInfo.ProcessStatus.Process.1.Size,false,2026-07-08T16:02:08.806Z,false,2026-07-08T16:02:08.806Z,""9652"",xsd:unsignedInt,2026-07-08T16:02:08.808Z,,,,"
"InternetGatewayDevice.DeviceInfo.ProcessStatus.Process.1.State,false,2026-07-08T16:02:08.806Z,false,2026-07-08T16:02:08.806Z,""Sleeping"",xsd:string,2026-07-08T16:02:08.808Z,,,,"
"InternetGatewayDevice.DeviceInfo.ProcessStatus.Process.10,true,2026-07-08T16:02:08.806Z,false,2026-07-08T16:02:08.806Z,"""",,,,,,"
"InternetGatewayDevice.DeviceInfo.ProcessStatus.Process.10.CPUTime,false,2026-07-08T16:02:08.806Z,false,2026-07-08T16:02:08.806Z,""20"",xsd:unsignedInt,2026-07-08T16:02:08.808Z,,,,"
"InternetGatewayDevice.DeviceInfo.ProcessStatus.Process.10.Command,false,2026-07-08T16:02:08.806Z,false,2026-07-08T16:02:08.806Z,""ldspcli"",xsd:string,2026-07-08T16:02:08.808Z,,,,"
"InternetGatewayDevice.DeviceInfo.ProcessStatus.Process.10.PID,false,2026-07-08T16:02:08.806Z,false,2026-07-08T16:02:08.806Z,""2316"",xsd:unsignedInt,2026-07-08T16:02:08.808Z,,,,"
"InternetGatewayDevice.DeviceInfo.ProcessStatus.Process.10.Priority,false,2026-07-08T16:02:08.806Z,false,2026-07-08T16:02:08.806Z,""120"",xsd:unsignedInt,2026-07-08T16:02:08.808Z,,,,"
"InternetGatewayDevice.DeviceInfo.ProcessStatus.Process.10.Size,false,2026-07-08T16:02:08.806Z,false,2026-07-08T16:02:08.806Z,""1288"",xsd:unsignedInt,2026-07-08T16:02:08.808Z,,,,"
"InternetGatewayDevice.DeviceInfo.ProcessStatus.Process.10.State,false,2026-07-08T16:02:08.806Z,false,2026-07-08T16:02:08.806Z,""Sleeping"",xsd:string,2026-07-08T16:02:08.808Z,,,,"
"InternetGatewayDevice.DeviceInfo.ProcessStatus.Process.11,true,2026-07-08T16:02:08.806Z,false,2026-07-08T16:02:08.806Z,"""",,,,,,"
"InternetGatewayDevice.DeviceInfo.ProcessStatus.Process.11.CPUTime,false,2026-07-08T16:02:08.806Z,false,2026-07-08T16:02:08.806Z,""30"",xsd:unsignedInt,2026-07-08T16:02:08.808Z,,,,"
"InternetGatewayDevice.DeviceInfo.ProcessStatus.Process.11.Command,false,2026-07-08T16:02:08.806Z,false,2026-07-08T16:02:08.806Z,""wificli"",xsd:string,2026-07-08T16:02:08.808Z,,,,"
"InternetGatewayDevice.DeviceInfo.ProcessStatus.Process.11.PID,false,2026-07-08T16:02:08.806Z,false,2026-07-08T16:02:08.806Z,""2448"",xsd:unsignedInt,2026-07-08T16:02:08.808Z,,,,"
"InternetGatewayDevice.DeviceInfo.ProcessStatus.Process.11.Priority,false,2026-07-08T16:02:08.806Z,false,2026-07-08T16:02:08.806Z,""120"",xsd:unsignedInt,2026-07-08T16:02:08.808Z,,,,"
"InternetGatewayDevice.DeviceInfo.ProcessStatus.Process.11.Size,false,2026-07-08T16:02:08.806Z,false,2026-07-08T16:02:08.806Z,""1240"",xsd:unsignedInt,2026-07-08T16:02:08.808Z,,,,"
"InternetGatewayDevice.DeviceInfo.ProcessStatus.Process.11.State,false,2026-07-08T16:02:08.806Z,false,2026-07-08T16:02:08.806Z,""Sleeping"",xsd:string,2026-07-08T16:02:08.808Z,,,,"
"InternetGatewayDevice.DeviceInfo.ProcessStatus.Process.12,true,2026-07-08T16:02:08.806Z,false,2026-07-08T16:02:08.806Z,"""",,,,,,"
"InternetGatewayDevice.DeviceInfo.ProcessStatus.Process.12.CPUTime,false,2026-07-08T16:02:08.806Z,false,2026-07-08T16:02:08.806Z,""50"",xsd:unsignedInt,2026-07-08T16:02:08.808Z,,,,"
"InternetGatewayDevice.DeviceInfo.ProcessStatus.Process.12.Command,false,2026-07-08T16:02:08.806Z,false,2026-07-08T16:02:08.806Z,""apm"",xsd:string,2026-07-08T16:02:08.808Z,,,,"
"InternetGatewayDevice.DeviceInfo.ProcessStatus.Process.12.PID,false,2026-07-08T16:02:08.806Z,false,2026-07-08T16:02:08.806Z,""3059"",xsd:unsignedInt,2026-07-08T16:02:08.808Z,,,,"
"InternetGatewayDevice.DeviceInfo.ProcessStatus.Process.12.Priority,false,2026-07-08T16:02:08.806Z,false,2026-07-08T16:02:08.806Z,""135"",xsd:unsignedInt,2026-07-08T16:02:08.808Z,,,,"
"InternetGatewayDevice.DeviceInfo.ProcessStatus.Process.12.Size,false,2026-07-08T16:02:08.806Z,false,2026-07-08T16:02:08.806Z,""3244"",xsd:unsignedInt,2026-07-08T16:02:08.808Z,,,,"
"InternetGatewayDevice.DeviceInfo.ProcessStatus.Process.12.State,false,2026-07-08T16:02:08.806Z,false,2026-07-08T16:02:08.806Z,""Sleeping"",xsd:string,2026-07-08T16:02:08.808Z,,,,"
"InternetGatewayDevice.DeviceInfo.ProcessStatus.Process.13,true,2026-07-08T16:02:08.806Z,false,2026-07-08T16:02:08.806Z,"""",,,,,,"
"InternetGatewayDevice.DeviceInfo.ProcessStatus.Process.13.CPUTime,false,2026-07-08T16:02:08.806Z,false,2026-07-08T16:02:08.806Z,""340"",xsd:unsignedInt,2026-07-08T16:02:08.808Z,,,,"
"InternetGatewayDevice.DeviceInfo.ProcessStatus.Process.13.Command,false,2026-07-08T16:02:08.806Z,false,2026-07-08T16:02:08.806Z,""udm"",xsd:string,2026-07-08T16:02:08.808Z,,,,"
"InternetGatewayDevice.DeviceInfo.ProcessStatus.Process.13.PID,false,2026-07-08T16:02:08.806Z,false,2026-07-08T16:02:08.806Z,""3060"",xsd:unsignedInt,2026-07-08T16:02:08.808Z,,,,"
"InternetGatewayDevice.DeviceInfo.ProcessStatus.Process.13.Priority,false,2026-07-08T16:02:08.806Z,false,2026-07-08T16:02:08.806Z,""120"",xsd:unsignedInt,2026-07-08T16:02:08.808Z,,,,"
"InternetGatewayDevice.DeviceInfo.ProcessStatus.Process.13.Size,false,2026-07-08T16:02:08.806Z,false,2026-07-08T16:02:08.806Z,""4120"",xsd:unsignedInt,2026-07-08T16:02:08.808Z,,,,"
"InternetGatewayDevice.DeviceInfo.ProcessStatus.Process.13.State,false,2026-07-08T16:02:08.806Z,false,2026-07-08T16:02:08.806Z,""Sleeping"",xsd:string,2026-07-08T16:02:08.808Z,,,,"
"InternetGatewayDevice.DeviceInfo.ProcessStatus.Process.14,true,2026-07-08T16:02:08.806Z,false,2026-07-08T16:02:08.806Z,"""",,,,,,"
"InternetGatewayDevice.DeviceInfo.ProcessStatus.Process.14.CPUTime,false,2026-07-08T16:02:08.806Z,false,2026-07-08T16:02:08.806Z,""410"",xsd:unsignedInt,2026-07-08T16:02:08.808Z,,,,"
"InternetGatewayDevice.DeviceInfo.ProcessStatus.Process.14.Command,false,2026-07-08T16:02:08.806Z,false,2026-07-08T16:02:08.806Z,""web"",xsd:string,2026-07-08T16:02:08.808Z,,,,"
"InternetGatewayDevice.DeviceInfo.ProcessStatus.Process.14.PID,false,2026-07-08T16:02:08.806Z,false,2026-07-08T16:02:08.806Z,""4170"",xsd:unsignedInt,2026-07-08T16:02:08.808Z,,,,"
"InternetGatewayDevice.DeviceInfo.ProcessStatus.Process.14.Priority,false,2026-07-08T16:02:08.806Z,false,2026-07-08T16:02:08.806Z,""120"",xsd:unsignedInt,2026-07-08T16:02:08.808Z,,,,"
"InternetGatewayDevice.DeviceInfo.ProcessStatus.Process.14.Size,false,2026-07-08T16:02:08.806Z,false,2026-07-08T16:02:08.806Z,""8900"",xsd:unsignedInt,2026-07-08T16:02:08.808Z,,,,"
"InternetGatewayDevice.DeviceInfo.ProcessStatus.Process.14.State,false,2026-07-08T16:02:08.806Z,false,2026-07-08T16:02:08.806Z,""Sleeping"",xsd:string,2026-07-08T16:02:08.808Z,,,,"
"InternetGatewayDevice.DeviceInfo.ProcessStatus.Process.2,true,2026-07-08T16:02:08.806Z,false,2026-07-08T16:02:08.806Z,"""",,,,,,"
"InternetGatewayDevice.DeviceInfo.ProcessStatus.Process.2.CPUTime,false,2026-07-08T16:02:08.806Z,false,2026-07-08T16:02:08.806Z,""4860"",xsd:unsignedInt,2026-07-08T16:02:08.808Z,,,,"
"InternetGatewayDevice.DeviceInfo.ProcessStatus.Process.2.Command,false,2026-07-08T16:02:08.806Z,false,2026-07-08T16:02:08.806Z,""bbsp"",xsd:string,2026-07-08T16:02:08.808Z,,,,"
"InternetGatewayDevice.DeviceInfo.ProcessStatus.Process.2.PID,false,2026-07-08T16:02:08.806Z,false,2026-07-08T16:02:08.806Z,""1626"",xsd:unsignedInt,2026-07-08T16:02:08.808Z,,,,"
"InternetGatewayDevice.DeviceInfo.ProcessStatus.Process.2.Priority,false,2026-07-08T16:02:08.806Z,false,2026-07-08T16:02:08.806Z,""120"",xsd:unsignedInt,2026-07-08T16:02:08.808Z,,,,"
"InternetGatewayDevice.DeviceInfo.ProcessStatus.Process.2.Size,false,2026-07-08T16:02:08.806Z,false,2026-07-08T16:02:08.806Z,""18484"",xsd:unsignedInt,2026-07-08T16:02:08.808Z,,,,"
"InternetGatewayDevice.DeviceInfo.ProcessStatus.Process.2.State,false,2026-07-08T16:02:08.806Z,false,2026-07-08T16:02:08.806Z,""Sleeping"",xsd:string,2026-07-08T16:02:08.808Z,,,,"
"InternetGatewayDevice.DeviceInfo.ProcessStatus.Process.3,true,2026-07-08T16:02:08.806Z,false,2026-07-08T16:02:08.806Z,"""",,,,,,"
"InternetGatewayDevice.DeviceInfo.ProcessStatus.Process.3.CPUTime,false,2026-07-08T16:02:08.806Z,false,2026-07-08T16:02:08.806Z,""440"",xsd:unsignedInt,2026-07-08T16:02:08.808Z,,,,"
"InternetGatewayDevice.DeviceInfo.ProcessStatus.Process.3.Command,false,2026-07-08T16:02:08.806Z,false,2026-07-08T16:02:08.806Z,""amp"",xsd:string,2026-07-08T16:02:08.808Z,,,,"
"InternetGatewayDevice.DeviceInfo.ProcessStatus.Process.3.PID,false,2026-07-08T16:02:08.806Z,false,2026-07-08T16:02:08.806Z,""1627"",xsd:unsignedInt,2026-07-08T16:02:08.808Z,,,,"
"InternetGatewayDevice.DeviceInfo.ProcessStatus.Process.3.Priority,false,2026-07-08T16:02:08.806Z,false,2026-07-08T16:02:08.806Z,""120"",xsd:unsignedInt,2026-07-08T16:02:08.808Z,,,,"
"InternetGatewayDevice.DeviceInfo.ProcessStatus.Process.3.Size,false,2026-07-08T16:02:08.806Z,false,2026-07-08T16:02:08.806Z,""6056"",xsd:unsignedInt,2026-07-08T16:02:08.808Z,,,,"
"InternetGatewayDevice.DeviceInfo.ProcessStatus.Process.3.State,false,2026-07-08T16:02:08.806Z,false,2026-07-08T16:02:08.806Z,""Sleeping"",xsd:string,2026-07-08T16:02:08.808Z,,,,"
"InternetGatewayDevice.DeviceInfo.ProcessStatus.Process.4,true,2026-07-08T16:02:08.806Z,false,2026-07-08T16:02:08.806Z,"""",,,,,,"
"InternetGatewayDevice.DeviceInfo.ProcessStatus.Process.4.CPUTime,false,2026-07-08T16:02:08.806Z,false,2026-07-08T16:02:08.806Z,""200"",xsd:unsignedInt,2026-07-08T16:02:08.808Z,,,,"
"InternetGatewayDevice.DeviceInfo.ProcessStatus.Process.4.Command,false,2026-07-08T16:02:08.806Z,false,2026-07-08T16:02:08.806Z,""igmp"",xsd:string,2026-07-08T16:02:08.808Z,,,,"
"InternetGatewayDevice.DeviceInfo.ProcessStatus.Process.4.PID,false,2026-07-08T16:02:08.806Z,false,2026-07-08T16:02:08.806Z,""1628"",xsd:unsignedInt,2026-07-08T16:02:08.808Z,,,,"
"InternetGatewayDevice.DeviceInfo.ProcessStatus.Process.4.Priority,false,2026-07-08T16:02:08.806Z,false,2026-07-08T16:02:08.806Z,""120"",xsd:unsignedInt,2026-07-08T16:02:08.808Z,,,,"
"InternetGatewayDevice.DeviceInfo.ProcessStatus.Process.4.Size,false,2026-07-08T16:02:08.806Z,false,2026-07-08T16:02:08.806Z,""3796"",xsd:unsignedInt,2026-07-08T16:02:08.808Z,,,,"
"InternetGatewayDevice.DeviceInfo.ProcessStatus.Process.4.State,false,2026-07-08T16:02:08.806Z,false,2026-07-08T16:02:08.806Z,""Sleeping"",xsd:string,2026-07-08T16:02:08.808Z,,,,"
"InternetGatewayDevice.DeviceInfo.ProcessStatus.Process.5,true,2026-07-08T16:02:08.806Z,false,2026-07-08T16:02:08.806Z,"""",,,,,,"
"InternetGatewayDevice.DeviceInfo.ProcessStatus.Process.5.CPUTime,false,2026-07-08T16:02:08.806Z,false,2026-07-08T16:02:08.806Z,""570"",xsd:unsignedInt,2026-07-08T16:02:08.808Z,,,,"
"InternetGatewayDevice.DeviceInfo.ProcessStatus.Process.5.Command,false,2026-07-08T16:02:08.806Z,false,2026-07-08T16:02:08.806Z,""cwmp"",xsd:string,2026-07-08T16:02:08.808Z,,,,"
"InternetGatewayDevice.DeviceInfo.ProcessStatus.Process.5.PID,false,2026-07-08T16:02:08.806Z,false,2026-07-08T16:02:08.806Z,""1631"",xsd:unsignedInt,2026-07-08T16:02:08.808Z,,,,"
"InternetGatewayDevice.DeviceInfo.ProcessStatus.Process.5.Priority,false,2026-07-08T16:02:08.806Z,false,2026-07-08T16:02:08.806Z,""120"",xsd:unsignedInt,2026-07-08T16:02:08.808Z,,,,"
"InternetGatewayDevice.DeviceInfo.ProcessStatus.Process.5.Size,false,2026-07-08T16:02:08.806Z,false,2026-07-08T16:02:08.806Z,""9780"",xsd:unsignedInt,2026-07-08T16:02:08.808Z,,,,"
"InternetGatewayDevice.DeviceInfo.ProcessStatus.Process.5.State,false,2026-07-08T16:02:08.806Z,false,2026-07-08T16:02:08.806Z,""Sleeping"",xsd:string,2026-07-08T16:02:08.808Z,,,,"
"InternetGatewayDevice.DeviceInfo.ProcessStatus.Process.6,true,2026-07-08T16:02:08.806Z,false,2026-07-08T16:02:08.806Z,"""",,,,,,"
"InternetGatewayDevice.DeviceInfo.ProcessStatus.Process.6.CPUTime,false,2026-07-08T16:02:08.806Z,false,2026-07-08T16:02:08.806Z,""550"",xsd:unsignedInt,2026-07-08T16:02:08.808Z,,,,"
"InternetGatewayDevice.DeviceInfo.ProcessStatus.Process.6.Command,false,2026-07-08T16:02:08.806Z,false,2026-07-08T16:02:08.806Z,""omci"",xsd:string,2026-07-08T16:02:08.808Z,,,,"
"InternetGatewayDevice.DeviceInfo.ProcessStatus.Process.6.PID,false,2026-07-08T16:02:08.806Z,false,2026-07-08T16:02:08.806Z,""1645"",xsd:unsignedInt,2026-07-08T16:02:08.808Z,,,,"
"InternetGatewayDevice.DeviceInfo.ProcessStatus.Process.6.Priority,false,2026-07-08T16:02:08.806Z,false,2026-07-08T16:02:08.806Z,""120"",xsd:unsignedInt,2026-07-08T16:02:08.808Z,,,,"
"InternetGatewayDevice.DeviceInfo.ProcessStatus.Process.6.Size,false,2026-07-08T16:02:08.806Z,false,2026-07-08T16:02:08.806Z,""5996"",xsd:unsignedInt,2026-07-08T16:02:08.808Z,,,,"
"InternetGatewayDevice.DeviceInfo.ProcessStatus.Process.6.State,false,2026-07-08T16:02:08.806Z,false,2026-07-08T16:02:08.806Z,""Sleeping"",xsd:string,2026-07-08T16:02:08.808Z,,,,"
"InternetGatewayDevice.DeviceInfo.ProcessStatus.Process.7,true,2026-07-08T16:02:08.806Z,false,2026-07-08T16:02:08.806Z,"""",,,,,,"
"InternetGatewayDevice.DeviceInfo.ProcessStatus.Process.7.CPUTime,false,2026-07-08T16:02:08.806Z,false,2026-07-08T16:02:08.806Z,""8240"",xsd:unsignedInt,2026-07-08T16:02:08.808Z,,,,"
"InternetGatewayDevice.DeviceInfo.ProcessStatus.Process.7.Command,false,2026-07-08T16:02:08.806Z,false,2026-07-08T16:02:08.806Z,""wifi"",xsd:string,2026-07-08T16:02:08.808Z,,,,"
"InternetGatewayDevice.DeviceInfo.ProcessStatus.Process.7.PID,false,2026-07-08T16:02:08.806Z,false,2026-07-08T16:02:08.806Z,""1653"",xsd:unsignedInt,2026-07-08T16:02:08.808Z,,,,"
"InternetGatewayDevice.DeviceInfo.ProcessStatus.Process.7.Priority,false,2026-07-08T16:02:08.806Z,false,2026-07-08T16:02:08.806Z,""120"",xsd:unsignedInt,2026-07-08T16:02:08.808Z,,,,"
"InternetGatewayDevice.DeviceInfo.ProcessStatus.Process.7.Size,false,2026-07-08T16:02:08.806Z,false,2026-07-08T16:02:08.806Z,""13780"",xsd:unsignedInt,2026-07-08T16:02:08.808Z,,,,"
"InternetGatewayDevice.DeviceInfo.ProcessStatus.Process.7.State,false,2026-07-08T16:02:08.806Z,false,2026-07-08T16:02:08.806Z,""Sleeping"",xsd:string,2026-07-08T16:02:08.808Z,,,,"
"InternetGatewayDevice.DeviceInfo.ProcessStatus.Process.8,true,2026-07-08T16:02:08.806Z,false,2026-07-08T16:02:08.806Z,"""",,,,,,"
"InternetGatewayDevice.DeviceInfo.ProcessStatus.Process.8.CPUTime,false,2026-07-08T16:02:08.806Z,false,2026-07-08T16:02:08.806Z,""3150"",xsd:unsignedInt,2026-07-08T16:02:08.808Z,,,,"
"InternetGatewayDevice.DeviceInfo.ProcessStatus.Process.8.Command,false,2026-07-08T16:02:08.806Z,false,2026-07-08T16:02:08.806Z,""clid"",xsd:string,2026-07-08T16:02:08.808Z,,,,"
"InternetGatewayDevice.DeviceInfo.ProcessStatus.Process.8.PID,false,2026-07-08T16:02:08.806Z,false,2026-07-08T16:02:08.806Z,""2220"",xsd:unsignedInt,2026-07-08T16:02:08.808Z,,,,"
"InternetGatewayDevice.DeviceInfo.ProcessStatus.Process.8.Priority,false,2026-07-08T16:02:08.806Z,false,2026-07-08T16:02:08.806Z,""120"",xsd:unsignedInt,2026-07-08T16:02:08.808Z,,,,"
"InternetGatewayDevice.DeviceInfo.ProcessStatus.Process.8.Size,false,2026-07-08T16:02:08.806Z,false,2026-07-08T16:02:08.806Z,""5120"",xsd:unsignedInt,2026-07-08T16:02:08.808Z,,,,"
"InternetGatewayDevice.DeviceInfo.ProcessStatus.Process.8.State,false,2026-07-08T16:02:08.806Z,false,2026-07-08T16:02:08.806Z,""Sleeping"",xsd:string,2026-07-08T16:02:08.808Z,,,,"
"InternetGatewayDevice.DeviceInfo.ProcessStatus.Process.9,true,2026-07-08T16:02:08.806Z,false,2026-07-08T16:02:08.806Z,"""",,,,,,"
"InternetGatewayDevice.DeviceInfo.ProcessStatus.Process.9.CPUTime,false,2026-07-08T16:02:08.806Z,false,2026-07-08T16:02:08.806Z,""1420"",xsd:unsignedInt,2026-07-08T16:02:08.808Z,,,,"
"InternetGatewayDevice.DeviceInfo.ProcessStatus.Process.9.Command,false,2026-07-08T16:02:08.806Z,false,2026-07-08T16:02:08.806Z,""voice_h248sip"",xsd:string,2026-07-08T16:02:08.808Z,,,,"
"InternetGatewayDevice.DeviceInfo.ProcessStatus.Process.9.PID,false,2026-07-08T16:02:08.806Z,false,2026-07-08T16:02:08.806Z,""2225"",xsd:unsignedInt,2026-07-08T16:02:08.808Z,,,,"
"InternetGatewayDevice.DeviceInfo.ProcessStatus.Process.9.Priority,false,2026-07-08T16:02:08.806Z,false,2026-07-08T16:02:08.806Z,""120"",xsd:unsignedInt,2026-07-08T16:02:08.808Z,,,,"
"InternetGatewayDevice.DeviceInfo.ProcessStatus.Process.9.Size,false,2026-07-08T16:02:08.806Z,false,2026-07-08T16:02:08.806Z,""11140"",xsd:unsignedInt,2026-07-08T16:02:08.808Z,,,,"
"InternetGatewayDevice.DeviceInfo.ProcessStatus.Process.9.State,false,2026-07-08T16:02:08.806Z,false,2026-07-08T16:02:08.806Z,""Sleeping"",xsd:string,2026-07-08T16:02:08.808Z,,,,"
"InternetGatewayDevice.DeviceInfo.ProcessStatus.ProcessNumberOfEntries,false,2026-07-08T16:02:08.806Z,false,2026-07-08T16:02:08.806Z,""14"",xsd:unsignedInt,2026-07-08T16:02:08.808Z,,,,"
"InternetGatewayDevice.DeviceInfo.Processor,true,2026-07-08T16:02:08.806Z,true,2026-07-08T16:02:08.806Z,"""",,,,,,"
"InternetGatewayDevice.DeviceInfo.Processor.1,true,2026-07-08T16:02:08.806Z,true,2026-07-08T16:02:08.806Z,"""",,,,,,"
"InternetGatewayDevice.DeviceInfo.Processor.1.Alias,false,2026-07-08T16:02:08.806Z,true,2026-07-08T16:02:08.806Z,""cpe-1"",xsd:string,2026-07-08T16:02:08.808Z,,,,"
"InternetGatewayDevice.DeviceInfo.Processor.1.Architecture,false,2026-07-08T16:02:08.806Z,false,2026-07-08T16:02:08.806Z,""arm"",xsd:string,2026-07-08T16:02:08.808Z,,,,"
"InternetGatewayDevice.DeviceInfo.ProductClass,false,2026-07-08T16:02:08.806Z,false,2026-07-08T16:02:08.806Z,""HS8145X6"",xsd:string,2026-07-08T16:02:08.808Z,,,,"
"InternetGatewayDevice.DeviceInfo.ProvisioningCode,false,2026-07-08T16:02:08.806Z,true,2026-07-08T16:02:08.806Z,"""",xsd:string,2026-07-08T16:11:50.314Z,,,,"
"InternetGatewayDevice.DeviceInfo.SerialNumber,false,2026-07-08T16:02:08.806Z,false,2026-07-08T16:02:08.806Z,""5A4E54533A4A8693"",xsd:string,2026-07-08T16:02:08.808Z,,,,"
"InternetGatewayDevice.DeviceInfo.SoftwareVersion,false,2026-07-08T16:02:08.806Z,false,2026-07-08T16:02:08.806Z,""V5R021C00S050"",xsd:string,2026-07-08T16:11:50.314Z,,,,"
"InternetGatewayDevice.DeviceInfo.SpecVersion,false,2026-07-08T16:02:08.806Z,false,2026-07-08T16:02:08.806Z,""1.0"",xsd:string,2026-07-08T16:11:50.314Z,,,,"
"InternetGatewayDevice.DeviceInfo.TemperatureStatus,true,2026-07-08T16:02:08.806Z,false,2026-07-08T16:02:08.806Z,"""",,,,,,"
"InternetGatewayDevice.DeviceInfo.TemperatureStatus.TemperatureSensor,true,2026-07-08T16:02:08.806Z,true,2026-07-08T16:02:08.806Z,"""",,,,,,"
"InternetGatewayDevice.DeviceInfo.TemperatureStatus.TemperatureSensor.1,true,2026-07-08T16:02:08.806Z,true,2026-07-08T16:02:08.806Z,"""",,,,,,"
"InternetGatewayDevice.DeviceInfo.TemperatureStatus.TemperatureSensor.1.Name,false,2026-07-08T16:02:08.806Z,false,2026-07-08T16:02:08.806Z,""HUAWEI"",xsd:string,2026-07-08T16:02:08.808Z,,,,"
"InternetGatewayDevice.DeviceInfo.TemperatureStatus.TemperatureSensor.1.Status,false,2026-07-08T16:02:08.806Z,false,2026-07-08T16:02:08.806Z,""Enabled"",xsd:string,2026-07-08T16:02:08.808Z,,,,"
"InternetGatewayDevice.DeviceInfo.TemperatureStatus.TemperatureSensor.1.Value,false,2026-07-08T16:02:08.806Z,false,2026-07-08T16:02:08.806Z,""31"",xsd:unsignedInt,2026-07-08T16:02:08.808Z,,,,"
"InternetGatewayDevice.DeviceInfo.TemperatureStatus.TemperatureSensorNumberOfEntries,false,2026-07-08T16:02:08.806Z,false,2026-07-08T16:02:08.806Z,""1"",xsd:unsignedInt,2026-07-08T16:02:08.808Z,,,,"
"InternetGatewayDevice.DeviceInfo.UpTime,false,2026-07-08T16:02:08.806Z,false,2026-07-08T16:02:08.806Z,""5761"",xsd:unsignedInt,2026-07-08T16:02:08.808Z,,,,"
"InternetGatewayDevice.DeviceInfo.VendorConfigFile,true,2026-07-08T16:02:08.806Z,false,2026-07-08T16:02:08.806Z,"""",,,,,,"
"InternetGatewayDevice.DeviceInfo.VendorConfigFileNumberOfEntries,false,2026-07-08T16:02:08.806Z,false,2026-07-08T16:02:08.806Z,""0"",xsd:unsignedInt,2026-07-08T16:02:08.808Z,,,,"
"InternetGatewayDevice.DeviceInfo.VendorLogFile,true,2026-07-08T16:02:08.806Z,true,2026-07-08T16:02:08.806Z,"""",,,,,,"
"InternetGatewayDevice.DeviceInfo.VendorLogFile.1,true,2026-07-08T16:02:08.806Z,true,2026-07-08T16:02:08.806Z,"""",,,,,,"
"InternetGatewayDevice.DeviceInfo.VendorLogFile.1.Alias,false,2026-07-08T16:02:08.806Z,true,2026-07-08T16:02:08.806Z,""cpe-1"",xsd:string,2026-07-08T16:02:08.808Z,,,,"
"InternetGatewayDevice.DeviceInfo.VendorLogFile.1.MaximumSize,false,2026-07-08T16:02:08.806Z,false,2026-07-08T16:02:08.806Z,""129996"",xsd:unsignedInt,2026-07-08T16:02:08.808Z,,,,"
"InternetGatewayDevice.DeviceInfo.VendorLogFile.1.Name,false,2026-07-08T16:02:08.806Z,false,2026-07-08T16:02:08.806Z,""system_log"",xsd:string,2026-07-08T16:02:08.808Z,,,,"
"InternetGatewayDevice.DeviceInfo.VendorLogFile.1.Persistent,false,2026-07-08T16:02:08.806Z,false,2026-07-08T16:02:08.806Z,""1"",xsd:unsignedInt,2026-07-08T16:02:08.808Z,,,,"
"InternetGatewayDevice.DeviceInfo.VendorLogFileNumberOfEntries,false,2026-07-08T16:02:08.806Z,false,2026-07-08T16:02:08.806Z,""1"",xsd:unsignedInt,2026-07-08T16:02:08.808Z,,,,"
"InternetGatewayDevice.DeviceInfo.X_HW_Alarm,true,2026-07-08T16:02:08.806Z,true,2026-07-08T16:02:08.806Z,"""",,,,,,"
"InternetGatewayDevice.DeviceInfo.X_HW_Alarm.AlarmConfig,true,2026-07-08T16:02:08.806Z,true,2026-07-08T16:02:08.806Z,"""",,,,,,"
"InternetGatewayDevice.DeviceInfo.X_HW_Alarm.AlarmNumber,false,2026-07-08T16:02:08.806Z,true,2026-07-08T16:02:08.806Z,"""",xsd:string,2026-07-08T16:02:08.808Z,,,,"
"InternetGatewayDevice.DeviceInfo.X_HW_Alarm.AlarmNumberOfEntries,false,2026-07-08T16:02:08.806Z,false,2026-07-08T16:02:08.806Z,""0"",xsd:unsignedInt,2026-07-08T16:02:08.808Z,,,,"
"InternetGatewayDevice.DeviceInfo.X_HW_Alarm.Enable,false,2026-07-08T16:02:08.806Z,true,2026-07-08T16:02:08.806Z,""false"",xsd:boolean,2026-07-08T16:02:08.808Z,,,,"
"InternetGatewayDevice.DeviceInfo.X_HW_Alarm.EventTime,false,2026-07-08T16:02:08.806Z,false,2026-07-08T16:02:08.806Z,""0"",xsd:int,2026-07-08T16:02:08.808Z,,,,"
"InternetGatewayDevice.DeviceInfo.X_HW_Alarm.MonitorConfig,true,2026-07-08T16:02:08.806Z,true,2026-07-08T16:02:08.806Z,"""",,,,,,"
"InternetGatewayDevice.DeviceInfo.X_HW_AutoBackupRestore,true,2026-07-08T16:02:08.806Z,true,2026-07-08T16:02:08.806Z,"""",,,,,,"
"InternetGatewayDevice.DeviceInfo.X_HW_AutoBackupRestore.AutoBackupRestorePoint,false,2026-07-08T16:02:08.806Z,true,2026-07-08T16:02:08.806Z,""0"",xsd:unsignedInt,2026-07-08T16:02:08.808Z,,,,"
"InternetGatewayDevice.DeviceInfo.X_HW_CfgWord,false,2026-07-08T16:02:08.806Z,false,2026-07-08T16:02:08.806Z,""COMMON"",xsd:string,2026-07-08T16:02:08.808Z,,,,"
"InternetGatewayDevice.DeviceInfo.X_HW_CpuUsed,false,2026-07-08T16:02:08.806Z,false,2026-07-08T16:02:08.806Z,""16"",xsd:unsignedInt,2026-07-08T16:02:08.808Z,,,,"
"InternetGatewayDevice.DeviceInfo.X_HW_CurTime,false,2026-07-08T16:02:08.806Z,false,2026-07-08T16:02:08.806Z,""1981-01-01T01:35:57Z"",xsd:string,2026-07-08T16:02:08.808Z,,,,"
"InternetGatewayDevice.DeviceInfo.X_HW_IPProtocolVersion,true,2026-07-08T16:02:08.806Z,true,2026-07-08T16:02:08.806Z,"""",,,,,,"
"InternetGatewayDevice.DeviceInfo.X_HW_IPProtocolVersion.Mode,false,2026-07-08T16:02:08.806Z,true,2026-07-08T16:02:08.806Z,""3"",xsd:unsignedInt,2026-07-08T16:02:08.808Z,,,,"
"InternetGatewayDevice.DeviceInfo.X_HW_LedOffTime,true,2026-07-08T16:02:08.806Z,true,2026-07-08T16:02:08.806Z,"""",,,,,,"
"InternetGatewayDevice.DeviceInfo.X_HW_LedSwitch,false,2026-07-08T16:02:08.806Z,true,2026-07-08T16:02:08.806Z,""false"",xsd:boolean,2026-07-08T16:02:08.808Z,,,,"
"InternetGatewayDevice.DeviceInfo.X_HW_Loid,false,2026-07-08T16:02:08.806Z,true,2026-07-08T16:02:08.806Z,""95059510000039502"",xsd:string,2026-07-08T16:02:08.808Z,,,,"
"InternetGatewayDevice.DeviceInfo.X_HW_MemUsed,false,2026-07-08T16:02:08.806Z,false,2026-07-08T16:02:08.806Z,""32"",xsd:unsignedInt,2026-07-08T16:02:08.808Z,,,,"
"InternetGatewayDevice.DeviceInfo.X_HW_Monitor,true,2026-07-08T16:02:08.806Z,true,2026-07-08T16:02:08.806Z,"""",,,,,,"
"InternetGatewayDevice.DeviceInfo.X_HW_Monitor.Enable,false,2026-07-08T16:02:08.806Z,true,2026-07-08T16:02:08.806Z,""false"",xsd:boolean,2026-07-08T16:02:08.808Z,,,,"
"InternetGatewayDevice.DeviceInfo.X_HW_Monitor.MonitorNumberOfEntries,false,2026-07-08T16:02:08.806Z,false,2026-07-08T16:02:08.806Z,""0"",xsd:unsignedInt,2026-07-08T16:02:08.808Z,,,,"
"InternetGatewayDevice.DeviceInfo.X_HW_OperatorID,false,2026-07-08T16:02:08.806Z,true,2026-07-08T16:02:08.806Z,""CT"",xsd:string,2026-07-08T16:02:08.808Z,,,,"
"InternetGatewayDevice.DeviceInfo.X_HW_SerialNumber,false,2026-07-08T16:02:08.806Z,false,2026-07-08T16:02:08.806Z,""HWTC3A4A8693"",xsd:string,2026-07-08T16:02:08.808Z,,,,"
"InternetGatewayDevice.DeviceInfo.X_HW_ServiceAccessInfo,true,2026-07-08T16:02:08.806Z,true,2026-07-08T16:02:08.806Z,"""",,,,,,"
"InternetGatewayDevice.DeviceInfo.X_HW_ServiceAccessInfo.BANDAccess,false,2026-07-08T16:02:08.806Z,true,2026-07-08T16:02:08.806Z,"""",xsd:string,2026-07-08T16:02:08.808Z,,,,"
"InternetGatewayDevice.DeviceInfo.X_HW_ServiceAccessInfo.IPTVAccess,false,2026-07-08T16:02:08.806Z,true,2026-07-08T16:02:08.806Z,"""",xsd:string,2026-07-08T16:02:08.808Z,,,,"
"InternetGatewayDevice.DeviceInfo.X_HW_ServiceAccessInfo.VOIPAccess,false,2026-07-08T16:02:08.806Z,true,2026-07-08T16:02:08.806Z,"""",xsd:string,2026-07-08T16:02:08.808Z,,,,"
"InternetGatewayDevice.DeviceInfo.X_HW_SlaveSoftversion,false,2026-07-08T16:02:08.806Z,false,2026-07-08T16:02:08.806Z,""V5R021C00S050"",xsd:string,2026-07-08T16:02:08.808Z,,,,"
"InternetGatewayDevice.DeviceInfo.X_HW_Syslog,true,2026-07-08T16:02:08.806Z,true,2026-07-08T16:02:08.806Z,"""",,,,,,"
"InternetGatewayDevice.DeviceInfo.X_HW_Syslog.Enable,false,2026-07-08T16:02:08.806Z,true,2026-07-08T16:02:08.806Z,""true"",xsd:boolean,2026-07-08T16:02:08.808Z,,,,"
"InternetGatewayDevice.DeviceInfo.X_HW_Syslog.Level,false,2026-07-08T16:02:08.806Z,true,2026-07-08T16:02:08.806Z,""7"",xsd:unsignedInt,2026-07-08T16:02:08.808Z,,,,"
"InternetGatewayDevice.DeviceInfo.X_HW_SyslogConfig,true,2026-07-08T16:02:08.806Z,true,2026-07-08T16:02:08.806Z,"""",,,,,,"
"InternetGatewayDevice.DeviceInfo.X_HW_SyslogConfig.Facility,false,2026-07-08T16:02:08.806Z,true,2026-07-08T16:02:08.806Z,""16"",xsd:unsignedInt,2026-07-08T16:02:08.808Z,,,,"
"InternetGatewayDevice.DeviceInfo.X_HW_SyslogConfig.Interface,false,2026-07-08T16:02:08.806Z,true,2026-07-08T16:02:08.806Z,"""",xsd:unsignedInt,2026-07-08T16:02:08.808Z,,,,"
"InternetGatewayDevice.DeviceInfo.X_HW_SyslogConfig.LogServerEnable,false,2026-07-08T16:02:08.806Z,true,2026-07-08T16:02:08.806Z,""0"",xsd:unsignedInt,2026-07-08T16:02:08.808Z,,,,"
"InternetGatewayDevice.DeviceInfo.X_HW_SyslogConfig.ServerAddress,false,2026-07-08T16:02:08.806Z,true,2026-07-08T16:02:08.806Z,"""",xsd:dateTime,2026-07-08T16:02:08.808Z,,,,"
"InternetGatewayDevice.DeviceInfo.X_HW_SyslogConfig.ServerPort,false,2026-07-08T16:02:08.806Z,true,2026-07-08T16:02:08.806Z,""0514-01-01T00:00:00.000Z"",xsd:dateTime,2026-07-08T16:02:08.808Z,,,,"
"InternetGatewayDevice.DeviceInfo.X_HW_SyslogConfig.Severity,false,2026-07-08T16:02:08.806Z,true,2026-07-08T16:02:08.806Z,"""",xsd:unsignedInt,2026-07-08T16:02:08.808Z,,,,"
"InternetGatewayDevice.DeviceInfo.X_HW_UpPortMode,false,2026-07-08T16:02:08.806Z,true,2026-07-08T16:02:08.806Z,""1"",xsd:unsignedInt,2026-07-08T16:02:08.808Z,,,,"
"InternetGatewayDevice.DeviceInfo.X_HW_UserContractInfo,true,2026-07-08T16:02:08.806Z,true,2026-07-08T16:02:08.806Z,"""",,,,,,"
"InternetGatewayDevice.DeviceInfo.X_HW_UserContractInfo.DsInternetBandwidth,false,2026-07-08T16:02:08.806Z,true,2026-07-08T16:02:08.806Z,""0"",xsd:unsignedInt,2026-07-08T16:02:08.808Z,,,,"
"InternetGatewayDevice.DeviceInfo.X_HW_UserContractInfo.UsInternetBandwidth,false,2026-07-08T16:02:08.806Z,true,2026-07-08T16:02:08.806Z,""0"",xsd:unsignedInt,2026-07-08T16:02:08.808Z,,,,"
"InternetGatewayDevice.DeviceSummary,false,2026-07-08T16:02:08.806Z,false,2026-07-08T16:02:08.806Z,""InternetGatewayDevice:1.4[](Baseline:1, EthernetLAN:1, WiFiLAN:2, Time:1, IPPing:1, DeviceAssociation:1), VoiceService:1.0[1](Endpoint:1, SIPEndpoint:1)"",xsd:string,2026-07-08T16:11:50.314Z,,,,"
"InternetGatewayDevice.Diagnostics,true,2026-07-08T16:02:08.806Z,false,2026-07-08T16:02:08.806Z,"""",,,,,,"
"InternetGatewayDevice.Diagnostics.IPv4DownloadDiagnosticsSupported,false,2026-07-08T16:02:08.806Z,false,2026-07-08T16:02:08.806Z,""true"",xsd:boolean,2026-07-08T16:02:08.808Z,,,,"
"InternetGatewayDevice.Diagnostics.IPv4ServerSelectionDiagnosticsSupported,false,2026-07-08T16:02:08.806Z,false,2026-07-08T16:02:08.806Z,""true"",xsd:boolean,2026-07-08T16:02:08.808Z,,,,"
"InternetGatewayDevice.Diagnostics.IPv4UDPEchoDiagnosticsSupported,false,2026-07-08T16:02:08.806Z,false,2026-07-08T16:02:08.806Z,""false"",xsd:boolean,2026-07-08T16:02:08.808Z,,,,"
"InternetGatewayDevice.Diagnostics.IPv4UploadDiagnosticsSupported,false,2026-07-08T16:02:08.806Z,false,2026-07-08T16:02:08.806Z,""true"",xsd:boolean,2026-07-08T16:02:08.808Z,,,,"
"InternetGatewayDevice.Diagnostics.IPv6DownloadDiagnosticsSupported,false,2026-07-08T16:02:08.806Z,false,2026-07-08T16:02:08.806Z,""true"",xsd:boolean,2026-07-08T16:02:08.808Z,,,,"
"InternetGatewayDevice.Diagnostics.IPv6ServerSelectionDiagnosticsSupported,false,2026-07-08T16:02:08.806Z,false,2026-07-08T16:02:08.806Z,""true"",xsd:boolean,2026-07-08T16:02:08.808Z,,,,"
"InternetGatewayDevice.Diagnostics.IPv6UDPEchoDiagnosticsSupported,false,2026-07-08T16:02:08.806Z,false,2026-07-08T16:02:08.806Z,""false"",xsd:boolean,2026-07-08T16:02:08.808Z,,,,"
"InternetGatewayDevice.Diagnostics.IPv6UploadDiagnosticsSupported,false,2026-07-08T16:02:08.806Z,false,2026-07-08T16:02:08.806Z,""true"",xsd:boolean,2026-07-08T16:02:08.808Z,,,,"
"InternetGatewayDevice.DownloadDiagnostics,true,2026-07-08T16:02:08.806Z,true,2026-07-08T16:02:08.806Z,"""",,,,,,"
"InternetGatewayDevice.DownloadDiagnostics.BOMTime,false,2026-07-08T16:02:08.806Z,false,2026-07-08T16:02:08.806Z,"""",xsd:dateTime,2026-07-08T16:02:08.808Z,,,,"
"InternetGatewayDevice.DownloadDiagnostics.DSCP,false,2026-07-08T16:02:08.806Z,true,2026-07-08T16:02:08.806Z,""0"",xsd:unsignedInt,2026-07-08T16:02:08.808Z,,,,"
"InternetGatewayDevice.DownloadDiagnostics.DiagnosticsState,false,2026-07-08T16:02:08.806Z,true,2026-07-08T16:02:08.806Z,""None"",xsd:string,2026-07-08T16:02:08.808Z,,,,"
"InternetGatewayDevice.DownloadDiagnostics.DownloadDiagnosticMaxConnections,false,2026-07-08T16:02:08.806Z,false,2026-07-08T16:02:08.806Z,""8"",xsd:unsignedInt,2026-07-08T16:02:08.808Z,,,,"
"InternetGatewayDevice.DownloadDiagnostics.DownloadDiagnosticsMaxIncrementalResult,false,2026-07-08T16:02:08.806Z,false,2026-07-08T16:02:08.806Z,""63"",xsd:unsignedInt,2026-07-08T16:02:08.808Z,,,,"
"InternetGatewayDevice.DownloadDiagnostics.DownloadTransports,false,2026-07-08T16:02:08.806Z,false,2026-07-08T16:02:08.806Z,""HTTP,FTP"",xsd:string,2026-07-08T16:02:08.808Z,,,,"
"InternetGatewayDevice.DownloadDiagnostics.DownloadURL,false,2026-07-08T16:02:08.806Z,true,2026-07-08T16:02:08.806Z,""0"",xsd:string,2026-07-08T16:02:08.808Z,,,,"
"InternetGatewayDevice.DownloadDiagnostics.EOMTime,false,2026-07-08T16:02:08.806Z,false,2026-07-08T16:02:08.806Z,"""",xsd:dateTime,2026-07-08T16:02:08.808Z,,,,"
"InternetGatewayDevice.DownloadDiagnostics.EthernetPriority,false,2026-07-08T16:02:08.806Z,true,2026-07-08T16:02:08.806Z,""0"",xsd:unsignedInt,2026-07-08T16:02:08.808Z,,,,"
"InternetGatewayDevice.DownloadDiagnostics.IPAddressUsed,false,2026-07-08T16:02:08.806Z,false,2026-07-08T16:02:08.806Z,"""",xsd:string,2026-07-08T16:02:08.808Z,,,,"
"InternetGatewayDevice.DownloadDiagnostics.IncrementalResult,true,2026-07-08T16:02:08.806Z,false,2026-07-08T16:02:08.806Z,"""",,,,,,"
"InternetGatewayDevice.DownloadDiagnostics.IncrementalResultNumberOfEntries,false,2026-07-08T16:02:08.806Z,false,2026-07-08T16:02:08.806Z,""0"",xsd:unsignedInt,2026-07-08T16:02:08.808Z,,,,"
"InternetGatewayDevice.DownloadDiagnostics.Interface,false,2026-07-08T16:02:08.806Z,true,2026-07-08T16:02:08.806Z,"""",xsd:string,2026-07-08T16:02:08.808Z,,,,"
"InternetGatewayDevice.DownloadDiagnostics.NumberOfConnections,false,2026-07-08T16:02:08.806Z,true,2026-07-08T16:02:08.806Z,""4"",xsd:unsignedInt,2026-07-08T16:02:08.808Z,,,,"
"InternetGatewayDevice.DownloadDiagnostics.PerConnectionResultNumberOfEntries,false,2026-07-08T16:02:08.806Z,false,2026-07-08T16:02:08.806Z,""0"",xsd:unsignedInt,2026-07-08T16:02:08.808Z,,,,"
"InternetGatewayDevice.DownloadDiagnostics.PeriodOfFullLoading,false,2026-07-08T16:02:08.806Z,false,2026-07-08T16:02:08.806Z,""0"",xsd:unsignedInt,2026-07-08T16:02:08.808Z,,,,"
"InternetGatewayDevice.DownloadDiagnostics.ProtocolVersion,false,2026-07-08T16:02:08.806Z,true,2026-07-08T16:02:08.806Z,""Any"",xsd:string,2026-07-08T16:02:08.808Z,,,,"
"InternetGatewayDevice.DownloadDiagnostics.ROMTime,false,2026-07-08T16:02:08.806Z,false,2026-07-08T16:02:08.806Z,"""",xsd:dateTime,2026-07-08T16:02:08.808Z,,,,"
"InternetGatewayDevice.DownloadDiagnostics.TCPOpenRequestTime,false,2026-07-08T16:02:08.806Z,false,2026-07-08T16:02:08.806Z,"""",xsd:dateTime,2026-07-08T16:02:08.808Z,,,,"
"InternetGatewayDevice.DownloadDiagnostics.TCPOpenResponseTime,false,2026-07-08T16:02:08.806Z,false,2026-07-08T16:02:08.806Z,"""",xsd:dateTime,2026-07-08T16:02:08.808Z,,,,"
"InternetGatewayDevice.DownloadDiagnostics.TestBytesReceived,false,2026-07-08T16:02:08.806Z,false,2026-07-08T16:02:08.806Z,""0"",xsd:unsignedInt,2026-07-08T16:02:08.808Z,,,,"
"InternetGatewayDevice.DownloadDiagnostics.TestBytesReceivedUnderFullLoading,false,2026-07-08T16:02:08.806Z,false,2026-07-08T16:02:08.806Z,""0"",xsd:unsignedInt,2026-07-08T16:02:08.808Z,,,,"
"InternetGatewayDevice.DownloadDiagnostics.TimeBasedTestDuration,false,2026-07-08T16:02:08.806Z,true,2026-07-08T16:02:08.806Z,""0"",xsd:unsignedInt,2026-07-08T16:02:08.808Z,,,,"
"InternetGatewayDevice.DownloadDiagnostics.TimeBasedTestMeasurementInterval,false,2026-07-08T16:02:08.806Z,true,2026-07-08T16:02:08.806Z,""0"",xsd:unsignedInt,2026-07-08T16:02:08.808Z,,,,"
"InternetGatewayDevice.DownloadDiagnostics.TimeBasedTestMeasurementOffset,false,2026-07-08T16:02:08.806Z,true,2026-07-08T16:02:08.806Z,""0"",xsd:unsignedInt,2026-07-08T16:02:08.808Z,,,,"
"InternetGatewayDevice.DownloadDiagnostics.TotalBytesReceived,false,2026-07-08T16:02:08.806Z,false,2026-07-08T16:02:08.806Z,""0"",xsd:unsignedInt,2026-07-08T16:02:08.808Z,,,,"
"InternetGatewayDevice.DownloadDiagnostics.TotalBytesReceivedUnderFullLoading,false,2026-07-08T16:02:08.806Z,false,2026-07-08T16:02:08.806Z,""0"",xsd:unsignedInt,2026-07-08T16:02:08.808Z,,,,"
"InternetGatewayDevice.DownloadDiagnostics.TotalBytesSent,false,2026-07-08T16:02:08.806Z,false,2026-07-08T16:02:08.806Z,""0"",xsd:unsignedInt,2026-07-08T16:02:08.808Z,,,,"
"InternetGatewayDevice.DownloadDiagnostics.TotalBytesSentUnderFullLoading,false,2026-07-08T16:02:08.806Z,false,2026-07-08T16:02:08.806Z,""0"",xsd:unsignedInt,2026-07-08T16:02:08.808Z,,,,"
"InternetGatewayDevice.IPPingDiagnostics,true,2026-07-08T16:02:08.806Z,true,2026-07-08T16:02:08.806Z,"""",,,,,,"
"InternetGatewayDevice.IPPingDiagnostics.AverageResponseTime,false,2026-07-08T16:02:08.806Z,false,2026-07-08T16:02:08.806Z,""0"",xsd:unsignedInt,2026-07-08T16:02:08.808Z,,,,"
"InternetGatewayDevice.IPPingDiagnostics.DSCP,false,2026-07-08T16:02:08.806Z,true,2026-07-08T16:02:08.806Z,""0"",xsd:unsignedInt,2026-07-08T16:02:08.808Z,,,,"
"InternetGatewayDevice.IPPingDiagnostics.DataBlockSize,false,2026-07-08T16:02:08.806Z,true,2026-07-08T16:02:08.806Z,""56"",xsd:unsignedInt,2026-07-08T16:02:08.808Z,,,,"
"InternetGatewayDevice.IPPingDiagnostics.DiagnosticsState,false,2026-07-08T16:02:08.806Z,true,2026-07-08T16:02:08.806Z,""None"",xsd:string,2026-07-08T16:02:08.808Z,,,,"
"InternetGatewayDevice.IPPingDiagnostics.FailureCount,false,2026-07-08T16:02:08.806Z,false,2026-07-08T16:02:08.806Z,""0"",xsd:unsignedInt,2026-07-08T16:02:08.808Z,,,,"
"InternetGatewayDevice.IPPingDiagnostics.Host,false,2026-07-08T16:02:08.806Z,true,2026-07-08T16:02:08.806Z,"""",xsd:string,2026-07-08T16:02:08.808Z,,,,"
"InternetGatewayDevice.IPPingDiagnostics.Interface,false,2026-07-08T16:02:08.806Z,true,2026-07-08T16:02:08.806Z,"""",xsd:string,2026-07-08T16:02:08.808Z,,,,"
"InternetGatewayDevice.IPPingDiagnostics.MaximumResponseTime,false,2026-07-08T16:02:08.806Z,false,2026-07-08T16:02:08.806Z,""0"",xsd:unsignedInt,2026-07-08T16:02:08.808Z,,,,"
"InternetGatewayDevice.IPPingDiagnostics.MinimumResponseTime,false,2026-07-08T16:02:08.806Z,false,2026-07-08T16:02:08.806Z,""0"",xsd:unsignedInt,2026-07-08T16:02:08.808Z,,,,"
"InternetGatewayDevice.IPPingDiagnostics.NumberOfRepetitions,false,2026-07-08T16:02:08.806Z,true,2026-07-08T16:02:08.806Z,""4"",xsd:unsignedInt,2026-07-08T16:02:08.808Z,,,,"
"InternetGatewayDevice.IPPingDiagnostics.SuccessCount,false,2026-07-08T16:02:08.806Z,false,2026-07-08T16:02:08.806Z,""0"",xsd:unsignedInt,2026-07-08T16:02:08.808Z,,,,"
"InternetGatewayDevice.IPPingDiagnostics.Timeout,false,2026-07-08T16:02:08.806Z,true,2026-07-08T16:02:08.806Z,""10000"",xsd:unsignedInt,2026-07-08T16:02:08.808Z,,,,"
"InternetGatewayDevice.LANConfigSecurity,true,2026-07-08T16:02:08.806Z,true,2026-07-08T16:02:08.806Z,"""",,,,,,"
"InternetGatewayDevice.LANConfigSecurity.ConfigPassword,false,2026-07-08T16:02:08.806Z,true,2026-07-08T16:02:08.806Z,"""",xsd:string,2026-07-08T16:02:08.808Z,,,,"
"InternetGatewayDevice.LANDevice,true,2026-07-08T16:02:08.806Z,true,2026-07-08T16:02:08.806Z,"""",,,,,,"
"InternetGatewayDevice.LANDevice.1,true,2026-07-08T16:02:08.806Z,true,2026-07-08T16:02:08.806Z,"""",,,,,,"
"InternetGatewayDevice.LANDevice.1.Hosts,true,2026-07-08T16:02:08.806Z,true,2026-07-08T16:02:08.806Z,"""",,,,,,"
"InternetGatewayDevice.LANDevice.1.Hosts.Host,true,2026-07-08T16:02:08.806Z,true,2026-07-08T16:02:08.806Z,"""",,,,,,"
"InternetGatewayDevice.LANDevice.1.Hosts.Host.1,true,2026-07-08T16:02:08.806Z,true,2026-07-08T16:02:08.806Z,"""",,,,,,"
"InternetGatewayDevice.LANDevice.1.Hosts.Host.1.Active,false,2026-07-08T16:02:08.806Z,false,2026-07-08T16:02:08.806Z,""false"",xsd:boolean,2026-07-08T16:02:08.808Z,,,,"
"InternetGatewayDevice.LANDevice.1.Hosts.Host.1.AddressSource,false,2026-07-08T16:02:08.806Z,false,2026-07-08T16:02:08.806Z,""DHCP"",xsd:string,2026-07-08T16:02:08.808Z,,,,"
"InternetGatewayDevice.LANDevice.1.Hosts.Host.1.ClientID,false,2026-07-08T16:02:08.806Z,false,2026-07-08T16:02:08.806Z,"""",xsd:string,2026-07-08T16:02:08.808Z,,,,"
"InternetGatewayDevice.LANDevice.1.Hosts.Host.1.HostName,false,2026-07-08T16:02:08.806Z,false,2026-07-08T16:02:08.806Z,""iPhone"",xsd:string,2026-07-08T16:02:08.808Z,,,,"
"InternetGatewayDevice.LANDevice.1.Hosts.Host.1.IPAddress,false,2026-07-08T16:02:08.806Z,false,2026-07-08T16:02:08.806Z,""192.168.100.2"",xsd:string,2026-07-08T16:02:08.808Z,,,,"
"InternetGatewayDevice.LANDevice.1.Hosts.Host.1.InterfaceType,false,2026-07-08T16:02:08.806Z,false,2026-07-08T16:02:08.806Z,""802.11"",xsd:string,2026-07-08T16:02:08.808Z,,,,"
"InternetGatewayDevice.LANDevice.1.Hosts.Host.1.Layer2Interface,false,2026-07-08T16:02:08.806Z,false,2026-07-08T16:02:08.806Z,""InternetGatewayDevice.LANDevice.1.WLANConfiguration.1"",xsd:string,2026-07-08T16:02:08.808Z,,,,"
"InternetGatewayDevice.LANDevice.1.Hosts.Host.1.LeaseTimeRemaining,false,2026-07-08T16:02:08.806Z,false,2026-07-08T16:02:08.806Z,""80824"",xsd:int,2026-07-08T16:02:08.808Z,,,,"
"InternetGatewayDevice.LANDevice.1.Hosts.Host.1.MACAddress,false,2026-07-08T16:02:08.806Z,false,2026-07-08T16:02:08.806Z,""52:aa:9e:4c:fc:53"",xsd:string,2026-07-08T16:02:08.808Z,,,,"
"InternetGatewayDevice.LANDevice.1.Hosts.Host.1.UserClassID,false,2026-07-08T16:02:08.806Z,false,2026-07-08T16:02:08.806Z,"""",xsd:string,2026-07-08T16:02:08.808Z,,,,"
"InternetGatewayDevice.LANDevice.1.Hosts.Host.1.VendorClassID,false,2026-07-08T16:02:08.806Z,false,2026-07-08T16:02:08.806Z,"""",xsd:string,2026-07-08T16:02:08.808Z,,,,"
"InternetGatewayDevice.LANDevice.1.Hosts.Host.1.X_HW_NegotiatedRate,false,2026-07-08T16:02:08.806Z,false,2026-07-08T16:02:08.806Z,""0"",xsd:int,2026-07-08T16:02:08.808Z,,,,"
"InternetGatewayDevice.LANDevice.1.Hosts.Host.1.X_HW_RSSI,false,2026-07-08T16:02:08.806Z,false,2026-07-08T16:02:08.806Z,""0"",xsd:int,2026-07-08T16:02:08.808Z,,,,"
"InternetGatewayDevice.LANDevice.1.Hosts.Host.1.X_HW_Stats,true,2026-07-08T16:02:08.806Z,false,2026-07-08T16:02:08.806Z,"""",,,,,,"
"InternetGatewayDevice.LANDevice.1.Hosts.Host.1.X_HW_Stats.BytesReceived,false,2026-07-08T16:02:08.806Z,false,2026-07-08T16:02:08.806Z,""3590882"",xsd:unsignedLong,2026-07-08T16:02:08.808Z,,,,"
"InternetGatewayDevice.LANDevice.1.Hosts.Host.1.X_HW_Stats.BytesSent,false,2026-07-08T16:02:08.806Z,false,2026-07-08T16:02:08.806Z,""333452"",xsd:unsignedLong,2026-07-08T16:02:08.808Z,,,,"
"InternetGatewayDevice.LANDevice.1.Hosts.Host.2,true,2026-07-08T16:02:08.806Z,true,2026-07-08T16:02:08.806Z,"""",,,,,,"
"InternetGatewayDevice.LANDevice.1.Hosts.Host.2.Active,false,2026-07-08T16:02:08.806Z,false,2026-07-08T16:02:08.806Z,""false"",xsd:boolean,2026-07-08T16:02:08.808Z,,,,"
"InternetGatewayDevice.LANDevice.1.Hosts.Host.2.AddressSource,false,2026-07-08T16:02:08.806Z,false,2026-07-08T16:02:08.806Z,""DHCP"",xsd:string,2026-07-08T16:02:08.808Z,,,,"
"InternetGatewayDevice.LANDevice.1.Hosts.Host.2.ClientID,false,2026-07-08T16:02:08.806Z,false,2026-07-08T16:02:08.806Z,"""",xsd:string,2026-07-08T16:02:08.808Z,,,,"
"InternetGatewayDevice.LANDevice.1.Hosts.Host.2.HostName,false,2026-07-08T16:02:08.806Z,false,2026-07-08T16:02:08.806Z,""iPhone"",xsd:string,2026-07-08T16:02:08.808Z,,,,"
"InternetGatewayDevice.LANDevice.1.Hosts.Host.2.IPAddress,false,2026-07-08T16:02:08.806Z,false,2026-07-08T16:02:08.806Z,""192.168.100.3"",xsd:string,2026-07-08T16:02:08.808Z,,,,"
"InternetGatewayDevice.LANDevice.1.Hosts.Host.2.InterfaceType,false,2026-07-08T16:02:08.806Z,false,2026-07-08T16:02:08.806Z,""802.11"",xsd:string,2026-07-08T16:02:08.808Z,,,,"
"InternetGatewayDevice.LANDevice.1.Hosts.Host.2.Layer2Interface,false,2026-07-08T16:02:08.806Z,false,2026-07-08T16:02:08.806Z,""InternetGatewayDevice.LANDevice.1.WLANConfiguration.1"",xsd:string,2026-07-08T16:02:08.808Z,,,,"
"InternetGatewayDevice.LANDevice.1.Hosts.Host.2.LeaseTimeRemaining,false,2026-07-08T16:02:08.806Z,false,2026-07-08T16:02:08.806Z,""81344"",xsd:int,2026-07-08T16:02:08.808Z,,,,"
"InternetGatewayDevice.LANDevice.1.Hosts.Host.2.MACAddress,false,2026-07-08T16:02:08.806Z,false,2026-07-08T16:02:08.806Z,""d6:e3:b0:33:0e:e3"",xsd:string,2026-07-08T16:02:08.808Z,,,,"
"InternetGatewayDevice.LANDevice.1.Hosts.Host.2.UserClassID,false,2026-07-08T16:02:08.806Z,false,2026-07-08T16:02:08.806Z,"""",xsd:string,2026-07-08T16:02:08.808Z,,,,"
"InternetGatewayDevice.LANDevice.1.Hosts.Host.2.VendorClassID,false,2026-07-08T16:02:08.806Z,false,2026-07-08T16:02:08.806Z,"""",xsd:string,2026-07-08T16:02:08.808Z,,,,"
"InternetGatewayDevice.LANDevice.1.Hosts.Host.2.X_HW_NegotiatedRate,false,2026-07-08T16:02:08.806Z,false,2026-07-08T16:02:08.806Z,""0"",xsd:int,2026-07-08T16:02:08.808Z,,,,"
"InternetGatewayDevice.LANDevice.1.Hosts.Host.2.X_HW_RSSI,false,2026-07-08T16:02:08.806Z,false,2026-07-08T16:02:08.806Z,""0"",xsd:int,2026-07-08T16:02:08.808Z,,,,"
"InternetGatewayDevice.LANDevice.1.Hosts.Host.2.X_HW_Stats,true,2026-07-08T16:02:08.806Z,false,2026-07-08T16:02:08.806Z,"""",,,,,,"
"InternetGatewayDevice.LANDevice.1.Hosts.Host.2.X_HW_Stats.BytesReceived,false,2026-07-08T16:02:08.806Z,false,2026-07-08T16:02:08.806Z,""83799240"",xsd:unsignedLong,2026-07-08T16:02:08.808Z,,,,"
"InternetGatewayDevice.LANDevice.1.Hosts.Host.2.X_HW_Stats.BytesSent,false,2026-07-08T16:02:08.806Z,false,2026-07-08T16:02:08.806Z,""36113138"",xsd:unsignedLong,2026-07-08T16:02:08.808Z,,,,"
"InternetGatewayDevice.LANDevice.1.Hosts.Host.3,true,2026-07-08T16:02:08.806Z,true,2026-07-08T16:02:08.806Z,"""",,,,,,"
"InternetGatewayDevice.LANDevice.1.Hosts.Host.3.Active,false,2026-07-08T16:02:08.806Z,false,2026-07-08T16:02:08.806Z,"""",,,,,,"
"InternetGatewayDevice.LANDevice.1.Hosts.Host.3.AddressSource,false,2026-07-08T16:02:08.806Z,false,2026-07-08T16:02:08.806Z,"""",,,,,,"
"InternetGatewayDevice.LANDevice.1.Hosts.Host.3.ClientID,false,2026-07-08T16:02:08.806Z,false,2026-07-08T16:02:08.806Z,"""",,,,,,"
"InternetGatewayDevice.LANDevice.1.Hosts.Host.3.HostName,false,2026-07-08T16:02:08.806Z,false,2026-07-08T16:02:08.806Z,""DESKTOP-6Q9OPKC"",xsd:string,2026-07-08T16:02:08.872Z,,,,"
"InternetGatewayDevice.LANDevice.1.Hosts.Host.3.IPAddress,false,2026-07-08T16:02:08.806Z,false,2026-07-08T16:02:08.806Z,""192.168.100.4"",xsd:string,2026-07-08T16:02:08.872Z,,,,"
"InternetGatewayDevice.LANDevice.1.Hosts.Host.3.InterfaceType,false,2026-07-08T16:02:08.806Z,false,2026-07-08T16:02:08.806Z,"""",,,,,,"
"InternetGatewayDevice.LANDevice.1.Hosts.Host.3.Layer2Interface,false,2026-07-08T16:02:08.806Z,false,2026-07-08T16:02:08.806Z,"""",,,,,,"
"InternetGatewayDevice.LANDevice.1.Hosts.Host.3.LeaseTimeRemaining,false,2026-07-08T16:02:08.806Z,false,2026-07-08T16:02:08.806Z,"""",,,,,,"
"InternetGatewayDevice.LANDevice.1.Hosts.Host.3.MACAddress,false,2026-07-08T16:02:08.806Z,false,2026-07-08T16:02:08.806Z,""1c:bf:ce:9e:9c:20"",xsd:string,2026-07-08T16:02:08.872Z,,,,"
"InternetGatewayDevice.LANDevice.1.Hosts.Host.3.UserClassID,false,2026-07-08T16:02:08.806Z,false,2026-07-08T16:02:08.806Z,"""",,,,,,"
"InternetGatewayDevice.LANDevice.1.Hosts.Host.3.VendorClassID,false,2026-07-08T16:02:08.806Z,false,2026-07-08T16:02:08.806Z,"""",,,,,,"
"InternetGatewayDevice.LANDevice.1.Hosts.Host.3.X_HW_NegotiatedRate,false,2026-07-08T16:02:08.806Z,false,2026-07-08T16:02:08.806Z,"""",,,,,,"
"InternetGatewayDevice.LANDevice.1.Hosts.Host.3.X_HW_RSSI,false,2026-07-08T16:02:08.806Z,false,2026-07-08T16:02:08.806Z,"""",,,,,,"
"InternetGatewayDevice.LANDevice.1.Hosts.Host.3.X_HW_Stats,true,2026-07-08T16:02:08.806Z,false,2026-07-08T16:02:08.806Z,"""",,,,,,"
"InternetGatewayDevice.LANDevice.1.Hosts.Host.3.X_HW_Stats.BytesReceived,false,2026-07-08T16:02:08.806Z,false,2026-07-08T16:02:08.806Z,"""",,,,,,"
"InternetGatewayDevice.LANDevice.1.Hosts.Host.3.X_HW_Stats.BytesSent,false,2026-07-08T16:02:08.806Z,false,2026-07-08T16:02:08.806Z,"""",,,,,,"
"InternetGatewayDevice.LANDevice.1.Hosts.Host.4,true,2026-07-08T16:02:08.806Z,true,2026-07-08T16:02:08.806Z,"""",,,,,,"
"InternetGatewayDevice.LANDevice.1.Hosts.Host.4.Active,false,2026-07-08T16:02:08.806Z,false,2026-07-08T16:02:08.806Z,"""",,,,,,"
"InternetGatewayDevice.LANDevice.1.Hosts.Host.4.AddressSource,false,2026-07-08T16:02:08.806Z,false,2026-07-08T16:02:08.806Z,"""",,,,,,"
"InternetGatewayDevice.LANDevice.1.Hosts.Host.4.ClientID,false,2026-07-08T16:02:08.806Z,false,2026-07-08T16:02:08.806Z,"""",,,,,,"
"InternetGatewayDevice.LANDevice.1.Hosts.Host.4.HostName,false,2026-07-08T16:02:08.806Z,false,2026-07-08T16:02:08.806Z,""Charly"",xsd:string,2026-07-08T16:02:08.872Z,,,,"
"InternetGatewayDevice.LANDevice.1.Hosts.Host.4.IPAddress,false,2026-07-08T16:02:08.806Z,false,2026-07-08T16:02:08.806Z,""192.168.100.5"",xsd:string,2026-07-08T16:02:08.872Z,,,,"
"InternetGatewayDevice.LANDevice.1.Hosts.Host.4.InterfaceType,false,2026-07-08T16:02:08.806Z,false,2026-07-08T16:02:08.806Z,"""",,,,,,"
"InternetGatewayDevice.LANDevice.1.Hosts.Host.4.Layer2Interface,false,2026-07-08T16:02:08.806Z,false,2026-07-08T16:02:08.806Z,"""",,,,,,"
"InternetGatewayDevice.LANDevice.1.Hosts.Host.4.LeaseTimeRemaining,false,2026-07-08T16:02:08.806Z,false,2026-07-08T16:02:08.806Z,"""",,,,,,"
"InternetGatewayDevice.LANDevice.1.Hosts.Host.4.MACAddress,false,2026-07-08T16:02:08.806Z,false,2026-07-08T16:02:08.806Z,""fe:ce:6b:11:97:66"",xsd:string,2026-07-08T16:02:08.872Z,,,,"
"InternetGatewayDevice.LANDevice.1.Hosts.Host.4.UserClassID,false,2026-07-08T16:02:08.806Z,false,2026-07-08T16:02:08.806Z,"""",,,,,,"
"InternetGatewayDevice.LANDevice.1.Hosts.Host.4.VendorClassID,false,2026-07-08T16:02:08.806Z,false,2026-07-08T16:02:08.806Z,"""",,,,,,"
"InternetGatewayDevice.LANDevice.1.Hosts.Host.4.X_HW_NegotiatedRate,false,2026-07-08T16:02:08.806Z,false,2026-07-08T16:02:08.806Z,"""",,,,,,"
"InternetGatewayDevice.LANDevice.1.Hosts.Host.4.X_HW_RSSI,false,2026-07-08T16:02:08.806Z,false,2026-07-08T16:02:08.806Z,"""",,,,,,"
"InternetGatewayDevice.LANDevice.1.Hosts.Host.4.X_HW_Stats,true,2026-07-08T16:02:08.806Z,false,2026-07-08T16:02:08.806Z,"""",,,,,,"
"InternetGatewayDevice.LANDevice.1.Hosts.Host.4.X_HW_Stats.BytesReceived,false,2026-07-08T16:02:08.806Z,false,2026-07-08T16:02:08.806Z,"""",,,,,,"
"InternetGatewayDevice.LANDevice.1.Hosts.Host.4.X_HW_Stats.BytesSent,false,2026-07-08T16:02:08.806Z,false,2026-07-08T16:02:08.806Z,"""",,,,,,"
"InternetGatewayDevice.LANDevice.1.Hosts.HostNumberOfEntries,false,2026-07-08T16:02:08.806Z,false,2026-07-08T16:02:08.806Z,""4"",xsd:unsignedInt,2026-07-08T16:02:08.808Z,,,,"
"InternetGatewayDevice.LANDevice.1.LANEthernetInterfaceConfig,true,2026-07-08T16:02:08.806Z,true,2026-07-08T16:02:08.806Z,"""",,,,,,"
"InternetGatewayDevice.LANDevice.1.LANEthernetInterfaceConfig.1,true,2026-07-08T16:02:08.806Z,true,2026-07-08T16:02:08.806Z,"""",,,,,,"
"InternetGatewayDevice.LANDevice.1.LANEthernetInterfaceConfig.1.DuplexMode,false,2026-07-08T16:02:08.806Z,true,2026-07-08T16:02:08.806Z,""Auto"",xsd:string,2026-07-08T16:02:08.808Z,,,,"
"InternetGatewayDevice.LANDevice.1.LANEthernetInterfaceConfig.1.Enable,false,2026-07-08T16:02:08.806Z,true,2026-07-08T16:02:08.806Z,""true"",xsd:boolean,2026-07-08T16:02:08.808Z,,,,"
"InternetGatewayDevice.LANDevice.1.LANEthernetInterfaceConfig.1.MACAddress,false,2026-07-08T16:02:08.806Z,false,2026-07-08T16:02:08.806Z,""DC:21:A3:F3:F3:5C"",xsd:string,2026-07-08T16:02:08.808Z,,,,"
"InternetGatewayDevice.LANDevice.1.LANEthernetInterfaceConfig.1.MACAddressControlEnabled,false,2026-07-08T16:02:08.806Z,false,2026-07-08T16:02:08.806Z,""false"",xsd:boolean,2026-07-08T16:02:08.808Z,,,,"
"InternetGatewayDevice.LANDevice.1.LANEthernetInterfaceConfig.1.MaxBitRate,false,2026-07-08T16:02:08.806Z,true,2026-07-08T16:02:08.806Z,""Auto"",xsd:string,2026-07-08T16:02:08.808Z,,,,"
"InternetGatewayDevice.LANDevice.1.LANEthernetInterfaceConfig.1.Name,false,2026-07-08T16:02:08.806Z,false,2026-07-08T16:02:08.806Z,""eth0:1"",xsd:string,2026-07-08T16:02:08.808Z,,,,"
"InternetGatewayDevice.LANDevice.1.LANEthernetInterfaceConfig.1.Stats,true,2026-07-08T16:02:08.806Z,true,2026-07-08T16:02:08.806Z,"""",,,,,,"
"InternetGatewayDevice.LANDevice.1.LANEthernetInterfaceConfig.1.Stats.BroadcastPacketsReceived,false,2026-07-08T16:02:08.806Z,false,2026-07-08T16:02:08.806Z,""0"",xsd:unsignedInt,2026-07-08T16:02:08.808Z,,,,"
"InternetGatewayDevice.LANDevice.1.LANEthernetInterfaceConfig.1.Stats.BroadcastPacketsSent,false,2026-07-08T16:02:08.806Z,false,2026-07-08T16:02:08.806Z,""0"",xsd:unsignedInt,2026-07-08T16:02:08.808Z,,,,"
"InternetGatewayDevice.LANDevice.1.LANEthernetInterfaceConfig.1.Stats.BytesReceived,false,2026-07-08T16:02:08.806Z,false,2026-07-08T16:02:08.806Z,""0"",xsd:unsignedInt,2026-07-08T16:02:08.808Z,,,,"
"InternetGatewayDevice.LANDevice.1.LANEthernetInterfaceConfig.1.Stats.BytesSent,false,2026-07-08T16:02:08.806Z,false,2026-07-08T16:02:08.806Z,""0"",xsd:unsignedInt,2026-07-08T16:02:08.808Z,,,,"
"InternetGatewayDevice.LANDevice.1.LANEthernetInterfaceConfig.1.Stats.DiscardPacketsReceived,false,2026-07-08T16:02:08.806Z,false,2026-07-08T16:02:08.806Z,""0"",xsd:unsignedInt,2026-07-08T16:02:08.808Z,,,,"
"InternetGatewayDevice.LANDevice.1.LANEthernetInterfaceConfig.1.Stats.DiscardPacketsSent,false,2026-07-08T16:02:08.806Z,false,2026-07-08T16:02:08.806Z,""0"",xsd:unsignedInt,2026-07-08T16:02:08.808Z,,,,"
"InternetGatewayDevice.LANDevice.1.LANEthernetInterfaceConfig.1.Stats.ErrorsReceived,false,2026-07-08T16:02:08.806Z,false,2026-07-08T16:02:08.806Z,""0"",xsd:unsignedInt,2026-07-08T16:02:08.808Z,,,,"
"InternetGatewayDevice.LANDevice.1.LANEthernetInterfaceConfig.1.Stats.ErrorsSent,false,2026-07-08T16:02:08.806Z,false,2026-07-08T16:02:08.806Z,""0"",xsd:unsignedInt,2026-07-08T16:02:08.808Z,,,,"
"InternetGatewayDevice.LANDevice.1.LANEthernetInterfaceConfig.1.Stats.MulticastPacketsReceived,false,2026-07-08T16:02:08.806Z,false,2026-07-08T16:02:08.806Z,""0"",xsd:unsignedInt,2026-07-08T16:02:08.808Z,,,,"
"InternetGatewayDevice.LANDevice.1.LANEthernetInterfaceConfig.1.Stats.MulticastPacketsSent,false,2026-07-08T16:02:08.806Z,false,2026-07-08T16:02:08.806Z,""0"",xsd:unsignedInt,2026-07-08T16:02:08.808Z,,,,"
"InternetGatewayDevice.LANDevice.1.LANEthernetInterfaceConfig.1.Stats.PacketsReceived,false,2026-07-08T16:02:08.806Z,false,2026-07-08T16:02:08.806Z,""0"",xsd:unsignedInt,2026-07-08T16:02:08.808Z,,,,"
"InternetGatewayDevice.LANDevice.1.LANEthernetInterfaceConfig.1.Stats.PacketsSent,false,2026-07-08T16:02:08.806Z,false,2026-07-08T16:02:08.806Z,""0"",xsd:unsignedInt,2026-07-08T16:02:08.808Z,,,,"
"InternetGatewayDevice.LANDevice.1.LANEthernetInterfaceConfig.1.Stats.UnicastPacketsReceived,false,2026-07-08T16:02:08.806Z,false,2026-07-08T16:02:08.806Z,""0"",xsd:unsignedInt,2026-07-08T16:02:08.808Z,,,,"
"InternetGatewayDevice.LANDevice.1.LANEthernetInterfaceConfig.1.Stats.UnicastPacketsSent,false,2026-07-08T16:02:08.806Z,false,2026-07-08T16:02:08.806Z,""0"",xsd:unsignedInt,2026-07-08T16:02:08.808Z,,,,"
"InternetGatewayDevice.LANDevice.1.LANEthernetInterfaceConfig.1.Stats.UnknownProtoPacketsReceived,false,2026-07-08T16:02:08.806Z,false,2026-07-08T16:02:08.806Z,""0"",xsd:unsignedInt,2026-07-08T16:02:08.808Z,,,,"
"InternetGatewayDevice.LANDevice.1.LANEthernetInterfaceConfig.1.Status,false,2026-07-08T16:02:08.806Z,false,2026-07-08T16:02:08.806Z,""NoLink"",xsd:string,2026-07-08T16:02:08.808Z,,,,"
"InternetGatewayDevice.LANDevice.1.LANEthernetInterfaceConfig.1.X_HW_DetectionStatus,false,2026-07-08T16:02:08.806Z,false,2026-07-08T16:02:08.806Z,""0"",xsd:unsignedInt,2026-07-08T16:02:08.808Z,,,,"
"InternetGatewayDevice.LANDevice.1.LANEthernetInterfaceConfig.1.X_HW_DuplexMode,false,2026-07-08T16:02:08.806Z,false,2026-07-08T16:02:08.806Z,""Auto_Half"",xsd:string,2026-07-08T16:02:08.808Z,,,,"
"InternetGatewayDevice.LANDevice.1.LANEthernetInterfaceConfig.1.X_HW_FlowCtrlEnable,false,2026-07-08T16:02:08.806Z,true,2026-07-08T16:02:08.806Z,""false"",xsd:boolean,2026-07-08T16:02:08.808Z,,,,"
"InternetGatewayDevice.LANDevice.1.LANEthernetInterfaceConfig.1.X_HW_L3Enable,false,2026-07-08T16:02:08.806Z,true,2026-07-08T16:02:08.806Z,""true"",xsd:boolean,2026-07-08T16:02:08.808Z,,,,"
"InternetGatewayDevice.LANDevice.1.LANEthernetInterfaceConfig.1.X_HW_Mode,false,2026-07-08T16:02:08.806Z,true,2026-07-08T16:02:08.806Z,""0"",xsd:unsignedInt,2026-07-08T16:02:08.808Z,,,,"
"InternetGatewayDevice.LANDevice.1.LANEthernetInterfaceConfig.1.X_HW_MultiCastVlan,false,2026-07-08T16:02:08.806Z,true,2026-07-08T16:02:08.806Z,""1"",xsd:unsignedInt,2026-07-08T16:02:08.808Z,,,,"
"InternetGatewayDevice.LANDevice.1.LANEthernetInterfaceConfig.1.X_HW_MultiCastVlanAct,false,2026-07-08T16:02:08.806Z,true,2026-07-08T16:02:08.806Z,""0"",xsd:unsignedInt,2026-07-08T16:02:08.808Z,,,,"
"InternetGatewayDevice.LANDevice.1.LANEthernetInterfaceConfig.1.X_HW_Speed,false,2026-07-08T16:02:08.806Z,false,2026-07-08T16:02:08.806Z,""Auto_10"",xsd:string,2026-07-08T16:02:08.808Z,,,,"
"InternetGatewayDevice.LANDevice.1.LANEthernetInterfaceConfig.1.X_HW_VLAN,false,2026-07-08T16:02:08.806Z,true,2026-07-08T16:02:08.806Z,"""",xsd:string,2026-07-08T16:02:08.808Z,,,,"
"InternetGatewayDevice.LANDevice.1.LANEthernetInterfaceConfig.2,true,2026-07-08T16:02:08.806Z,true,2026-07-08T16:02:08.806Z,"""",,,,,,"
"InternetGatewayDevice.LANDevice.1.LANEthernetInterfaceConfig.2.DuplexMode,false,2026-07-08T16:02:08.806Z,true,2026-07-08T16:02:08.806Z,""Auto"",xsd:string,2026-07-08T16:02:08.808Z,,,,"
"InternetGatewayDevice.LANDevice.1.LANEthernetInterfaceConfig.2.Enable,false,2026-07-08T16:02:08.806Z,true,2026-07-08T16:02:08.806Z,""true"",xsd:boolean,2026-07-08T16:02:08.808Z,,,,"
"InternetGatewayDevice.LANDevice.1.LANEthernetInterfaceConfig.2.MACAddress,false,2026-07-08T16:02:08.806Z,false,2026-07-08T16:02:08.806Z,""DC:21:A3:F3:F3:5C"",xsd:string,2026-07-08T16:02:08.808Z,,,,"
"InternetGatewayDevice.LANDevice.1.LANEthernetInterfaceConfig.2.MACAddressControlEnabled,false,2026-07-08T16:02:08.806Z,false,2026-07-08T16:02:08.806Z,""false"",xsd:boolean,2026-07-08T16:02:08.808Z,,,,"
"InternetGatewayDevice.LANDevice.1.LANEthernetInterfaceConfig.2.MaxBitRate,false,2026-07-08T16:02:08.806Z,true,2026-07-08T16:02:08.806Z,""Auto"",xsd:string,2026-07-08T16:02:08.808Z,,,,"
"InternetGatewayDevice.LANDevice.1.LANEthernetInterfaceConfig.2.Name,false,2026-07-08T16:02:08.806Z,false,2026-07-08T16:02:08.806Z,""eth0:2"",xsd:string,2026-07-08T16:02:08.808Z,,,,"
"InternetGatewayDevice.LANDevice.1.LANEthernetInterfaceConfig.2.Stats,true,2026-07-08T16:02:08.806Z,true,2026-07-08T16:02:08.806Z,"""",,,,,,"
"InternetGatewayDevice.LANDevice.1.LANEthernetInterfaceConfig.2.Stats.BroadcastPacketsReceived,false,2026-07-08T16:02:08.806Z,false,2026-07-08T16:02:08.806Z,""0"",xsd:unsignedInt,2026-07-08T16:02:08.808Z,,,,"
"InternetGatewayDevice.LANDevice.1.LANEthernetInterfaceConfig.2.Stats.BroadcastPacketsSent,false,2026-07-08T16:02:08.806Z,false,2026-07-08T16:02:08.806Z,""0"",xsd:unsignedInt,2026-07-08T16:02:08.808Z,,,,"
"InternetGatewayDevice.LANDevice.1.LANEthernetInterfaceConfig.2.Stats.BytesReceived,false,2026-07-08T16:02:08.806Z,false,2026-07-08T16:02:08.806Z,""0"",xsd:unsignedInt,2026-07-08T16:02:08.808Z,,,,"
"InternetGatewayDevice.LANDevice.1.LANEthernetInterfaceConfig.2.Stats.BytesSent,false,2026-07-08T16:02:08.806Z,false,2026-07-08T16:02:08.806Z,""0"",xsd:unsignedInt,2026-07-08T16:02:08.808Z,,,,"
"InternetGatewayDevice.LANDevice.1.LANEthernetInterfaceConfig.2.Stats.DiscardPacketsReceived,false,2026-07-08T16:02:08.806Z,false,2026-07-08T16:02:08.806Z,""0"",xsd:unsignedInt,2026-07-08T16:02:08.808Z,,,,"
"InternetGatewayDevice.LANDevice.1.LANEthernetInterfaceConfig.2.Stats.DiscardPacketsSent,false,2026-07-08T16:02:08.806Z,false,2026-07-08T16:02:08.806Z,""0"",xsd:unsignedInt,2026-07-08T16:02:08.808Z,,,,"
"InternetGatewayDevice.LANDevice.1.LANEthernetInterfaceConfig.2.Stats.ErrorsReceived,false,2026-07-08T16:02:08.806Z,false,2026-07-08T16:02:08.806Z,""0"",xsd:unsignedInt,2026-07-08T16:02:08.808Z,,,,"
"InternetGatewayDevice.LANDevice.1.LANEthernetInterfaceConfig.2.Stats.ErrorsSent,false,2026-07-08T16:02:08.806Z,false,2026-07-08T16:02:08.806Z,""0"",xsd:unsignedInt,2026-07-08T16:02:08.808Z,,,,"
"InternetGatewayDevice.LANDevice.1.LANEthernetInterfaceConfig.2.Stats.MulticastPacketsReceived,false,2026-07-08T16:02:08.806Z,false,2026-07-08T16:02:08.806Z,""0"",xsd:unsignedInt,2026-07-08T16:02:08.808Z,,,,"
"InternetGatewayDevice.LANDevice.1.LANEthernetInterfaceConfig.2.Stats.MulticastPacketsSent,false,2026-07-08T16:02:08.806Z,false,2026-07-08T16:02:08.806Z,""0"",xsd:unsignedInt,2026-07-08T16:02:08.808Z,,,,"
"InternetGatewayDevice.LANDevice.1.LANEthernetInterfaceConfig.2.Stats.PacketsReceived,false,2026-07-08T16:02:08.806Z,false,2026-07-08T16:02:08.806Z,""0"",xsd:unsignedInt,2026-07-08T16:02:08.808Z,,,,"
"InternetGatewayDevice.LANDevice.1.LANEthernetInterfaceConfig.2.Stats.PacketsSent,false,2026-07-08T16:02:08.806Z,false,2026-07-08T16:02:08.806Z,""0"",xsd:unsignedInt,2026-07-08T16:02:08.808Z,,,,"
"InternetGatewayDevice.LANDevice.1.LANEthernetInterfaceConfig.2.Stats.UnicastPacketsReceived,false,2026-07-08T16:02:08.806Z,false,2026-07-08T16:02:08.806Z,""0"",xsd:unsignedInt,2026-07-08T16:02:08.808Z,,,,"
"InternetGatewayDevice.LANDevice.1.LANEthernetInterfaceConfig.2.Stats.UnicastPacketsSent,false,2026-07-08T16:02:08.806Z,false,2026-07-08T16:02:08.806Z,""0"",xsd:unsignedInt,2026-07-08T16:02:08.808Z,,,,"
"InternetGatewayDevice.LANDevice.1.LANEthernetInterfaceConfig.2.Stats.UnknownProtoPacketsReceived,false,2026-07-08T16:02:08.806Z,false,2026-07-08T16:02:08.806Z,""0"",xsd:unsignedInt,2026-07-08T16:02:08.808Z,,,,"
"InternetGatewayDevice.LANDevice.1.LANEthernetInterfaceConfig.2.Status,false,2026-07-08T16:02:08.806Z,false,2026-07-08T16:02:08.806Z,""NoLink"",xsd:string,2026-07-08T16:02:08.808Z,,,,"
"InternetGatewayDevice.LANDevice.1.LANEthernetInterfaceConfig.2.X_HW_DetectionStatus,false,2026-07-08T16:02:08.806Z,false,2026-07-08T16:02:08.806Z,""0"",xsd:unsignedInt,2026-07-08T16:02:08.808Z,,,,"
"InternetGatewayDevice.LANDevice.1.LANEthernetInterfaceConfig.2.X_HW_DuplexMode,false,2026-07-08T16:02:08.806Z,false,2026-07-08T16:02:08.806Z,""Auto_Half"",xsd:string,2026-07-08T16:02:08.808Z,,,,"
"InternetGatewayDevice.LANDevice.1.LANEthernetInterfaceConfig.2.X_HW_FlowCtrlEnable,false,2026-07-08T16:02:08.806Z,true,2026-07-08T16:02:08.806Z,""false"",xsd:boolean,2026-07-08T16:02:08.808Z,,,,"
"InternetGatewayDevice.LANDevice.1.LANEthernetInterfaceConfig.2.X_HW_L3Enable,false,2026-07-08T16:02:08.806Z,true,2026-07-08T16:02:08.806Z,""true"",xsd:boolean,2026-07-08T16:02:08.808Z,,,,"
"InternetGatewayDevice.LANDevice.1.LANEthernetInterfaceConfig.2.X_HW_Mode,false,2026-07-08T16:02:08.806Z,true,2026-07-08T16:02:08.806Z,""0"",xsd:unsignedInt,2026-07-08T16:02:08.808Z,,,,"
"InternetGatewayDevice.LANDevice.1.LANEthernetInterfaceConfig.2.X_HW_MultiCastVlan,false,2026-07-08T16:02:08.806Z,true,2026-07-08T16:02:08.806Z,""1"",xsd:unsignedInt,2026-07-08T16:02:08.808Z,,,,"
"InternetGatewayDevice.LANDevice.1.LANEthernetInterfaceConfig.2.X_HW_MultiCastVlanAct,false,2026-07-08T16:02:08.806Z,true,2026-07-08T16:02:08.806Z,""0"",xsd:unsignedInt,2026-07-08T16:02:08.808Z,,,,"
"InternetGatewayDevice.LANDevice.1.LANEthernetInterfaceConfig.2.X_HW_Speed,false,2026-07-08T16:02:08.806Z,false,2026-07-08T16:02:08.806Z,""Auto_10"",xsd:string,2026-07-08T16:02:08.808Z,,,,"
"InternetGatewayDevice.LANDevice.1.LANEthernetInterfaceConfig.2.X_HW_VLAN,false,2026-07-08T16:02:08.806Z,true,2026-07-08T16:02:08.806Z,"""",xsd:string,2026-07-08T16:02:08.808Z,,,,"
"InternetGatewayDevice.LANDevice.1.LANEthernetInterfaceConfig.3,true,2026-07-08T16:02:08.806Z,true,2026-07-08T16:02:08.806Z,"""",,,,,,"
"InternetGatewayDevice.LANDevice.1.LANEthernetInterfaceConfig.3.DuplexMode,false,2026-07-08T16:02:08.806Z,true,2026-07-08T16:02:08.806Z,""Auto"",xsd:string,2026-07-08T16:02:08.808Z,,,,"
"InternetGatewayDevice.LANDevice.1.LANEthernetInterfaceConfig.3.Enable,false,2026-07-08T16:02:08.806Z,true,2026-07-08T16:02:08.806Z,""true"",xsd:boolean,2026-07-08T16:02:08.808Z,,,,"
"InternetGatewayDevice.LANDevice.1.LANEthernetInterfaceConfig.3.MACAddress,false,2026-07-08T16:02:08.806Z,false,2026-07-08T16:02:08.806Z,""DC:21:A3:F3:F3:5C"",xsd:string,2026-07-08T16:02:08.808Z,,,,"
"InternetGatewayDevice.LANDevice.1.LANEthernetInterfaceConfig.3.MACAddressControlEnabled,false,2026-07-08T16:02:08.806Z,false,2026-07-08T16:02:08.806Z,""false"",xsd:boolean,2026-07-08T16:02:08.808Z,,,,"
"InternetGatewayDevice.LANDevice.1.LANEthernetInterfaceConfig.3.MaxBitRate,false,2026-07-08T16:02:08.806Z,true,2026-07-08T16:02:08.806Z,""Auto"",xsd:string,2026-07-08T16:02:08.808Z,,,,"
"InternetGatewayDevice.LANDevice.1.LANEthernetInterfaceConfig.3.Name,false,2026-07-08T16:02:08.806Z,false,2026-07-08T16:02:08.806Z,""eth0:3"",xsd:string,2026-07-08T16:02:08.808Z,,,,"
"InternetGatewayDevice.LANDevice.1.LANEthernetInterfaceConfig.3.Stats,true,2026-07-08T16:02:08.806Z,true,2026-07-08T16:02:08.806Z,"""",,,,,,"
"InternetGatewayDevice.LANDevice.1.LANEthernetInterfaceConfig.3.Stats.BroadcastPacketsReceived,false,2026-07-08T16:02:08.806Z,false,2026-07-08T16:02:08.806Z,""0"",xsd:unsignedInt,2026-07-08T16:02:08.808Z,,,,"
"InternetGatewayDevice.LANDevice.1.LANEthernetInterfaceConfig.3.Stats.BroadcastPacketsSent,false,2026-07-08T16:02:08.806Z,false,2026-07-08T16:02:08.806Z,""0"",xsd:unsignedInt,2026-07-08T16:02:08.808Z,,,,"
"InternetGatewayDevice.LANDevice.1.LANEthernetInterfaceConfig.3.Stats.BytesReceived,false,2026-07-08T16:02:08.806Z,false,2026-07-08T16:02:08.806Z,""0"",xsd:unsignedInt,2026-07-08T16:02:08.808Z,,,,"
"InternetGatewayDevice.LANDevice.1.LANEthernetInterfaceConfig.3.Stats.BytesSent,false,2026-07-08T16:02:08.806Z,false,2026-07-08T16:02:08.806Z,""0"",xsd:unsignedInt,2026-07-08T16:02:08.808Z,,,,"
"InternetGatewayDevice.LANDevice.1.LANEthernetInterfaceConfig.3.Stats.DiscardPacketsReceived,false,2026-07-08T16:02:08.806Z,false,2026-07-08T16:02:08.806Z,""0"",xsd:unsignedInt,2026-07-08T16:02:08.808Z,,,,"
"InternetGatewayDevice.LANDevice.1.LANEthernetInterfaceConfig.3.Stats.DiscardPacketsSent,false,2026-07-08T16:02:08.806Z,false,2026-07-08T16:02:08.806Z,""0"",xsd:unsignedInt,2026-07-08T16:02:08.808Z,,,,"
"InternetGatewayDevice.LANDevice.1.LANEthernetInterfaceConfig.3.Stats.ErrorsReceived,false,2026-07-08T16:02:08.806Z,false,2026-07-08T16:02:08.806Z,""0"",xsd:unsignedInt,2026-07-08T16:02:08.808Z,,,,"
"InternetGatewayDevice.LANDevice.1.LANEthernetInterfaceConfig.3.Stats.ErrorsSent,false,2026-07-08T16:02:08.806Z,false,2026-07-08T16:02:08.806Z,""0"",xsd:unsignedInt,2026-07-08T16:02:08.808Z,,,,"
"InternetGatewayDevice.LANDevice.1.LANEthernetInterfaceConfig.3.Stats.MulticastPacketsReceived,false,2026-07-08T16:02:08.806Z,false,2026-07-08T16:02:08.806Z,""0"",xsd:unsignedInt,2026-07-08T16:02:08.808Z,,,,"
"InternetGatewayDevice.LANDevice.1.LANEthernetInterfaceConfig.3.Stats.MulticastPacketsSent,false,2026-07-08T16:02:08.806Z,false,2026-07-08T16:02:08.806Z,""0"",xsd:unsignedInt,2026-07-08T16:02:08.808Z,,,,"
"InternetGatewayDevice.LANDevice.1.LANEthernetInterfaceConfig.3.Stats.PacketsReceived,false,2026-07-08T16:02:08.806Z,false,2026-07-08T16:02:08.806Z,""0"",xsd:unsignedInt,2026-07-08T16:02:08.808Z,,,,"
"InternetGatewayDevice.LANDevice.1.LANEthernetInterfaceConfig.3.Stats.PacketsSent,false,2026-07-08T16:02:08.806Z,false,2026-07-08T16:02:08.806Z,""0"",xsd:unsignedInt,2026-07-08T16:02:08.808Z,,,,"
"InternetGatewayDevice.LANDevice.1.LANEthernetInterfaceConfig.3.Stats.UnicastPacketsReceived,false,2026-07-08T16:02:08.806Z,false,2026-07-08T16:02:08.806Z,""0"",xsd:unsignedInt,2026-07-08T16:02:08.808Z,,,,"
"InternetGatewayDevice.LANDevice.1.LANEthernetInterfaceConfig.3.Stats.UnicastPacketsSent,false,2026-07-08T16:02:08.806Z,false,2026-07-08T16:02:08.806Z,""0"",xsd:unsignedInt,2026-07-08T16:02:08.808Z,,,,"
"InternetGatewayDevice.LANDevice.1.LANEthernetInterfaceConfig.3.Stats.UnknownProtoPacketsReceived,false,2026-07-08T16:02:08.806Z,false,2026-07-08T16:02:08.806Z,""0"",xsd:unsignedInt,2026-07-08T16:02:08.808Z,,,,"
"InternetGatewayDevice.LANDevice.1.LANEthernetInterfaceConfig.3.Status,false,2026-07-08T16:02:08.806Z,false,2026-07-08T16:02:08.806Z,""NoLink"",xsd:string,2026-07-08T16:02:08.808Z,,,,"
"InternetGatewayDevice.LANDevice.1.LANEthernetInterfaceConfig.3.X_HW_DetectionStatus,false,2026-07-08T16:02:08.806Z,false,2026-07-08T16:02:08.806Z,""0"",xsd:unsignedInt,2026-07-08T16:02:08.808Z,,,,"
"InternetGatewayDevice.LANDevice.1.LANEthernetInterfaceConfig.3.X_HW_DuplexMode,false,2026-07-08T16:02:08.806Z,false,2026-07-08T16:02:08.806Z,""Auto_Half"",xsd:string,2026-07-08T16:02:08.808Z,,,,"
"InternetGatewayDevice.LANDevice.1.LANEthernetInterfaceConfig.3.X_HW_FlowCtrlEnable,false,2026-07-08T16:02:08.806Z,true,2026-07-08T16:02:08.806Z,""false"",xsd:boolean,2026-07-08T16:02:08.808Z,,,,"
"InternetGatewayDevice.LANDevice.1.LANEthernetInterfaceConfig.3.X_HW_L3Enable,false,2026-07-08T16:02:08.806Z,true,2026-07-08T16:02:08.806Z,""true"",xsd:boolean,2026-07-08T16:02:08.808Z,,,,"
"InternetGatewayDevice.LANDevice.1.LANEthernetInterfaceConfig.3.X_HW_Mode,false,2026-07-08T16:02:08.806Z,true,2026-07-08T16:02:08.806Z,""0"",xsd:unsignedInt,2026-07-08T16:02:08.808Z,,,,"
"InternetGatewayDevice.LANDevice.1.LANEthernetInterfaceConfig.3.X_HW_MultiCastVlan,false,2026-07-08T16:02:08.806Z,true,2026-07-08T16:02:08.806Z,""1"",xsd:unsignedInt,2026-07-08T16:02:08.808Z,,,,"
"InternetGatewayDevice.LANDevice.1.LANEthernetInterfaceConfig.3.X_HW_MultiCastVlanAct,false,2026-07-08T16:02:08.806Z,true,2026-07-08T16:02:08.806Z,""0"",xsd:unsignedInt,2026-07-08T16:02:08.808Z,,,,"
"InternetGatewayDevice.LANDevice.1.LANEthernetInterfaceConfig.3.X_HW_Speed,false,2026-07-08T16:02:08.806Z,false,2026-07-08T16:02:08.806Z,""Auto_10"",xsd:string,2026-07-08T16:02:08.808Z,,,,"
"InternetGatewayDevice.LANDevice.1.LANEthernetInterfaceConfig.3.X_HW_VLAN,false,2026-07-08T16:02:08.806Z,true,2026-07-08T16:02:08.806Z,"""",xsd:string,2026-07-08T16:02:08.808Z,,,,"
"InternetGatewayDevice.LANDevice.1.LANEthernetInterfaceConfig.4,true,2026-07-08T16:02:08.806Z,true,2026-07-08T16:02:08.806Z,"""",,,,,,"
"InternetGatewayDevice.LANDevice.1.LANEthernetInterfaceConfig.4.DuplexMode,false,2026-07-08T16:02:08.806Z,true,2026-07-08T16:02:08.806Z,""Auto"",xsd:string,2026-07-08T16:02:08.808Z,,,,"
"InternetGatewayDevice.LANDevice.1.LANEthernetInterfaceConfig.4.Enable,false,2026-07-08T16:02:08.806Z,true,2026-07-08T16:02:08.806Z,""true"",xsd:boolean,2026-07-08T16:02:08.808Z,,,,"
"InternetGatewayDevice.LANDevice.1.LANEthernetInterfaceConfig.4.MACAddress,false,2026-07-08T16:02:08.806Z,false,2026-07-08T16:02:08.806Z,""DC:21:A3:F3:F3:5C"",xsd:string,2026-07-08T16:02:08.808Z,,,,"
"InternetGatewayDevice.LANDevice.1.LANEthernetInterfaceConfig.4.MACAddressControlEnabled,false,2026-07-08T16:02:08.806Z,false,2026-07-08T16:02:08.806Z,""false"",xsd:boolean,2026-07-08T16:02:08.808Z,,,,"
"InternetGatewayDevice.LANDevice.1.LANEthernetInterfaceConfig.4.MaxBitRate,false,2026-07-08T16:02:08.806Z,true,2026-07-08T16:02:08.806Z,""Auto"",xsd:string,2026-07-08T16:02:08.808Z,,,,"
"InternetGatewayDevice.LANDevice.1.LANEthernetInterfaceConfig.4.Name,false,2026-07-08T16:02:08.806Z,false,2026-07-08T16:02:08.806Z,""eth0:4"",xsd:string,2026-07-08T16:02:08.808Z,,,,"
"InternetGatewayDevice.LANDevice.1.LANEthernetInterfaceConfig.4.Stats,true,2026-07-08T16:02:08.806Z,true,2026-07-08T16:02:08.806Z,"""",,,,,,"
"InternetGatewayDevice.LANDevice.1.LANEthernetInterfaceConfig.4.Stats.BroadcastPacketsReceived,false,2026-07-08T16:02:08.806Z,false,2026-07-08T16:02:08.806Z,""0"",xsd:unsignedInt,2026-07-08T16:02:08.808Z,,,,"
"InternetGatewayDevice.LANDevice.1.LANEthernetInterfaceConfig.4.Stats.BroadcastPacketsSent,false,2026-07-08T16:02:08.806Z,false,2026-07-08T16:02:08.806Z,""0"",xsd:unsignedInt,2026-07-08T16:02:08.808Z,,,,"
"InternetGatewayDevice.LANDevice.1.LANEthernetInterfaceConfig.4.Stats.BytesReceived,false,2026-07-08T16:02:08.806Z,false,2026-07-08T16:02:08.806Z,""0"",xsd:unsignedInt,2026-07-08T16:02:08.808Z,,,,"
"InternetGatewayDevice.LANDevice.1.LANEthernetInterfaceConfig.4.Stats.BytesSent,false,2026-07-08T16:02:08.806Z,false,2026-07-08T16:02:08.806Z,""0"",xsd:unsignedInt,2026-07-08T16:02:08.808Z,,,,"
"InternetGatewayDevice.LANDevice.1.LANEthernetInterfaceConfig.4.Stats.DiscardPacketsReceived,false,2026-07-08T16:02:08.806Z,false,2026-07-08T16:02:08.806Z,""0"",xsd:unsignedInt,2026-07-08T16:02:08.808Z,,,,"
"InternetGatewayDevice.LANDevice.1.LANEthernetInterfaceConfig.4.Stats.DiscardPacketsSent,false,2026-07-08T16:02:08.806Z,false,2026-07-08T16:02:08.806Z,""0"",xsd:unsignedInt,2026-07-08T16:02:08.808Z,,,,"
"InternetGatewayDevice.LANDevice.1.LANEthernetInterfaceConfig.4.Stats.ErrorsReceived,false,2026-07-08T16:02:08.806Z,false,2026-07-08T16:02:08.806Z,""0"",xsd:unsignedInt,2026-07-08T16:02:08.808Z,,,,"
"InternetGatewayDevice.LANDevice.1.LANEthernetInterfaceConfig.4.Stats.ErrorsSent,false,2026-07-08T16:02:08.806Z,false,2026-07-08T16:02:08.806Z,""0"",xsd:unsignedInt,2026-07-08T16:02:08.808Z,,,,"
"InternetGatewayDevice.LANDevice.1.LANEthernetInterfaceConfig.4.Stats.MulticastPacketsReceived,false,2026-07-08T16:02:08.806Z,false,2026-07-08T16:02:08.806Z,""0"",xsd:unsignedInt,2026-07-08T16:02:08.808Z,,,,"
"InternetGatewayDevice.LANDevice.1.LANEthernetInterfaceConfig.4.Stats.MulticastPacketsSent,false,2026-07-08T16:02:08.806Z,false,2026-07-08T16:02:08.806Z,""0"",xsd:unsignedInt,2026-07-08T16:02:08.808Z,,,,"
"InternetGatewayDevice.LANDevice.1.LANEthernetInterfaceConfig.4.Stats.PacketsReceived,false,2026-07-08T16:02:08.806Z,false,2026-07-08T16:02:08.806Z,""0"",xsd:unsignedInt,2026-07-08T16:02:08.808Z,,,,"
"InternetGatewayDevice.LANDevice.1.LANEthernetInterfaceConfig.4.Stats.PacketsSent,false,2026-07-08T16:02:08.806Z,false,2026-07-08T16:02:08.806Z,""0"",xsd:unsignedInt,2026-07-08T16:02:08.808Z,,,,"
"InternetGatewayDevice.LANDevice.1.LANEthernetInterfaceConfig.4.Stats.UnicastPacketsReceived,false,2026-07-08T16:02:08.806Z,false,2026-07-08T16:02:08.806Z,""0"",xsd:unsignedInt,2026-07-08T16:02:08.808Z,,,,"
"InternetGatewayDevice.LANDevice.1.LANEthernetInterfaceConfig.4.Stats.UnicastPacketsSent,false,2026-07-08T16:02:08.806Z,false,2026-07-08T16:02:08.806Z,""0"",xsd:unsignedInt,2026-07-08T16:02:08.808Z,,,,"
"InternetGatewayDevice.LANDevice.1.LANEthernetInterfaceConfig.4.Stats.UnknownProtoPacketsReceived,false,2026-07-08T16:02:08.806Z,false,2026-07-08T16:02:08.806Z,""0"",xsd:unsignedInt,2026-07-08T16:02:08.808Z,,,,"
"InternetGatewayDevice.LANDevice.1.LANEthernetInterfaceConfig.4.Status,false,2026-07-08T16:02:08.806Z,false,2026-07-08T16:02:08.806Z,""NoLink"",xsd:string,2026-07-08T16:02:08.808Z,,,,"
"InternetGatewayDevice.LANDevice.1.LANEthernetInterfaceConfig.4.X_HW_DetectionStatus,false,2026-07-08T16:02:08.806Z,false,2026-07-08T16:02:08.806Z,""0"",xsd:unsignedInt,2026-07-08T16:02:08.808Z,,,,"
"InternetGatewayDevice.LANDevice.1.LANEthernetInterfaceConfig.4.X_HW_DuplexMode,false,2026-07-08T16:02:08.806Z,false,2026-07-08T16:02:08.806Z,""Auto_Half"",xsd:string,2026-07-08T16:02:08.808Z,,,,"
"InternetGatewayDevice.LANDevice.1.LANEthernetInterfaceConfig.4.X_HW_FlowCtrlEnable,false,2026-07-08T16:02:08.806Z,true,2026-07-08T16:02:08.806Z,""false"",xsd:boolean,2026-07-08T16:02:08.808Z,,,,"
"InternetGatewayDevice.LANDevice.1.LANEthernetInterfaceConfig.4.X_HW_L3Enable,false,2026-07-08T16:02:08.806Z,true,2026-07-08T16:02:08.806Z,""true"",xsd:boolean,2026-07-08T16:02:08.808Z,,,,"
"InternetGatewayDevice.LANDevice.1.LANEthernetInterfaceConfig.4.X_HW_Mode,false,2026-07-08T16:02:08.806Z,true,2026-07-08T16:02:08.806Z,""0"",xsd:unsignedInt,2026-07-08T16:02:08.808Z,,,,"
"InternetGatewayDevice.LANDevice.1.LANEthernetInterfaceConfig.4.X_HW_MultiCastVlan,false,2026-07-08T16:02:08.806Z,true,2026-07-08T16:02:08.806Z,""1"",xsd:unsignedInt,2026-07-08T16:02:08.808Z,,,,"
"InternetGatewayDevice.LANDevice.1.LANEthernetInterfaceConfig.4.X_HW_MultiCastVlanAct,false,2026-07-08T16:02:08.806Z,true,2026-07-08T16:02:08.806Z,""0"",xsd:unsignedInt,2026-07-08T16:02:08.808Z,,,,"
"InternetGatewayDevice.LANDevice.1.LANEthernetInterfaceConfig.4.X_HW_Speed,false,2026-07-08T16:02:08.806Z,false,2026-07-08T16:02:08.806Z,""Auto_10"",xsd:string,2026-07-08T16:02:08.808Z,,,,"
"InternetGatewayDevice.LANDevice.1.LANEthernetInterfaceConfig.4.X_HW_VLAN,false,2026-07-08T16:02:08.806Z,true,2026-07-08T16:02:08.806Z,"""",xsd:string,2026-07-08T16:02:08.808Z,,,,"
"InternetGatewayDevice.LANDevice.1.LANEthernetInterfaceNumberOfEntries,false,2026-07-08T16:02:08.806Z,false,2026-07-08T16:02:08.806Z,""4"",xsd:unsignedInt,2026-07-08T16:02:08.808Z,,,,"
"InternetGatewayDevice.LANDevice.1.LANHostConfigManagement,true,2026-07-08T16:02:08.806Z,true,2026-07-08T16:02:08.806Z,"""",,,,,,"
"InternetGatewayDevice.LANDevice.1.LANHostConfigManagement.AllowedMACAddresses,false,2026-07-08T16:02:08.806Z,true,2026-07-08T16:02:08.806Z,"""",xsd:string,2026-07-08T16:02:08.808Z,,,,"
"InternetGatewayDevice.LANDevice.1.LANHostConfigManagement.AssociatedConnection,false,2026-07-08T16:02:08.806Z,true,2026-07-08T16:02:08.806Z,"""",xsd:string,2026-07-08T16:02:08.808Z,,,,"
"InternetGatewayDevice.LANDevice.1.LANHostConfigManagement.DHCPConditionalPoolNumberOfEntries,false,2026-07-08T16:02:08.806Z,false,2026-07-08T16:02:08.806Z,""0"",xsd:unsignedInt,2026-07-08T16:02:08.808Z,,,,"
"InternetGatewayDevice.LANDevice.1.LANHostConfigManagement.DHCPLeaseTime,false,2026-07-08T16:02:08.806Z,true,2026-07-08T16:02:08.806Z,""86400"",xsd:int,2026-07-08T16:02:08.808Z,,,,"
"InternetGatewayDevice.LANDevice.1.LANHostConfigManagement.DHCPOption,true,2026-07-08T16:02:08.806Z,true,2026-07-08T16:02:08.806Z,"""",,,,,,"
"InternetGatewayDevice.LANDevice.1.LANHostConfigManagement.DHCPOptionNumberOfEntries,false,2026-07-08T16:02:08.806Z,false,2026-07-08T16:02:08.806Z,""0"",xsd:unsignedInt,2026-07-08T16:02:08.808Z,,,,"
"InternetGatewayDevice.LANDevice.1.LANHostConfigManagement.DHCPRelay,false,2026-07-08T16:02:08.806Z,false,2026-07-08T16:02:08.806Z,""false"",xsd:boolean,2026-07-08T16:02:08.808Z,,,,"
"InternetGatewayDevice.LANDevice.1.LANHostConfigManagement.DHCPServerConfigurable,false,2026-07-08T16:02:08.806Z,true,2026-07-08T16:02:08.806Z,""true"",xsd:boolean,2026-07-08T16:02:08.808Z,,,,"
"InternetGatewayDevice.LANDevice.1.LANHostConfigManagement.DHCPServerEnable,false,2026-07-08T16:02:08.806Z,true,2026-07-08T16:02:08.806Z,""true"",xsd:boolean,2026-07-08T16:02:08.808Z,,,,"
"InternetGatewayDevice.LANDevice.1.LANHostConfigManagement.DHCPStaticAddress,true,2026-07-08T16:02:08.806Z,true,2026-07-08T16:02:08.806Z,"""",,,,,,"
"InternetGatewayDevice.LANDevice.1.LANHostConfigManagement.DHCPStaticAddressNumberOfEntries,false,2026-07-08T16:02:08.806Z,false,2026-07-08T16:02:08.806Z,""0"",xsd:unsignedInt,2026-07-08T16:02:08.808Z,,,,"
"InternetGatewayDevice.LANDevice.1.LANHostConfigManagement.DNSServers,false,2026-07-08T16:02:08.806Z,true,2026-07-08T16:02:08.806Z,""192.168.100.1"",xsd:string,2026-07-08T16:02:08.808Z,,,,"
"InternetGatewayDevice.LANDevice.1.LANHostConfigManagement.DomainName,false,2026-07-08T16:02:08.806Z,true,2026-07-08T16:02:08.806Z,"""",xsd:string,2026-07-08T16:02:08.808Z,,,,"
"InternetGatewayDevice.LANDevice.1.LANHostConfigManagement.IPInterface,true,2026-07-08T16:02:08.806Z,true,2026-07-08T16:02:08.806Z,"""",,,,,,"
"InternetGatewayDevice.LANDevice.1.LANHostConfigManagement.IPInterface.1,true,2026-07-08T16:02:08.806Z,true,2026-07-08T16:02:08.806Z,"""",,,,,,"
"InternetGatewayDevice.LANDevice.1.LANHostConfigManagement.IPInterface.1.Enable,false,2026-07-08T16:02:08.806Z,true,2026-07-08T16:02:08.806Z,""true"",xsd:boolean,2026-07-08T16:02:08.808Z,,,,"
"InternetGatewayDevice.LANDevice.1.LANHostConfigManagement.IPInterface.1.IPInterfaceAddressingType,false,2026-07-08T16:02:08.806Z,true,2026-07-08T16:02:08.806Z,""Static"",xsd:string,2026-07-08T16:02:08.808Z,,,,"
"InternetGatewayDevice.LANDevice.1.LANHostConfigManagement.IPInterface.1.IPInterfaceIPAddress,false,2026-07-08T16:02:08.806Z,true,2026-07-08T16:02:08.806Z,""192.168.100.1"",xsd:string,2026-07-08T16:02:08.808Z,,,,"
"InternetGatewayDevice.LANDevice.1.LANHostConfigManagement.IPInterface.1.IPInterfaceSubnetMask,false,2026-07-08T16:02:08.806Z,true,2026-07-08T16:02:08.806Z,""255.255.255.0"",xsd:string,2026-07-08T16:02:08.808Z,,,,"
"InternetGatewayDevice.LANDevice.1.LANHostConfigManagement.IPInterface.2,true,2026-07-08T16:02:08.806Z,true,2026-07-08T16:02:08.806Z,"""",,,,,,"
"InternetGatewayDevice.LANDevice.1.LANHostConfigManagement.IPInterface.2.Enable,false,2026-07-08T16:02:08.806Z,true,2026-07-08T16:02:08.806Z,""true"",xsd:boolean,2026-07-08T16:02:08.808Z,,,,"
"InternetGatewayDevice.LANDevice.1.LANHostConfigManagement.IPInterface.2.IPInterfaceAddressingType,false,2026-07-08T16:02:08.806Z,true,2026-07-08T16:02:08.806Z,""Static"",xsd:string,2026-07-08T16:02:08.808Z,,,,"
"InternetGatewayDevice.LANDevice.1.LANHostConfigManagement.IPInterface.2.IPInterfaceIPAddress,false,2026-07-08T16:02:08.806Z,true,2026-07-08T16:02:08.806Z,""192.168.2.1"",xsd:string,2026-07-08T16:02:08.808Z,,,,"
"InternetGatewayDevice.LANDevice.1.LANHostConfigManagement.IPInterface.2.IPInterfaceSubnetMask,false,2026-07-08T16:02:08.806Z,true,2026-07-08T16:02:08.806Z,""255.255.255.0"",xsd:string,2026-07-08T16:02:08.808Z,,,,"
"InternetGatewayDevice.LANDevice.1.LANHostConfigManagement.IPInterfaceNumberOfEntries,false,2026-07-08T16:02:08.806Z,false,2026-07-08T16:02:08.806Z,""2"",xsd:unsignedInt,2026-07-08T16:02:08.808Z,,,,"
"InternetGatewayDevice.LANDevice.1.LANHostConfigManagement.IPRouters,false,2026-07-08T16:02:08.806Z,true,2026-07-08T16:02:08.806Z,""192.168.100.1"",xsd:string,2026-07-08T16:02:08.808Z,,,,"
"InternetGatewayDevice.LANDevice.1.LANHostConfigManagement.MACAddress,false,2026-07-08T16:02:08.806Z,false,2026-07-08T16:02:08.806Z,""DC:21:A3:F3:F3:5C"",xsd:string,2026-07-08T16:02:08.808Z,,,,"
"InternetGatewayDevice.LANDevice.1.LANHostConfigManagement.MaxAddress,false,2026-07-08T16:02:08.806Z,true,2026-07-08T16:02:08.806Z,""192.168.100.254"",xsd:string,2026-07-08T16:02:08.808Z,,,,"
"InternetGatewayDevice.LANDevice.1.LANHostConfigManagement.MinAddress,false,2026-07-08T16:02:08.806Z,true,2026-07-08T16:02:08.806Z,""192.168.100.2"",xsd:string,2026-07-08T16:02:08.808Z,,,,"
"InternetGatewayDevice.LANDevice.1.LANHostConfigManagement.PassthroughLease,false,2026-07-08T16:02:08.806Z,true,2026-07-08T16:02:08.806Z,""600"",xsd:unsignedInt,2026-07-08T16:02:08.808Z,,,,"
"InternetGatewayDevice.LANDevice.1.LANHostConfigManagement.PassthroughMACAddress,false,2026-07-08T16:02:08.806Z,true,2026-07-08T16:02:08.806Z,"""",xsd:string,2026-07-08T16:02:08.808Z,,,,"
"InternetGatewayDevice.LANDevice.1.LANHostConfigManagement.ReservedAddresses,false,2026-07-08T16:02:08.806Z,true,2026-07-08T16:02:08.806Z,"""",xsd:string,2026-07-08T16:02:08.808Z,,,,"
"InternetGatewayDevice.LANDevice.1.LANHostConfigManagement.SubnetMask,false,2026-07-08T16:02:08.806Z,true,2026-07-08T16:02:08.806Z,""255.255.255.0"",xsd:string,2026-07-08T16:02:08.808Z,,,,"
"InternetGatewayDevice.LANDevice.1.LANHostConfigManagement.UseAllocatedWAN,false,2026-07-08T16:02:08.806Z,true,2026-07-08T16:02:08.806Z,""Normal"",xsd:string,2026-07-08T16:02:08.808Z,,,,"
"InternetGatewayDevice.LANDevice.1.LANHostConfigManagement.X_HW_DHCPL2RelayEnable,false,2026-07-08T16:02:08.806Z,true,2026-07-08T16:02:08.806Z,""true"",xsd:boolean,2026-07-08T16:02:08.808Z,,,,"
"InternetGatewayDevice.LANDevice.1.LANHostConfigManagement.X_HW_DHCPOption82Enable,false,2026-07-08T16:02:08.806Z,true,2026-07-08T16:02:08.806Z,""false"",xsd:boolean,2026-07-08T16:02:08.808Z,,,,"
"InternetGatewayDevice.LANDevice.1.LANHostConfigManagement.X_HW_DHCPOptionInherit,true,2026-07-08T16:02:08.806Z,true,2026-07-08T16:02:08.806Z,"""",,,,,,"
"InternetGatewayDevice.LANDevice.1.LANHostConfigManagement.X_HW_DHCPOptionInherit.DHCPOptionInheritEnable,false,2026-07-08T16:02:08.806Z,true,2026-07-08T16:02:08.806Z,""false"",xsd:boolean,2026-07-08T16:02:08.808Z,,,,"
"InternetGatewayDevice.LANDevice.1.LANHostConfigManagement.X_HW_DHCPOptionInherit.OptionInheritFromWAN,false,2026-07-08T16:02:08.806Z,true,2026-07-08T16:02:08.806Z,"""",xsd:string,2026-07-08T16:02:08.808Z,,,,"
"InternetGatewayDevice.LANDevice.1.LANHostConfigManagement.X_HW_DHCPOptionInherit.OptionInheritMode,false,2026-07-08T16:02:08.806Z,true,2026-07-08T16:02:08.806Z,""FromWANPath"",xsd:string,2026-07-08T16:02:08.808Z,,,,"
"InternetGatewayDevice.LANDevice.1.LANHostConfigManagement.X_HW_DHCPOptionInherit.OptionList,false,2026-07-08T16:02:08.806Z,true,2026-07-08T16:02:08.806Z,"""",xsd:string,2026-07-08T16:02:08.808Z,,,,"
"InternetGatewayDevice.LANDevice.1.LANHostConfigManagement.X_HW_DHCPOptionInherit.ServiceType,false,2026-07-08T16:02:08.806Z,true,2026-07-08T16:02:08.806Z,"""",xsd:string,2026-07-08T16:02:08.808Z,,,,"
"InternetGatewayDevice.LANDevice.1.LANHostConfigManagement.X_HW_DHCPOptionInherit.VendorClassID,false,2026-07-08T16:02:08.806Z,true,2026-07-08T16:02:08.806Z,"""",xsd:string,2026-07-08T16:02:08.808Z,,,,"
"InternetGatewayDevice.LANDevice.1.LANHostConfigManagement.X_HW_DHCPOptionInherit.VendorClassIDMode,false,2026-07-08T16:02:08.806Z,true,2026-07-08T16:02:08.806Z,""Exact"",xsd:string,2026-07-08T16:02:08.808Z,,,,"
"InternetGatewayDevice.LANDevice.1.LANHostConfigManagement.X_HW_DNSList,false,2026-07-08T16:02:08.806Z,true,2026-07-08T16:02:08.806Z,"""",xsd:string,2026-07-08T16:02:08.808Z,,,,"
"InternetGatewayDevice.LANDevice.1.LANHostConfigManagement.X_HW_IPv6Interface,true,2026-07-08T16:02:08.806Z,true,2026-07-08T16:02:08.806Z,"""",,,,,,"
"InternetGatewayDevice.LANDevice.1.LANHostConfigManagement.X_HW_IPv6Interface.1,true,2026-07-08T16:02:08.806Z,true,2026-07-08T16:02:08.806Z,"""",,,,,,"
"InternetGatewayDevice.LANDevice.1.LANHostConfigManagement.X_HW_IPv6Interface.1.IPv6Address,true,2026-07-08T16:02:08.806Z,true,2026-07-08T16:02:08.806Z,"""",,,,,,"
"InternetGatewayDevice.LANDevice.1.LANHostConfigManagement.X_HW_IPv6Interface.1.IPv6Address.1,true,2026-07-08T16:02:08.806Z,true,2026-07-08T16:02:08.806Z,"""",,,,,,"
"InternetGatewayDevice.LANDevice.1.LANHostConfigManagement.X_HW_IPv6Interface.1.IPv6Address.1.Alias,false,2026-07-08T16:02:08.806Z,false,2026-07-08T16:02:08.806Z,""br0_addr_1"",xsd:string,2026-07-08T16:02:08.808Z,,,,"
"InternetGatewayDevice.LANDevice.1.LANHostConfigManagement.X_HW_IPv6Interface.1.IPv6Address.1.IPv6Address,false,2026-07-08T16:02:08.806Z,true,2026-07-08T16:02:08.806Z,""fe80::1"",xsd:string,2026-07-08T16:02:08.808Z,,,,"
"InternetGatewayDevice.LANDevice.1.LANHostConfigManagement.X_HW_IPv6Interface.1.IPv6Prefix,true,2026-07-08T16:02:08.806Z,true,2026-07-08T16:02:08.806Z,"""",,,,,,"
"InternetGatewayDevice.LANDevice.1.LANHostConfigManagement.X_HW_IPv6Interface.1.IPv6Prefix.1,true,2026-07-08T16:02:08.806Z,true,2026-07-08T16:02:08.806Z,"""",,,,,,"
"InternetGatewayDevice.LANDevice.1.LANHostConfigManagement.X_HW_IPv6Interface.1.IPv6Prefix.1.Alias,false,2026-07-08T16:02:08.806Z,false,2026-07-08T16:02:08.806Z,""br0_prefix_1"",xsd:string,2026-07-08T16:02:08.808Z,,,,"
"InternetGatewayDevice.LANDevice.1.LANHostConfigManagement.X_HW_IPv6Interface.1.IPv6Prefix.1.ChildPrefixMask,false,2026-07-08T16:02:08.806Z,true,2026-07-08T16:02:08.806Z,""::/64"",xsd:string,2026-07-08T16:02:08.808Z,,,,"
"InternetGatewayDevice.LANDevice.1.LANHostConfigManagement.X_HW_IPv6Interface.1.IPv6Prefix.1.Mode,false,2026-07-08T16:02:08.806Z,true,2026-07-08T16:02:08.806Z,""WANDelegated"",xsd:string,2026-07-08T16:02:08.808Z,,,,"
"InternetGatewayDevice.LANDevice.1.LANHostConfigManagement.X_HW_IPv6Interface.1.IPv6Prefix.1.ParentPrefix,false,2026-07-08T16:02:08.806Z,true,2026-07-08T16:02:08.806Z,"""",xsd:string,2026-07-08T16:02:08.808Z,,,,"
"InternetGatewayDevice.LANDevice.1.LANHostConfigManagement.X_HW_IPv6Interface.1.IPv6Prefix.1.PreferredLifeTime,false,2026-07-08T16:02:08.806Z,true,2026-07-08T16:02:08.806Z,""0"",xsd:unsignedInt,2026-07-08T16:02:08.808Z,,,,"
"InternetGatewayDevice.LANDevice.1.LANHostConfigManagement.X_HW_IPv6Interface.1.IPv6Prefix.1.Prefix,false,2026-07-08T16:02:08.806Z,true,2026-07-08T16:02:08.806Z,""::/0"",xsd:string,2026-07-08T16:02:08.808Z,,,,"
"InternetGatewayDevice.LANDevice.1.LANHostConfigManagement.X_HW_IPv6Interface.1.IPv6Prefix.1.ValidLifeTime,false,2026-07-08T16:02:08.806Z,true,2026-07-08T16:02:08.806Z,""0"",xsd:unsignedInt,2026-07-08T16:02:08.808Z,,,,"
"InternetGatewayDevice.LANDevice.1.LANHostConfigManagement.X_HW_IPv6Interface.1.ULAEnable,false,2026-07-08T16:02:08.806Z,true,2026-07-08T16:02:08.806Z,""false"",xsd:boolean,2026-07-08T16:02:08.808Z,,,,"
"InternetGatewayDevice.LANDevice.1.LANHostConfigManagement.X_HW_IPv6Interface.1.ULAIPv6Prefix,true,2026-07-08T16:02:08.806Z,true,2026-07-08T16:02:08.806Z,"""",,,,,,"
"InternetGatewayDevice.LANDevice.1.LANHostConfigManagement.X_HW_IPv6Interface.1.ULAIPv6Prefix.ULAmode,false,2026-07-08T16:02:08.806Z,true,2026-07-08T16:02:08.806Z,""Disable"",xsd:string,2026-07-08T16:02:08.808Z,,,,"
"InternetGatewayDevice.LANDevice.1.LANHostConfigManagement.X_HW_IPv6Interface.1.ULAIPv6Prefix.prefix,true,2026-07-08T16:02:08.806Z,true,2026-07-08T16:02:08.806Z,"""",,,,,,"
"InternetGatewayDevice.LANDevice.1.LANHostConfigManagement.X_HW_MTU,false,2026-07-08T16:02:08.806Z,true,2026-07-08T16:02:08.806Z,""1500"",xsd:unsignedInt,2026-07-08T16:02:08.808Z,,,,"
"InternetGatewayDevice.LANDevice.1.LANHostConfigManagement.X_HW_Option125Enable,false,2026-07-08T16:02:08.806Z,true,2026-07-08T16:02:08.806Z,""true"",xsd:boolean,2026-07-08T16:02:08.808Z,,,,"
"InternetGatewayDevice.LANDevice.1.LANHostConfigManagement.X_HW_Option60Enable,false,2026-07-08T16:02:08.806Z,true,2026-07-08T16:02:08.806Z,""true"",xsd:boolean,2026-07-08T16:02:08.808Z,,,,"
"InternetGatewayDevice.LANDevice.1.LANHostConfigManagement.X_HW_PPPoEPITPEnable,false,2026-07-08T16:02:08.806Z,true,2026-07-08T16:02:08.806Z,""false"",xsd:boolean,2026-07-08T16:02:08.808Z,,,,"
"InternetGatewayDevice.LANDevice.1.LANUSBInterfaceConfig,true,2026-07-08T16:02:08.806Z,true,2026-07-08T16:02:08.806Z,"""",,,,,,"
"InternetGatewayDevice.LANDevice.1.LANUSBInterfaceConfig.1,true,2026-07-08T16:02:08.806Z,true,2026-07-08T16:02:08.806Z,"""",,,,,,"
"InternetGatewayDevice.LANDevice.1.LANUSBInterfaceConfig.1.Enable,false,2026-07-08T16:02:08.806Z,true,2026-07-08T16:02:08.806Z,""false"",xsd:boolean,2026-07-08T16:02:08.808Z,,,,"
"InternetGatewayDevice.LANDevice.1.LANUSBInterfaceConfig.1.Status,false,2026-07-08T16:02:08.806Z,false,2026-07-08T16:02:08.806Z,""NoLink"",xsd:string,2026-07-08T16:02:08.808Z,,,,"
"InternetGatewayDevice.LANDevice.1.LANUSBInterfaceConfig.1.X_HW_USBPortStatus,false,2026-07-08T16:02:08.806Z,false,2026-07-08T16:02:08.806Z,""None"",xsd:string,2026-07-08T16:02:08.808Z,,,,"
"InternetGatewayDevice.LANDevice.1.LANUSBInterfaceNumberOfEntries,false,2026-07-08T16:02:08.806Z,false,2026-07-08T16:02:08.806Z,""1"",xsd:unsignedInt,2026-07-08T16:02:08.808Z,,,,"
"InternetGatewayDevice.LANDevice.1.LANWLANConfigurationNumberOfEntries,false,2026-07-08T16:02:08.806Z,false,2026-07-08T16:02:08.806Z,""2"",xsd:unsignedInt,2026-07-08T16:02:08.808Z,,,,"
"InternetGatewayDevice.LANDevice.1.WLANConfiguration,true,2026-07-08T16:02:08.806Z,true,2026-07-08T16:02:08.806Z,"""",,,,,,"
"InternetGatewayDevice.LANDevice.1.WLANConfiguration.1,true,2026-07-08T16:02:08.806Z,true,2026-07-08T16:02:08.806Z,"""",,,,,,"
"InternetGatewayDevice.LANDevice.1.WLANConfiguration.1.APWMMParameter,true,2026-07-08T16:02:08.806Z,true,2026-07-08T16:02:08.806Z,"""",,,,,,"
"InternetGatewayDevice.LANDevice.1.WLANConfiguration.1.APWMMParameter.1,true,2026-07-08T16:02:08.806Z,true,2026-07-08T16:02:08.806Z,"""",,,,,,"
"InternetGatewayDevice.LANDevice.1.WLANConfiguration.1.APWMMParameter.1.AIFSN,false,2026-07-08T16:02:08.806Z,true,2026-07-08T16:02:08.806Z,""3"",xsd:unsignedInt,2026-07-08T16:02:08.808Z,,,,"
"InternetGatewayDevice.LANDevice.1.WLANConfiguration.1.APWMMParameter.1.AccessCategory,false,2026-07-08T16:02:08.806Z,true,2026-07-08T16:02:08.806Z,""BE"",xsd:string,2026-07-08T16:02:08.808Z,,,,"
"InternetGatewayDevice.LANDevice.1.WLANConfiguration.1.APWMMParameter.1.AckPolicy,false,2026-07-08T16:02:08.806Z,true,2026-07-08T16:02:08.806Z,""false"",xsd:boolean,2026-07-08T16:02:08.808Z,,,,"
"InternetGatewayDevice.LANDevice.1.WLANConfiguration.1.APWMMParameter.1.Alias,false,2026-07-08T16:02:08.806Z,true,2026-07-08T16:02:08.806Z,""cpe-1"",xsd:string,2026-07-08T16:02:08.808Z,,,,"
"InternetGatewayDevice.LANDevice.1.WLANConfiguration.1.APWMMParameter.1.ECWMax,false,2026-07-08T16:02:08.806Z,true,2026-07-08T16:02:08.806Z,""6"",xsd:unsignedInt,2026-07-08T16:02:08.808Z,,,,"
"InternetGatewayDevice.LANDevice.1.WLANConfiguration.1.APWMMParameter.1.ECWMin,false,2026-07-08T16:02:08.806Z,true,2026-07-08T16:02:08.806Z,""4"",xsd:unsignedInt,2026-07-08T16:02:08.808Z,,,,"
"InternetGatewayDevice.LANDevice.1.WLANConfiguration.1.APWMMParameter.1.Stats,true,2026-07-08T16:02:08.806Z,false,2026-07-08T16:02:08.806Z,"""",,,,,,"
"InternetGatewayDevice.LANDevice.1.WLANConfiguration.1.APWMMParameter.1.Stats.BytesReceived,false,2026-07-08T16:02:08.806Z,false,2026-07-08T16:02:08.806Z,""0"",xsd:unsignedLong,2026-07-08T16:02:08.808Z,,,,"
"InternetGatewayDevice.LANDevice.1.WLANConfiguration.1.APWMMParameter.1.Stats.BytesSent,false,2026-07-08T16:02:08.806Z,false,2026-07-08T16:02:08.806Z,""0"",xsd:unsignedLong,2026-07-08T16:02:08.808Z,,,,"
"InternetGatewayDevice.LANDevice.1.WLANConfiguration.1.APWMMParameter.1.Stats.PacketsReceived,false,2026-07-08T16:02:08.806Z,false,2026-07-08T16:02:08.806Z,""58194"",xsd:unsignedLong,2026-07-08T16:02:08.808Z,,,,"
"InternetGatewayDevice.LANDevice.1.WLANConfiguration.1.APWMMParameter.1.Stats.PacketsSent,false,2026-07-08T16:02:08.806Z,false,2026-07-08T16:02:08.806Z,""191238"",xsd:unsignedLong,2026-07-08T16:02:08.808Z,,,,"
"InternetGatewayDevice.LANDevice.1.WLANConfiguration.1.APWMMParameter.1.TXOP,false,2026-07-08T16:02:08.806Z,true,2026-07-08T16:02:08.806Z,""0"",xsd:unsignedInt,2026-07-08T16:02:08.808Z,,,,"
"InternetGatewayDevice.LANDevice.1.WLANConfiguration.1.APWMMParameter.2,true,2026-07-08T16:02:08.806Z,true,2026-07-08T16:02:08.806Z,"""",,,,,,"
"InternetGatewayDevice.LANDevice.1.WLANConfiguration.1.APWMMParameter.2.AIFSN,false,2026-07-08T16:02:08.806Z,true,2026-07-08T16:02:08.806Z,""7"",xsd:unsignedInt,2026-07-08T16:02:08.808Z,,,,"
"InternetGatewayDevice.LANDevice.1.WLANConfiguration.1.APWMMParameter.2.AccessCategory,false,2026-07-08T16:02:08.806Z,true,2026-07-08T16:02:08.806Z,""BK"",xsd:string,2026-07-08T16:02:08.808Z,,,,"
"InternetGatewayDevice.LANDevice.1.WLANConfiguration.1.APWMMParameter.2.AckPolicy,false,2026-07-08T16:02:08.806Z,true,2026-07-08T16:02:08.806Z,""false"",xsd:boolean,2026-07-08T16:02:08.808Z,,,,"
"InternetGatewayDevice.LANDevice.1.WLANConfiguration.1.APWMMParameter.2.Alias,false,2026-07-08T16:02:08.806Z,true,2026-07-08T16:02:08.806Z,""cpe-2"",xsd:string,2026-07-08T16:02:08.808Z,,,,"
"InternetGatewayDevice.LANDevice.1.WLANConfiguration.1.APWMMParameter.2.ECWMax,false,2026-07-08T16:02:08.806Z,true,2026-07-08T16:02:08.806Z,""10"",xsd:unsignedInt,2026-07-08T16:02:08.808Z,,,,"
"InternetGatewayDevice.LANDevice.1.WLANConfiguration.1.APWMMParameter.2.ECWMin,false,2026-07-08T16:02:08.806Z,true,2026-07-08T16:02:08.806Z,""4"",xsd:unsignedInt,2026-07-08T16:02:08.808Z,,,,"
"InternetGatewayDevice.LANDevice.1.WLANConfiguration.1.APWMMParameter.2.Stats,true,2026-07-08T16:02:08.806Z,false,2026-07-08T16:02:08.806Z,"""",,,,,,"
"InternetGatewayDevice.LANDevice.1.WLANConfiguration.1.APWMMParameter.2.Stats.BytesReceived,false,2026-07-08T16:02:08.806Z,false,2026-07-08T16:02:08.806Z,""0"",xsd:unsignedLong,2026-07-08T16:02:08.808Z,,,,"
"InternetGatewayDevice.LANDevice.1.WLANConfiguration.1.APWMMParameter.2.Stats.BytesSent,false,2026-07-08T16:02:08.806Z,false,2026-07-08T16:02:08.806Z,""0"",xsd:unsignedLong,2026-07-08T16:02:08.808Z,,,,"
"InternetGatewayDevice.LANDevice.1.WLANConfiguration.1.APWMMParameter.2.Stats.PacketsReceived,false,2026-07-08T16:02:08.806Z,false,2026-07-08T16:02:08.806Z,""4655"",xsd:unsignedLong,2026-07-08T16:02:08.808Z,,,,"
"InternetGatewayDevice.LANDevice.1.WLANConfiguration.1.APWMMParameter.2.Stats.PacketsSent,false,2026-07-08T16:02:08.806Z,false,2026-07-08T16:02:08.806Z,""56"",xsd:unsignedLong,2026-07-08T16:02:08.808Z,,,,"
"InternetGatewayDevice.LANDevice.1.WLANConfiguration.1.APWMMParameter.2.TXOP,false,2026-07-08T16:02:08.806Z,true,2026-07-08T16:02:08.806Z,""0"",xsd:unsignedInt,2026-07-08T16:02:08.808Z,,,,"
"InternetGatewayDevice.LANDevice.1.WLANConfiguration.1.APWMMParameter.3,true,2026-07-08T16:02:08.806Z,true,2026-07-08T16:02:08.806Z,"""",,,,,,"
"InternetGatewayDevice.LANDevice.1.WLANConfiguration.1.APWMMParameter.3.AIFSN,false,2026-07-08T16:02:08.806Z,true,2026-07-08T16:02:08.806Z,""1"",xsd:unsignedInt,2026-07-08T16:02:08.808Z,,,,"
"InternetGatewayDevice.LANDevice.1.WLANConfiguration.1.APWMMParameter.3.AccessCategory,false,2026-07-08T16:02:08.806Z,true,2026-07-08T16:02:08.806Z,""VI"",xsd:string,2026-07-08T16:02:08.808Z,,,,"
"InternetGatewayDevice.LANDevice.1.WLANConfiguration.1.APWMMParameter.3.AckPolicy,false,2026-07-08T16:02:08.806Z,true,2026-07-08T16:02:08.806Z,""false"",xsd:boolean,2026-07-08T16:02:08.808Z,,,,"
"InternetGatewayDevice.LANDevice.1.WLANConfiguration.1.APWMMParameter.3.Alias,false,2026-07-08T16:02:08.806Z,true,2026-07-08T16:02:08.806Z,""cpe-3"",xsd:string,2026-07-08T16:02:08.808Z,,,,"
"InternetGatewayDevice.LANDevice.1.WLANConfiguration.1.APWMMParameter.3.ECWMax,false,2026-07-08T16:02:08.806Z,true,2026-07-08T16:02:08.806Z,""4"",xsd:unsignedInt,2026-07-08T16:02:08.808Z,,,,"
"InternetGatewayDevice.LANDevice.1.WLANConfiguration.1.APWMMParameter.3.ECWMin,false,2026-07-08T16:02:08.806Z,true,2026-07-08T16:02:08.806Z,""3"",xsd:unsignedInt,2026-07-08T16:02:08.808Z,,,,"
"InternetGatewayDevice.LANDevice.1.WLANConfiguration.1.APWMMParameter.3.Stats,true,2026-07-08T16:02:08.806Z,false,2026-07-08T16:02:08.806Z,"""",,,,,,"
"InternetGatewayDevice.LANDevice.1.WLANConfiguration.1.APWMMParameter.3.Stats.BytesReceived,false,2026-07-08T16:02:08.806Z,false,2026-07-08T16:02:08.806Z,""0"",xsd:unsignedLong,2026-07-08T16:02:08.808Z,,,,"
"InternetGatewayDevice.LANDevice.1.WLANConfiguration.1.APWMMParameter.3.Stats.BytesSent,false,2026-07-08T16:02:08.806Z,false,2026-07-08T16:02:08.806Z,""0"",xsd:unsignedLong,2026-07-08T16:02:08.808Z,,,,"
"InternetGatewayDevice.LANDevice.1.WLANConfiguration.1.APWMMParameter.3.Stats.PacketsReceived,false,2026-07-08T16:02:08.806Z,false,2026-07-08T16:02:08.806Z,""12"",xsd:unsignedLong,2026-07-08T16:02:08.808Z,,,,"
"InternetGatewayDevice.LANDevice.1.WLANConfiguration.1.APWMMParameter.3.Stats.PacketsSent,false,2026-07-08T16:02:08.806Z,false,2026-07-08T16:02:08.806Z,""0"",xsd:unsignedLong,2026-07-08T16:02:08.808Z,,,,"
"InternetGatewayDevice.LANDevice.1.WLANConfiguration.1.APWMMParameter.3.TXOP,false,2026-07-08T16:02:08.806Z,true,2026-07-08T16:02:08.806Z,""94"",xsd:unsignedInt,2026-07-08T16:02:08.808Z,,,,"
"InternetGatewayDevice.LANDevice.1.WLANConfiguration.1.APWMMParameter.4,true,2026-07-08T16:02:08.806Z,true,2026-07-08T16:02:08.806Z,"""",,,,,,"
"InternetGatewayDevice.LANDevice.1.WLANConfiguration.1.APWMMParameter.4.AIFSN,false,2026-07-08T16:02:08.806Z,true,2026-07-08T16:02:08.806Z,""1"",xsd:unsignedInt,2026-07-08T16:02:08.808Z,,,,"
"InternetGatewayDevice.LANDevice.1.WLANConfiguration.1.APWMMParameter.4.AccessCategory,false,2026-07-08T16:02:08.806Z,true,2026-07-08T16:02:08.806Z,""VO"",xsd:string,2026-07-08T16:02:08.808Z,,,,"
"InternetGatewayDevice.LANDevice.1.WLANConfiguration.1.APWMMParameter.4.AckPolicy,false,2026-07-08T16:02:08.806Z,true,2026-07-08T16:02:08.806Z,""false"",xsd:boolean,2026-07-08T16:02:08.808Z,,,,"
"InternetGatewayDevice.LANDevice.1.WLANConfiguration.1.APWMMParameter.4.Alias,false,2026-07-08T16:02:08.806Z,true,2026-07-08T16:02:08.806Z,""cpe-4"",xsd:string,2026-07-08T16:02:08.808Z,,,,"
"InternetGatewayDevice.LANDevice.1.WLANConfiguration.1.APWMMParameter.4.ECWMax,false,2026-07-08T16:02:08.806Z,true,2026-07-08T16:02:08.806Z,""3"",xsd:unsignedInt,2026-07-08T16:02:08.808Z,,,,"
"InternetGatewayDevice.LANDevice.1.WLANConfiguration.1.APWMMParameter.4.ECWMin,false,2026-07-08T16:02:08.806Z,true,2026-07-08T16:02:08.806Z,""2"",xsd:unsignedInt,2026-07-08T16:02:08.808Z,,,,"
"InternetGatewayDevice.LANDevice.1.WLANConfiguration.1.APWMMParameter.4.Stats,true,2026-07-08T16:02:08.806Z,false,2026-07-08T16:02:08.806Z,"""",,,,,,"
"InternetGatewayDevice.LANDevice.1.WLANConfiguration.1.APWMMParameter.4.Stats.BytesReceived,false,2026-07-08T16:02:08.806Z,false,2026-07-08T16:02:08.806Z,""0"",xsd:unsignedLong,2026-07-08T16:02:08.808Z,,,,"
"InternetGatewayDevice.LANDevice.1.WLANConfiguration.1.APWMMParameter.4.Stats.BytesSent,false,2026-07-08T16:02:08.806Z,false,2026-07-08T16:02:08.806Z,""0"",xsd:unsignedLong,2026-07-08T16:02:08.808Z,,,,"
"InternetGatewayDevice.LANDevice.1.WLANConfiguration.1.APWMMParameter.4.Stats.PacketsReceived,false,2026-07-08T16:02:08.806Z,false,2026-07-08T16:02:08.806Z,""167"",xsd:unsignedLong,2026-07-08T16:02:08.808Z,,,,"
"InternetGatewayDevice.LANDevice.1.WLANConfiguration.1.APWMMParameter.4.Stats.PacketsSent,false,2026-07-08T16:02:08.806Z,false,2026-07-08T16:02:08.806Z,""151"",xsd:unsignedLong,2026-07-08T16:02:08.808Z,,,,"
"InternetGatewayDevice.LANDevice.1.WLANConfiguration.1.APWMMParameter.4.TXOP,false,2026-07-08T16:02:08.806Z,true,2026-07-08T16:02:08.806Z,""47"",xsd:unsignedInt,2026-07-08T16:02:08.808Z,,,,"
"InternetGatewayDevice.LANDevice.1.WLANConfiguration.1.AssociatedDevice,true,2026-07-08T16:02:08.806Z,true,2026-07-08T16:02:08.806Z,"""",,,,,,"
"InternetGatewayDevice.LANDevice.1.WLANConfiguration.1.AssociatedDevice.1,true,2026-07-08T16:02:08.806Z,true,2026-07-08T16:02:08.806Z,"""",,,,,,"
"InternetGatewayDevice.LANDevice.1.WLANConfiguration.1.AssociatedDevice.1.AssociatedDeviceAuthenticationState,false,2026-07-08T16:02:08.806Z,false,2026-07-08T16:02:08.806Z,"""",,,,,,"
"InternetGatewayDevice.LANDevice.1.WLANConfiguration.1.AssociatedDevice.1.AssociatedDeviceIPAddress,false,2026-07-08T16:02:08.806Z,false,2026-07-08T16:02:08.806Z,"""",,,,,,"
"InternetGatewayDevice.LANDevice.1.WLANConfiguration.1.AssociatedDevice.1.AssociatedDeviceMACAddress,false,2026-07-08T16:02:08.806Z,false,2026-07-08T16:02:08.806Z,"""",,,,,,"
"InternetGatewayDevice.LANDevice.1.WLANConfiguration.1.AssociatedDevice.1.LastDataTransmitRate,false,2026-07-08T16:02:08.806Z,false,2026-07-08T16:02:08.806Z,"""",,,,,,"
"InternetGatewayDevice.LANDevice.1.WLANConfiguration.1.AssociatedDevice.1.LastPMKId,false,2026-07-08T16:02:08.806Z,false,2026-07-08T16:02:08.806Z,"""",,,,,,"
"InternetGatewayDevice.LANDevice.1.WLANConfiguration.1.AssociatedDevice.1.LastRequestedMulticastCipher,false,2026-07-08T16:02:08.806Z,false,2026-07-08T16:02:08.806Z,"""",,,,,,"
"InternetGatewayDevice.LANDevice.1.WLANConfiguration.1.AssociatedDevice.1.LastRequestedUnicastCipher,false,2026-07-08T16:02:08.806Z,false,2026-07-08T16:02:08.806Z,"""",,,,,,"
"InternetGatewayDevice.LANDevice.1.WLANConfiguration.1.AssociatedDevice.1.X_HW_11kSupported,false,2026-07-08T16:02:08.806Z,false,2026-07-08T16:02:08.806Z,"""",,,,,,"
"InternetGatewayDevice.LANDevice.1.WLANConfiguration.1.AssociatedDevice.1.X_HW_11vSupported,false,2026-07-08T16:02:08.806Z,false,2026-07-08T16:02:08.806Z,"""",,,,,,"
"InternetGatewayDevice.LANDevice.1.WLANConfiguration.1.AssociatedDevice.1.X_HW_AntennaNum,false,2026-07-08T16:02:08.806Z,false,2026-07-08T16:02:08.806Z,"""",,,,,,"
"InternetGatewayDevice.LANDevice.1.WLANConfiguration.1.AssociatedDevice.1.X_HW_AssociatedDeviceType,false,2026-07-08T16:02:08.806Z,false,2026-07-08T16:02:08.806Z,"""",,,,,,"
"InternetGatewayDevice.LANDevice.1.WLANConfiguration.1.AssociatedDevice.1.X_HW_AssociatedDevicedescriptions,false,2026-07-08T16:02:08.806Z,false,2026-07-08T16:02:08.806Z,"""",,,,,,"
"InternetGatewayDevice.LANDevice.1.WLANConfiguration.1.AssociatedDevice.1.X_HW_BeamFormingSupported,false,2026-07-08T16:02:08.806Z,false,2026-07-08T16:02:08.806Z,"""",,,,,,"
"InternetGatewayDevice.LANDevice.1.WLANConfiguration.1.AssociatedDevice.1.X_HW_DualBandSupported,false,2026-07-08T16:02:08.806Z,false,2026-07-08T16:02:08.806Z,"""",,,,,,"
"InternetGatewayDevice.LANDevice.1.WLANConfiguration.1.AssociatedDevice.1.X_HW_FrequencyWidth,false,2026-07-08T16:02:08.806Z,false,2026-07-08T16:02:08.806Z,"""",,,,,,"
"InternetGatewayDevice.LANDevice.1.WLANConfiguration.1.AssociatedDevice.1.X_HW_Noise,false,2026-07-08T16:02:08.806Z,false,2026-07-08T16:02:08.806Z,"""",,,,,,"
"InternetGatewayDevice.LANDevice.1.WLANConfiguration.1.AssociatedDevice.1.X_HW_PSMode,false,2026-07-08T16:02:08.806Z,false,2026-07-08T16:02:08.806Z,"""",,,,,,"
"InternetGatewayDevice.LANDevice.1.WLANConfiguration.1.AssociatedDevice.1.X_HW_RSSI,false,2026-07-08T16:02:08.806Z,false,2026-07-08T16:02:08.806Z,"""",,,,,,"
"InternetGatewayDevice.LANDevice.1.WLANConfiguration.1.AssociatedDevice.1.X_HW_RxRate,false,2026-07-08T16:02:08.806Z,false,2026-07-08T16:02:08.806Z,"""",,,,,,"
"InternetGatewayDevice.LANDevice.1.WLANConfiguration.1.AssociatedDevice.1.X_HW_SNR,false,2026-07-08T16:02:08.806Z,false,2026-07-08T16:02:08.806Z,"""",,,,,,"
"InternetGatewayDevice.LANDevice.1.WLANConfiguration.1.AssociatedDevice.1.X_HW_SingalQuality,false,2026-07-08T16:02:08.806Z,false,2026-07-08T16:02:08.806Z,"""",,,,,,"
"InternetGatewayDevice.LANDevice.1.WLANConfiguration.1.AssociatedDevice.1.X_HW_TxRate,false,2026-07-08T16:02:08.806Z,false,2026-07-08T16:02:08.806Z,"""",,,,,,"
"InternetGatewayDevice.LANDevice.1.WLANConfiguration.1.AssociatedDevice.1.X_HW_Uptime,false,2026-07-08T16:02:08.806Z,false,2026-07-08T16:02:08.806Z,"""",,,,,,"
"InternetGatewayDevice.LANDevice.1.WLANConfiguration.1.AssociatedDevice.1.X_HW_WMMStatus,false,2026-07-08T16:02:08.806Z,false,2026-07-08T16:02:08.806Z,"""",,,,,,"
"InternetGatewayDevice.LANDevice.1.WLANConfiguration.1.AssociatedDevice.1.X_HW_WorkingMode,false,2026-07-08T16:02:08.806Z,false,2026-07-08T16:02:08.806Z,"""",,,,,,"
"InternetGatewayDevice.LANDevice.1.WLANConfiguration.1.AssociatedDevice.2,true,2026-07-08T16:02:08.806Z,true,2026-07-08T16:02:08.806Z,"""",,,,,,"
"InternetGatewayDevice.LANDevice.1.WLANConfiguration.1.AssociatedDevice.2.AssociatedDeviceAuthenticationState,false,2026-07-08T16:02:08.806Z,false,2026-07-08T16:02:08.806Z,"""",,,,,,"
"InternetGatewayDevice.LANDevice.1.WLANConfiguration.1.AssociatedDevice.2.AssociatedDeviceIPAddress,false,2026-07-08T16:02:08.806Z,false,2026-07-08T16:02:08.806Z,"""",,,,,,"
"InternetGatewayDevice.LANDevice.1.WLANConfiguration.1.AssociatedDevice.2.AssociatedDeviceMACAddress,false,2026-07-08T16:02:08.806Z,false,2026-07-08T16:02:08.806Z,"""",,,,,,"
"InternetGatewayDevice.LANDevice.1.WLANConfiguration.1.AssociatedDevice.2.LastDataTransmitRate,false,2026-07-08T16:02:08.806Z,false,2026-07-08T16:02:08.806Z,"""",,,,,,"
"InternetGatewayDevice.LANDevice.1.WLANConfiguration.1.AssociatedDevice.2.LastPMKId,false,2026-07-08T16:02:08.806Z,false,2026-07-08T16:02:08.806Z,"""",,,,,,"
"InternetGatewayDevice.LANDevice.1.WLANConfiguration.1.AssociatedDevice.2.LastRequestedMulticastCipher,false,2026-07-08T16:02:08.806Z,false,2026-07-08T16:02:08.806Z,"""",,,,,,"
"InternetGatewayDevice.LANDevice.1.WLANConfiguration.1.AssociatedDevice.2.LastRequestedUnicastCipher,false,2026-07-08T16:02:08.806Z,false,2026-07-08T16:02:08.806Z,"""",,,,,,"
"InternetGatewayDevice.LANDevice.1.WLANConfiguration.1.AssociatedDevice.2.X_HW_11kSupported,false,2026-07-08T16:02:08.806Z,false,2026-07-08T16:02:08.806Z,"""",,,,,,"
"InternetGatewayDevice.LANDevice.1.WLANConfiguration.1.AssociatedDevice.2.X_HW_11vSupported,false,2026-07-08T16:02:08.806Z,false,2026-07-08T16:02:08.806Z,"""",,,,,,"
"InternetGatewayDevice.LANDevice.1.WLANConfiguration.1.AssociatedDevice.2.X_HW_AntennaNum,false,2026-07-08T16:02:08.806Z,false,2026-07-08T16:02:08.806Z,"""",,,,,,"
"InternetGatewayDevice.LANDevice.1.WLANConfiguration.1.AssociatedDevice.2.X_HW_AssociatedDeviceType,false,2026-07-08T16:02:08.806Z,false,2026-07-08T16:02:08.806Z,"""",,,,,,"
"InternetGatewayDevice.LANDevice.1.WLANConfiguration.1.AssociatedDevice.2.X_HW_AssociatedDevicedescriptions,false,2026-07-08T16:02:08.806Z,false,2026-07-08T16:02:08.806Z,"""",,,,,,"
"InternetGatewayDevice.LANDevice.1.WLANConfiguration.1.AssociatedDevice.2.X_HW_BeamFormingSupported,false,2026-07-08T16:02:08.806Z,false,2026-07-08T16:02:08.806Z,"""",,,,,,"
"InternetGatewayDevice.LANDevice.1.WLANConfiguration.1.AssociatedDevice.2.X_HW_DualBandSupported,false,2026-07-08T16:02:08.806Z,false,2026-07-08T16:02:08.806Z,"""",,,,,,"
"InternetGatewayDevice.LANDevice.1.WLANConfiguration.1.AssociatedDevice.2.X_HW_FrequencyWidth,false,2026-07-08T16:02:08.806Z,false,2026-07-08T16:02:08.806Z,"""",,,,,,"
"InternetGatewayDevice.LANDevice.1.WLANConfiguration.1.AssociatedDevice.2.X_HW_Noise,false,2026-07-08T16:02:08.806Z,false,2026-07-08T16:02:08.806Z,"""",,,,,,"
"InternetGatewayDevice.LANDevice.1.WLANConfiguration.1.AssociatedDevice.2.X_HW_PSMode,false,2026-07-08T16:02:08.806Z,false,2026-07-08T16:02:08.806Z,"""",,,,,,"
"InternetGatewayDevice.LANDevice.1.WLANConfiguration.1.AssociatedDevice.2.X_HW_RSSI,false,2026-07-08T16:02:08.806Z,false,2026-07-08T16:02:08.806Z,"""",,,,,,"
"InternetGatewayDevice.LANDevice.1.WLANConfiguration.1.AssociatedDevice.2.X_HW_RxRate,false,2026-07-08T16:02:08.806Z,false,2026-07-08T16:02:08.806Z,"""",,,,,,"
"InternetGatewayDevice.LANDevice.1.WLANConfiguration.1.AssociatedDevice.2.X_HW_SNR,false,2026-07-08T16:02:08.806Z,false,2026-07-08T16:02:08.806Z,"""",,,,,,"
"InternetGatewayDevice.LANDevice.1.WLANConfiguration.1.AssociatedDevice.2.X_HW_SingalQuality,false,2026-07-08T16:02:08.806Z,false,2026-07-08T16:02:08.806Z,"""",,,,,,"
"InternetGatewayDevice.LANDevice.1.WLANConfiguration.1.AssociatedDevice.2.X_HW_TxRate,false,2026-07-08T16:02:08.806Z,false,2026-07-08T16:02:08.806Z,"""",,,,,,"
"InternetGatewayDevice.LANDevice.1.WLANConfiguration.1.AssociatedDevice.2.X_HW_Uptime,false,2026-07-08T16:02:08.806Z,false,2026-07-08T16:02:08.806Z,"""",,,,,,"
"InternetGatewayDevice.LANDevice.1.WLANConfiguration.1.AssociatedDevice.2.X_HW_WMMStatus,false,2026-07-08T16:02:08.806Z,false,2026-07-08T16:02:08.806Z,"""",,,,,,"
"InternetGatewayDevice.LANDevice.1.WLANConfiguration.1.AssociatedDevice.2.X_HW_WorkingMode,false,2026-07-08T16:02:08.806Z,false,2026-07-08T16:02:08.806Z,"""",,,,,,"
"InternetGatewayDevice.LANDevice.1.WLANConfiguration.1.AuthenticationServiceMode,false,2026-07-08T16:02:08.806Z,true,2026-07-08T16:02:08.806Z,""None"",xsd:string,2026-07-08T16:02:08.808Z,,,,"
"InternetGatewayDevice.LANDevice.1.WLANConfiguration.1.AutoChannelEnable,false,2026-07-08T16:02:08.806Z,true,2026-07-08T16:02:08.806Z,""true"",xsd:boolean,2026-07-08T16:02:08.808Z,,,,"
"InternetGatewayDevice.LANDevice.1.WLANConfiguration.1.AutoRateFallBackEnabled,false,2026-07-08T16:02:08.806Z,true,2026-07-08T16:02:08.806Z,""true"",xsd:boolean,2026-07-08T16:02:08.808Z,,,,"
"InternetGatewayDevice.LANDevice.1.WLANConfiguration.1.BSSID,false,2026-07-08T16:02:08.806Z,false,2026-07-08T16:02:08.806Z,""DE:21:A3:F3:F3:62"",xsd:string,2026-07-08T16:02:08.808Z,,,,"
"InternetGatewayDevice.LANDevice.1.WLANConfiguration.1.BasicAuthenticationMode,false,2026-07-08T16:02:08.806Z,true,2026-07-08T16:02:08.806Z,""None"",xsd:string,2026-07-08T16:02:08.808Z,,,,"
"InternetGatewayDevice.LANDevice.1.WLANConfiguration.1.BasicDataTransmitRates,false,2026-07-08T16:02:08.806Z,true,2026-07-08T16:02:08.806Z,""1,2,5.5,6,11,12,18,24,36,48,54"",xsd:string,2026-07-08T16:02:08.808Z,,,,"
"InternetGatewayDevice.LANDevice.1.WLANConfiguration.1.BasicEncryptionModes,false,2026-07-08T16:02:08.806Z,true,2026-07-08T16:02:08.806Z,""None"",xsd:string,2026-07-08T16:02:08.808Z,,,,"
"InternetGatewayDevice.LANDevice.1.WLANConfiguration.1.BeaconAdvertisementEnabled,false,2026-07-08T16:02:08.806Z,true,2026-07-08T16:02:08.806Z,""false"",xsd:boolean,2026-07-08T16:02:08.808Z,,,,"
"InternetGatewayDevice.LANDevice.1.WLANConfiguration.1.BeaconType,false,2026-07-08T16:02:08.806Z,true,2026-07-08T16:02:08.806Z,""11i"",xsd:string,2026-07-08T16:02:08.808Z,,,,"
"InternetGatewayDevice.LANDevice.1.WLANConfiguration.1.Channel,false,2026-07-08T16:02:08.806Z,true,2026-07-08T16:02:08.806Z,""2"",xsd:unsignedInt,2026-07-08T16:02:08.808Z,,,,"
"InternetGatewayDevice.LANDevice.1.WLANConfiguration.1.ChannelPlus,false,2026-07-08T16:02:08.806Z,true,2026-07-08T16:02:08.806Z,""0"",xsd:unsignedInt,2026-07-08T16:02:08.808Z,,,,"
"InternetGatewayDevice.LANDevice.1.WLANConfiguration.1.ChannelsInUse,false,2026-07-08T16:02:08.806Z,false,2026-07-08T16:02:08.806Z,""2"",xsd:string,2026-07-08T16:02:08.808Z,,,,"
"InternetGatewayDevice.LANDevice.1.WLANConfiguration.1.DeviceOperationMode,false,2026-07-08T16:02:08.806Z,true,2026-07-08T16:02:08.806Z,""InfrastructureAccessPoint"",xsd:string,2026-07-08T16:02:08.808Z,,,,"
"InternetGatewayDevice.LANDevice.1.WLANConfiguration.1.DistanceFromRoot,false,2026-07-08T16:02:08.806Z,true,2026-07-08T16:02:08.806Z,""0"",xsd:unsignedInt,2026-07-08T16:02:08.808Z,,,,"
"InternetGatewayDevice.LANDevice.1.WLANConfiguration.1.Enable,false,2026-07-08T16:02:08.806Z,true,2026-07-08T16:02:08.806Z,""true"",xsd:boolean,2026-07-08T16:02:08.808Z,,,,"
"InternetGatewayDevice.LANDevice.1.WLANConfiguration.1.IEEE11iAuthenticationMode,false,2026-07-08T16:02:08.806Z,true,2026-07-08T16:02:08.806Z,""PSKAuthentication"",xsd:string,2026-07-08T16:02:08.808Z,,,,"
"InternetGatewayDevice.LANDevice.1.WLANConfiguration.1.IEEE11iEncryptionModes,false,2026-07-08T16:02:08.806Z,true,2026-07-08T16:02:08.806Z,""AESEncryption"",xsd:string,2026-07-08T16:02:08.808Z,,,,"
"InternetGatewayDevice.LANDevice.1.WLANConfiguration.1.InsecureOOBAccessEnabled,false,2026-07-08T16:02:08.806Z,true,2026-07-08T16:02:08.806Z,""false"",xsd:boolean,2026-07-08T16:02:08.808Z,,,,"
"InternetGatewayDevice.LANDevice.1.WLANConfiguration.1.KeyPassphrase,false,2026-07-08T16:02:08.806Z,true,2026-07-08T16:02:08.806Z,"""",xsd:string,2026-07-08T16:02:08.808Z,,,,"
"InternetGatewayDevice.LANDevice.1.WLANConfiguration.1.LocationDescription,false,2026-07-08T16:02:08.806Z,true,2026-07-08T16:02:08.806Z,"""",xsd:string,2026-07-08T16:02:08.808Z,,,,"
"InternetGatewayDevice.LANDevice.1.WLANConfiguration.1.LowerLayers,false,2026-07-08T16:02:08.806Z,true,2026-07-08T16:02:08.806Z,""InternetGatewayDevice.LANDevice.1.WiFi.Radio.1"",xsd:string,2026-07-08T16:02:08.808Z,,,,"
"InternetGatewayDevice.LANDevice.1.WLANConfiguration.1.MACAddressControlEnabled,false,2026-07-08T16:02:08.806Z,true,2026-07-08T16:02:08.806Z,""false"",xsd:boolean,2026-07-08T16:02:08.808Z,,,,"
"InternetGatewayDevice.LANDevice.1.WLANConfiguration.1.MaxBitRate,false,2026-07-08T16:02:08.806Z,true,2026-07-08T16:02:08.806Z,""auto"",xsd:string,2026-07-08T16:02:08.808Z,,,,"
"InternetGatewayDevice.LANDevice.1.WLANConfiguration.1.Name,false,2026-07-08T16:02:08.806Z,false,2026-07-08T16:02:08.806Z,""ath0"",xsd:string,2026-07-08T16:02:08.808Z,,,,"
"InternetGatewayDevice.LANDevice.1.WLANConfiguration.1.OperationalDataTransmitRates,false,2026-07-08T16:02:08.806Z,true,2026-07-08T16:02:08.806Z,""1,2,5.5,11,6,9"",xsd:string,2026-07-08T16:02:08.808Z,,,,"
"InternetGatewayDevice.LANDevice.1.WLANConfiguration.1.PeerBSSID,false,2026-07-08T16:02:08.806Z,true,2026-07-08T16:02:08.806Z,"""",xsd:string,2026-07-08T16:02:08.808Z,,,,"
"InternetGatewayDevice.LANDevice.1.WLANConfiguration.1.PossibleChannels,false,2026-07-08T16:02:08.806Z,false,2026-07-08T16:02:08.806Z,""1,2,3,4,5,6,7,8,9,10,11"",xsd:string,2026-07-08T16:02:08.808Z,,,,"
"InternetGatewayDevice.LANDevice.1.WLANConfiguration.1.PossibleDataTransmitRates,false,2026-07-08T16:02:08.806Z,false,2026-07-08T16:02:08.806Z,""1,2,5.5,11,6,9"",xsd:string,2026-07-08T16:02:08.808Z,,,,"
"InternetGatewayDevice.LANDevice.1.WLANConfiguration.1.PreSharedKey,true,2026-07-08T16:02:08.806Z,true,2026-07-08T16:02:08.806Z,"""",,,,,,"
"InternetGatewayDevice.LANDevice.1.WLANConfiguration.1.PreSharedKey.1,true,2026-07-08T16:02:08.806Z,true,2026-07-08T16:02:08.806Z,"""",,,,,,"
"InternetGatewayDevice.LANDevice.1.WLANConfiguration.1.PreSharedKey.1.AssociatedDeviceMACAddress,false,2026-07-08T16:02:08.806Z,true,2026-07-08T16:02:08.806Z,"""",xsd:string,2026-07-08T16:02:08.808Z,,,,"
"InternetGatewayDevice.LANDevice.1.WLANConfiguration.1.PreSharedKey.1.KeyPassphrase,false,2026-07-08T16:02:08.806Z,true,2026-07-08T16:02:08.806Z,"""",xsd:string,2026-07-08T16:02:08.808Z,,,,"
"InternetGatewayDevice.LANDevice.1.WLANConfiguration.1.PreSharedKey.1.PreSharedKey,false,2026-07-08T16:02:08.806Z,true,2026-07-08T16:02:08.806Z,"""",xsd:string,2026-07-08T16:02:08.808Z,,,,"
"InternetGatewayDevice.LANDevice.1.WLANConfiguration.1.RadioEnabled,false,2026-07-08T16:02:08.806Z,true,2026-07-08T16:02:08.806Z,""true"",xsd:boolean,2026-07-08T16:02:08.808Z,,,,"
"InternetGatewayDevice.LANDevice.1.WLANConfiguration.1.RegulatoryDomain,false,2026-07-08T16:02:08.806Z,true,2026-07-08T16:02:08.806Z,""US"",xsd:string,2026-07-08T16:02:08.808Z,,,,"
"InternetGatewayDevice.LANDevice.1.WLANConfiguration.1.SSID,false,2026-07-08T16:02:08.806Z,true,2026-07-08T16:02:08.806Z,""Gases Arrecifes-2.4G"",xsd:string,2026-07-08T16:02:08.808Z,,,,"
"InternetGatewayDevice.LANDevice.1.WLANConfiguration.1.SSIDAdvertisementEnabled,false,2026-07-08T16:02:08.806Z,true,2026-07-08T16:02:08.806Z,""true"",xsd:boolean,2026-07-08T16:02:08.808Z,,,,"
"InternetGatewayDevice.LANDevice.1.WLANConfiguration.1.STAWMMParameter,true,2026-07-08T16:02:08.806Z,true,2026-07-08T16:02:08.806Z,"""",,,,,,"
"InternetGatewayDevice.LANDevice.1.WLANConfiguration.1.STAWMMParameter.1,true,2026-07-08T16:02:08.806Z,true,2026-07-08T16:02:08.806Z,"""",,,,,,"
"InternetGatewayDevice.LANDevice.1.WLANConfiguration.1.STAWMMParameter.1.AIFSN,false,2026-07-08T16:02:08.806Z,true,2026-07-08T16:02:08.806Z,""3"",xsd:unsignedInt,2026-07-08T16:02:08.808Z,,,,"
"InternetGatewayDevice.LANDevice.1.WLANConfiguration.1.STAWMMParameter.1.AckPolicy,false,2026-07-08T16:02:08.806Z,true,2026-07-08T16:02:08.806Z,""false"",xsd:boolean,2026-07-08T16:02:08.808Z,,,,"
"InternetGatewayDevice.LANDevice.1.WLANConfiguration.1.STAWMMParameter.1.ECWMax,false,2026-07-08T16:02:08.806Z,true,2026-07-08T16:02:08.806Z,""10"",xsd:unsignedInt,2026-07-08T16:02:08.808Z,,,,"
"InternetGatewayDevice.LANDevice.1.WLANConfiguration.1.STAWMMParameter.1.ECWMin,false,2026-07-08T16:02:08.806Z,true,2026-07-08T16:02:08.806Z,""4"",xsd:unsignedInt,2026-07-08T16:02:08.808Z,,,,"
"InternetGatewayDevice.LANDevice.1.WLANConfiguration.1.STAWMMParameter.1.TXOP,false,2026-07-08T16:02:08.806Z,true,2026-07-08T16:02:08.806Z,""0"",xsd:unsignedInt,2026-07-08T16:02:08.808Z,,,,"
"InternetGatewayDevice.LANDevice.1.WLANConfiguration.1.STAWMMParameter.2,true,2026-07-08T16:02:08.806Z,true,2026-07-08T16:02:08.806Z,"""",,,,,,"
"InternetGatewayDevice.LANDevice.1.WLANConfiguration.1.STAWMMParameter.2.AIFSN,false,2026-07-08T16:02:08.806Z,true,2026-07-08T16:02:08.806Z,""7"",xsd:unsignedInt,2026-07-08T16:02:08.808Z,,,,"
"InternetGatewayDevice.LANDevice.1.WLANConfiguration.1.STAWMMParameter.2.AckPolicy,false,2026-07-08T16:02:08.806Z,true,2026-07-08T16:02:08.806Z,""false"",xsd:boolean,2026-07-08T16:02:08.808Z,,,,"
"InternetGatewayDevice.LANDevice.1.WLANConfiguration.1.STAWMMParameter.2.ECWMax,false,2026-07-08T16:02:08.806Z,true,2026-07-08T16:02:08.806Z,""10"",xsd:unsignedInt,2026-07-08T16:02:08.808Z,,,,"
"InternetGatewayDevice.LANDevice.1.WLANConfiguration.1.STAWMMParameter.2.ECWMin,false,2026-07-08T16:02:08.806Z,true,2026-07-08T16:02:08.806Z,""4"",xsd:unsignedInt,2026-07-08T16:02:08.808Z,,,,"
"InternetGatewayDevice.LANDevice.1.WLANConfiguration.1.STAWMMParameter.2.TXOP,false,2026-07-08T16:02:08.806Z,true,2026-07-08T16:02:08.806Z,""0"",xsd:unsignedInt,2026-07-08T16:02:08.808Z,,,,"
"InternetGatewayDevice.LANDevice.1.WLANConfiguration.1.STAWMMParameter.3,true,2026-07-08T16:02:08.806Z,true,2026-07-08T16:02:08.806Z,"""",,,,,,"
"InternetGatewayDevice.LANDevice.1.WLANConfiguration.1.STAWMMParameter.3.AIFSN,false,2026-07-08T16:02:08.806Z,true,2026-07-08T16:02:08.806Z,""2"",xsd:unsignedInt,2026-07-08T16:02:08.808Z,,,,"
"InternetGatewayDevice.LANDevice.1.WLANConfiguration.1.STAWMMParameter.3.AckPolicy,false,2026-07-08T16:02:08.806Z,true,2026-07-08T16:02:08.806Z,""false"",xsd:boolean,2026-07-08T16:02:08.808Z,,,,"
"InternetGatewayDevice.LANDevice.1.WLANConfiguration.1.STAWMMParameter.3.ECWMax,false,2026-07-08T16:02:08.806Z,true,2026-07-08T16:02:08.806Z,""4"",xsd:unsignedInt,2026-07-08T16:02:08.808Z,,,,"
"InternetGatewayDevice.LANDevice.1.WLANConfiguration.1.STAWMMParameter.3.ECWMin,false,2026-07-08T16:02:08.806Z,true,2026-07-08T16:02:08.806Z,""3"",xsd:unsignedInt,2026-07-08T16:02:08.808Z,,,,"
"InternetGatewayDevice.LANDevice.1.WLANConfiguration.1.STAWMMParameter.3.TXOP,false,2026-07-08T16:02:08.806Z,true,2026-07-08T16:02:08.806Z,""94"",xsd:unsignedInt,2026-07-08T16:02:08.808Z,,,,"
"InternetGatewayDevice.LANDevice.1.WLANConfiguration.1.STAWMMParameter.4,true,2026-07-08T16:02:08.806Z,true,2026-07-08T16:02:08.806Z,"""",,,,,,"
"InternetGatewayDevice.LANDevice.1.WLANConfiguration.1.STAWMMParameter.4.AIFSN,false,2026-07-08T16:02:08.806Z,true,2026-07-08T16:02:08.806Z,""2"",xsd:unsignedInt,2026-07-08T16:02:08.808Z,,,,"
"InternetGatewayDevice.LANDevice.1.WLANConfiguration.1.STAWMMParameter.4.AckPolicy,false,2026-07-08T16:02:08.806Z,true,2026-07-08T16:02:08.806Z,""false"",xsd:boolean,2026-07-08T16:02:08.808Z,,,,"
"InternetGatewayDevice.LANDevice.1.WLANConfiguration.1.STAWMMParameter.4.ECWMax,false,2026-07-08T16:02:08.806Z,true,2026-07-08T16:02:08.806Z,""3"",xsd:unsignedInt,2026-07-08T16:02:08.808Z,,,,"
"InternetGatewayDevice.LANDevice.1.WLANConfiguration.1.STAWMMParameter.4.ECWMin,false,2026-07-08T16:02:08.806Z,true,2026-07-08T16:02:08.806Z,""2"",xsd:unsignedInt,2026-07-08T16:02:08.808Z,,,,"
"InternetGatewayDevice.LANDevice.1.WLANConfiguration.1.STAWMMParameter.4.TXOP,false,2026-07-08T16:02:08.806Z,true,2026-07-08T16:02:08.806Z,""47"",xsd:unsignedInt,2026-07-08T16:02:08.808Z,,,,"
"InternetGatewayDevice.LANDevice.1.WLANConfiguration.1.Standard,false,2026-07-08T16:02:08.806Z,true,2026-07-08T16:02:08.806Z,""11ax"",xsd:string,2026-07-08T16:02:08.808Z,,,,"
"InternetGatewayDevice.LANDevice.1.WLANConfiguration.1.Stats,true,2026-07-08T16:02:08.806Z,false,2026-07-08T16:02:08.806Z,"""",,,,,,"
"InternetGatewayDevice.LANDevice.1.WLANConfiguration.1.Stats.BroadcastPacketsReceived,false,2026-07-08T16:02:08.806Z,false,2026-07-08T16:02:08.806Z,""0"",xsd:unsignedInt,2026-07-08T16:02:08.808Z,,,,"
"InternetGatewayDevice.LANDevice.1.WLANConfiguration.1.Stats.BroadcastPacketsSent,false,2026-07-08T16:02:08.806Z,false,2026-07-08T16:02:08.806Z,""0"",xsd:unsignedInt,2026-07-08T16:02:08.808Z,,,,"
"InternetGatewayDevice.LANDevice.1.WLANConfiguration.1.Stats.DiscardPacketsReceived,false,2026-07-08T16:02:08.806Z,false,2026-07-08T16:02:08.806Z,""0"",xsd:unsignedInt,2026-07-08T16:02:08.808Z,,,,"
"InternetGatewayDevice.LANDevice.1.WLANConfiguration.1.Stats.DiscardPacketsSent,false,2026-07-08T16:02:08.806Z,false,2026-07-08T16:02:08.806Z,""0"",xsd:unsignedInt,2026-07-08T16:02:08.808Z,,,,"
"InternetGatewayDevice.LANDevice.1.WLANConfiguration.1.Stats.ErrorsReceived,false,2026-07-08T16:02:08.806Z,false,2026-07-08T16:02:08.806Z,""0"",xsd:unsignedInt,2026-07-08T16:02:08.808Z,,,,"
"InternetGatewayDevice.LANDevice.1.WLANConfiguration.1.Stats.ErrorsSent,false,2026-07-08T16:02:08.806Z,false,2026-07-08T16:02:08.806Z,""54"",xsd:unsignedInt,2026-07-08T16:02:08.808Z,,,,"
"InternetGatewayDevice.LANDevice.1.WLANConfiguration.1.Stats.MulticastPacketsReceived,false,2026-07-08T16:02:08.806Z,false,2026-07-08T16:02:08.806Z,""0"",xsd:unsignedInt,2026-07-08T16:02:08.808Z,,,,"
"InternetGatewayDevice.LANDevice.1.WLANConfiguration.1.Stats.MulticastPacketsSent,false,2026-07-08T16:02:08.806Z,false,2026-07-08T16:02:08.806Z,""0"",xsd:unsignedInt,2026-07-08T16:02:08.808Z,,,,"
"InternetGatewayDevice.LANDevice.1.WLANConfiguration.1.Stats.UnicastPacketsReceived,false,2026-07-08T16:02:08.806Z,false,2026-07-08T16:02:08.806Z,""0"",xsd:unsignedInt,2026-07-08T16:02:08.808Z,,,,"
"InternetGatewayDevice.LANDevice.1.WLANConfiguration.1.Stats.UnicastPacketsSent,false,2026-07-08T16:02:08.806Z,false,2026-07-08T16:02:08.806Z,""0"",xsd:unsignedInt,2026-07-08T16:02:08.808Z,,,,"
"InternetGatewayDevice.LANDevice.1.WLANConfiguration.1.Stats.UnknownProtoPacketsReceived,false,2026-07-08T16:02:08.806Z,false,2026-07-08T16:02:08.806Z,""0"",xsd:unsignedInt,2026-07-08T16:02:08.808Z,,,,"
"InternetGatewayDevice.LANDevice.1.WLANConfiguration.1.Status,false,2026-07-08T16:02:08.806Z,false,2026-07-08T16:02:08.806Z,""Up"",xsd:string,2026-07-08T16:02:08.808Z,,,,"
"InternetGatewayDevice.LANDevice.1.WLANConfiguration.1.TotalAssociations,false,2026-07-08T16:02:08.806Z,false,2026-07-08T16:02:08.806Z,""2"",xsd:unsignedInt,2026-07-08T16:02:08.808Z,,,,"
"InternetGatewayDevice.LANDevice.1.WLANConfiguration.1.TotalBytesReceived,false,2026-07-08T16:02:08.806Z,false,2026-07-08T16:02:08.806Z,""43408572"",xsd:unsignedInt,2026-07-08T16:02:08.808Z,,,,"
"InternetGatewayDevice.LANDevice.1.WLANConfiguration.1.TotalBytesSent,false,2026-07-08T16:02:08.806Z,false,2026-07-08T16:02:08.806Z,""241012701"",xsd:unsignedInt,2026-07-08T16:02:08.808Z,,,,"
"InternetGatewayDevice.LANDevice.1.WLANConfiguration.1.TotalIntegrityFailures,false,2026-07-08T16:02:08.806Z,false,2026-07-08T16:02:08.806Z,""0"",xsd:unsignedInt,2026-07-08T16:02:08.808Z,,,,"
"InternetGatewayDevice.LANDevice.1.WLANConfiguration.1.TotalPSKFailures,false,2026-07-08T16:02:08.806Z,false,2026-07-08T16:02:08.806Z,""0"",xsd:unsignedInt,2026-07-08T16:02:08.808Z,,,,"
"InternetGatewayDevice.LANDevice.1.WLANConfiguration.1.TotalPacketsReceived,false,2026-07-08T16:02:08.806Z,false,2026-07-08T16:02:08.806Z,""85605"",xsd:unsignedInt,2026-07-08T16:02:08.808Z,,,,"
"InternetGatewayDevice.LANDevice.1.WLANConfiguration.1.TotalPacketsSent,false,2026-07-08T16:02:08.806Z,false,2026-07-08T16:02:08.806Z,""192523"",xsd:unsignedInt,2026-07-08T16:02:08.808Z,,,,"
"InternetGatewayDevice.LANDevice.1.WLANConfiguration.1.TransmitPower,false,2026-07-08T16:02:08.806Z,true,2026-07-08T16:02:08.806Z,""100"",xsd:unsignedInt,2026-07-08T16:02:08.808Z,,,,"
"InternetGatewayDevice.LANDevice.1.WLANConfiguration.1.TransmitPowerSupported,false,2026-07-08T16:02:08.806Z,false,2026-07-08T16:02:08.806Z,""20,40,60,80,100"",xsd:string,2026-07-08T16:02:08.808Z,,,,"
"InternetGatewayDevice.LANDevice.1.WLANConfiguration.1.UAPSDEnable,false,2026-07-08T16:02:08.806Z,true,2026-07-08T16:02:08.806Z,""false"",xsd:boolean,2026-07-08T16:02:08.808Z,,,,"
"InternetGatewayDevice.LANDevice.1.WLANConfiguration.1.UAPSDSupported,false,2026-07-08T16:02:08.806Z,false,2026-07-08T16:02:08.806Z,""true"",xsd:boolean,2026-07-08T16:02:08.808Z,,,,"
"InternetGatewayDevice.LANDevice.1.WLANConfiguration.1.WEPEncryptionLevel,false,2026-07-08T16:02:08.806Z,true,2026-07-08T16:02:08.806Z,""104-bit"",xsd:string,2026-07-08T16:02:08.808Z,,,,"
"InternetGatewayDevice.LANDevice.1.WLANConfiguration.1.WEPKey,true,2026-07-08T16:02:08.806Z,true,2026-07-08T16:02:08.806Z,"""",,,,,,"
"InternetGatewayDevice.LANDevice.1.WLANConfiguration.1.WEPKey.1,true,2026-07-08T16:02:08.806Z,true,2026-07-08T16:02:08.806Z,"""",,,,,,"
"InternetGatewayDevice.LANDevice.1.WLANConfiguration.1.WEPKey.1.WEPKey,false,2026-07-08T16:02:08.806Z,true,2026-07-08T16:02:08.806Z,"""",xsd:string,2026-07-08T16:02:08.808Z,,,,"
"InternetGatewayDevice.LANDevice.1.WLANConfiguration.1.WEPKey.2,true,2026-07-08T16:02:08.806Z,true,2026-07-08T16:02:08.806Z,"""",,,,,,"
"InternetGatewayDevice.LANDevice.1.WLANConfiguration.1.WEPKey.2.WEPKey,false,2026-07-08T16:02:08.806Z,true,2026-07-08T16:02:08.806Z,"""",xsd:string,2026-07-08T16:02:08.808Z,,,,"
"InternetGatewayDevice.LANDevice.1.WLANConfiguration.1.WEPKey.3,true,2026-07-08T16:02:08.806Z,true,2026-07-08T16:02:08.806Z,"""",,,,,,"
"InternetGatewayDevice.LANDevice.1.WLANConfiguration.1.WEPKey.3.WEPKey,false,2026-07-08T16:02:08.806Z,true,2026-07-08T16:02:08.806Z,"""",xsd:string,2026-07-08T16:02:08.808Z,,,,"
"InternetGatewayDevice.LANDevice.1.WLANConfiguration.1.WEPKey.4,true,2026-07-08T16:02:08.806Z,true,2026-07-08T16:02:08.806Z,"""",,,,,,"
"InternetGatewayDevice.LANDevice.1.WLANConfiguration.1.WEPKey.4.WEPKey,false,2026-07-08T16:02:08.806Z,true,2026-07-08T16:02:08.806Z,"""",xsd:string,2026-07-08T16:02:08.808Z,,,,"
"InternetGatewayDevice.LANDevice.1.WLANConfiguration.1.WEPKeyIndex,false,2026-07-08T16:02:08.806Z,true,2026-07-08T16:02:08.806Z,""1"",xsd:unsignedInt,2026-07-08T16:02:08.808Z,,,,"
"InternetGatewayDevice.LANDevice.1.WLANConfiguration.1.WMMEnable,false,2026-07-08T16:02:08.806Z,true,2026-07-08T16:02:08.806Z,""true"",xsd:boolean,2026-07-08T16:02:08.808Z,,,,"
"InternetGatewayDevice.LANDevice.1.WLANConfiguration.1.WMMSupported,false,2026-07-08T16:02:08.806Z,false,2026-07-08T16:02:08.806Z,""1"",xsd:unsignedInt,2026-07-08T16:02:08.808Z,,,,"
"InternetGatewayDevice.LANDevice.1.WLANConfiguration.1.WPAAuthenticationMode,false,2026-07-08T16:02:08.806Z,true,2026-07-08T16:02:08.806Z,""PSKAuthentication"",xsd:string,2026-07-08T16:02:08.808Z,,,,"
"InternetGatewayDevice.LANDevice.1.WLANConfiguration.1.WPAEncryptionModes,false,2026-07-08T16:02:08.806Z,true,2026-07-08T16:02:08.806Z,""TKIPEncryption"",xsd:string,2026-07-08T16:02:08.808Z,,,,"
"InternetGatewayDevice.LANDevice.1.WLANConfiguration.1.WPS,true,2026-07-08T16:02:08.806Z,true,2026-07-08T16:02:08.806Z,"""",,,,,,"
"InternetGatewayDevice.LANDevice.1.WLANConfiguration.1.WPS.ConfigMethodsEnabled,false,2026-07-08T16:02:08.806Z,true,2026-07-08T16:02:08.806Z,""PushButton"",xsd:string,2026-07-08T16:02:08.808Z,,,,"
"InternetGatewayDevice.LANDevice.1.WLANConfiguration.1.WPS.ConfigMethodsSupported,false,2026-07-08T16:02:08.806Z,false,2026-07-08T16:02:08.806Z,""PushButton Lable"",xsd:string,2026-07-08T16:02:08.808Z,,,,"
"InternetGatewayDevice.LANDevice.1.WLANConfiguration.1.WPS.ConfigurationState,false,2026-07-08T16:02:08.806Z,false,2026-07-08T16:02:08.806Z,""Configured"",xsd:string,2026-07-08T16:02:08.808Z,,,,"
"InternetGatewayDevice.LANDevice.1.WLANConfiguration.1.WPS.DeviceName,false,2026-07-08T16:02:08.806Z,false,2026-07-08T16:02:08.806Z,""HS8145X6"",xsd:string,2026-07-08T16:02:08.808Z,,,,"
"InternetGatewayDevice.LANDevice.1.WLANConfiguration.1.WPS.DevicePassword,false,2026-07-08T16:02:08.806Z,true,2026-07-08T16:02:08.806Z,"""",xsd:unsignedInt,2026-07-08T16:02:08.808Z,,,,"
"InternetGatewayDevice.LANDevice.1.WLANConfiguration.1.WPS.Enable,false,2026-07-08T16:02:08.806Z,true,2026-07-08T16:02:08.806Z,""true"",xsd:boolean,2026-07-08T16:02:08.808Z,,,,"
"InternetGatewayDevice.LANDevice.1.WLANConfiguration.1.WPS.LastConfigurationError,false,2026-07-08T16:02:08.806Z,false,2026-07-08T16:02:08.806Z,""NoError"",xsd:string,2026-07-08T16:02:08.808Z,,,,"
"InternetGatewayDevice.LANDevice.1.WLANConfiguration.1.WPS.RegistrarEstablished,false,2026-07-08T16:02:08.806Z,false,2026-07-08T16:02:08.806Z,""false"",xsd:boolean,2026-07-08T16:02:08.808Z,,,,"
"InternetGatewayDevice.LANDevice.1.WLANConfiguration.1.WPS.RegistrarNumberOfEntries,false,2026-07-08T16:02:08.806Z,false,2026-07-08T16:02:08.806Z,""0"",xsd:unsignedInt,2026-07-08T16:02:08.808Z,,,,"
"InternetGatewayDevice.LANDevice.1.WLANConfiguration.1.WPS.SetupLock,false,2026-07-08T16:02:08.806Z,true,2026-07-08T16:02:08.806Z,""false"",xsd:boolean,2026-07-08T16:02:08.808Z,,,,"
"InternetGatewayDevice.LANDevice.1.WLANConfiguration.1.WPS.SetupLockedState,false,2026-07-08T16:02:08.806Z,false,2026-07-08T16:02:08.806Z,""Unlocked"",xsd:string,2026-07-08T16:02:08.808Z,,,,"
"InternetGatewayDevice.LANDevice.1.WLANConfiguration.1.WPS.UUID,false,2026-07-08T16:02:08.806Z,false,2026-07-08T16:02:08.806Z,""13814000-1dd2-11b2-8ab0-dc21a3f3f35c"",xsd:string,2026-07-08T16:02:08.808Z,,,,"
"InternetGatewayDevice.LANDevice.1.WLANConfiguration.1.WPS.Version,false,2026-07-08T16:02:08.806Z,false,2026-07-08T16:02:08.806Z,""16"",xsd:unsignedInt,2026-07-08T16:02:08.808Z,,,,"
"InternetGatewayDevice.LANDevice.1.WLANConfiguration.1.WPS.WPSRegistrar,true,2026-07-08T16:02:08.806Z,true,2026-07-08T16:02:08.806Z,"""",,,,,,"
"InternetGatewayDevice.LANDevice.1.WLANConfiguration.1.WPS.X_HW_APPinEnable,false,2026-07-08T16:02:08.806Z,true,2026-07-08T16:02:08.806Z,"""",,,,,,"
"InternetGatewayDevice.LANDevice.1.WLANConfiguration.1.WPS.X_HW_ConfigMethod,false,2026-07-08T16:02:08.806Z,true,2026-07-08T16:02:08.806Z,"""",,,,,,"
"InternetGatewayDevice.LANDevice.1.WLANConfiguration.1.WPS.X_HW_PinGenerator,false,2026-07-08T16:02:08.806Z,true,2026-07-08T16:02:08.806Z,"""",,,,,,"
"InternetGatewayDevice.LANDevice.1.WLANConfiguration.1.X_CT-COM_EnhanceEnable,false,2026-07-08T16:02:08.806Z,true,2026-07-08T16:02:08.806Z,"""",,,,,,"
"InternetGatewayDevice.LANDevice.1.WLANConfiguration.1.X_HW_AdvanceConf,true,2026-07-08T16:02:08.806Z,true,2026-07-08T16:02:08.806Z,"""",,,,,,"
"InternetGatewayDevice.LANDevice.1.WLANConfiguration.1.X_HW_AdvanceConf.BeaconPeriod,false,2026-07-08T16:02:08.806Z,true,2026-07-08T16:02:08.806Z,"""",,,,,,"
"InternetGatewayDevice.LANDevice.1.WLANConfiguration.1.X_HW_AdvanceConf.DtimPeriod,false,2026-07-08T16:02:08.806Z,true,2026-07-08T16:02:08.806Z,"""",,,,,,"
"InternetGatewayDevice.LANDevice.1.WLANConfiguration.1.X_HW_AdvanceConf.FragThreshold,false,2026-07-08T16:02:08.806Z,true,2026-07-08T16:02:08.806Z,"""",,,,,,"
"InternetGatewayDevice.LANDevice.1.WLANConfiguration.1.X_HW_AdvanceConf.RTSThreshold,false,2026-07-08T16:02:08.806Z,true,2026-07-08T16:02:08.806Z,"""",,,,,,"
"InternetGatewayDevice.LANDevice.1.WLANConfiguration.1.X_HW_AssociateNum,false,2026-07-08T16:02:08.806Z,true,2026-07-08T16:02:08.806Z,"""",,,,,,"
"InternetGatewayDevice.LANDevice.1.WLANConfiguration.1.X_HW_AttachConf,true,2026-07-08T16:02:08.806Z,true,2026-07-08T16:02:08.806Z,"""",,,,,,"
"InternetGatewayDevice.LANDevice.1.WLANConfiguration.1.X_HW_AttachConf.X_HW_AirtimeFairness,false,2026-07-08T16:02:08.806Z,true,2026-07-08T16:02:08.806Z,"""",,,,,,"
"InternetGatewayDevice.LANDevice.1.WLANConfiguration.1.X_HW_HT20,false,2026-07-08T16:02:08.806Z,true,2026-07-08T16:02:08.806Z,"""",,,,,,"
"InternetGatewayDevice.LANDevice.1.WLANConfiguration.1.X_HW_Mode,false,2026-07-08T16:02:08.806Z,true,2026-07-08T16:02:08.806Z,"""",,,,,,"
"InternetGatewayDevice.LANDevice.1.WLANConfiguration.1.X_HW_PowerValue,false,2026-07-08T16:02:08.806Z,false,2026-07-08T16:02:08.806Z,"""",,,,,,"
"InternetGatewayDevice.LANDevice.1.WLANConfiguration.1.X_HW_RFBand,false,2026-07-08T16:02:08.806Z,true,2026-07-08T16:02:08.806Z,"""",,,,,,"
"InternetGatewayDevice.LANDevice.1.WLANConfiguration.1.X_HW_RadiuServer,false,2026-07-08T16:02:08.806Z,true,2026-07-08T16:02:08.806Z,"""",,,,,,"
"InternetGatewayDevice.LANDevice.1.WLANConfiguration.1.X_HW_RadiusKey,false,2026-07-08T16:02:08.806Z,true,2026-07-08T16:02:08.806Z,"""",,,,,,"
"InternetGatewayDevice.LANDevice.1.WLANConfiguration.1.X_HW_RadiusPort,false,2026-07-08T16:02:08.806Z,true,2026-07-08T16:02:08.806Z,"""",,,,,,"
"InternetGatewayDevice.LANDevice.1.WLANConfiguration.1.X_HW_RetryTimeout,false,2026-07-08T16:02:08.806Z,true,2026-07-08T16:02:08.806Z,"""",,,,,,"
"InternetGatewayDevice.LANDevice.1.WLANConfiguration.1.X_HW_Service,true,2026-07-08T16:02:08.806Z,true,2026-07-08T16:02:08.806Z,"""",,,,,,"
"InternetGatewayDevice.LANDevice.1.WLANConfiguration.1.X_HW_Service.1,true,2026-07-08T16:02:08.806Z,true,2026-07-08T16:02:08.806Z,"""",,,,,,"
"InternetGatewayDevice.LANDevice.1.WLANConfiguration.1.X_HW_Service.1.ServiceType,false,2026-07-08T16:02:08.806Z,false,2026-07-08T16:02:08.806Z,"""",,,,,,"
"InternetGatewayDevice.LANDevice.1.WLANConfiguration.1.X_HW_Standard,false,2026-07-08T16:02:08.806Z,true,2026-07-08T16:02:08.806Z,"""",,,,,,"
"InternetGatewayDevice.LANDevice.1.WLANConfiguration.1.X_HW_SupportedStandards,false,2026-07-08T16:02:08.806Z,false,2026-07-08T16:02:08.806Z,"""",,,,,,"
"InternetGatewayDevice.LANDevice.1.WLANConfiguration.1.X_HW_VLAN,false,2026-07-08T16:02:08.806Z,true,2026-07-08T16:02:08.806Z,"""",,,,,,"
"InternetGatewayDevice.LANDevice.1.WLANConfiguration.1.X_HW_WPAand11iAuthenticationMode,false,2026-07-08T16:02:08.806Z,true,2026-07-08T16:02:08.806Z,"""",,,,,,"
"InternetGatewayDevice.LANDevice.1.WLANConfiguration.1.X_HW_WPAand11iEncryptionModes,false,2026-07-08T16:02:08.806Z,true,2026-07-08T16:02:08.806Z,"""",,,,,,"
"InternetGatewayDevice.LANDevice.1.WLANConfiguration.1.X_HW_WPSKeyWord,false,2026-07-08T16:02:08.806Z,true,2026-07-08T16:02:08.806Z,"""",,,,,,"
"InternetGatewayDevice.LANDevice.1.WLANConfiguration.1.X_HW_WebVisibility,false,2026-07-08T16:02:08.806Z,true,2026-07-08T16:02:08.806Z,"""",,,,,,"
"InternetGatewayDevice.LANDevice.1.WLANConfiguration.1.X_HW_WorkMode,false,2026-07-08T16:02:08.806Z,true,2026-07-08T16:02:08.806Z,"""",,,,,,"
"InternetGatewayDevice.LANDevice.1.WLANConfiguration.5,true,2026-07-08T16:02:08.806Z,true,2026-07-08T16:02:08.806Z,"""",,,,,,"
"InternetGatewayDevice.LANDevice.1.WLANConfiguration.5.APWMMParameter,true,2026-07-08T16:02:08.806Z,true,2026-07-08T16:02:08.806Z,"""",,,,,,"
"InternetGatewayDevice.LANDevice.1.WLANConfiguration.5.APWMMParameter.1,true,2026-07-08T16:02:08.806Z,true,2026-07-08T16:02:08.806Z,"""",,,,,,"
"InternetGatewayDevice.LANDevice.1.WLANConfiguration.5.APWMMParameter.1.AIFSN,false,2026-07-08T16:02:08.806Z,true,2026-07-08T16:02:08.806Z,"""",,,,,,"
"InternetGatewayDevice.LANDevice.1.WLANConfiguration.5.APWMMParameter.1.AccessCategory,false,2026-07-08T16:02:08.806Z,true,2026-07-08T16:02:08.806Z,"""",,,,,,"
"InternetGatewayDevice.LANDevice.1.WLANConfiguration.5.APWMMParameter.1.AckPolicy,false,2026-07-08T16:02:08.806Z,true,2026-07-08T16:02:08.806Z,"""",,,,,,"
"InternetGatewayDevice.LANDevice.1.WLANConfiguration.5.APWMMParameter.1.Alias,false,2026-07-08T16:02:08.806Z,true,2026-07-08T16:02:08.806Z,"""",,,,,,"
"InternetGatewayDevice.LANDevice.1.WLANConfiguration.5.APWMMParameter.1.ECWMax,false,2026-07-08T16:02:08.806Z,true,2026-07-08T16:02:08.806Z,"""",,,,,,"
"InternetGatewayDevice.LANDevice.1.WLANConfiguration.5.APWMMParameter.1.ECWMin,false,2026-07-08T16:02:08.806Z,true,2026-07-08T16:02:08.806Z,"""",,,,,,"
"InternetGatewayDevice.LANDevice.1.WLANConfiguration.5.APWMMParameter.1.Stats,true,2026-07-08T16:02:08.806Z,false,2026-07-08T16:02:08.806Z,"""",,,,,,"
"InternetGatewayDevice.LANDevice.1.WLANConfiguration.5.APWMMParameter.1.Stats.BytesReceived,false,2026-07-08T16:02:08.806Z,false,2026-07-08T16:02:08.806Z,"""",,,,,,"
"InternetGatewayDevice.LANDevice.1.WLANConfiguration.5.APWMMParameter.1.Stats.BytesSent,false,2026-07-08T16:02:08.806Z,false,2026-07-08T16:02:08.806Z,"""",,,,,,"
"InternetGatewayDevice.LANDevice.1.WLANConfiguration.5.APWMMParameter.1.Stats.PacketsReceived,false,2026-07-08T16:02:08.806Z,false,2026-07-08T16:02:08.806Z,"""",,,,,,"
"InternetGatewayDevice.LANDevice.1.WLANConfiguration.5.APWMMParameter.1.Stats.PacketsSent,false,2026-07-08T16:02:08.806Z,false,2026-07-08T16:02:08.806Z,"""",,,,,,"
"InternetGatewayDevice.LANDevice.1.WLANConfiguration.5.APWMMParameter.1.TXOP,false,2026-07-08T16:02:08.806Z,true,2026-07-08T16:02:08.806Z,"""",,,,,,"
"InternetGatewayDevice.LANDevice.1.WLANConfiguration.5.APWMMParameter.2,true,2026-07-08T16:02:08.806Z,true,2026-07-08T16:02:08.806Z,"""",,,,,,"
"InternetGatewayDevice.LANDevice.1.WLANConfiguration.5.APWMMParameter.2.AIFSN,false,2026-07-08T16:02:08.806Z,true,2026-07-08T16:02:08.806Z,"""",,,,,,"
"InternetGatewayDevice.LANDevice.1.WLANConfiguration.5.APWMMParameter.2.AccessCategory,false,2026-07-08T16:02:08.806Z,true,2026-07-08T16:02:08.806Z,"""",,,,,,"
"InternetGatewayDevice.LANDevice.1.WLANConfiguration.5.APWMMParameter.2.AckPolicy,false,2026-07-08T16:02:08.806Z,true,2026-07-08T16:02:08.806Z,"""",,,,,,"
"InternetGatewayDevice.LANDevice.1.WLANConfiguration.5.APWMMParameter.2.Alias,false,2026-07-08T16:02:08.806Z,true,2026-07-08T16:02:08.806Z,"""",,,,,,"
"InternetGatewayDevice.LANDevice.1.WLANConfiguration.5.APWMMParameter.2.ECWMax,false,2026-07-08T16:02:08.806Z,true,2026-07-08T16:02:08.806Z,"""",,,,,,"
"InternetGatewayDevice.LANDevice.1.WLANConfiguration.5.APWMMParameter.2.ECWMin,false,2026-07-08T16:02:08.806Z,true,2026-07-08T16:02:08.806Z,"""",,,,,,"
"InternetGatewayDevice.LANDevice.1.WLANConfiguration.5.APWMMParameter.2.Stats,true,2026-07-08T16:02:08.806Z,false,2026-07-08T16:02:08.806Z,"""",,,,,,"
"InternetGatewayDevice.LANDevice.1.WLANConfiguration.5.APWMMParameter.2.Stats.BytesReceived,false,2026-07-08T16:02:08.806Z,false,2026-07-08T16:02:08.806Z,"""",,,,,,"
"InternetGatewayDevice.LANDevice.1.WLANConfiguration.5.APWMMParameter.2.Stats.BytesSent,false,2026-07-08T16:02:08.806Z,false,2026-07-08T16:02:08.806Z,"""",,,,,,"
"InternetGatewayDevice.LANDevice.1.WLANConfiguration.5.APWMMParameter.2.Stats.PacketsReceived,false,2026-07-08T16:02:08.806Z,false,2026-07-08T16:02:08.806Z,"""",,,,,,"
"InternetGatewayDevice.LANDevice.1.WLANConfiguration.5.APWMMParameter.2.Stats.PacketsSent,false,2026-07-08T16:02:08.806Z,false,2026-07-08T16:02:08.806Z,"""",,,,,,"
"InternetGatewayDevice.LANDevice.1.WLANConfiguration.5.APWMMParameter.2.TXOP,false,2026-07-08T16:02:08.806Z,true,2026-07-08T16:02:08.806Z,"""",,,,,,"
"InternetGatewayDevice.LANDevice.1.WLANConfiguration.5.APWMMParameter.3,true,2026-07-08T16:02:08.806Z,true,2026-07-08T16:02:08.806Z,"""",,,,,,"
"InternetGatewayDevice.LANDevice.1.WLANConfiguration.5.APWMMParameter.3.AIFSN,false,2026-07-08T16:02:08.806Z,true,2026-07-08T16:02:08.806Z,"""",,,,,,"
"InternetGatewayDevice.LANDevice.1.WLANConfiguration.5.APWMMParameter.3.AccessCategory,false,2026-07-08T16:02:08.806Z,true,2026-07-08T16:02:08.806Z,"""",,,,,,"
"InternetGatewayDevice.LANDevice.1.WLANConfiguration.5.APWMMParameter.3.AckPolicy,false,2026-07-08T16:02:08.806Z,true,2026-07-08T16:02:08.806Z,"""",,,,,,"
"InternetGatewayDevice.LANDevice.1.WLANConfiguration.5.APWMMParameter.3.Alias,false,2026-07-08T16:02:08.806Z,true,2026-07-08T16:02:08.806Z,"""",,,,,,"
"InternetGatewayDevice.LANDevice.1.WLANConfiguration.5.APWMMParameter.3.ECWMax,false,2026-07-08T16:02:08.806Z,true,2026-07-08T16:02:08.806Z,"""",,,,,,"
"InternetGatewayDevice.LANDevice.1.WLANConfiguration.5.APWMMParameter.3.ECWMin,false,2026-07-08T16:02:08.806Z,true,2026-07-08T16:02:08.806Z,"""",,,,,,"
"InternetGatewayDevice.LANDevice.1.WLANConfiguration.5.APWMMParameter.3.Stats,true,2026-07-08T16:02:08.806Z,false,2026-07-08T16:02:08.806Z,"""",,,,,,"
"InternetGatewayDevice.LANDevice.1.WLANConfiguration.5.APWMMParameter.3.Stats.BytesReceived,false,2026-07-08T16:02:08.806Z,false,2026-07-08T16:02:08.806Z,"""",,,,,,"
"InternetGatewayDevice.LANDevice.1.WLANConfiguration.5.APWMMParameter.3.Stats.BytesSent,false,2026-07-08T16:02:08.806Z,false,2026-07-08T16:02:08.806Z,"""",,,,,,"
"InternetGatewayDevice.LANDevice.1.WLANConfiguration.5.APWMMParameter.3.Stats.PacketsReceived,false,2026-07-08T16:02:08.806Z,false,2026-07-08T16:02:08.806Z,"""",,,,,,"
"InternetGatewayDevice.LANDevice.1.WLANConfiguration.5.APWMMParameter.3.Stats.PacketsSent,false,2026-07-08T16:02:08.806Z,false,2026-07-08T16:02:08.806Z,"""",,,,,,"
"InternetGatewayDevice.LANDevice.1.WLANConfiguration.5.APWMMParameter.3.TXOP,false,2026-07-08T16:02:08.806Z,true,2026-07-08T16:02:08.806Z,"""",,,,,,"
"InternetGatewayDevice.LANDevice.1.WLANConfiguration.5.APWMMParameter.4,true,2026-07-08T16:02:08.806Z,true,2026-07-08T16:02:08.806Z,"""",,,,,,"
"InternetGatewayDevice.LANDevice.1.WLANConfiguration.5.APWMMParameter.4.AIFSN,false,2026-07-08T16:02:08.806Z,true,2026-07-08T16:02:08.806Z,"""",,,,,,"
"InternetGatewayDevice.LANDevice.1.WLANConfiguration.5.APWMMParameter.4.AccessCategory,false,2026-07-08T16:02:08.806Z,true,2026-07-08T16:02:08.806Z,"""",,,,,,"
"InternetGatewayDevice.LANDevice.1.WLANConfiguration.5.APWMMParameter.4.AckPolicy,false,2026-07-08T16:02:08.806Z,true,2026-07-08T16:02:08.806Z,"""",,,,,,"
"InternetGatewayDevice.LANDevice.1.WLANConfiguration.5.APWMMParameter.4.Alias,false,2026-07-08T16:02:08.806Z,true,2026-07-08T16:02:08.806Z,"""",,,,,,"
"InternetGatewayDevice.LANDevice.1.WLANConfiguration.5.APWMMParameter.4.ECWMax,false,2026-07-08T16:02:08.806Z,true,2026-07-08T16:02:08.806Z,"""",,,,,,"
"InternetGatewayDevice.LANDevice.1.WLANConfiguration.5.APWMMParameter.4.ECWMin,false,2026-07-08T16:02:08.806Z,true,2026-07-08T16:02:08.806Z,"""",,,,,,"
"InternetGatewayDevice.LANDevice.1.WLANConfiguration.5.APWMMParameter.4.Stats,true,2026-07-08T16:02:08.806Z,false,2026-07-08T16:02:08.806Z,"""",,,,,,"
"InternetGatewayDevice.LANDevice.1.WLANConfiguration.5.APWMMParameter.4.Stats.BytesReceived,false,2026-07-08T16:02:08.806Z,false,2026-07-08T16:02:08.806Z,"""",,,,,,"
"InternetGatewayDevice.LANDevice.1.WLANConfiguration.5.APWMMParameter.4.Stats.BytesSent,false,2026-07-08T16:02:08.806Z,false,2026-07-08T16:02:08.806Z,"""",,,,,,"
"InternetGatewayDevice.LANDevice.1.WLANConfiguration.5.APWMMParameter.4.Stats.PacketsReceived,false,2026-07-08T16:02:08.806Z,false,2026-07-08T16:02:08.806Z,"""",,,,,,"
"InternetGatewayDevice.LANDevice.1.WLANConfiguration.5.APWMMParameter.4.Stats.PacketsSent,false,2026-07-08T16:02:08.806Z,false,2026-07-08T16:02:08.806Z,"""",,,,,,"
"InternetGatewayDevice.LANDevice.1.WLANConfiguration.5.APWMMParameter.4.TXOP,false,2026-07-08T16:02:08.806Z,true,2026-07-08T16:02:08.806Z,"""",,,,,,"
"InternetGatewayDevice.LANDevice.1.WLANConfiguration.5.AssociatedDevice,true,2026-07-08T16:02:08.806Z,true,2026-07-08T16:02:08.806Z,"""",,,,,,"
"InternetGatewayDevice.LANDevice.1.WLANConfiguration.5.AuthenticationServiceMode,false,2026-07-08T16:02:08.806Z,true,2026-07-08T16:02:08.806Z,"""",,,,,,"
"InternetGatewayDevice.LANDevice.1.WLANConfiguration.5.AutoChannelEnable,false,2026-07-08T16:02:08.806Z,true,2026-07-08T16:02:08.806Z,"""",,,,,,"
"InternetGatewayDevice.LANDevice.1.WLANConfiguration.5.AutoRateFallBackEnabled,false,2026-07-08T16:02:08.806Z,true,2026-07-08T16:02:08.806Z,"""",,,,,,"
"InternetGatewayDevice.LANDevice.1.WLANConfiguration.5.BSSID,false,2026-07-08T16:02:08.806Z,false,2026-07-08T16:02:08.806Z,"""",,,,,,"
"InternetGatewayDevice.LANDevice.1.WLANConfiguration.5.BasicAuthenticationMode,false,2026-07-08T16:02:08.806Z,true,2026-07-08T16:02:08.806Z,"""",,,,,,"
"InternetGatewayDevice.LANDevice.1.WLANConfiguration.5.BasicDataTransmitRates,false,2026-07-08T16:02:08.806Z,true,2026-07-08T16:02:08.806Z,"""",,,,,,"
"InternetGatewayDevice.LANDevice.1.WLANConfiguration.5.BasicEncryptionModes,false,2026-07-08T16:02:08.806Z,true,2026-07-08T16:02:08.806Z,"""",,,,,,"
"InternetGatewayDevice.LANDevice.1.WLANConfiguration.5.BeaconAdvertisementEnabled,false,2026-07-08T16:02:08.806Z,true,2026-07-08T16:02:08.806Z,"""",,,,,,"
"InternetGatewayDevice.LANDevice.1.WLANConfiguration.5.BeaconType,false,2026-07-08T16:02:08.806Z,true,2026-07-08T16:02:08.806Z,"""",,,,,,"
"InternetGatewayDevice.LANDevice.1.WLANConfiguration.5.Channel,false,2026-07-08T16:02:08.806Z,true,2026-07-08T16:02:08.806Z,"""",,,,,,"
"InternetGatewayDevice.LANDevice.1.WLANConfiguration.5.ChannelPlus,false,2026-07-08T16:02:08.806Z,true,2026-07-08T16:02:08.806Z,"""",,,,,,"
"InternetGatewayDevice.LANDevice.1.WLANConfiguration.5.ChannelsInUse,false,2026-07-08T16:02:08.806Z,false,2026-07-08T16:02:08.806Z,"""",,,,,,"
"InternetGatewayDevice.LANDevice.1.WLANConfiguration.5.DeviceOperationMode,false,2026-07-08T16:02:08.806Z,true,2026-07-08T16:02:08.806Z,"""",,,,,,"
"InternetGatewayDevice.LANDevice.1.WLANConfiguration.5.DistanceFromRoot,false,2026-07-08T16:02:08.806Z,true,2026-07-08T16:02:08.806Z,"""",,,,,,"
"InternetGatewayDevice.LANDevice.1.WLANConfiguration.5.Enable,false,2026-07-08T16:02:08.806Z,true,2026-07-08T16:02:08.806Z,"""",,,,,,"
"InternetGatewayDevice.LANDevice.1.WLANConfiguration.5.IEEE11iAuthenticationMode,false,2026-07-08T16:02:08.806Z,true,2026-07-08T16:02:08.806Z,"""",,,,,,"
"InternetGatewayDevice.LANDevice.1.WLANConfiguration.5.IEEE11iEncryptionModes,false,2026-07-08T16:02:08.806Z,true,2026-07-08T16:02:08.806Z,"""",,,,,,"
"InternetGatewayDevice.LANDevice.1.WLANConfiguration.5.InsecureOOBAccessEnabled,false,2026-07-08T16:02:08.806Z,true,2026-07-08T16:02:08.806Z,"""",,,,,,"
"InternetGatewayDevice.LANDevice.1.WLANConfiguration.5.KeyPassphrase,false,2026-07-08T16:02:08.806Z,true,2026-07-08T16:02:08.806Z,"""",xsd:string,2026-07-08T14:33:21.452Z,,,,"
"InternetGatewayDevice.LANDevice.1.WLANConfiguration.5.LocationDescription,false,2026-07-08T16:02:08.806Z,true,2026-07-08T16:02:08.806Z,"""",,,,,,"
"InternetGatewayDevice.LANDevice.1.WLANConfiguration.5.LowerLayers,false,2026-07-08T16:02:08.806Z,true,2026-07-08T16:02:08.806Z,"""",,,,,,"
"InternetGatewayDevice.LANDevice.1.WLANConfiguration.5.MACAddressControlEnabled,false,2026-07-08T16:02:08.806Z,true,2026-07-08T16:02:08.806Z,"""",,,,,,"
"InternetGatewayDevice.LANDevice.1.WLANConfiguration.5.MaxBitRate,false,2026-07-08T16:02:08.806Z,true,2026-07-08T16:02:08.806Z,"""",,,,,,"
"InternetGatewayDevice.LANDevice.1.WLANConfiguration.5.Name,false,2026-07-08T16:02:08.806Z,false,2026-07-08T16:02:08.806Z,"""",,,,,,"
"InternetGatewayDevice.LANDevice.1.WLANConfiguration.5.OperationalDataTransmitRates,false,2026-07-08T16:02:08.806Z,true,2026-07-08T16:02:08.806Z,"""",,,,,,"
"InternetGatewayDevice.LANDevice.1.WLANConfiguration.5.PeerBSSID,false,2026-07-08T16:02:08.806Z,true,2026-07-08T16:02:08.806Z,"""",,,,,,"
"InternetGatewayDevice.LANDevice.1.WLANConfiguration.5.PossibleChannels,false,2026-07-08T16:02:08.806Z,false,2026-07-08T16:02:08.806Z,"""",,,,,,"
"InternetGatewayDevice.LANDevice.1.WLANConfiguration.5.PossibleDataTransmitRates,false,2026-07-08T16:02:08.806Z,false,2026-07-08T16:02:08.806Z,"""",,,,,,"
"InternetGatewayDevice.LANDevice.1.WLANConfiguration.5.PreSharedKey,true,2026-07-08T16:02:08.806Z,true,2026-07-08T16:02:08.806Z,"""",,,,,,"
"InternetGatewayDevice.LANDevice.1.WLANConfiguration.5.PreSharedKey.1,true,2026-07-08T16:02:08.806Z,true,2026-07-08T16:02:08.806Z,"""",,,,,,"
"InternetGatewayDevice.LANDevice.1.WLANConfiguration.5.PreSharedKey.1.AssociatedDeviceMACAddress,false,2026-07-08T16:02:08.806Z,true,2026-07-08T16:02:08.806Z,"""",,,,,,"
"InternetGatewayDevice.LANDevice.1.WLANConfiguration.5.PreSharedKey.1.KeyPassphrase,false,2026-07-08T16:02:08.806Z,true,2026-07-08T16:02:08.806Z,"""",,,,,,"
"InternetGatewayDevice.LANDevice.1.WLANConfiguration.5.PreSharedKey.1.PreSharedKey,false,2026-07-08T16:02:08.806Z,true,2026-07-08T16:02:08.806Z,"""",,,,,,"
"InternetGatewayDevice.LANDevice.1.WLANConfiguration.5.RadioEnabled,false,2026-07-08T16:02:08.806Z,true,2026-07-08T16:02:08.806Z,"""",,,,,,"
"InternetGatewayDevice.LANDevice.1.WLANConfiguration.5.RegulatoryDomain,false,2026-07-08T16:02:08.806Z,true,2026-07-08T16:02:08.806Z,"""",,,,,,"
"InternetGatewayDevice.LANDevice.1.WLANConfiguration.5.SSID,false,2026-07-08T16:02:08.806Z,true,2026-07-08T16:02:08.806Z,""Gases Arrecifes-5G"",xsd:string,2026-07-08T15:16:48.147Z,,,,"
"InternetGatewayDevice.LANDevice.1.WLANConfiguration.5.SSIDAdvertisementEnabled,false,2026-07-08T16:02:08.806Z,true,2026-07-08T16:02:08.806Z,"""",,,,,,"
"InternetGatewayDevice.LANDevice.1.WLANConfiguration.5.STAWMMParameter,true,2026-07-08T16:02:08.806Z,true,2026-07-08T16:02:08.806Z,"""",,,,,,"
"InternetGatewayDevice.LANDevice.1.WLANConfiguration.5.STAWMMParameter.1,true,2026-07-08T16:02:08.806Z,true,2026-07-08T16:02:08.806Z,"""",,,,,,"
"InternetGatewayDevice.LANDevice.1.WLANConfiguration.5.STAWMMParameter.1.AIFSN,false,2026-07-08T16:02:08.806Z,true,2026-07-08T16:02:08.806Z,"""",,,,,,"
"InternetGatewayDevice.LANDevice.1.WLANConfiguration.5.STAWMMParameter.1.AckPolicy,false,2026-07-08T16:02:08.806Z,true,2026-07-08T16:02:08.806Z,"""",,,,,,"
"InternetGatewayDevice.LANDevice.1.WLANConfiguration.5.STAWMMParameter.1.ECWMax,false,2026-07-08T16:02:08.806Z,true,2026-07-08T16:02:08.806Z,"""",,,,,,"
"InternetGatewayDevice.LANDevice.1.WLANConfiguration.5.STAWMMParameter.1.ECWMin,false,2026-07-08T16:02:08.806Z,true,2026-07-08T16:02:08.806Z,"""",,,,,,"
"InternetGatewayDevice.LANDevice.1.WLANConfiguration.5.STAWMMParameter.1.TXOP,false,2026-07-08T16:02:08.806Z,true,2026-07-08T16:02:08.806Z,"""",,,,,,"
"InternetGatewayDevice.LANDevice.1.WLANConfiguration.5.STAWMMParameter.2,true,2026-07-08T16:02:08.806Z,true,2026-07-08T16:02:08.806Z,"""",,,,,,"
"InternetGatewayDevice.LANDevice.1.WLANConfiguration.5.STAWMMParameter.2.AIFSN,false,2026-07-08T16:02:08.806Z,true,2026-07-08T16:02:08.806Z,"""",,,,,,"
"InternetGatewayDevice.LANDevice.1.WLANConfiguration.5.STAWMMParameter.2.AckPolicy,false,2026-07-08T16:02:08.806Z,true,2026-07-08T16:02:08.806Z,"""",,,,,,"
"InternetGatewayDevice.LANDevice.1.WLANConfiguration.5.STAWMMParameter.2.ECWMax,false,2026-07-08T16:02:08.806Z,true,2026-07-08T16:02:08.806Z,"""",,,,,,"
"InternetGatewayDevice.LANDevice.1.WLANConfiguration.5.STAWMMParameter.2.ECWMin,false,2026-07-08T16:02:08.806Z,true,2026-07-08T16:02:08.806Z,"""",,,,,,"
"InternetGatewayDevice.LANDevice.1.WLANConfiguration.5.STAWMMParameter.2.TXOP,false,2026-07-08T16:02:08.806Z,true,2026-07-08T16:02:08.806Z,"""",,,,,,"
"InternetGatewayDevice.LANDevice.1.WLANConfiguration.5.STAWMMParameter.3,true,2026-07-08T16:02:08.806Z,true,2026-07-08T16:02:08.806Z,"""",,,,,,"
"InternetGatewayDevice.LANDevice.1.WLANConfiguration.5.STAWMMParameter.3.AIFSN,false,2026-07-08T16:02:08.806Z,true,2026-07-08T16:02:08.806Z,"""",,,,,,"
"InternetGatewayDevice.LANDevice.1.WLANConfiguration.5.STAWMMParameter.3.AckPolicy,false,2026-07-08T16:02:08.806Z,true,2026-07-08T16:02:08.806Z,"""",,,,,,"
"InternetGatewayDevice.LANDevice.1.WLANConfiguration.5.STAWMMParameter.3.ECWMax,false,2026-07-08T16:02:08.806Z,true,2026-07-08T16:02:08.806Z,"""",,,,,,"
"InternetGatewayDevice.LANDevice.1.WLANConfiguration.5.STAWMMParameter.3.ECWMin,false,2026-07-08T16:02:08.806Z,true,2026-07-08T16:02:08.806Z,"""",,,,,,"
"InternetGatewayDevice.LANDevice.1.WLANConfiguration.5.STAWMMParameter.3.TXOP,false,2026-07-08T16:02:08.806Z,true,2026-07-08T16:02:08.806Z,"""",,,,,,"
"InternetGatewayDevice.LANDevice.1.WLANConfiguration.5.STAWMMParameter.4,true,2026-07-08T16:02:08.806Z,true,2026-07-08T16:02:08.806Z,"""",,,,,,"
"InternetGatewayDevice.LANDevice.1.WLANConfiguration.5.STAWMMParameter.4.AIFSN,false,2026-07-08T16:02:08.806Z,true,2026-07-08T16:02:08.806Z,"""",,,,,,"
"InternetGatewayDevice.LANDevice.1.WLANConfiguration.5.STAWMMParameter.4.AckPolicy,false,2026-07-08T16:02:08.806Z,true,2026-07-08T16:02:08.806Z,"""",,,,,,"
"InternetGatewayDevice.LANDevice.1.WLANConfiguration.5.STAWMMParameter.4.ECWMax,false,2026-07-08T16:02:08.806Z,true,2026-07-08T16:02:08.806Z,"""",,,,,,"
"InternetGatewayDevice.LANDevice.1.WLANConfiguration.5.STAWMMParameter.4.ECWMin,false,2026-07-08T16:02:08.806Z,true,2026-07-08T16:02:08.806Z,"""",,,,,,"
"InternetGatewayDevice.LANDevice.1.WLANConfiguration.5.STAWMMParameter.4.TXOP,false,2026-07-08T16:02:08.806Z,true,2026-07-08T16:02:08.806Z,"""",,,,,,"
"InternetGatewayDevice.LANDevice.1.WLANConfiguration.5.Standard,false,2026-07-08T16:02:08.806Z,true,2026-07-08T16:02:08.806Z,"""",,,,,,"
"InternetGatewayDevice.LANDevice.1.WLANConfiguration.5.Stats,true,2026-07-08T16:02:08.806Z,false,2026-07-08T16:02:08.806Z,"""",,,,,,"
"InternetGatewayDevice.LANDevice.1.WLANConfiguration.5.Stats.BroadcastPacketsReceived,false,2026-07-08T16:02:08.806Z,false,2026-07-08T16:02:08.806Z,"""",,,,,,"
"InternetGatewayDevice.LANDevice.1.WLANConfiguration.5.Stats.BroadcastPacketsSent,false,2026-07-08T16:02:08.806Z,false,2026-07-08T16:02:08.806Z,"""",,,,,,"
"InternetGatewayDevice.LANDevice.1.WLANConfiguration.5.Stats.DiscardPacketsReceived,false,2026-07-08T16:02:08.806Z,false,2026-07-08T16:02:08.806Z,"""",,,,,,"
"InternetGatewayDevice.LANDevice.1.WLANConfiguration.5.Stats.DiscardPacketsSent,false,2026-07-08T16:02:08.806Z,false,2026-07-08T16:02:08.806Z,"""",,,,,,"
"InternetGatewayDevice.LANDevice.1.WLANConfiguration.5.Stats.ErrorsReceived,false,2026-07-08T16:02:08.806Z,false,2026-07-08T16:02:08.806Z,"""",,,,,,"
"InternetGatewayDevice.LANDevice.1.WLANConfiguration.5.Stats.ErrorsSent,false,2026-07-08T16:02:08.806Z,false,2026-07-08T16:02:08.806Z,"""",,,,,,"
"InternetGatewayDevice.LANDevice.1.WLANConfiguration.5.Stats.MulticastPacketsReceived,false,2026-07-08T16:02:08.806Z,false,2026-07-08T16:02:08.806Z,"""",,,,,,"
"InternetGatewayDevice.LANDevice.1.WLANConfiguration.5.Stats.MulticastPacketsSent,false,2026-07-08T16:02:08.806Z,false,2026-07-08T16:02:08.806Z,"""",,,,,,"
"InternetGatewayDevice.LANDevice.1.WLANConfiguration.5.Stats.UnicastPacketsReceived,false,2026-07-08T16:02:08.806Z,false,2026-07-08T16:02:08.806Z,"""",,,,,,"
"InternetGatewayDevice.LANDevice.1.WLANConfiguration.5.Stats.UnicastPacketsSent,false,2026-07-08T16:02:08.806Z,false,2026-07-08T16:02:08.806Z,"""",,,,,,"
"InternetGatewayDevice.LANDevice.1.WLANConfiguration.5.Stats.UnknownProtoPacketsReceived,false,2026-07-08T16:02:08.806Z,false,2026-07-08T16:02:08.806Z,"""",,,,,,"
"InternetGatewayDevice.LANDevice.1.WLANConfiguration.5.Status,false,2026-07-08T16:02:08.806Z,false,2026-07-08T16:02:08.806Z,"""",,,,,,"
"InternetGatewayDevice.LANDevice.1.WLANConfiguration.5.TotalAssociations,false,2026-07-08T16:02:08.806Z,false,2026-07-08T16:02:08.806Z,"""",,,,,,"
"InternetGatewayDevice.LANDevice.1.WLANConfiguration.5.TotalBytesReceived,false,2026-07-08T16:02:08.806Z,false,2026-07-08T16:02:08.806Z,"""",,,,,,"
"InternetGatewayDevice.LANDevice.1.WLANConfiguration.5.TotalBytesSent,false,2026-07-08T16:02:08.806Z,false,2026-07-08T16:02:08.806Z,"""",,,,,,"
"InternetGatewayDevice.LANDevice.1.WLANConfiguration.5.TotalIntegrityFailures,false,2026-07-08T16:02:08.806Z,false,2026-07-08T16:02:08.806Z,"""",,,,,,"
"InternetGatewayDevice.LANDevice.1.WLANConfiguration.5.TotalPSKFailures,false,2026-07-08T16:02:08.806Z,false,2026-07-08T16:02:08.806Z,"""",,,,,,"
"InternetGatewayDevice.LANDevice.1.WLANConfiguration.5.TotalPacketsReceived,false,2026-07-08T16:02:08.806Z,false,2026-07-08T16:02:08.806Z,"""",,,,,,"
"InternetGatewayDevice.LANDevice.1.WLANConfiguration.5.TotalPacketsSent,false,2026-07-08T16:02:08.806Z,false,2026-07-08T16:02:08.806Z,"""",,,,,,"
"InternetGatewayDevice.LANDevice.1.WLANConfiguration.5.TransmitPower,false,2026-07-08T16:02:08.806Z,true,2026-07-08T16:02:08.806Z,"""",,,,,,"
"InternetGatewayDevice.LANDevice.1.WLANConfiguration.5.TransmitPowerSupported,false,2026-07-08T16:02:08.806Z,false,2026-07-08T16:02:08.806Z,"""",,,,,,"
"InternetGatewayDevice.LANDevice.1.WLANConfiguration.5.UAPSDEnable,false,2026-07-08T16:02:08.806Z,true,2026-07-08T16:02:08.806Z,"""",,,,,,"
"InternetGatewayDevice.LANDevice.1.WLANConfiguration.5.UAPSDSupported,false,2026-07-08T16:02:08.806Z,false,2026-07-08T16:02:08.806Z,"""",,,,,,"
"InternetGatewayDevice.LANDevice.1.WLANConfiguration.5.WEPEncryptionLevel,false,2026-07-08T16:02:08.806Z,true,2026-07-08T16:02:08.806Z,"""",,,,,,"
"InternetGatewayDevice.LANDevice.1.WLANConfiguration.5.WEPKey,true,2026-07-08T16:02:08.806Z,true,2026-07-08T16:02:08.806Z,"""",,,,,,"
"InternetGatewayDevice.LANDevice.1.WLANConfiguration.5.WEPKey.1,true,2026-07-08T16:02:08.806Z,true,2026-07-08T16:02:08.806Z,"""",,,,,,"
"InternetGatewayDevice.LANDevice.1.WLANConfiguration.5.WEPKey.1.WEPKey,false,2026-07-08T16:02:08.806Z,true,2026-07-08T16:02:08.806Z,"""",,,,,,"
"InternetGatewayDevice.LANDevice.1.WLANConfiguration.5.WEPKey.2,true,2026-07-08T16:02:08.806Z,true,2026-07-08T16:02:08.806Z,"""",,,,,,"
"InternetGatewayDevice.LANDevice.1.WLANConfiguration.5.WEPKey.2.WEPKey,false,2026-07-08T16:02:08.806Z,true,2026-07-08T16:02:08.806Z,"""",,,,,,"
"InternetGatewayDevice.LANDevice.1.WLANConfiguration.5.WEPKey.3,true,2026-07-08T16:02:08.806Z,true,2026-07-08T16:02:08.806Z,"""",,,,,,"
"InternetGatewayDevice.LANDevice.1.WLANConfiguration.5.WEPKey.3.WEPKey,false,2026-07-08T16:02:08.806Z,true,2026-07-08T16:02:08.806Z,"""",,,,,,"
"InternetGatewayDevice.LANDevice.1.WLANConfiguration.5.WEPKey.4,true,2026-07-08T16:02:08.806Z,true,2026-07-08T16:02:08.806Z,"""",,,,,,"
"InternetGatewayDevice.LANDevice.1.WLANConfiguration.5.WEPKey.4.WEPKey,false,2026-07-08T16:02:08.806Z,true,2026-07-08T16:02:08.806Z,"""",,,,,,"
"InternetGatewayDevice.LANDevice.1.WLANConfiguration.5.WEPKeyIndex,false,2026-07-08T16:02:08.806Z,true,2026-07-08T16:02:08.806Z,"""",,,,,,"
"InternetGatewayDevice.LANDevice.1.WLANConfiguration.5.WMMEnable,false,2026-07-08T16:02:08.806Z,true,2026-07-08T16:02:08.806Z,"""",,,,,,"
"InternetGatewayDevice.LANDevice.1.WLANConfiguration.5.WMMSupported,false,2026-07-08T16:02:08.806Z,false,2026-07-08T16:02:08.806Z,"""",,,,,,"
"InternetGatewayDevice.LANDevice.1.WLANConfiguration.5.WPAAuthenticationMode,false,2026-07-08T16:02:08.806Z,true,2026-07-08T16:02:08.806Z,"""",,,,,,"
"InternetGatewayDevice.LANDevice.1.WLANConfiguration.5.WPAEncryptionModes,false,2026-07-08T16:02:08.806Z,true,2026-07-08T16:02:08.806Z,"""",,,,,,"
"InternetGatewayDevice.LANDevice.1.WLANConfiguration.5.WPS,true,2026-07-08T16:02:08.806Z,true,2026-07-08T16:02:08.806Z,"""",,,,,,"
"InternetGatewayDevice.LANDevice.1.WLANConfiguration.5.WPS.ConfigMethodsEnabled,false,2026-07-08T16:02:08.806Z,true,2026-07-08T16:02:08.806Z,"""",,,,,,"
"InternetGatewayDevice.LANDevice.1.WLANConfiguration.5.WPS.ConfigMethodsSupported,false,2026-07-08T16:02:08.806Z,false,2026-07-08T16:02:08.806Z,"""",,,,,,"
"InternetGatewayDevice.LANDevice.1.WLANConfiguration.5.WPS.ConfigurationState,false,2026-07-08T16:02:08.806Z,false,2026-07-08T16:02:08.806Z,"""",,,,,,"
"InternetGatewayDevice.LANDevice.1.WLANConfiguration.5.WPS.DeviceName,false,2026-07-08T16:02:08.806Z,false,2026-07-08T16:02:08.806Z,"""",,,,,,"
"InternetGatewayDevice.LANDevice.1.WLANConfiguration.5.WPS.DevicePassword,false,2026-07-08T16:02:08.806Z,true,2026-07-08T16:02:08.806Z,"""",,,,,,"
"InternetGatewayDevice.LANDevice.1.WLANConfiguration.5.WPS.Enable,false,2026-07-08T16:02:08.806Z,true,2026-07-08T16:02:08.806Z,"""",,,,,,"
"InternetGatewayDevice.LANDevice.1.WLANConfiguration.5.WPS.LastConfigurationError,false,2026-07-08T16:02:08.806Z,false,2026-07-08T16:02:08.806Z,"""",,,,,,"
"InternetGatewayDevice.LANDevice.1.WLANConfiguration.5.WPS.RegistrarEstablished,false,2026-07-08T16:02:08.806Z,false,2026-07-08T16:02:08.806Z,"""",,,,,,"
"InternetGatewayDevice.LANDevice.1.WLANConfiguration.5.WPS.RegistrarNumberOfEntries,false,2026-07-08T16:02:08.806Z,false,2026-07-08T16:02:08.806Z,"""",,,,,,"
"InternetGatewayDevice.LANDevice.1.WLANConfiguration.5.WPS.SetupLock,false,2026-07-08T16:02:08.806Z,true,2026-07-08T16:02:08.806Z,"""",,,,,,"
"InternetGatewayDevice.LANDevice.1.WLANConfiguration.5.WPS.SetupLockedState,false,2026-07-08T16:02:08.806Z,false,2026-07-08T16:02:08.806Z,"""",,,,,,"
"InternetGatewayDevice.LANDevice.1.WLANConfiguration.5.WPS.UUID,false,2026-07-08T16:02:08.806Z,false,2026-07-08T16:02:08.806Z,"""",,,,,,"
"InternetGatewayDevice.LANDevice.1.WLANConfiguration.5.WPS.Version,false,2026-07-08T16:02:08.806Z,false,2026-07-08T16:02:08.806Z,"""",,,,,,"
"InternetGatewayDevice.LANDevice.1.WLANConfiguration.5.WPS.WPSRegistrar,true,2026-07-08T16:02:08.806Z,true,2026-07-08T16:02:08.806Z,"""",,,,,,"
"InternetGatewayDevice.LANDevice.1.WLANConfiguration.5.WPS.X_HW_APPinEnable,false,2026-07-08T16:02:08.806Z,true,2026-07-08T16:02:08.806Z,"""",,,,,,"
"InternetGatewayDevice.LANDevice.1.WLANConfiguration.5.WPS.X_HW_ConfigMethod,false,2026-07-08T16:02:08.806Z,true,2026-07-08T16:02:08.806Z,"""",,,,,,"
"InternetGatewayDevice.LANDevice.1.WLANConfiguration.5.WPS.X_HW_PinGenerator,false,2026-07-08T16:02:08.806Z,true,2026-07-08T16:02:08.806Z,"""",,,,,,"
"InternetGatewayDevice.LANDevice.1.WLANConfiguration.5.X_CT-COM_EnhanceEnable,false,2026-07-08T16:02:08.806Z,true,2026-07-08T16:02:08.806Z,"""",,,,,,"
"InternetGatewayDevice.LANDevice.1.WLANConfiguration.5.X_HW_AdvanceConf,true,2026-07-08T16:02:08.806Z,true,2026-07-08T16:02:08.806Z,"""",,,,,,"
"InternetGatewayDevice.LANDevice.1.WLANConfiguration.5.X_HW_AdvanceConf.BeaconPeriod,false,2026-07-08T16:02:08.806Z,true,2026-07-08T16:02:08.806Z,"""",,,,,,"
"InternetGatewayDevice.LANDevice.1.WLANConfiguration.5.X_HW_AdvanceConf.DtimPeriod,false,2026-07-08T16:02:08.806Z,true,2026-07-08T16:02:08.806Z,"""",,,,,,"
"InternetGatewayDevice.LANDevice.1.WLANConfiguration.5.X_HW_AdvanceConf.FragThreshold,false,2026-07-08T16:02:08.806Z,true,2026-07-08T16:02:08.806Z,"""",,,,,,"
"InternetGatewayDevice.LANDevice.1.WLANConfiguration.5.X_HW_AdvanceConf.RTSThreshold,false,2026-07-08T16:02:08.806Z,true,2026-07-08T16:02:08.806Z,"""",,,,,,"
"InternetGatewayDevice.LANDevice.1.WLANConfiguration.5.X_HW_AssociateNum,false,2026-07-08T16:02:08.806Z,true,2026-07-08T16:02:08.806Z,"""",,,,,,"
"InternetGatewayDevice.LANDevice.1.WLANConfiguration.5.X_HW_AttachConf,true,2026-07-08T16:02:08.806Z,true,2026-07-08T16:02:08.806Z,"""",,,,,,"
"InternetGatewayDevice.LANDevice.1.WLANConfiguration.5.X_HW_AttachConf.X_HW_AirtimeFairness,false,2026-07-08T16:02:08.806Z,true,2026-07-08T16:02:08.806Z,"""",,,,,,"
"InternetGatewayDevice.LANDevice.1.WLANConfiguration.5.X_HW_HT20,false,2026-07-08T16:02:08.806Z,true,2026-07-08T16:02:08.806Z,"""",,,,,,"
"InternetGatewayDevice.LANDevice.1.WLANConfiguration.5.X_HW_Mode,false,2026-07-08T16:02:08.806Z,true,2026-07-08T16:02:08.806Z,"""",,,,,,"
"InternetGatewayDevice.LANDevice.1.WLANConfiguration.5.X_HW_PowerValue,false,2026-07-08T16:02:08.806Z,false,2026-07-08T16:02:08.806Z,"""",,,,,,"
"InternetGatewayDevice.LANDevice.1.WLANConfiguration.5.X_HW_RFBand,false,2026-07-08T16:02:08.806Z,true,2026-07-08T16:02:08.806Z,"""",,,,,,"
"InternetGatewayDevice.LANDevice.1.WLANConfiguration.5.X_HW_RadiuServer,false,2026-07-08T16:02:08.806Z,true,2026-07-08T16:02:08.806Z,"""",,,,,,"
"InternetGatewayDevice.LANDevice.1.WLANConfiguration.5.X_HW_RadiusKey,false,2026-07-08T16:02:08.806Z,true,2026-07-08T16:02:08.806Z,"""",,,,,,"
"InternetGatewayDevice.LANDevice.1.WLANConfiguration.5.X_HW_RadiusPort,false,2026-07-08T16:02:08.806Z,true,2026-07-08T16:02:08.806Z,"""",,,,,,"
"InternetGatewayDevice.LANDevice.1.WLANConfiguration.5.X_HW_RetryTimeout,false,2026-07-08T16:02:08.806Z,true,2026-07-08T16:02:08.806Z,"""",,,,,,"
"InternetGatewayDevice.LANDevice.1.WLANConfiguration.5.X_HW_Service,true,2026-07-08T16:02:08.806Z,true,2026-07-08T16:02:08.806Z,"""",,,,,,"
"InternetGatewayDevice.LANDevice.1.WLANConfiguration.5.X_HW_Standard,false,2026-07-08T16:02:08.806Z,true,2026-07-08T16:02:08.806Z,"""",,,,,,"
"InternetGatewayDevice.LANDevice.1.WLANConfiguration.5.X_HW_SupportedStandards,false,2026-07-08T16:02:08.806Z,false,2026-07-08T16:02:08.806Z,"""",,,,,,"
"InternetGatewayDevice.LANDevice.1.WLANConfiguration.5.X_HW_VLAN,false,2026-07-08T16:02:08.806Z,true,2026-07-08T16:02:08.806Z,"""",,,,,,"
"InternetGatewayDevice.LANDevice.1.WLANConfiguration.5.X_HW_WPAand11iAuthenticationMode,false,2026-07-08T16:02:08.806Z,true,2026-07-08T16:02:08.806Z,"""",,,,,,"
"InternetGatewayDevice.LANDevice.1.WLANConfiguration.5.X_HW_WPAand11iEncryptionModes,false,2026-07-08T16:02:08.806Z,true,2026-07-08T16:02:08.806Z,"""",,,,,,"
"InternetGatewayDevice.LANDevice.1.WLANConfiguration.5.X_HW_WPSKeyWord,false,2026-07-08T16:02:08.806Z,true,2026-07-08T16:02:08.806Z,"""",,,,,,"
"InternetGatewayDevice.LANDevice.1.WLANConfiguration.5.X_HW_WebVisibility,false,2026-07-08T16:02:08.806Z,true,2026-07-08T16:02:08.806Z,"""",,,,,,"
"InternetGatewayDevice.LANDevice.1.WLANConfiguration.5.X_HW_WorkMode,false,2026-07-08T16:02:08.806Z,true,2026-07-08T16:02:08.806Z,"""",,,,,,"
"InternetGatewayDevice.LANDevice.1.WiFi,true,2026-07-08T16:02:08.806Z,true,2026-07-08T16:02:08.806Z,"""",,,,,,"
"InternetGatewayDevice.LANDevice.1.WiFi.NeighboringWiFiDiagnostic,true,2026-07-08T16:02:08.806Z,true,2026-07-08T16:02:08.806Z,"""",,,,,,"
"InternetGatewayDevice.LANDevice.1.WiFi.NeighboringWiFiDiagnostic.DiagnosticsState,false,2026-07-08T16:02:08.806Z,true,2026-07-08T16:02:08.806Z,"""",,,,,,"
"InternetGatewayDevice.LANDevice.1.WiFi.NeighboringWiFiDiagnostic.Result,true,2026-07-08T16:02:08.806Z,true,2026-07-08T16:02:08.806Z,"""",,,,,,"
"InternetGatewayDevice.LANDevice.1.WiFi.NeighboringWiFiDiagnostic.ResultNumberOfEntries,false,2026-07-08T16:02:08.806Z,false,2026-07-08T16:02:08.806Z,"""",,,,,,"
"InternetGatewayDevice.LANDevice.1.WiFi.Radio,true,2026-07-08T16:02:08.806Z,true,2026-07-08T16:02:08.806Z,"""",,,,,,"
"InternetGatewayDevice.LANDevice.1.WiFi.Radio.1,true,2026-07-08T16:02:08.806Z,true,2026-07-08T16:02:08.806Z,"""",,,,,,"
"InternetGatewayDevice.LANDevice.1.WiFi.Radio.1.CountryIEEnable,false,2026-07-08T16:02:08.806Z,true,2026-07-08T16:02:08.806Z,"""",,,,,,"
"InternetGatewayDevice.LANDevice.1.WiFi.Radio.1.Enable,false,2026-07-08T16:02:08.806Z,true,2026-07-08T16:02:08.806Z,"""",,,,,,"
"InternetGatewayDevice.LANDevice.1.WiFi.Radio.1.GuardInterval,false,2026-07-08T16:02:08.806Z,true,2026-07-08T16:02:08.806Z,"""",,,,,,"
"InternetGatewayDevice.LANDevice.1.WiFi.Radio.1.OperatingFrequencyBand,false,2026-07-08T16:02:08.806Z,true,2026-07-08T16:02:08.806Z,"""",,,,,,"
"InternetGatewayDevice.LANDevice.1.WiFi.Radio.1.SupportedFrequencyBands,false,2026-07-08T16:02:08.806Z,false,2026-07-08T16:02:08.806Z,"""",,,,,,"
"InternetGatewayDevice.LANDevice.1.WiFi.Radio.1.X_HW_NeighborAP,true,2026-07-08T16:02:08.806Z,true,2026-07-08T16:02:08.806Z,"""",,,,,,"
"InternetGatewayDevice.LANDevice.1.WiFi.Radio.1.X_HW_WLANSTABoost,true,2026-07-08T16:02:08.806Z,true,2026-07-08T16:02:08.806Z,"""",,,,,,"
"InternetGatewayDevice.LANDevice.1.WiFi.Radio.2,true,2026-07-08T16:02:08.806Z,true,2026-07-08T16:02:08.806Z,"""",,,,,,"
"InternetGatewayDevice.LANDevice.1.WiFi.Radio.2.CountryIEEnable,false,2026-07-08T16:02:08.806Z,true,2026-07-08T16:02:08.806Z,"""",,,,,,"
"InternetGatewayDevice.LANDevice.1.WiFi.Radio.2.Enable,false,2026-07-08T16:02:08.806Z,true,2026-07-08T16:02:08.806Z,"""",,,,,,"
"InternetGatewayDevice.LANDevice.1.WiFi.Radio.2.GuardInterval,false,2026-07-08T16:02:08.806Z,true,2026-07-08T16:02:08.806Z,"""",,,,,,"
"InternetGatewayDevice.LANDevice.1.WiFi.Radio.2.OperatingFrequencyBand,false,2026-07-08T16:02:08.806Z,true,2026-07-08T16:02:08.806Z,"""",,,,,,"
"InternetGatewayDevice.LANDevice.1.WiFi.Radio.2.SupportedFrequencyBands,false,2026-07-08T16:02:08.806Z,false,2026-07-08T16:02:08.806Z,"""",,,,,,"
"InternetGatewayDevice.LANDevice.1.WiFi.Radio.2.X_HW_NeighborAP,true,2026-07-08T16:02:08.806Z,true,2026-07-08T16:02:08.806Z,"""",,,,,,"
"InternetGatewayDevice.LANDevice.1.WiFi.Radio.2.X_HW_WLANSTABoost,true,2026-07-08T16:02:08.806Z,true,2026-07-08T16:02:08.806Z,"""",,,,,,"
"InternetGatewayDevice.LANDevice.1.WiFi.RadioNumberOfEntries,false,2026-07-08T16:02:08.806Z,false,2026-07-08T16:02:08.806Z,"""",,,,,,"
"InternetGatewayDevice.LANDevice.1.WiFi.X_HW_GlobalConfig,true,2026-07-08T16:02:08.806Z,true,2026-07-08T16:02:08.806Z,"""",,,,,,"
"InternetGatewayDevice.LANDevice.1.WiFi.X_HW_GlobalConfig.BandSteeringCapability,false,2026-07-08T16:02:08.806Z,false,2026-07-08T16:02:08.806Z,"""",,,,,,"
"InternetGatewayDevice.LANDevice.1.WiFi.X_HW_GlobalConfig.BandSteeringCycle,false,2026-07-08T16:02:08.806Z,true,2026-07-08T16:02:08.806Z,"""",,,,,,"
"InternetGatewayDevice.LANDevice.1.WiFi.X_HW_GlobalConfig.BandSteeringPolicy,false,2026-07-08T16:02:08.806Z,true,2026-07-08T16:02:08.806Z,"""",,,,,,"
"InternetGatewayDevice.LANDevice.1.WiFi.X_HW_GlobalConfig.BandSteeringSamplingNumber,false,2026-07-08T16:02:08.806Z,true,2026-07-08T16:02:08.806Z,"""",,,,,,"
"InternetGatewayDevice.LANDevice.1.WiFi.X_HW_GlobalConfig.KickHoldTime,false,2026-07-08T16:02:08.806Z,true,2026-07-08T16:02:08.806Z,"""",,,,,,"
"InternetGatewayDevice.LANDevice.1.WiFi.X_HW_GlobalConfig.PreemptRssiThreshold,false,2026-07-08T16:02:08.806Z,true,2026-07-08T16:02:08.806Z,"""",,,,,,"
"InternetGatewayDevice.LANDevice.1.WiFi.X_HW_GlobalConfig.PreemptTime,false,2026-07-08T16:02:08.806Z,true,2026-07-08T16:02:08.806Z,"""",,,,,,"
"InternetGatewayDevice.LANDevice.1.WiFi.X_HW_GlobalConfig.X_HW_UseBandSteering,true,2026-07-08T16:02:08.806Z,true,2026-07-08T16:02:08.806Z,"""",,,,,,"
"InternetGatewayDevice.LANDevice.1.WiFi.X_HW_GlobalConfig.X_HW_UseBandSteering.1,true,2026-07-08T16:02:08.806Z,true,2026-07-08T16:02:08.806Z,"""",,,,,,"
"InternetGatewayDevice.LANDevice.1.WiFi.X_HW_GlobalConfig.X_HW_UseBandSteering.1.BackoffTime,false,2026-07-08T16:02:08.806Z,true,2026-07-08T16:02:08.806Z,"""",,,,,,"
"InternetGatewayDevice.LANDevice.1.WiFi.X_HW_GlobalConfig.X_HW_UseBandSteering.1.ChannelUtilization,false,2026-07-08T16:02:08.806Z,false,2026-07-08T16:02:08.806Z,"""",,,,,,"
"InternetGatewayDevice.LANDevice.1.WiFi.X_HW_GlobalConfig.X_HW_UseBandSteering.1.CurrentBand,false,2026-07-08T16:02:08.806Z,false,2026-07-08T16:02:08.806Z,"""",,,,,,"
"InternetGatewayDevice.LANDevice.1.WiFi.X_HW_GlobalConfig.X_HW_UseBandSteering.1.LoadbalanceBuffer,false,2026-07-08T16:02:08.806Z,true,2026-07-08T16:02:08.806Z,"""",,,,,,"
"InternetGatewayDevice.LANDevice.1.WiFi.X_HW_GlobalConfig.X_HW_UseBandSteering.1.LoadbalanceThreshold,false,2026-07-08T16:02:08.806Z,true,2026-07-08T16:02:08.806Z,"""",,,,,,"
"InternetGatewayDevice.LANDevice.1.WiFi.X_HW_GlobalConfig.X_HW_UseBandSteering.1.MinStaPhyRateThreshold,false,2026-07-08T16:02:08.806Z,true,2026-07-08T16:02:08.806Z,"""",,,,,,"
"InternetGatewayDevice.LANDevice.1.WiFi.X_HW_GlobalConfig.X_HW_UseBandSteering.1.RssiBackoffThreshold,false,2026-07-08T16:02:08.806Z,true,2026-07-08T16:02:08.806Z,"""",,,,,,"
"InternetGatewayDevice.LANDevice.1.WiFi.X_HW_GlobalConfig.X_HW_UseBandSteering.1.RssiBuffer,false,2026-07-08T16:02:08.806Z,true,2026-07-08T16:02:08.806Z,"""",,,,,,"
"InternetGatewayDevice.LANDevice.1.WiFi.X_HW_GlobalConfig.X_HW_UseBandSteering.1.RssiThreshold,false,2026-07-08T16:02:08.806Z,true,2026-07-08T16:02:08.806Z,"""",,,,,,"
"InternetGatewayDevice.LANDevice.1.WiFi.X_HW_GlobalConfig.X_HW_UseBandSteering.2,true,2026-07-08T16:02:08.806Z,true,2026-07-08T16:02:08.806Z,"""",,,,,,"
"InternetGatewayDevice.LANDevice.1.WiFi.X_HW_GlobalConfig.X_HW_UseBandSteering.2.BackoffTime,false,2026-07-08T16:02:08.806Z,true,2026-07-08T16:02:08.806Z,"""",,,,,,"
"InternetGatewayDevice.LANDevice.1.WiFi.X_HW_GlobalConfig.X_HW_UseBandSteering.2.ChannelUtilization,false,2026-07-08T16:02:08.806Z,false,2026-07-08T16:02:08.806Z,"""",,,,,,"
"InternetGatewayDevice.LANDevice.1.WiFi.X_HW_GlobalConfig.X_HW_UseBandSteering.2.CurrentBand,false,2026-07-08T16:02:08.806Z,false,2026-07-08T16:02:08.806Z,"""",,,,,,"
"InternetGatewayDevice.LANDevice.1.WiFi.X_HW_GlobalConfig.X_HW_UseBandSteering.2.LoadbalanceBuffer,false,2026-07-08T16:02:08.806Z,true,2026-07-08T16:02:08.806Z,"""",,,,,,"
"InternetGatewayDevice.LANDevice.1.WiFi.X_HW_GlobalConfig.X_HW_UseBandSteering.2.LoadbalanceThreshold,false,2026-07-08T16:02:08.806Z,true,2026-07-08T16:02:08.806Z,"""",,,,,,"
"InternetGatewayDevice.LANDevice.1.WiFi.X_HW_GlobalConfig.X_HW_UseBandSteering.2.MinStaPhyRateThreshold,false,2026-07-08T16:02:08.806Z,true,2026-07-08T16:02:08.806Z,"""",,,,,,"
"InternetGatewayDevice.LANDevice.1.WiFi.X_HW_GlobalConfig.X_HW_UseBandSteering.2.RssiBackoffThreshold,false,2026-07-08T16:02:08.806Z,true,2026-07-08T16:02:08.806Z,"""",,,,,,"
"InternetGatewayDevice.LANDevice.1.WiFi.X_HW_GlobalConfig.X_HW_UseBandSteering.2.RssiBuffer,false,2026-07-08T16:02:08.806Z,true,2026-07-08T16:02:08.806Z,"""",,,,,,"
"InternetGatewayDevice.LANDevice.1.WiFi.X_HW_GlobalConfig.X_HW_UseBandSteering.2.RssiThreshold,false,2026-07-08T16:02:08.806Z,true,2026-07-08T16:02:08.806Z,"""",,,,,,"
"InternetGatewayDevice.LANDevice.1.WiFi.X_HW_Txpower,false,2026-07-08T16:02:08.806Z,true,2026-07-08T16:02:08.806Z,"""",,,,,,"
"InternetGatewayDevice.LANDevice.1.X_HW_DHCPv6,true,2026-07-08T16:02:08.806Z,true,2026-07-08T16:02:08.806Z,"""",,,,,,"
"InternetGatewayDevice.LANDevice.1.X_HW_DHCPv6.Hosts,true,2026-07-08T16:02:08.806Z,false,2026-07-08T16:02:08.806Z,"""",,,,,,"
"InternetGatewayDevice.LANDevice.1.X_HW_DHCPv6.Hosts.Host,true,2026-07-08T16:02:08.806Z,true,2026-07-08T16:02:08.806Z,"""",,,,,,"
"InternetGatewayDevice.LANDevice.1.X_HW_DHCPv6.Hosts.HostNumberOfEntries,false,2026-07-08T16:02:08.806Z,false,2026-07-08T16:02:08.806Z,"""",,,,,,"
"InternetGatewayDevice.LANDevice.1.X_HW_DHCPv6.Server,true,2026-07-08T16:02:08.806Z,true,2026-07-08T16:02:08.806Z,"""",,,,,,"
"InternetGatewayDevice.LANDevice.1.X_HW_DHCPv6.Server.Enable,false,2026-07-08T16:02:08.806Z,true,2026-07-08T16:02:08.806Z,"""",,,,,,"
"InternetGatewayDevice.LANDevice.1.X_HW_DHCPv6.Server.Pool,true,2026-07-08T16:02:08.806Z,true,2026-07-08T16:02:08.806Z,"""",,,,,,"
"InternetGatewayDevice.LANDevice.1.X_HW_DHCPv6.Server.Pool.1,true,2026-07-08T16:02:08.806Z,true,2026-07-08T16:02:08.806Z,"""",,,,,,"
"InternetGatewayDevice.LANDevice.1.X_HW_DHCPv6.Server.Pool.1.IANAEnable,false,2026-07-08T16:02:08.806Z,true,2026-07-08T16:02:08.806Z,"""",,,,,,"
"InternetGatewayDevice.LANDevice.1.X_HW_DHCPv6.Server.Pool.1.IAPDAddLength,false,2026-07-08T16:02:08.806Z,true,2026-07-08T16:02:08.806Z,"""",,,,,,"
"InternetGatewayDevice.LANDevice.1.X_HW_DHCPv6.Server.Pool.1.IAPDEnable,false,2026-07-08T16:02:08.806Z,true,2026-07-08T16:02:08.806Z,"""",,,,,,"
"InternetGatewayDevice.LANDevice.1.X_HW_DHCPv6.Server.Pool.1.MaxAddress,false,2026-07-08T16:02:08.806Z,true,2026-07-08T16:02:08.806Z,"""",,,,,,"
"InternetGatewayDevice.LANDevice.1.X_HW_DHCPv6.Server.Pool.1.MinAddress,false,2026-07-08T16:02:08.806Z,true,2026-07-08T16:02:08.806Z,"""",,,,,,"
"InternetGatewayDevice.LANDevice.1.X_HW_DHCPv6.Server.Pool.1.Option,true,2026-07-08T16:02:08.806Z,true,2026-07-08T16:02:08.806Z,"""",,,,,,"
"InternetGatewayDevice.LANDevice.1.X_HW_DHCPv6.Server.Pool.1.ULA_IANAEnable,false,2026-07-08T16:02:08.806Z,true,2026-07-08T16:02:08.806Z,"""",,,,,,"
"InternetGatewayDevice.LANDevice.1.X_HW_DHCPv6.Server.Pool.1.ULA_IAPDEnable,false,2026-07-08T16:02:08.806Z,true,2026-07-08T16:02:08.806Z,"""",,,,,,"
"InternetGatewayDevice.LANDevice.1.X_HW_DHCPv6.Server.StaticAllocation,true,2026-07-08T16:02:08.806Z,true,2026-07-08T16:02:08.806Z,"""",,,,,,"
"InternetGatewayDevice.LANDevice.1.X_HW_IPv6Config,true,2026-07-08T16:02:08.806Z,true,2026-07-08T16:02:08.806Z,"""",,,,,,"
"InternetGatewayDevice.LANDevice.1.X_HW_IPv6Config.DomainName,false,2026-07-08T16:02:08.806Z,true,2026-07-08T16:02:08.806Z,"""",,,,,,"
"InternetGatewayDevice.LANDevice.1.X_HW_IPv6Config.IPv6DNSConfigType,false,2026-07-08T16:02:08.806Z,true,2026-07-08T16:02:08.806Z,"""",,,,,,"
"InternetGatewayDevice.LANDevice.1.X_HW_IPv6Config.IPv6DNSServers,false,2026-07-08T16:02:08.806Z,true,2026-07-08T16:02:08.806Z,"""",,,,,,"
"InternetGatewayDevice.LANDevice.1.X_HW_IPv6Config.IPv6DNSWANConnection,false,2026-07-08T16:02:08.806Z,true,2026-07-08T16:02:08.806Z,"""",,,,,,"
"InternetGatewayDevice.LANDevice.1.X_HW_LanService,true,2026-07-08T16:02:08.806Z,true,2026-07-08T16:02:08.806Z,"""",,,,,,"
"InternetGatewayDevice.LANDevice.1.X_HW_LanService.HttpUnreachableRedirectEnable,false,2026-07-08T16:02:08.806Z,true,2026-07-08T16:02:08.806Z,"""",,,,,,"
"InternetGatewayDevice.LANDevice.1.X_HW_RouterAdvertisement,true,2026-07-08T16:02:08.806Z,true,2026-07-08T16:02:08.806Z,"""",,,,,,"
"InternetGatewayDevice.LANDevice.1.X_HW_RouterAdvertisement.Enable,false,2026-07-08T16:02:08.806Z,true,2026-07-08T16:02:08.806Z,"""",,,,,,"
"InternetGatewayDevice.LANDevice.1.X_HW_RouterAdvertisement.MTU,false,2026-07-08T16:02:08.806Z,true,2026-07-08T16:02:08.806Z,"""",,,,,,"
"InternetGatewayDevice.LANDevice.1.X_HW_RouterAdvertisement.ManagedFlag,false,2026-07-08T16:02:08.806Z,true,2026-07-08T16:02:08.806Z,"""",,,,,,"
"InternetGatewayDevice.LANDevice.1.X_HW_RouterAdvertisement.MaxRtrAdvInterval,false,2026-07-08T16:02:08.806Z,true,2026-07-08T16:02:08.806Z,"""",,,,,,"
"InternetGatewayDevice.LANDevice.1.X_HW_RouterAdvertisement.MinRtrAdvInterval,false,2026-07-08T16:02:08.806Z,true,2026-07-08T16:02:08.806Z,"""",,,,,,"
"InternetGatewayDevice.LANDevice.1.X_HW_RouterAdvertisement.OtherConfigFlag,false,2026-07-08T16:02:08.806Z,true,2026-07-08T16:02:08.806Z,"""",,,,,,"
"InternetGatewayDevice.LANDevice.1.X_HW_RouterAdvertisement.mode,false,2026-07-08T16:02:08.806Z,true,2026-07-08T16:02:08.806Z,"""",,,,,,"
"InternetGatewayDevice.LANDevice.1.X_HW_WLANForGuest,true,2026-07-08T16:02:08.806Z,true,2026-07-08T16:02:08.806Z,"""",,,,,,"
"InternetGatewayDevice.LANDevice.1.X_HW_WLANForISP,true,2026-07-08T16:02:08.806Z,true,2026-07-08T16:02:08.806Z,"""",,,,,,"
"InternetGatewayDevice.LANDevice.1.X_HW_WlanEnable,false,2026-07-08T16:02:08.806Z,true,2026-07-08T16:02:08.806Z,"""",,,,,,"
"InternetGatewayDevice.LANDevice.1.X_HW_WlanPowerValue,false,2026-07-08T16:02:08.806Z,true,2026-07-08T16:02:08.806Z,"""",,,,,,"
"InternetGatewayDevice.LANDevice.1.X_HW_Wps2Enable,false,2026-07-08T16:02:08.806Z,true,2026-07-08T16:02:08.806Z,"""",,,,,,"
"InternetGatewayDevice.LANDeviceNumberOfEntries,false,2026-07-08T16:02:08.806Z,false,2026-07-08T16:02:08.806Z,"""",,,,,,"
"InternetGatewayDevice.LANInterfaces,true,2026-07-08T16:02:08.806Z,true,2026-07-08T16:02:08.806Z,"""",,,,,,"
"InternetGatewayDevice.LANInterfaces.LANEthernetInterfaceConfig,true,2026-07-08T16:02:08.806Z,true,2026-07-08T16:02:08.806Z,"""",,,,,,"
"InternetGatewayDevice.LANInterfaces.LANEthernetInterfaceNumberOfEntries,false,2026-07-08T16:02:08.806Z,false,2026-07-08T16:02:08.806Z,"""",,,,,,"
"InternetGatewayDevice.LANInterfaces.LANUSBInterfaceConfig,true,2026-07-08T16:02:08.806Z,true,2026-07-08T16:02:08.806Z,"""",,,,,,"
"InternetGatewayDevice.LANInterfaces.LANUSBInterfaceNumberOfEntries,false,2026-07-08T16:02:08.806Z,false,2026-07-08T16:02:08.806Z,"""",,,,,,"
"InternetGatewayDevice.LANInterfaces.LANWLANConfigurationNumberOfEntries,false,2026-07-08T16:02:08.806Z,false,2026-07-08T16:02:08.806Z,"""",,,,,,"
"InternetGatewayDevice.LANInterfaces.WLANConfiguration,true,2026-07-08T16:02:08.806Z,true,2026-07-08T16:02:08.806Z,"""",,,,,,"
"InternetGatewayDevice.LANInterfaces.WLANConfiguration.1,true,2026-07-08T16:02:08.806Z,true,2026-07-08T16:02:08.806Z,"""",,,,,,"
"InternetGatewayDevice.LANInterfaces.WLANConfiguration.5,true,2026-07-08T16:02:08.806Z,true,2026-07-08T16:02:08.806Z,"""",,,,,,"
"InternetGatewayDevice.Layer3Forwarding,true,2026-07-08T16:02:08.806Z,true,2026-07-08T16:02:08.806Z,"""",,,,,,"
"InternetGatewayDevice.Layer3Forwarding.DefaultConnectionService,false,2026-07-08T16:02:08.806Z,true,2026-07-08T16:02:08.806Z,"""",,,,,,"
"InternetGatewayDevice.Layer3Forwarding.ForwardNumberOfEntries,false,2026-07-08T16:02:08.806Z,false,2026-07-08T16:02:08.806Z,"""",,,,,,"
"InternetGatewayDevice.Layer3Forwarding.Forwarding,true,2026-07-08T16:02:08.806Z,true,2026-07-08T16:02:08.806Z,"""",,,,,,"
"InternetGatewayDevice.Layer3Forwarding.X_HW_AutoDefaultGatewayEnable,false,2026-07-08T16:02:08.806Z,true,2026-07-08T16:02:08.806Z,"""",,,,,,"
"InternetGatewayDevice.Layer3Forwarding.X_HW_CurrentForwarding,true,2026-07-08T16:02:08.806Z,true,2026-07-08T16:02:08.806Z,"""",,,,,,"
"InternetGatewayDevice.Layer3Forwarding.X_HW_CurrentForwarding.1,true,2026-07-08T16:02:08.806Z,true,2026-07-08T16:02:08.806Z,"""",,,,,,"
"InternetGatewayDevice.Layer3Forwarding.X_HW_CurrentForwarding.1.DestIPAddress,false,2026-07-08T16:02:08.806Z,false,2026-07-08T16:02:08.806Z,"""",,,,,,"
"InternetGatewayDevice.Layer3Forwarding.X_HW_CurrentForwarding.1.DestSubnetMask,false,2026-07-08T16:02:08.806Z,false,2026-07-08T16:02:08.806Z,"""",,,,,,"
"InternetGatewayDevice.Layer3Forwarding.X_HW_CurrentForwarding.1.GatewayIPAddress,false,2026-07-08T16:02:08.806Z,false,2026-07-08T16:02:08.806Z,"""",,,,,,"
"InternetGatewayDevice.Layer3Forwarding.X_HW_CurrentForwarding.1.Interface,false,2026-07-08T16:02:08.806Z,false,2026-07-08T16:02:08.806Z,"""",,,,,,"
"InternetGatewayDevice.Layer3Forwarding.X_HW_CurrentForwarding.1.Origin,false,2026-07-08T16:02:08.806Z,false,2026-07-08T16:02:08.806Z,"""",,,,,,"
"InternetGatewayDevice.Layer3Forwarding.X_HW_CurrentForwarding.2,true,2026-07-08T16:02:08.806Z,true,2026-07-08T16:02:08.806Z,"""",,,,,,"
"InternetGatewayDevice.Layer3Forwarding.X_HW_CurrentForwarding.2.DestIPAddress,false,2026-07-08T16:02:08.806Z,false,2026-07-08T16:02:08.806Z,"""",,,,,,"
"InternetGatewayDevice.Layer3Forwarding.X_HW_CurrentForwarding.2.DestSubnetMask,false,2026-07-08T16:02:08.806Z,false,2026-07-08T16:02:08.806Z,"""",,,,,,"
"InternetGatewayDevice.Layer3Forwarding.X_HW_CurrentForwarding.2.GatewayIPAddress,false,2026-07-08T16:02:08.806Z,false,2026-07-08T16:02:08.806Z,"""",,,,,,"
"InternetGatewayDevice.Layer3Forwarding.X_HW_CurrentForwarding.2.Interface,false,2026-07-08T16:02:08.806Z,false,2026-07-08T16:02:08.806Z,"""",,,,,,"
"InternetGatewayDevice.Layer3Forwarding.X_HW_CurrentForwarding.2.Origin,false,2026-07-08T16:02:08.806Z,false,2026-07-08T16:02:08.806Z,"""",,,,,,"
"InternetGatewayDevice.Layer3Forwarding.X_HW_CurrentForwarding.3,true,2026-07-08T16:02:08.806Z,true,2026-07-08T16:02:08.806Z,"""",,,,,,"
"InternetGatewayDevice.Layer3Forwarding.X_HW_CurrentForwarding.3.DestIPAddress,false,2026-07-08T16:02:08.806Z,false,2026-07-08T16:02:08.806Z,"""",,,,,,"
"InternetGatewayDevice.Layer3Forwarding.X_HW_CurrentForwarding.3.DestSubnetMask,false,2026-07-08T16:02:08.806Z,false,2026-07-08T16:02:08.806Z,"""",,,,,,"
"InternetGatewayDevice.Layer3Forwarding.X_HW_CurrentForwarding.3.GatewayIPAddress,false,2026-07-08T16:02:08.806Z,false,2026-07-08T16:02:08.806Z,"""",,,,,,"
"InternetGatewayDevice.Layer3Forwarding.X_HW_CurrentForwarding.3.Interface,false,2026-07-08T16:02:08.806Z,false,2026-07-08T16:02:08.806Z,"""",,,,,,"
"InternetGatewayDevice.Layer3Forwarding.X_HW_CurrentForwarding.3.Origin,false,2026-07-08T16:02:08.806Z,false,2026-07-08T16:02:08.806Z,"""",,,,,,"
"InternetGatewayDevice.Layer3Forwarding.X_HW_CurrentForwarding.4,true,2026-07-08T16:02:08.806Z,true,2026-07-08T16:02:08.806Z,"""",,,,,,"
"InternetGatewayDevice.Layer3Forwarding.X_HW_CurrentForwarding.4.DestIPAddress,false,2026-07-08T16:02:08.806Z,false,2026-07-08T16:02:08.806Z,"""",,,,,,"
"InternetGatewayDevice.Layer3Forwarding.X_HW_CurrentForwarding.4.DestSubnetMask,false,2026-07-08T16:02:08.806Z,false,2026-07-08T16:02:08.806Z,"""",,,,,,"
"InternetGatewayDevice.Layer3Forwarding.X_HW_CurrentForwarding.4.GatewayIPAddress,false,2026-07-08T16:02:08.806Z,false,2026-07-08T16:02:08.806Z,"""",,,,,,"
"InternetGatewayDevice.Layer3Forwarding.X_HW_CurrentForwarding.4.Interface,false,2026-07-08T16:02:08.806Z,false,2026-07-08T16:02:08.806Z,"""",,,,,,"
"InternetGatewayDevice.Layer3Forwarding.X_HW_CurrentForwarding.4.Origin,false,2026-07-08T16:02:08.806Z,false,2026-07-08T16:02:08.806Z,"""",,,,,,"
"InternetGatewayDevice.Layer3Forwarding.X_HW_CurrentForwarding.5,true,2026-07-08T16:02:08.806Z,true,2026-07-08T16:02:08.806Z,"""",,,,,,"
"InternetGatewayDevice.Layer3Forwarding.X_HW_CurrentForwarding.5.DestIPAddress,false,2026-07-08T16:02:08.806Z,false,2026-07-08T16:02:08.806Z,"""",,,,,,"
"InternetGatewayDevice.Layer3Forwarding.X_HW_CurrentForwarding.5.DestSubnetMask,false,2026-07-08T16:02:08.806Z,false,2026-07-08T16:02:08.806Z,"""",,,,,,"
"InternetGatewayDevice.Layer3Forwarding.X_HW_CurrentForwarding.5.GatewayIPAddress,false,2026-07-08T16:02:08.806Z,false,2026-07-08T16:02:08.806Z,"""",,,,,,"
"InternetGatewayDevice.Layer3Forwarding.X_HW_CurrentForwarding.5.Interface,false,2026-07-08T16:02:08.806Z,false,2026-07-08T16:02:08.806Z,"""",,,,,,"
"InternetGatewayDevice.Layer3Forwarding.X_HW_CurrentForwarding.5.Origin,false,2026-07-08T16:02:08.806Z,false,2026-07-08T16:02:08.806Z,"""",,,,,,"
"InternetGatewayDevice.Layer3Forwarding.X_HW_WanDefaultWanName,false,2026-07-08T16:02:08.806Z,true,2026-07-08T16:02:08.806Z,"""",,,,,,"
"InternetGatewayDevice.Layer3Forwarding.X_HW_policy_route,true,2026-07-08T16:02:08.806Z,true,2026-07-08T16:02:08.806Z,"""",,,,,,"
"InternetGatewayDevice.Layer3Forwarding.X_HW_policy_route.1,true,2026-07-08T16:02:08.806Z,true,2026-07-08T16:02:08.806Z,"""",,,,,,"
"InternetGatewayDevice.Layer3Forwarding.X_HW_policy_route.1.Description,false,2026-07-08T16:02:08.806Z,true,2026-07-08T16:02:08.806Z,"""",,,,,,"
"InternetGatewayDevice.Layer3Forwarding.X_HW_policy_route.1.DhcpSrvPool,false,2026-07-08T16:02:08.806Z,true,2026-07-08T16:02:08.806Z,"""",,,,,,"
"InternetGatewayDevice.Layer3Forwarding.X_HW_policy_route.1.EtherType,false,2026-07-08T16:02:08.806Z,true,2026-07-08T16:02:08.806Z,"""",,,,,,"
"InternetGatewayDevice.Layer3Forwarding.X_HW_policy_route.1.IsDefaultRule,false,2026-07-08T16:02:08.806Z,true,2026-07-08T16:02:08.806Z,"""",,,,,,"
"InternetGatewayDevice.Layer3Forwarding.X_HW_policy_route.1.IsUnBind,false,2026-07-08T16:02:08.806Z,true,2026-07-08T16:02:08.806Z,"""",,,,,,"
"InternetGatewayDevice.Layer3Forwarding.X_HW_policy_route.1.PhyPortName,false,2026-07-08T16:02:08.806Z,true,2026-07-08T16:02:08.806Z,"""",,,,,,"
"InternetGatewayDevice.Layer3Forwarding.X_HW_policy_route.1.PolicyRouteType,false,2026-07-08T16:02:08.806Z,true,2026-07-08T16:02:08.806Z,"""",,,,,,"
"InternetGatewayDevice.Layer3Forwarding.X_HW_policy_route.1.VenderClassId,false,2026-07-08T16:02:08.806Z,true,2026-07-08T16:02:08.806Z,"""",,,,,,"
"InternetGatewayDevice.Layer3Forwarding.X_HW_policy_route.1.WanName,false,2026-07-08T16:02:08.806Z,true,2026-07-08T16:02:08.806Z,"""",,,,,,"
"InternetGatewayDevice.Layer3Forwarding.X_HW_policy_route.3,true,2026-07-08T16:02:08.806Z,true,2026-07-08T16:02:08.806Z,"""",,,,,,"
"InternetGatewayDevice.Layer3Forwarding.X_HW_policy_route.3.Description,false,2026-07-08T16:02:08.806Z,true,2026-07-08T16:02:08.806Z,"""",,,,,,"
"InternetGatewayDevice.Layer3Forwarding.X_HW_policy_route.3.DhcpSrvPool,false,2026-07-08T16:02:08.806Z,true,2026-07-08T16:02:08.806Z,"""",,,,,,"
"InternetGatewayDevice.Layer3Forwarding.X_HW_policy_route.3.EtherType,false,2026-07-08T16:02:08.806Z,true,2026-07-08T16:02:08.806Z,"""",,,,,,"
"InternetGatewayDevice.Layer3Forwarding.X_HW_policy_route.3.IsDefaultRule,false,2026-07-08T16:02:08.806Z,true,2026-07-08T16:02:08.806Z,"""",,,,,,"
"InternetGatewayDevice.Layer3Forwarding.X_HW_policy_route.3.IsUnBind,false,2026-07-08T16:02:08.806Z,true,2026-07-08T16:02:08.806Z,"""",,,,,,"
"InternetGatewayDevice.Layer3Forwarding.X_HW_policy_route.3.PhyPortName,false,2026-07-08T16:02:08.806Z,true,2026-07-08T16:02:08.806Z,"""",,,,,,"
"InternetGatewayDevice.Layer3Forwarding.X_HW_policy_route.3.PolicyRouteType,false,2026-07-08T16:02:08.806Z,true,2026-07-08T16:02:08.806Z,"""",,,,,,"
"InternetGatewayDevice.Layer3Forwarding.X_HW_policy_route.3.VenderClassId,false,2026-07-08T16:02:08.806Z,true,2026-07-08T16:02:08.806Z,"""",,,,,,"
"InternetGatewayDevice.Layer3Forwarding.X_HW_policy_route.3.WanName,false,2026-07-08T16:02:08.806Z,true,2026-07-08T16:02:08.806Z,"""",,,,,,"
"InternetGatewayDevice.ManagementServer,true,2026-07-08T16:02:08.806Z,true,2026-07-08T16:02:08.806Z,"""",,,,,,"
"InternetGatewayDevice.ManagementServer.ConnectionRequestPassword,false,2026-07-08T16:02:08.806Z,true,2026-07-08T16:02:08.806Z,"""",xsd:string,2026-07-08T14:33:21.458Z,,,,"
"InternetGatewayDevice.ManagementServer.ConnectionRequestURL,false,2026-07-08T16:02:08.806Z,true,2026-07-08T16:02:08.806Z,""http://10.1.240.120:7547/17610d60d88162de853b5b4463f21c4e"",xsd:string,2026-07-08T16:11:50.314Z,,,,"
"InternetGatewayDevice.ManagementServer.ConnectionRequestUsername,false,2026-07-08T16:02:08.806Z,true,2026-07-08T16:02:08.806Z,""admin"",xsd:string,2026-07-08T14:33:21.458Z,,,,"
"InternetGatewayDevice.ManagementServer.DefaultActiveNotificationThrottle,false,2026-07-08T16:02:08.806Z,true,2026-07-08T16:02:08.806Z,"""",,,,,,"
"InternetGatewayDevice.ManagementServer.EnableCWMP,false,2026-07-08T16:02:08.806Z,true,2026-07-08T16:02:08.806Z,"""",,,,,,"
"InternetGatewayDevice.ManagementServer.InformParameter,true,2026-07-08T16:02:08.806Z,true,2026-07-08T16:02:08.806Z,"""",,,,,,"
"InternetGatewayDevice.ManagementServer.InformParameterNumberOfEntries,false,2026-07-08T16:02:08.806Z,false,2026-07-08T16:02:08.806Z,"""",,,,,,"
"InternetGatewayDevice.ManagementServer.ManageableDevice,true,2026-07-08T16:02:08.806Z,false,2026-07-08T16:02:08.806Z,"""",,,,,,"
"InternetGatewayDevice.ManagementServer.ManageableDeviceNotificationLimit,false,2026-07-08T16:02:08.806Z,true,2026-07-08T16:02:08.806Z,"""",,,,,,"
"InternetGatewayDevice.ManagementServer.ManageableDeviceNumberOfEntries,false,2026-07-08T16:02:08.806Z,false,2026-07-08T16:02:08.806Z,"""",,,,,,"
"InternetGatewayDevice.ManagementServer.NATDetected,false,2026-07-08T16:02:08.806Z,false,2026-07-08T16:02:08.806Z,"""",,,,,,"
"InternetGatewayDevice.ManagementServer.ParameterKey,false,2026-07-08T16:02:08.806Z,false,2026-07-08T16:02:08.806Z,""0"",xsd:string,2026-07-08T16:11:50.314Z,,,,"
"InternetGatewayDevice.ManagementServer.Password,false,2026-07-08T16:02:08.806Z,true,2026-07-08T16:02:08.806Z,"""",,,,,,"
"InternetGatewayDevice.ManagementServer.PeriodicInformEnable,false,2026-07-08T16:02:08.806Z,true,2026-07-08T16:02:08.806Z,""true"",xsd:boolean,2026-07-08T14:33:21.458Z,,,,"
"InternetGatewayDevice.ManagementServer.PeriodicInformInterval,false,2026-07-08T16:02:08.806Z,true,2026-07-08T16:02:08.806Z,""15"",xsd:unsignedInt,2026-07-08T14:33:21.458Z,,,,"
"InternetGatewayDevice.ManagementServer.PeriodicInformTime,false,2026-07-08T16:02:08.806Z,true,2026-07-08T16:02:08.806Z,""0001-01-01T00:00:00.000Z"",xsd:dateTime,2026-07-08T14:33:21.458Z,,,,"
"InternetGatewayDevice.ManagementServer.UDPConnectionRequestAddress,false,2026-07-08T16:02:08.806Z,false,2026-07-08T16:02:08.806Z,"""",,,,,,"
"InternetGatewayDevice.ManagementServer.UDPConnectionRequestAddressNotificationLimit,false,2026-07-08T16:02:08.806Z,true,2026-07-08T16:02:08.806Z,"""",,,,,,"
"InternetGatewayDevice.ManagementServer.URL,false,2026-07-08T16:02:08.806Z,true,2026-07-08T16:02:08.806Z,"""",,,,,,"
"InternetGatewayDevice.ManagementServer.UpgradesManaged,false,2026-07-08T16:02:08.806Z,true,2026-07-08T16:02:08.806Z,"""",,,,,,"
"InternetGatewayDevice.ManagementServer.Username,false,2026-07-08T16:02:08.806Z,true,2026-07-08T16:02:08.806Z,"""",,,,,,"
"InternetGatewayDevice.ManagementServer.VirtualDevice,true,2026-07-08T16:02:08.806Z,true,2026-07-08T16:02:08.806Z,"""",,,,,,"
"InternetGatewayDevice.ManagementServer.X_HW_CertPassword,false,2026-07-08T16:02:08.806Z,true,2026-07-08T16:02:08.806Z,"""",,,,,,"
"InternetGatewayDevice.ManagementServer.X_HW_CheckUrlRandom,false,2026-07-08T16:02:08.806Z,true,2026-07-08T16:02:08.806Z,"""",,,,,,"
"InternetGatewayDevice.ManagementServer.X_HW_DSCP,false,2026-07-08T16:02:08.806Z,true,2026-07-08T16:02:08.806Z,"""",,,,,,"
"InternetGatewayDevice.ManagementServer.X_HW_EnableCertificate,false,2026-07-08T16:02:08.806Z,true,2026-07-08T16:02:08.806Z,"""",,,,,,"
"InternetGatewayDevice.ManagementServer.X_HW_IPProtocolVersion,false,2026-07-08T16:02:08.806Z,true,2026-07-08T16:02:08.806Z,"""",,,,,,"
"InternetGatewayDevice.ManagementServer.X_HW_RandomInformEnable,false,2026-07-08T16:02:08.806Z,true,2026-07-08T16:02:08.806Z,"""",,,,,,"
"InternetGatewayDevice.ManagementServer.X_HW_Syntax,false,2026-07-08T16:02:08.806Z,true,2026-07-08T16:02:08.806Z,"""",,,,,,"
"InternetGatewayDevice.Optical,true,2026-07-08T16:02:08.806Z,true,2026-07-08T16:02:08.806Z,"""",,,,,,"
"InternetGatewayDevice.Optical.X_HW_Interface,true,2026-07-08T16:02:08.806Z,true,2026-07-08T16:02:08.806Z,"""",,,,,,"
"InternetGatewayDevice.Optical.X_HW_Interface.X_HW_OpmEnable,false,2026-07-08T16:02:08.806Z,true,2026-07-08T16:02:08.806Z,"""",,,,,,"
"InternetGatewayDevice.QueueManagement,true,2026-07-08T16:02:08.806Z,true,2026-07-08T16:02:08.806Z,"""",,,,,,"
"InternetGatewayDevice.QueueManagement.AppNumberOfEntries,false,2026-07-08T16:02:08.806Z,false,2026-07-08T16:02:08.806Z,"""",,,,,,"
"InternetGatewayDevice.QueueManagement.AvailableAppList,false,2026-07-08T16:02:08.806Z,false,2026-07-08T16:02:08.806Z,"""",,,,,,"
"InternetGatewayDevice.QueueManagement.Classification,true,2026-07-08T16:02:08.806Z,true,2026-07-08T16:02:08.806Z,"""",,,,,,"
"InternetGatewayDevice.QueueManagement.ClassificationNumberOfEntries,false,2026-07-08T16:02:08.806Z,false,2026-07-08T16:02:08.806Z,"""",,,,,,"
"InternetGatewayDevice.QueueManagement.DefaultDSCPMark,false,2026-07-08T16:02:08.806Z,true,2026-07-08T16:02:08.806Z,"""",,,,,,"
"InternetGatewayDevice.QueueManagement.DefaultEthernetPriorityMark,false,2026-07-08T16:02:08.806Z,true,2026-07-08T16:02:08.806Z,"""",,,,,,"
"InternetGatewayDevice.QueueManagement.DefaultForwardingPolicy,false,2026-07-08T16:02:08.806Z,true,2026-07-08T16:02:08.806Z,"""",,,,,,"
"InternetGatewayDevice.QueueManagement.DefaultPolicer,false,2026-07-08T16:02:08.806Z,true,2026-07-08T16:02:08.806Z,"""",,,,,,"
"InternetGatewayDevice.QueueManagement.DefaultQueue,false,2026-07-08T16:02:08.806Z,true,2026-07-08T16:02:08.806Z,"""",,,,,,"
"InternetGatewayDevice.QueueManagement.DefaultTrafficClass,false,2026-07-08T16:02:08.806Z,true,2026-07-08T16:02:08.806Z,"""",,,,,,"
"InternetGatewayDevice.QueueManagement.Enable,false,2026-07-08T16:02:08.806Z,true,2026-07-08T16:02:08.806Z,"""",,,,,,"
"InternetGatewayDevice.QueueManagement.FlowNumberOfEntries,false,2026-07-08T16:02:08.806Z,false,2026-07-08T16:02:08.806Z,"""",,,,,,"
"InternetGatewayDevice.QueueManagement.MaxAppEntries,false,2026-07-08T16:02:08.806Z,false,2026-07-08T16:02:08.806Z,"""",,,,,,"
"InternetGatewayDevice.QueueManagement.MaxClassificationEntries,false,2026-07-08T16:02:08.806Z,false,2026-07-08T16:02:08.806Z,"""",,,,,,"
"InternetGatewayDevice.QueueManagement.MaxFlowEntries,false,2026-07-08T16:02:08.806Z,false,2026-07-08T16:02:08.806Z,"""",,,,,,"
"InternetGatewayDevice.QueueManagement.MaxPolicerEntries,false,2026-07-08T16:02:08.806Z,false,2026-07-08T16:02:08.806Z,"""",,,,,,"
"InternetGatewayDevice.QueueManagement.MaxQueueEntries,false,2026-07-08T16:02:08.806Z,false,2026-07-08T16:02:08.806Z,"""",,,,,,"
"InternetGatewayDevice.QueueManagement.MaxQueues,false,2026-07-08T16:02:08.806Z,false,2026-07-08T16:02:08.806Z,"""",,,,,,"
"InternetGatewayDevice.QueueManagement.Policer,true,2026-07-08T16:02:08.806Z,true,2026-07-08T16:02:08.806Z,"""",,,,,,"
"InternetGatewayDevice.QueueManagement.PolicerNumberOfEntries,false,2026-07-08T16:02:08.806Z,false,2026-07-08T16:02:08.806Z,"""",,,,,,"
"InternetGatewayDevice.QueueManagement.Queue,true,2026-07-08T16:02:08.806Z,true,2026-07-08T16:02:08.806Z,"""",,,,,,"
"InternetGatewayDevice.QueueManagement.QueueNumberOfEntries,false,2026-07-08T16:02:08.806Z,false,2026-07-08T16:02:08.806Z,"""",,,,,,"
"InternetGatewayDevice.QueueManagement.QueueStatsNumberOfEntries,false,2026-07-08T16:02:08.806Z,false,2026-07-08T16:02:08.806Z,"""",,,,,,"
"InternetGatewayDevice.QueueManagement.X_HW_Bandwidth,false,2026-07-08T16:02:08.806Z,true,2026-07-08T16:02:08.806Z,"""",,,,,,"
"InternetGatewayDevice.QueueManagement.X_HW_Down_Bandwidth,false,2026-07-08T16:02:08.806Z,true,2026-07-08T16:02:08.806Z,"""",,,,,,"
"InternetGatewayDevice.QueueManagement.X_HW_DscpToPbitMappingTable,true,2026-07-08T16:02:08.806Z,true,2026-07-08T16:02:08.806Z,"""",,,,,,"
"InternetGatewayDevice.QueueManagement.X_HW_Enable8021p,false,2026-07-08T16:02:08.806Z,true,2026-07-08T16:02:08.806Z,"""",,,,,,"
"InternetGatewayDevice.QueueManagement.X_HW_EnableDSCPMark,false,2026-07-08T16:02:08.806Z,true,2026-07-08T16:02:08.806Z,"""",,,,,,"
"InternetGatewayDevice.QueueManagement.X_HW_EnableForceWeight,false,2026-07-08T16:02:08.806Z,true,2026-07-08T16:02:08.806Z,"""",,,,,,"
"InternetGatewayDevice.QueueManagement.X_HW_Mode,false,2026-07-08T16:02:08.806Z,true,2026-07-08T16:02:08.806Z,"""",,,,,,"
"InternetGatewayDevice.QueueManagement.X_HW_Plan,false,2026-07-08T16:02:08.806Z,true,2026-07-08T16:02:08.806Z,"""",,,,,,"
"InternetGatewayDevice.Security,true,2026-07-08T16:02:08.806Z,false,2026-07-08T16:02:08.806Z,"""",,,,,,"
"InternetGatewayDevice.Security.Certificate,true,2026-07-08T16:02:08.806Z,true,2026-07-08T16:02:08.806Z,"""",,,,,,"
"InternetGatewayDevice.Security.Certificate.1,true,2026-07-08T16:02:08.806Z,true,2026-07-08T16:02:08.806Z,"""",,,,,,"
"InternetGatewayDevice.Security.Certificate.1.Enable,false,2026-07-08T16:02:08.806Z,true,2026-07-08T16:02:08.806Z,"""",,,,,,"
"InternetGatewayDevice.Security.Certificate.1.Issuer,false,2026-07-08T16:02:08.806Z,false,2026-07-08T16:02:08.806Z,"""",,,,,,"
"InternetGatewayDevice.Security.Certificate.1.LastModif,false,2026-07-08T16:02:08.806Z,false,2026-07-08T16:02:08.806Z,"""",,,,,,"
"InternetGatewayDevice.Security.Certificate.1.NotAfter,false,2026-07-08T16:02:08.806Z,false,2026-07-08T16:02:08.806Z,"""",,,,,,"
"InternetGatewayDevice.Security.Certificate.1.NotBefore,false,2026-07-08T16:02:08.806Z,false,2026-07-08T16:02:08.806Z,"""",,,,,,"
"InternetGatewayDevice.Security.Certificate.1.SerialNumber,false,2026-07-08T16:02:08.806Z,false,2026-07-08T16:02:08.806Z,"""",,,,,,"
"InternetGatewayDevice.Security.Certificate.1.SignatureAlgorithm,false,2026-07-08T16:02:08.806Z,false,2026-07-08T16:02:08.806Z,"""",,,,,,"
"InternetGatewayDevice.Security.Certificate.1.Subject,false,2026-07-08T16:02:08.806Z,false,2026-07-08T16:02:08.806Z,"""",,,,,,"
"InternetGatewayDevice.Security.Certificate.1.SubjectAlt,false,2026-07-08T16:02:08.806Z,false,2026-07-08T16:02:08.806Z,"""",,,,,,"
"InternetGatewayDevice.Security.Certificate.1.X_HW_Action,false,2026-07-08T16:02:08.806Z,true,2026-07-08T16:02:08.806Z,"""",,,,,,"
"InternetGatewayDevice.Security.Certificate.1.X_HW_Alias,false,2026-07-08T16:02:08.806Z,true,2026-07-08T16:02:08.806Z,"""",,,,,,"
"InternetGatewayDevice.Security.Certificate.1.X_HW_CertContext,false,2026-07-08T16:02:08.806Z,true,2026-07-08T16:02:08.806Z,"""",,,,,,"
"InternetGatewayDevice.Security.Certificate.1.X_HW_Interface,false,2026-07-08T16:02:08.806Z,true,2026-07-08T16:02:08.806Z,"""",,,,,,"
"InternetGatewayDevice.Security.Certificate.1.X_HW_IsImportedCert,false,2026-07-08T16:02:08.806Z,false,2026-07-08T16:02:08.806Z,"""",,,,,,"
"InternetGatewayDevice.Security.Certificate.1.X_HW_Notify,false,2026-07-08T16:02:08.806Z,true,2026-07-08T16:02:08.806Z,"""",,,,,,"
"InternetGatewayDevice.Security.Certificate.1.X_HW_Password,false,2026-07-08T16:02:08.806Z,true,2026-07-08T16:02:08.806Z,"""",,,,,,"
"InternetGatewayDevice.Security.Certificate.1.X_HW_Priority,false,2026-07-08T16:02:08.806Z,true,2026-07-08T16:02:08.806Z,"""",,,,,,"
"InternetGatewayDevice.Security.Certificate.1.X_HW_Status,false,2026-07-08T16:02:08.806Z,false,2026-07-08T16:02:08.806Z,"""",,,,,,"
"InternetGatewayDevice.Security.Certificate.1.X_HW_Thumbprint,false,2026-07-08T16:02:08.806Z,false,2026-07-08T16:02:08.806Z,"""",,,,,,"
"InternetGatewayDevice.Security.Certificate.1.X_HW_Type,false,2026-07-08T16:02:08.806Z,true,2026-07-08T16:02:08.806Z,"""",,,,,,"
"InternetGatewayDevice.Security.Certificate.1.X_HW_UploadURL,false,2026-07-08T16:02:08.806Z,true,2026-07-08T16:02:08.806Z,"""",,,,,,"
"InternetGatewayDevice.Security.Certificate.1.X_HW_Usage,false,2026-07-08T16:02:08.806Z,true,2026-07-08T16:02:08.806Z,"""",,,,,,"
"InternetGatewayDevice.Security.Certificate.2,true,2026-07-08T16:02:08.806Z,true,2026-07-08T16:02:08.806Z,"""",,,,,,"
"InternetGatewayDevice.Security.Certificate.2.Enable,false,2026-07-08T16:02:08.806Z,true,2026-07-08T16:02:08.806Z,"""",,,,,,"
"InternetGatewayDevice.Security.Certificate.2.Issuer,false,2026-07-08T16:02:08.806Z,false,2026-07-08T16:02:08.806Z,"""",,,,,,"
"InternetGatewayDevice.Security.Certificate.2.LastModif,false,2026-07-08T16:02:08.806Z,false,2026-07-08T16:02:08.806Z,"""",,,,,,"
"InternetGatewayDevice.Security.Certificate.2.NotAfter,false,2026-07-08T16:02:08.806Z,false,2026-07-08T16:02:08.806Z,"""",,,,,,"
"InternetGatewayDevice.Security.Certificate.2.NotBefore,false,2026-07-08T16:02:08.806Z,false,2026-07-08T16:02:08.806Z,"""",,,,,,"
"InternetGatewayDevice.Security.Certificate.2.SerialNumber,false,2026-07-08T16:02:08.806Z,false,2026-07-08T16:02:08.806Z,"""",,,,,,"
"InternetGatewayDevice.Security.Certificate.2.SignatureAlgorithm,false,2026-07-08T16:02:08.806Z,false,2026-07-08T16:02:08.806Z,"""",,,,,,"
"InternetGatewayDevice.Security.Certificate.2.Subject,false,2026-07-08T16:02:08.806Z,false,2026-07-08T16:02:08.806Z,"""",,,,,,"
"InternetGatewayDevice.Security.Certificate.2.SubjectAlt,false,2026-07-08T16:02:08.806Z,false,2026-07-08T16:02:08.806Z,"""",,,,,,"
"InternetGatewayDevice.Security.Certificate.2.X_HW_Action,false,2026-07-08T16:02:08.806Z,true,2026-07-08T16:02:08.806Z,"""",,,,,,"
"InternetGatewayDevice.Security.Certificate.2.X_HW_Alias,false,2026-07-08T16:02:08.806Z,true,2026-07-08T16:02:08.806Z,"""",,,,,,"
"InternetGatewayDevice.Security.Certificate.2.X_HW_CertContext,false,2026-07-08T16:02:08.806Z,true,2026-07-08T16:02:08.806Z,"""",,,,,,"
"InternetGatewayDevice.Security.Certificate.2.X_HW_Interface,false,2026-07-08T16:02:08.806Z,true,2026-07-08T16:02:08.806Z,"""",,,,,,"
"InternetGatewayDevice.Security.Certificate.2.X_HW_IsImportedCert,false,2026-07-08T16:02:08.806Z,false,2026-07-08T16:02:08.806Z,"""",,,,,,"
"InternetGatewayDevice.Security.Certificate.2.X_HW_Notify,false,2026-07-08T16:02:08.806Z,true,2026-07-08T16:02:08.806Z,"""",,,,,,"
"InternetGatewayDevice.Security.Certificate.2.X_HW_Password,false,2026-07-08T16:02:08.806Z,true,2026-07-08T16:02:08.806Z,"""",,,,,,"
"InternetGatewayDevice.Security.Certificate.2.X_HW_Priority,false,2026-07-08T16:02:08.806Z,true,2026-07-08T16:02:08.806Z,"""",,,,,,"
"InternetGatewayDevice.Security.Certificate.2.X_HW_Status,false,2026-07-08T16:02:08.806Z,false,2026-07-08T16:02:08.806Z,"""",,,,,,"
"InternetGatewayDevice.Security.Certificate.2.X_HW_Thumbprint,false,2026-07-08T16:02:08.806Z,false,2026-07-08T16:02:08.806Z,"""",,,,,,"
"InternetGatewayDevice.Security.Certificate.2.X_HW_Type,false,2026-07-08T16:02:08.806Z,true,2026-07-08T16:02:08.806Z,"""",,,,,,"
"InternetGatewayDevice.Security.Certificate.2.X_HW_UploadURL,false,2026-07-08T16:02:08.806Z,true,2026-07-08T16:02:08.806Z,"""",,,,,,"
"InternetGatewayDevice.Security.Certificate.2.X_HW_Usage,false,2026-07-08T16:02:08.806Z,true,2026-07-08T16:02:08.806Z,"""",,,,,,"
"InternetGatewayDevice.Security.Certificate.3,true,2026-07-08T16:02:08.806Z,true,2026-07-08T16:02:08.806Z,"""",,,,,,"
"InternetGatewayDevice.Security.Certificate.3.Enable,false,2026-07-08T16:02:08.806Z,true,2026-07-08T16:02:08.806Z,"""",,,,,,"
"InternetGatewayDevice.Security.Certificate.3.Issuer,false,2026-07-08T16:02:08.806Z,false,2026-07-08T16:02:08.806Z,"""",,,,,,"
"InternetGatewayDevice.Security.Certificate.3.LastModif,false,2026-07-08T16:02:08.806Z,false,2026-07-08T16:02:08.806Z,"""",,,,,,"
"InternetGatewayDevice.Security.Certificate.3.NotAfter,false,2026-07-08T16:02:08.806Z,false,2026-07-08T16:02:08.806Z,"""",,,,,,"
"InternetGatewayDevice.Security.Certificate.3.NotBefore,false,2026-07-08T16:02:08.806Z,false,2026-07-08T16:02:08.806Z,"""",,,,,,"
"InternetGatewayDevice.Security.Certificate.3.SerialNumber,false,2026-07-08T16:02:08.806Z,false,2026-07-08T16:02:08.806Z,"""",,,,,,"
"InternetGatewayDevice.Security.Certificate.3.SignatureAlgorithm,false,2026-07-08T16:02:08.806Z,false,2026-07-08T16:02:08.806Z,"""",,,,,,"
"InternetGatewayDevice.Security.Certificate.3.Subject,false,2026-07-08T16:02:08.806Z,false,2026-07-08T16:02:08.806Z,"""",,,,,,"
"InternetGatewayDevice.Security.Certificate.3.SubjectAlt,false,2026-07-08T16:02:08.806Z,false,2026-07-08T16:02:08.806Z,"""",,,,,,"
"InternetGatewayDevice.Security.Certificate.3.X_HW_Action,false,2026-07-08T16:02:08.806Z,true,2026-07-08T16:02:08.806Z,"""",,,,,,"
"InternetGatewayDevice.Security.Certificate.3.X_HW_Alias,false,2026-07-08T16:02:08.806Z,true,2026-07-08T16:02:08.806Z,"""",,,,,,"
"InternetGatewayDevice.Security.Certificate.3.X_HW_CertContext,false,2026-07-08T16:02:08.806Z,true,2026-07-08T16:02:08.806Z,"""",,,,,,"
"InternetGatewayDevice.Security.Certificate.3.X_HW_Interface,false,2026-07-08T16:02:08.806Z,true,2026-07-08T16:02:08.806Z,"""",,,,,,"
"InternetGatewayDevice.Security.Certificate.3.X_HW_IsImportedCert,false,2026-07-08T16:02:08.806Z,false,2026-07-08T16:02:08.806Z,"""",,,,,,"
"InternetGatewayDevice.Security.Certificate.3.X_HW_Notify,false,2026-07-08T16:02:08.806Z,true,2026-07-08T16:02:08.806Z,"""",,,,,,"
"InternetGatewayDevice.Security.Certificate.3.X_HW_Password,false,2026-07-08T16:02:08.806Z,true,2026-07-08T16:02:08.806Z,"""",,,,,,"
"InternetGatewayDevice.Security.Certificate.3.X_HW_Priority,false,2026-07-08T16:02:08.806Z,true,2026-07-08T16:02:08.806Z,"""",,,,,,"
"InternetGatewayDevice.Security.Certificate.3.X_HW_Status,false,2026-07-08T16:02:08.806Z,false,2026-07-08T16:02:08.806Z,"""",,,,,,"
"InternetGatewayDevice.Security.Certificate.3.X_HW_Thumbprint,false,2026-07-08T16:02:08.806Z,false,2026-07-08T16:02:08.806Z,"""",,,,,,"
"InternetGatewayDevice.Security.Certificate.3.X_HW_Type,false,2026-07-08T16:02:08.806Z,true,2026-07-08T16:02:08.806Z,"""",,,,,,"
"InternetGatewayDevice.Security.Certificate.3.X_HW_UploadURL,false,2026-07-08T16:02:08.806Z,true,2026-07-08T16:02:08.806Z,"""",,,,,,"
"InternetGatewayDevice.Security.Certificate.3.X_HW_Usage,false,2026-07-08T16:02:08.806Z,true,2026-07-08T16:02:08.806Z,"""",,,,,,"
"InternetGatewayDevice.Security.Certificate.4,true,2026-07-08T16:02:08.806Z,true,2026-07-08T16:02:08.806Z,"""",,,,,,"
"InternetGatewayDevice.Security.Certificate.4.Enable,false,2026-07-08T16:02:08.806Z,true,2026-07-08T16:02:08.806Z,"""",,,,,,"
"InternetGatewayDevice.Security.Certificate.4.Issuer,false,2026-07-08T16:02:08.806Z,false,2026-07-08T16:02:08.806Z,"""",,,,,,"
"InternetGatewayDevice.Security.Certificate.4.LastModif,false,2026-07-08T16:02:08.806Z,false,2026-07-08T16:02:08.806Z,"""",,,,,,"
"InternetGatewayDevice.Security.Certificate.4.NotAfter,false,2026-07-08T16:02:08.806Z,false,2026-07-08T16:02:08.806Z,"""",,,,,,"
"InternetGatewayDevice.Security.Certificate.4.NotBefore,false,2026-07-08T16:02:08.806Z,false,2026-07-08T16:02:08.806Z,"""",,,,,,"
"InternetGatewayDevice.Security.Certificate.4.SerialNumber,false,2026-07-08T16:02:08.806Z,false,2026-07-08T16:02:08.806Z,"""",,,,,,"
"InternetGatewayDevice.Security.Certificate.4.SignatureAlgorithm,false,2026-07-08T16:02:08.806Z,false,2026-07-08T16:02:08.806Z,"""",,,,,,"
"InternetGatewayDevice.Security.Certificate.4.Subject,false,2026-07-08T16:02:08.806Z,false,2026-07-08T16:02:08.806Z,"""",,,,,,"
"InternetGatewayDevice.Security.Certificate.4.SubjectAlt,false,2026-07-08T16:02:08.806Z,false,2026-07-08T16:02:08.806Z,"""",,,,,,"
"InternetGatewayDevice.Security.Certificate.4.X_HW_Action,false,2026-07-08T16:02:08.806Z,true,2026-07-08T16:02:08.806Z,"""",,,,,,"
"InternetGatewayDevice.Security.Certificate.4.X_HW_Alias,false,2026-07-08T16:02:08.806Z,true,2026-07-08T16:02:08.806Z,"""",,,,,,"
"InternetGatewayDevice.Security.Certificate.4.X_HW_CertContext,false,2026-07-08T16:02:08.806Z,true,2026-07-08T16:02:08.806Z,"""",,,,,,"
"InternetGatewayDevice.Security.Certificate.4.X_HW_Interface,false,2026-07-08T16:02:08.806Z,true,2026-07-08T16:02:08.806Z,"""",,,,,,"
"InternetGatewayDevice.Security.Certificate.4.X_HW_IsImportedCert,false,2026-07-08T16:02:08.806Z,false,2026-07-08T16:02:08.806Z,"""",,,,,,"
"InternetGatewayDevice.Security.Certificate.4.X_HW_Notify,false,2026-07-08T16:02:08.806Z,true,2026-07-08T16:02:08.806Z,"""",,,,,,"
"InternetGatewayDevice.Security.Certificate.4.X_HW_Password,false,2026-07-08T16:02:08.806Z,true,2026-07-08T16:02:08.806Z,"""",,,,,,"
"InternetGatewayDevice.Security.Certificate.4.X_HW_Priority,false,2026-07-08T16:02:08.806Z,true,2026-07-08T16:02:08.806Z,"""",,,,,,"
"InternetGatewayDevice.Security.Certificate.4.X_HW_Status,false,2026-07-08T16:02:08.806Z,false,2026-07-08T16:02:08.806Z,"""",,,,,,"
"InternetGatewayDevice.Security.Certificate.4.X_HW_Thumbprint,false,2026-07-08T16:02:08.806Z,false,2026-07-08T16:02:08.806Z,"""",,,,,,"
"InternetGatewayDevice.Security.Certificate.4.X_HW_Type,false,2026-07-08T16:02:08.806Z,true,2026-07-08T16:02:08.806Z,"""",,,,,,"
"InternetGatewayDevice.Security.Certificate.4.X_HW_UploadURL,false,2026-07-08T16:02:08.806Z,true,2026-07-08T16:02:08.806Z,"""",,,,,,"
"InternetGatewayDevice.Security.Certificate.4.X_HW_Usage,false,2026-07-08T16:02:08.806Z,true,2026-07-08T16:02:08.806Z,"""",,,,,,"
"InternetGatewayDevice.Security.Certificate.5,true,2026-07-08T16:02:08.806Z,true,2026-07-08T16:02:08.806Z,"""",,,,,,"
"InternetGatewayDevice.Security.Certificate.5.Enable,false,2026-07-08T16:02:08.806Z,true,2026-07-08T16:02:08.806Z,"""",,,,,,"
"InternetGatewayDevice.Security.Certificate.5.Issuer,false,2026-07-08T16:02:08.806Z,false,2026-07-08T16:02:08.806Z,"""",,,,,,"
"InternetGatewayDevice.Security.Certificate.5.LastModif,false,2026-07-08T16:02:08.806Z,false,2026-07-08T16:02:08.806Z,"""",,,,,,"
"InternetGatewayDevice.Security.Certificate.5.NotAfter,false,2026-07-08T16:02:08.806Z,false,2026-07-08T16:02:08.806Z,"""",,,,,,"
"InternetGatewayDevice.Security.Certificate.5.NotBefore,false,2026-07-08T16:02:08.806Z,false,2026-07-08T16:02:08.806Z,"""",,,,,,"
"InternetGatewayDevice.Security.Certificate.5.SerialNumber,false,2026-07-08T16:02:08.806Z,false,2026-07-08T16:02:08.806Z,"""",,,,,,"
"InternetGatewayDevice.Security.Certificate.5.SignatureAlgorithm,false,2026-07-08T16:02:08.806Z,false,2026-07-08T16:02:08.806Z,"""",,,,,,"
"InternetGatewayDevice.Security.Certificate.5.Subject,false,2026-07-08T16:02:08.806Z,false,2026-07-08T16:02:08.806Z,"""",,,,,,"
"InternetGatewayDevice.Security.Certificate.5.SubjectAlt,false,2026-07-08T16:02:08.806Z,false,2026-07-08T16:02:08.806Z,"""",,,,,,"
"InternetGatewayDevice.Security.Certificate.5.X_HW_Action,false,2026-07-08T16:02:08.806Z,true,2026-07-08T16:02:08.806Z,"""",,,,,,"
"InternetGatewayDevice.Security.Certificate.5.X_HW_Alias,false,2026-07-08T16:02:08.806Z,true,2026-07-08T16:02:08.806Z,"""",,,,,,"
"InternetGatewayDevice.Security.Certificate.5.X_HW_CertContext,false,2026-07-08T16:02:08.806Z,true,2026-07-08T16:02:08.806Z,"""",,,,,,"
"InternetGatewayDevice.Security.Certificate.5.X_HW_Interface,false,2026-07-08T16:02:08.806Z,true,2026-07-08T16:02:08.806Z,"""",,,,,,"
"InternetGatewayDevice.Security.Certificate.5.X_HW_IsImportedCert,false,2026-07-08T16:02:08.806Z,false,2026-07-08T16:02:08.806Z,"""",,,,,,"
"InternetGatewayDevice.Security.Certificate.5.X_HW_Notify,false,2026-07-08T16:02:08.806Z,true,2026-07-08T16:02:08.806Z,"""",,,,,,"
"InternetGatewayDevice.Security.Certificate.5.X_HW_Password,false,2026-07-08T16:02:08.806Z,true,2026-07-08T16:02:08.806Z,"""",,,,,,"
"InternetGatewayDevice.Security.Certificate.5.X_HW_Priority,false,2026-07-08T16:02:08.806Z,true,2026-07-08T16:02:08.806Z,"""",,,,,,"
"InternetGatewayDevice.Security.Certificate.5.X_HW_Status,false,2026-07-08T16:02:08.806Z,false,2026-07-08T16:02:08.806Z,"""",,,,,,"
"InternetGatewayDevice.Security.Certificate.5.X_HW_Thumbprint,false,2026-07-08T16:02:08.806Z,false,2026-07-08T16:02:08.806Z,"""",,,,,,"
"InternetGatewayDevice.Security.Certificate.5.X_HW_Type,false,2026-07-08T16:02:08.806Z,true,2026-07-08T16:02:08.806Z,"""",,,,,,"
"InternetGatewayDevice.Security.Certificate.5.X_HW_UploadURL,false,2026-07-08T16:02:08.806Z,true,2026-07-08T16:02:08.806Z,"""",,,,,,"
"InternetGatewayDevice.Security.Certificate.5.X_HW_Usage,false,2026-07-08T16:02:08.806Z,true,2026-07-08T16:02:08.806Z,"""",,,,,,"
"InternetGatewayDevice.Security.CertificateNumberOfEntries,false,2026-07-08T16:02:08.806Z,false,2026-07-08T16:02:08.806Z,"""",,,,,,"
"InternetGatewayDevice.ServerSelectionDiagnostics,true,2026-07-08T16:02:08.806Z,true,2026-07-08T16:02:08.806Z,"""",,,,,,"
"InternetGatewayDevice.ServerSelectionDiagnostics.AverageResponseTime,false,2026-07-08T16:02:08.806Z,false,2026-07-08T16:02:08.806Z,"""",,,,,,"
"InternetGatewayDevice.ServerSelectionDiagnostics.DiagnosticsState,false,2026-07-08T16:02:08.806Z,true,2026-07-08T16:02:08.806Z,"""",,,,,,"
"InternetGatewayDevice.ServerSelectionDiagnostics.FastestHost,false,2026-07-08T16:02:08.806Z,false,2026-07-08T16:02:08.806Z,"""",,,,,,"
"InternetGatewayDevice.ServerSelectionDiagnostics.HostList,false,2026-07-08T16:02:08.806Z,true,2026-07-08T16:02:08.806Z,"""",,,,,,"
"InternetGatewayDevice.ServerSelectionDiagnostics.IPAddressUsed,false,2026-07-08T16:02:08.806Z,false,2026-07-08T16:02:08.806Z,"""",,,,,,"
"InternetGatewayDevice.ServerSelectionDiagnostics.Interface,false,2026-07-08T16:02:08.806Z,true,2026-07-08T16:02:08.806Z,"""",,,,,,"
"InternetGatewayDevice.ServerSelectionDiagnostics.MaximumResponseTime,false,2026-07-08T16:02:08.806Z,false,2026-07-08T16:02:08.806Z,"""",,,,,,"
"InternetGatewayDevice.ServerSelectionDiagnostics.MinimumResponseTime,false,2026-07-08T16:02:08.806Z,false,2026-07-08T16:02:08.806Z,"""",,,,,,"
"InternetGatewayDevice.ServerSelectionDiagnostics.NumberOfRepetitions,false,2026-07-08T16:02:08.806Z,true,2026-07-08T16:02:08.806Z,"""",,,,,,"
"InternetGatewayDevice.ServerSelectionDiagnostics.Protocol,false,2026-07-08T16:02:08.806Z,true,2026-07-08T16:02:08.806Z,"""",,,,,,"
"InternetGatewayDevice.ServerSelectionDiagnostics.ProtocolVersion,false,2026-07-08T16:02:08.806Z,true,2026-07-08T16:02:08.806Z,"""",,,,,,"
"InternetGatewayDevice.ServerSelectionDiagnostics.Timeout,false,2026-07-08T16:02:08.806Z,true,2026-07-08T16:02:08.806Z,"""",,,,,,"
"InternetGatewayDevice.Services,true,2026-07-08T16:02:08.806Z,true,2026-07-08T16:02:08.806Z,"""",,,,,,"
"InternetGatewayDevice.Services.VoiceService,true,2026-07-08T16:02:08.806Z,true,2026-07-08T16:02:08.806Z,"""",,,,,,"
"InternetGatewayDevice.Services.VoiceService.1,true,2026-07-08T16:02:08.806Z,true,2026-07-08T16:02:08.806Z,"""",,,,,,"
"InternetGatewayDevice.Services.VoiceService.1.Capabilities,true,2026-07-08T16:02:08.806Z,false,2026-07-08T16:02:08.806Z,"""",,,,,,"
"InternetGatewayDevice.Services.VoiceService.1.Capabilities.ButtonMap,false,2026-07-08T16:02:08.806Z,false,2026-07-08T16:02:08.806Z,"""",,,,,,"
"InternetGatewayDevice.Services.VoiceService.1.Capabilities.Codecs,true,2026-07-08T16:02:08.806Z,false,2026-07-08T16:02:08.806Z,"""",,,,,,"
"InternetGatewayDevice.Services.VoiceService.1.Capabilities.Codecs.1,true,2026-07-08T16:02:08.806Z,false,2026-07-08T16:02:08.806Z,"""",,,,,,"
"InternetGatewayDevice.Services.VoiceService.1.Capabilities.Codecs.1.BitRate,false,2026-07-08T16:02:08.806Z,false,2026-07-08T16:02:08.806Z,"""",,,,,,"
"InternetGatewayDevice.Services.VoiceService.1.Capabilities.Codecs.1.Codec,false,2026-07-08T16:02:08.806Z,false,2026-07-08T16:02:08.806Z,"""",,,,,,"
"InternetGatewayDevice.Services.VoiceService.1.Capabilities.Codecs.1.EntryID,false,2026-07-08T16:02:08.806Z,false,2026-07-08T16:02:08.806Z,"""",,,,,,"
"InternetGatewayDevice.Services.VoiceService.1.Capabilities.Codecs.1.PacketizationPeriod,false,2026-07-08T16:02:08.806Z,false,2026-07-08T16:02:08.806Z,"""",,,,,,"
"InternetGatewayDevice.Services.VoiceService.1.Capabilities.Codecs.1.SilenceSuppression,false,2026-07-08T16:02:08.806Z,false,2026-07-08T16:02:08.806Z,"""",,,,,,"
"InternetGatewayDevice.Services.VoiceService.1.Capabilities.Codecs.2,true,2026-07-08T16:02:08.806Z,false,2026-07-08T16:02:08.806Z,"""",,,,,,"
"InternetGatewayDevice.Services.VoiceService.1.Capabilities.Codecs.2.BitRate,false,2026-07-08T16:02:08.806Z,false,2026-07-08T16:02:08.806Z,"""",,,,,,"
"InternetGatewayDevice.Services.VoiceService.1.Capabilities.Codecs.2.Codec,false,2026-07-08T16:02:08.806Z,false,2026-07-08T16:02:08.806Z,"""",,,,,,"
"InternetGatewayDevice.Services.VoiceService.1.Capabilities.Codecs.2.EntryID,false,2026-07-08T16:02:08.806Z,false,2026-07-08T16:02:08.806Z,"""",,,,,,"
"InternetGatewayDevice.Services.VoiceService.1.Capabilities.Codecs.2.PacketizationPeriod,false,2026-07-08T16:02:08.806Z,false,2026-07-08T16:02:08.806Z,"""",,,,,,"
"InternetGatewayDevice.Services.VoiceService.1.Capabilities.Codecs.2.SilenceSuppression,false,2026-07-08T16:02:08.806Z,false,2026-07-08T16:02:08.806Z,"""",,,,,,"
"InternetGatewayDevice.Services.VoiceService.1.Capabilities.Codecs.3,true,2026-07-08T16:02:08.806Z,false,2026-07-08T16:02:08.806Z,"""",,,,,,"
"InternetGatewayDevice.Services.VoiceService.1.Capabilities.Codecs.3.BitRate,false,2026-07-08T16:02:08.806Z,false,2026-07-08T16:02:08.806Z,"""",,,,,,"
"InternetGatewayDevice.Services.VoiceService.1.Capabilities.Codecs.3.Codec,false,2026-07-08T16:02:08.806Z,false,2026-07-08T16:02:08.806Z,"""",,,,,,"
"InternetGatewayDevice.Services.VoiceService.1.Capabilities.Codecs.3.EntryID,false,2026-07-08T16:02:08.806Z,false,2026-07-08T16:02:08.806Z,"""",,,,,,"
"InternetGatewayDevice.Services.VoiceService.1.Capabilities.Codecs.3.PacketizationPeriod,false,2026-07-08T16:02:08.806Z,false,2026-07-08T16:02:08.806Z,"""",,,,,,"
"InternetGatewayDevice.Services.VoiceService.1.Capabilities.Codecs.3.SilenceSuppression,false,2026-07-08T16:02:08.806Z,false,2026-07-08T16:02:08.806Z,"""",,,,,,"
"InternetGatewayDevice.Services.VoiceService.1.Capabilities.Codecs.4,true,2026-07-08T16:02:08.806Z,false,2026-07-08T16:02:08.806Z,"""",,,,,,"
"InternetGatewayDevice.Services.VoiceService.1.Capabilities.Codecs.4.BitRate,false,2026-07-08T16:02:08.806Z,false,2026-07-08T16:02:08.806Z,"""",,,,,,"
"InternetGatewayDevice.Services.VoiceService.1.Capabilities.Codecs.4.Codec,false,2026-07-08T16:02:08.806Z,false,2026-07-08T16:02:08.806Z,"""",,,,,,"
"InternetGatewayDevice.Services.VoiceService.1.Capabilities.Codecs.4.EntryID,false,2026-07-08T16:02:08.806Z,false,2026-07-08T16:02:08.806Z,"""",,,,,,"
"InternetGatewayDevice.Services.VoiceService.1.Capabilities.Codecs.4.PacketizationPeriod,false,2026-07-08T16:02:08.806Z,false,2026-07-08T16:02:08.806Z,"""",,,,,,"
"InternetGatewayDevice.Services.VoiceService.1.Capabilities.Codecs.4.SilenceSuppression,false,2026-07-08T16:02:08.806Z,false,2026-07-08T16:02:08.806Z,"""",,,,,,"
"InternetGatewayDevice.Services.VoiceService.1.Capabilities.DSCPCoupled,false,2026-07-08T16:02:08.806Z,false,2026-07-08T16:02:08.806Z,"""",,,,,,"
"InternetGatewayDevice.Services.VoiceService.1.Capabilities.DigitMap,false,2026-07-08T16:02:08.806Z,false,2026-07-08T16:02:08.806Z,"""",,,,,,"
"InternetGatewayDevice.Services.VoiceService.1.Capabilities.EthernetTaggingCoupled,false,2026-07-08T16:02:08.806Z,false,2026-07-08T16:02:08.806Z,"""",,,,,,"
"InternetGatewayDevice.Services.VoiceService.1.Capabilities.FaxPassThrough,false,2026-07-08T16:02:08.806Z,false,2026-07-08T16:02:08.806Z,"""",,,,,,"
"InternetGatewayDevice.Services.VoiceService.1.Capabilities.FaxT38,false,2026-07-08T16:02:08.806Z,false,2026-07-08T16:02:08.806Z,"""",,,,,,"
"InternetGatewayDevice.Services.VoiceService.1.Capabilities.FileBasedRingGeneration,false,2026-07-08T16:02:08.806Z,false,2026-07-08T16:02:08.806Z,"""",,,,,,"
"InternetGatewayDevice.Services.VoiceService.1.Capabilities.FileBasedToneGeneration,false,2026-07-08T16:02:08.806Z,false,2026-07-08T16:02:08.806Z,"""",,,,,,"
"InternetGatewayDevice.Services.VoiceService.1.Capabilities.MaxLineCount,false,2026-07-08T16:02:08.806Z,false,2026-07-08T16:02:08.806Z,"""",,,,,,"
"InternetGatewayDevice.Services.VoiceService.1.Capabilities.MaxProfileCount,false,2026-07-08T16:02:08.806Z,false,2026-07-08T16:02:08.806Z,"""",,,,,,"
"InternetGatewayDevice.Services.VoiceService.1.Capabilities.MaxSessionCount,false,2026-07-08T16:02:08.806Z,false,2026-07-08T16:02:08.806Z,"""",,,,,,"
"InternetGatewayDevice.Services.VoiceService.1.Capabilities.MaxSessionsPerLine,false,2026-07-08T16:02:08.806Z,false,2026-07-08T16:02:08.806Z,"""",,,,,,"
"InternetGatewayDevice.Services.VoiceService.1.Capabilities.ModemPassThrough,false,2026-07-08T16:02:08.806Z,false,2026-07-08T16:02:08.806Z,"""",,,,,,"
"InternetGatewayDevice.Services.VoiceService.1.Capabilities.NumberingPlan,false,2026-07-08T16:02:08.806Z,false,2026-07-08T16:02:08.806Z,"""",,,,,,"
"InternetGatewayDevice.Services.VoiceService.1.Capabilities.PSTNSoftSwitchOver,false,2026-07-08T16:02:08.806Z,false,2026-07-08T16:02:08.806Z,"""",,,,,,"
"InternetGatewayDevice.Services.VoiceService.1.Capabilities.PatternBasedRingGeneration,false,2026-07-08T16:02:08.806Z,false,2026-07-08T16:02:08.806Z,"""",,,,,,"
"InternetGatewayDevice.Services.VoiceService.1.Capabilities.PatternBasedToneGeneration,false,2026-07-08T16:02:08.806Z,false,2026-07-08T16:02:08.806Z,"""",,,,,,"
"InternetGatewayDevice.Services.VoiceService.1.Capabilities.RTCP,false,2026-07-08T16:02:08.806Z,false,2026-07-08T16:02:08.806Z,"""",,,,,,"
"InternetGatewayDevice.Services.VoiceService.1.Capabilities.RTPRedundancy,false,2026-07-08T16:02:08.806Z,false,2026-07-08T16:02:08.806Z,"""",,,,,,"
"InternetGatewayDevice.Services.VoiceService.1.Capabilities.Regions,false,2026-07-08T16:02:08.806Z,false,2026-07-08T16:02:08.806Z,"""",,,,,,"
"InternetGatewayDevice.Services.VoiceService.1.Capabilities.RingDescriptionsEditable,false,2026-07-08T16:02:08.806Z,false,2026-07-08T16:02:08.806Z,"""",,,,,,"
"InternetGatewayDevice.Services.VoiceService.1.Capabilities.RingFileFormats,false,2026-07-08T16:02:08.806Z,false,2026-07-08T16:02:08.806Z,"""",,,,,,"
"InternetGatewayDevice.Services.VoiceService.1.Capabilities.RingGeneration,false,2026-07-08T16:02:08.806Z,false,2026-07-08T16:02:08.806Z,"""",,,,,,"
"InternetGatewayDevice.Services.VoiceService.1.Capabilities.RingPatternEditable,false,2026-07-08T16:02:08.806Z,false,2026-07-08T16:02:08.806Z,"""",,,,,,"
"InternetGatewayDevice.Services.VoiceService.1.Capabilities.SIP,true,2026-07-08T16:02:08.806Z,false,2026-07-08T16:02:08.806Z,"""",,,,,,"
"InternetGatewayDevice.Services.VoiceService.1.Capabilities.SIP.EventSubscription,false,2026-07-08T16:02:08.806Z,false,2026-07-08T16:02:08.806Z,"""",,,,,,"
"InternetGatewayDevice.Services.VoiceService.1.Capabilities.SIP.Extensions,false,2026-07-08T16:02:08.806Z,false,2026-07-08T16:02:08.806Z,"""",,,,,,"
"InternetGatewayDevice.Services.VoiceService.1.Capabilities.SIP.ResponseMap,false,2026-07-08T16:02:08.806Z,false,2026-07-08T16:02:08.806Z,"""",,,,,,"
"InternetGatewayDevice.Services.VoiceService.1.Capabilities.SIP.Role,false,2026-07-08T16:02:08.806Z,false,2026-07-08T16:02:08.806Z,"""",,,,,,"
"InternetGatewayDevice.Services.VoiceService.1.Capabilities.SIP.TLSAuthenticationKeySizes,false,2026-07-08T16:02:08.806Z,false,2026-07-08T16:02:08.806Z,"""",,,,,,"
"InternetGatewayDevice.Services.VoiceService.1.Capabilities.SIP.TLSAuthenticationProtocols,false,2026-07-08T16:02:08.806Z,false,2026-07-08T16:02:08.806Z,"""",,,,,,"
"InternetGatewayDevice.Services.VoiceService.1.Capabilities.SIP.TLSEncryptionKeySizes,false,2026-07-08T16:02:08.806Z,false,2026-07-08T16:02:08.806Z,"""",,,,,,"
"InternetGatewayDevice.Services.VoiceService.1.Capabilities.SIP.TLSEncryptionProtocols,false,2026-07-08T16:02:08.806Z,false,2026-07-08T16:02:08.806Z,"""",,,,,,"
"InternetGatewayDevice.Services.VoiceService.1.Capabilities.SIP.TLSKeyExchangeProtocols,false,2026-07-08T16:02:08.806Z,false,2026-07-08T16:02:08.806Z,"""",,,,,,"
"InternetGatewayDevice.Services.VoiceService.1.Capabilities.SIP.Transports,false,2026-07-08T16:02:08.806Z,false,2026-07-08T16:02:08.806Z,"""",,,,,,"
"InternetGatewayDevice.Services.VoiceService.1.Capabilities.SIP.URISchemes,false,2026-07-08T16:02:08.806Z,false,2026-07-08T16:02:08.806Z,"""",,,,,,"
"InternetGatewayDevice.Services.VoiceService.1.Capabilities.SRTP,false,2026-07-08T16:02:08.806Z,false,2026-07-08T16:02:08.806Z,"""",,,,,,"
"InternetGatewayDevice.Services.VoiceService.1.Capabilities.SRTPEncryptionKeySizes,false,2026-07-08T16:02:08.806Z,false,2026-07-08T16:02:08.806Z,"""",,,,,,"
"InternetGatewayDevice.Services.VoiceService.1.Capabilities.SRTPKeyingMethods,false,2026-07-08T16:02:08.806Z,false,2026-07-08T16:02:08.806Z,"""",,,,,,"
"InternetGatewayDevice.Services.VoiceService.1.Capabilities.SignalingProtocols,false,2026-07-08T16:02:08.806Z,false,2026-07-08T16:02:08.806Z,"""",,,,,,"
"InternetGatewayDevice.Services.VoiceService.1.Capabilities.ToneDescriptionsEditable,false,2026-07-08T16:02:08.806Z,false,2026-07-08T16:02:08.806Z,"""",,,,,,"
"InternetGatewayDevice.Services.VoiceService.1.Capabilities.ToneFileFormats,false,2026-07-08T16:02:08.806Z,false,2026-07-08T16:02:08.806Z,"""",,,,,,"
"InternetGatewayDevice.Services.VoiceService.1.Capabilities.ToneGeneration,false,2026-07-08T16:02:08.806Z,false,2026-07-08T16:02:08.806Z,"""",,,,,,"
"InternetGatewayDevice.Services.VoiceService.1.Capabilities.VoicePortTests,false,2026-07-08T16:02:08.806Z,false,2026-07-08T16:02:08.806Z,"""",,,,,,"
"InternetGatewayDevice.Services.VoiceService.1.Capabilities.X_HW_Heartbeat,false,2026-07-08T16:02:08.806Z,false,2026-07-08T16:02:08.806Z,"""",,,,,,"
"InternetGatewayDevice.Services.VoiceService.1.PhyInterface,true,2026-07-08T16:02:08.806Z,true,2026-07-08T16:02:08.806Z,"""",,,,,,"
"InternetGatewayDevice.Services.VoiceService.1.PhyInterface.1,true,2026-07-08T16:02:08.806Z,true,2026-07-08T16:02:08.806Z,"""",,,,,,"
"InternetGatewayDevice.Services.VoiceService.1.PhyInterface.1.Description,false,2026-07-08T16:02:08.806Z,true,2026-07-08T16:02:08.806Z,"""",,,,,,"
"InternetGatewayDevice.Services.VoiceService.1.PhyInterface.1.InterfaceID,false,2026-07-08T16:02:08.806Z,false,2026-07-08T16:02:08.806Z,"""",,,,,,"
"InternetGatewayDevice.Services.VoiceService.1.PhyInterface.1.PhyPort,false,2026-07-08T16:02:08.806Z,false,2026-07-08T16:02:08.806Z,"""",,,,,,"
"InternetGatewayDevice.Services.VoiceService.1.PhyInterface.1.Tests,true,2026-07-08T16:02:08.806Z,true,2026-07-08T16:02:08.806Z,"""",,,,,,"
"InternetGatewayDevice.Services.VoiceService.1.PhyInterface.1.Tests.PhoneConnectivity,false,2026-07-08T16:02:08.806Z,false,2026-07-08T16:02:08.806Z,"""",,,,,,"
"InternetGatewayDevice.Services.VoiceService.1.PhyInterface.1.Tests.TestSelector,false,2026-07-08T16:02:08.806Z,true,2026-07-08T16:02:08.806Z,"""",,,,,,"
"InternetGatewayDevice.Services.VoiceService.1.PhyInterface.1.Tests.TestState,false,2026-07-08T16:02:08.806Z,true,2026-07-08T16:02:08.806Z,"""",,,,,,"
"InternetGatewayDevice.Services.VoiceService.1.PhyInterface.1.Tests.X_HW_InnerTest,true,2026-07-08T16:02:08.806Z,true,2026-07-08T16:02:08.806Z,"""",,,,,,"
"InternetGatewayDevice.Services.VoiceService.1.PhyInterface.1.Tests.X_HW_InnerTest.FeedTestResult,false,2026-07-08T16:02:08.806Z,false,2026-07-08T16:02:08.806Z,"""",,,,,,"
"InternetGatewayDevice.Services.VoiceService.1.PhyInterface.1.Tests.X_HW_InnerTest.FeedValue,false,2026-07-08T16:02:08.806Z,false,2026-07-08T16:02:08.806Z,"""",,,,,,"
"InternetGatewayDevice.Services.VoiceService.1.PhyInterface.1.Tests.X_HW_InnerTest.LoopCurrentTestResult,false,2026-07-08T16:02:08.806Z,false,2026-07-08T16:02:08.806Z,"""",,,,,,"
"InternetGatewayDevice.Services.VoiceService.1.PhyInterface.1.Tests.X_HW_InnerTest.LoopCurrentValue,false,2026-07-08T16:02:08.806Z,false,2026-07-08T16:02:08.806Z,"""",,,,,,"
"InternetGatewayDevice.Services.VoiceService.1.PhyInterface.1.Tests.X_HW_InnerTest.OnOffHookTestResult,false,2026-07-08T16:02:08.806Z,false,2026-07-08T16:02:08.806Z,"""",,,,,,"
"InternetGatewayDevice.Services.VoiceService.1.PhyInterface.1.Tests.X_HW_InnerTest.RingTestResult,false,2026-07-08T16:02:08.806Z,false,2026-07-08T16:02:08.806Z,"""",,,,,,"
"InternetGatewayDevice.Services.VoiceService.1.PhyInterface.1.Tests.X_HW_InnerTest.RingValue,false,2026-07-08T16:02:08.806Z,false,2026-07-08T16:02:08.806Z,"""",,,,,,"
"InternetGatewayDevice.Services.VoiceService.1.PhyInterface.1.Tests.X_HW_LineTest,true,2026-07-08T16:02:08.806Z,true,2026-07-08T16:02:08.806Z,"""",,,,,,"
"InternetGatewayDevice.Services.VoiceService.1.PhyInterface.1.Tests.X_HW_LineTest.ABACVoltage,false,2026-07-08T16:02:08.806Z,false,2026-07-08T16:02:08.806Z,"""",,,,,,"
"InternetGatewayDevice.Services.VoiceService.1.PhyInterface.1.Tests.X_HW_LineTest.ABCapacitance,false,2026-07-08T16:02:08.806Z,false,2026-07-08T16:02:08.806Z,"""",,,,,,"
"InternetGatewayDevice.Services.VoiceService.1.PhyInterface.1.Tests.X_HW_LineTest.ABDCVoltage,false,2026-07-08T16:02:08.806Z,false,2026-07-08T16:02:08.806Z,"""",,,,,,"
"InternetGatewayDevice.Services.VoiceService.1.PhyInterface.1.Tests.X_HW_LineTest.ABInsulationResistance,false,2026-07-08T16:02:08.806Z,false,2026-07-08T16:02:08.806Z,"""",,,,,,"
"InternetGatewayDevice.Services.VoiceService.1.PhyInterface.1.Tests.X_HW_LineTest.AGACVoltage,false,2026-07-08T16:02:08.806Z,false,2026-07-08T16:02:08.806Z,"""",,,,,,"
"InternetGatewayDevice.Services.VoiceService.1.PhyInterface.1.Tests.X_HW_LineTest.AGCapacitance,false,2026-07-08T16:02:08.806Z,false,2026-07-08T16:02:08.806Z,"""",,,,,,"
"InternetGatewayDevice.Services.VoiceService.1.PhyInterface.1.Tests.X_HW_LineTest.AGDCVoltage,false,2026-07-08T16:02:08.806Z,false,2026-07-08T16:02:08.806Z,"""",,,,,,"
"InternetGatewayDevice.Services.VoiceService.1.PhyInterface.1.Tests.X_HW_LineTest.AGInsulationResistance,false,2026-07-08T16:02:08.806Z,false,2026-07-08T16:02:08.806Z,"""",,,,,,"
"InternetGatewayDevice.Services.VoiceService.1.PhyInterface.1.Tests.X_HW_LineTest.BGACVoltage,false,2026-07-08T16:02:08.806Z,false,2026-07-08T16:02:08.806Z,"""",,,,,,"
"InternetGatewayDevice.Services.VoiceService.1.PhyInterface.1.Tests.X_HW_LineTest.BGCapacitance,false,2026-07-08T16:02:08.806Z,false,2026-07-08T16:02:08.806Z,"""",,,,,,"
"InternetGatewayDevice.Services.VoiceService.1.PhyInterface.1.Tests.X_HW_LineTest.BGDCVoltage,false,2026-07-08T16:02:08.806Z,false,2026-07-08T16:02:08.806Z,"""",,,,,,"
"InternetGatewayDevice.Services.VoiceService.1.PhyInterface.1.Tests.X_HW_LineTest.BGInsulationResistance,false,2026-07-08T16:02:08.806Z,false,2026-07-08T16:02:08.806Z,"""",,,,,,"
"InternetGatewayDevice.Services.VoiceService.1.PhyInterface.1.Tests.X_HW_LineTest.Conclusion,false,2026-07-08T16:02:08.806Z,false,2026-07-08T16:02:08.806Z,"""",,,,,,"
"InternetGatewayDevice.Services.VoiceService.1.PhyInterface.1.Tests.X_HW_LineTest.IsTestOnBusy,false,2026-07-08T16:02:08.806Z,true,2026-07-08T16:02:08.806Z,"""",,,,,,"
"InternetGatewayDevice.Services.VoiceService.1.PhyInterface.1.Tests.X_HW_SimulateTest,true,2026-07-08T16:02:08.806Z,true,2026-07-08T16:02:08.806Z,"""",,,,,,"
"InternetGatewayDevice.Services.VoiceService.1.PhyInterface.1.Tests.X_HW_SimulateTest.AutoTestResult,false,2026-07-08T16:02:08.806Z,false,2026-07-08T16:02:08.806Z,"""",,,,,,"
"InternetGatewayDevice.Services.VoiceService.1.PhyInterface.1.Tests.X_HW_SimulateTest.CallHoldTimer,false,2026-07-08T16:02:08.806Z,true,2026-07-08T16:02:08.806Z,"""",,,,,,"
"InternetGatewayDevice.Services.VoiceService.1.PhyInterface.1.Tests.X_HW_SimulateTest.CallType,false,2026-07-08T16:02:08.806Z,true,2026-07-08T16:02:08.806Z,"""",,,,,,"
"InternetGatewayDevice.Services.VoiceService.1.PhyInterface.1.Tests.X_HW_SimulateTest.CalledFailReason,false,2026-07-08T16:02:08.806Z,false,2026-07-08T16:02:08.806Z,"""",,,,,,"
"InternetGatewayDevice.Services.VoiceService.1.PhyInterface.1.Tests.X_HW_SimulateTest.CalledNumber,false,2026-07-08T16:02:08.806Z,true,2026-07-08T16:02:08.806Z,"""",,,,,,"
"InternetGatewayDevice.Services.VoiceService.1.PhyInterface.1.Tests.X_HW_SimulateTest.CalledNumberToRemote,false,2026-07-08T16:02:08.806Z,false,2026-07-08T16:02:08.806Z,"""",,,,,,"
"InternetGatewayDevice.Services.VoiceService.1.PhyInterface.1.Tests.X_HW_SimulateTest.CalledWaitTimer,false,2026-07-08T16:02:08.806Z,true,2026-07-08T16:02:08.806Z,"""",,,,,,"
"InternetGatewayDevice.Services.VoiceService.1.PhyInterface.1.Tests.X_HW_SimulateTest.CallerFailReason,false,2026-07-08T16:02:08.806Z,false,2026-07-08T16:02:08.806Z,"""",,,,,,"
"InternetGatewayDevice.Services.VoiceService.1.PhyInterface.1.Tests.X_HW_SimulateTest.Conclusion,false,2026-07-08T16:02:08.806Z,false,2026-07-08T16:02:08.806Z,"""",,,,,,"
"InternetGatewayDevice.Services.VoiceService.1.PhyInterface.1.Tests.X_HW_SimulateTest.DTMFReceiveSequence,false,2026-07-08T16:02:08.806Z,false,2026-07-08T16:02:08.806Z,"""",,,,,,"
"InternetGatewayDevice.Services.VoiceService.1.PhyInterface.1.Tests.X_HW_SimulateTest.DTMFSendSequence,false,2026-07-08T16:02:08.806Z,true,2026-07-08T16:02:08.806Z,"""",,,,,,"
"InternetGatewayDevice.Services.VoiceService.1.PhyInterface.1.Tests.X_HW_SimulateTest.DailDTMFConfirmEnable,false,2026-07-08T16:02:08.806Z,true,2026-07-08T16:02:08.806Z,"""",,,,,,"
"InternetGatewayDevice.Services.VoiceService.1.PhyInterface.1.Tests.X_HW_SimulateTest.DailDTMFConfirmNumber,false,2026-07-08T16:02:08.806Z,true,2026-07-08T16:02:08.806Z,"""",,,,,,"
"InternetGatewayDevice.Services.VoiceService.1.PhyInterface.1.Tests.X_HW_SimulateTest.DailDTMFConfirmResult,false,2026-07-08T16:02:08.806Z,false,2026-07-08T16:02:08.806Z,"""",,,,,,"
"InternetGatewayDevice.Services.VoiceService.1.PhyInterface.1.Tests.X_HW_SimulateTest.DialDTMFConfirmEnable,false,2026-07-08T16:02:08.806Z,true,2026-07-08T16:02:08.806Z,"""",,,,,,"
"InternetGatewayDevice.Services.VoiceService.1.PhyInterface.1.Tests.X_HW_SimulateTest.DialDTMFConfirmNumber,false,2026-07-08T16:02:08.806Z,true,2026-07-08T16:02:08.806Z,"""",,,,,,"
"InternetGatewayDevice.Services.VoiceService.1.PhyInterface.1.Tests.X_HW_SimulateTest.DialDTMFConfirmResult,false,2026-07-08T16:02:08.806Z,false,2026-07-08T16:02:08.806Z,"""",,,,,,"
"InternetGatewayDevice.Services.VoiceService.1.PhyInterface.1.Tests.X_HW_SimulateTest.FailedResponseCode,false,2026-07-08T16:02:08.806Z,false,2026-07-08T16:02:08.806Z,"""",,,,,,"
"InternetGatewayDevice.Services.VoiceService.1.PhyInterface.1.Tests.X_HW_SimulateTest.IsAuto,false,2026-07-08T16:02:08.806Z,true,2026-07-08T16:02:08.806Z,"""",,,,,,"
"InternetGatewayDevice.Services.VoiceService.1.PhyInterface.1.Tests.X_HW_SimulateTest.Status,false,2026-07-08T16:02:08.806Z,false,2026-07-08T16:02:08.806Z,"""",,,,,,"
"InternetGatewayDevice.Services.VoiceService.1.PhyInterface.1.Tests.X_HW_SimulateTest.TestType,false,2026-07-08T16:02:08.806Z,true,2026-07-08T16:02:08.806Z,"""",,,,,,"
"InternetGatewayDevice.Services.VoiceService.1.PhyInterface.1.X_HW_DspTemplate,true,2026-07-08T16:02:08.806Z,true,2026-07-08T16:02:08.806Z,"""",,,,,,"
"InternetGatewayDevice.Services.VoiceService.1.PhyInterface.1.X_HW_DspTemplate.EchoCancellationEnable,false,2026-07-08T16:02:08.806Z,true,2026-07-08T16:02:08.806Z,"""",,,,,,"
"InternetGatewayDevice.Services.VoiceService.1.PhyInterface.1.X_HW_DspTemplate.Enable,false,2026-07-08T16:02:08.806Z,true,2026-07-08T16:02:08.806Z,"""",,,,,,"
"InternetGatewayDevice.Services.VoiceService.1.PhyInterface.1.X_HW_DspTemplate.JbMode,false,2026-07-08T16:02:08.806Z,true,2026-07-08T16:02:08.806Z,"""",,,,,,"
"InternetGatewayDevice.Services.VoiceService.1.PhyInterface.1.X_HW_DspTemplate.NLP,false,2026-07-08T16:02:08.806Z,true,2026-07-08T16:02:08.806Z,"""",,,,,,"
"InternetGatewayDevice.Services.VoiceService.1.PhyInterface.1.X_HW_DspTemplate.SilenceSuppression,false,2026-07-08T16:02:08.806Z,true,2026-07-08T16:02:08.806Z,"""",,,,,,"
"InternetGatewayDevice.Services.VoiceService.1.PhyInterface.1.X_HW_DspTemplate.WorkMode,false,2026-07-08T16:02:08.806Z,true,2026-07-08T16:02:08.806Z,"""",,,,,,"
"InternetGatewayDevice.Services.VoiceService.1.PhyInterface.1.X_HW_Extend,true,2026-07-08T16:02:08.806Z,true,2026-07-08T16:02:08.806Z,"""",,,,,,"
"InternetGatewayDevice.Services.VoiceService.1.PhyInterface.1.X_HW_Extend.Bell103MarkANSEnable,false,2026-07-08T16:02:08.806Z,true,2026-07-08T16:02:08.806Z,"""",,,,,,"
"InternetGatewayDevice.Services.VoiceService.1.PhyInterface.1.X_HW_Extend.BellAnsEnable,false,2026-07-08T16:02:08.806Z,true,2026-07-08T16:02:08.806Z,"""",,,,,,"
"InternetGatewayDevice.Services.VoiceService.1.PhyInterface.1.X_HW_Extend.CalledOffhookShakeTime,false,2026-07-08T16:02:08.806Z,true,2026-07-08T16:02:08.806Z,"""",,,,,,"
"InternetGatewayDevice.Services.VoiceService.1.PhyInterface.1.X_HW_Extend.CallerOffhookShakeTime,false,2026-07-08T16:02:08.806Z,true,2026-07-08T16:02:08.806Z,"""",,,,,,"
"InternetGatewayDevice.Services.VoiceService.1.PhyInterface.1.X_HW_Extend.ClipForceSendFsk,false,2026-07-08T16:02:08.806Z,true,2026-07-08T16:02:08.806Z,"""",,,,,,"
"InternetGatewayDevice.Services.VoiceService.1.PhyInterface.1.X_HW_Extend.ClipFormat,false,2026-07-08T16:02:08.806Z,true,2026-07-08T16:02:08.806Z,"""",,,,,,"
"InternetGatewayDevice.Services.VoiceService.1.PhyInterface.1.X_HW_Extend.ClipFskMode,false,2026-07-08T16:02:08.806Z,true,2026-07-08T16:02:08.806Z,"""",,,,,,"
"InternetGatewayDevice.Services.VoiceService.1.PhyInterface.1.X_HW_Extend.ClipNormalPoleAfterFsk,false,2026-07-08T16:02:08.806Z,true,2026-07-08T16:02:08.806Z,"""",,,,,,"
"InternetGatewayDevice.Services.VoiceService.1.PhyInterface.1.X_HW_Extend.ClipReversePole,false,2026-07-08T16:02:08.806Z,true,2026-07-08T16:02:08.806Z,"""",,,,,,"
"InternetGatewayDevice.Services.VoiceService.1.PhyInterface.1.X_HW_Extend.ClipSendDateTime,false,2026-07-08T16:02:08.806Z,true,2026-07-08T16:02:08.806Z,"""",,,,,,"
"InternetGatewayDevice.Services.VoiceService.1.PhyInterface.1.X_HW_Extend.ClipTasPattern,false,2026-07-08T16:02:08.806Z,true,2026-07-08T16:02:08.806Z,"""",,,,,,"
"InternetGatewayDevice.Services.VoiceService.1.PhyInterface.1.X_HW_Extend.ClipTransWhen,false,2026-07-08T16:02:08.806Z,true,2026-07-08T16:02:08.806Z,"""",,,,,,"
"InternetGatewayDevice.Services.VoiceService.1.PhyInterface.1.X_HW_Extend.Current,false,2026-07-08T16:02:08.806Z,true,2026-07-08T16:02:08.806Z,"""",,,,,,"
"InternetGatewayDevice.Services.VoiceService.1.PhyInterface.1.X_HW_Extend.CurrentOnPark,false,2026-07-08T16:02:08.806Z,true,2026-07-08T16:02:08.806Z,"""",,,,,,"
"InternetGatewayDevice.Services.VoiceService.1.PhyInterface.1.X_HW_Extend.DCTime,false,2026-07-08T16:02:08.806Z,true,2026-07-08T16:02:08.806Z,"""",,,,,,"
"InternetGatewayDevice.Services.VoiceService.1.PhyInterface.1.X_HW_Extend.DetectAnsbarBySingleToneEnable,false,2026-07-08T16:02:08.806Z,true,2026-07-08T16:02:08.806Z,"""",,,,,,"
"InternetGatewayDevice.Services.VoiceService.1.PhyInterface.1.X_HW_Extend.DialMode,false,2026-07-08T16:02:08.806Z,true,2026-07-08T16:02:08.806Z,"""",,,,,,"
"InternetGatewayDevice.Services.VoiceService.1.PhyInterface.1.X_HW_Extend.DialPulseBreakLowerLimit,false,2026-07-08T16:02:08.806Z,true,2026-07-08T16:02:08.806Z,"""",,,,,,"
"InternetGatewayDevice.Services.VoiceService.1.PhyInterface.1.X_HW_Extend.DialPulseBreakUpperLimit,false,2026-07-08T16:02:08.806Z,true,2026-07-08T16:02:08.806Z,"""",,,,,,"
"InternetGatewayDevice.Services.VoiceService.1.PhyInterface.1.X_HW_Extend.DialPulseInterval,false,2026-07-08T16:02:08.806Z,true,2026-07-08T16:02:08.806Z,"""",,,,,,"
"InternetGatewayDevice.Services.VoiceService.1.PhyInterface.1.X_HW_Extend.DialPulseMakeLowerLimit,false,2026-07-08T16:02:08.806Z,true,2026-07-08T16:02:08.806Z,"""",,,,,,"
"InternetGatewayDevice.Services.VoiceService.1.PhyInterface.1.X_HW_Extend.DialPulseMakeUpperLimit,false,2026-07-08T16:02:08.806Z,true,2026-07-08T16:02:08.806Z,"""",,,,,,"
"InternetGatewayDevice.Services.VoiceService.1.PhyInterface.1.X_HW_Extend.DialPulsePeriodLowerLimit,false,2026-07-08T16:02:08.806Z,true,2026-07-08T16:02:08.806Z,"""",,,,,,"
"InternetGatewayDevice.Services.VoiceService.1.PhyInterface.1.X_HW_Extend.DialPulsePeriodUpperLimit,false,2026-07-08T16:02:08.806Z,true,2026-07-08T16:02:08.806Z,"""",,,,,,"
"InternetGatewayDevice.Services.VoiceService.1.PhyInterface.1.X_HW_Extend.DspDtmfDetHighPassFilterValue,false,2026-07-08T16:02:08.806Z,true,2026-07-08T16:02:08.806Z,"""",,,,,,"
"InternetGatewayDevice.Services.VoiceService.1.PhyInterface.1.X_HW_Extend.DspHighPassFilterEnable,false,2026-07-08T16:02:08.806Z,true,2026-07-08T16:02:08.806Z,"""",,,,,,"
"InternetGatewayDevice.Services.VoiceService.1.PhyInterface.1.X_HW_Extend.DspTemplateName,false,2026-07-08T16:02:08.806Z,true,2026-07-08T16:02:08.806Z,"""",,,,,,"
"InternetGatewayDevice.Services.VoiceService.1.PhyInterface.1.X_HW_Extend.FeedVoltage,false,2026-07-08T16:02:08.806Z,true,2026-07-08T16:02:08.806Z,"""",,,,,,"
"InternetGatewayDevice.Services.VoiceService.1.PhyInterface.1.X_HW_Extend.FskTime,false,2026-07-08T16:02:08.806Z,true,2026-07-08T16:02:08.806Z,"""",,,,,,"
"InternetGatewayDevice.Services.VoiceService.1.PhyInterface.1.X_HW_Extend.HookFlashDownTime,false,2026-07-08T16:02:08.806Z,true,2026-07-08T16:02:08.806Z,"""",,,,,,"
"InternetGatewayDevice.Services.VoiceService.1.PhyInterface.1.X_HW_Extend.HookFlashUpTime,false,2026-07-08T16:02:08.806Z,true,2026-07-08T16:02:08.806Z,"""",,,,,,"
"InternetGatewayDevice.Services.VoiceService.1.PhyInterface.1.X_HW_Extend.Impedance,false,2026-07-08T16:02:08.806Z,true,2026-07-08T16:02:08.806Z,"""",,,,,,"
"InternetGatewayDevice.Services.VoiceService.1.PhyInterface.1.X_HW_Extend.KcHighLevel,false,2026-07-08T16:02:08.806Z,true,2026-07-08T16:02:08.806Z,"""",,,,,,"
"InternetGatewayDevice.Services.VoiceService.1.PhyInterface.1.X_HW_Extend.KcLowLevel,false,2026-07-08T16:02:08.806Z,true,2026-07-08T16:02:08.806Z,"""",,,,,,"
"InternetGatewayDevice.Services.VoiceService.1.PhyInterface.1.X_HW_Extend.KcType,false,2026-07-08T16:02:08.806Z,true,2026-07-08T16:02:08.806Z,"""",,,,,,"
"InternetGatewayDevice.Services.VoiceService.1.PhyInterface.1.X_HW_Extend.KcVoltage,false,2026-07-08T16:02:08.806Z,true,2026-07-08T16:02:08.806Z,"""",,,,,,"
"InternetGatewayDevice.Services.VoiceService.1.PhyInterface.1.X_HW_Extend.MWIRingFlag,false,2026-07-08T16:02:08.806Z,true,2026-07-08T16:02:08.806Z,"""",,,,,,"
"InternetGatewayDevice.Services.VoiceService.1.PhyInterface.1.X_HW_Extend.OnhookConfirmTime,false,2026-07-08T16:02:08.806Z,true,2026-07-08T16:02:08.806Z,"""",,,,,,"
"InternetGatewayDevice.Services.VoiceService.1.PhyInterface.1.X_HW_Extend.PowerDenyForOutOfService,false,2026-07-08T16:02:08.806Z,true,2026-07-08T16:02:08.806Z,"""",,,,,,"
"InternetGatewayDevice.Services.VoiceService.1.PhyInterface.1.X_HW_Extend.ReceiveGain,false,2026-07-08T16:02:08.806Z,true,2026-07-08T16:02:08.806Z,"""",,,,,,"
"InternetGatewayDevice.Services.VoiceService.1.PhyInterface.1.X_HW_Extend.ReversePoleEnable,false,2026-07-08T16:02:08.806Z,true,2026-07-08T16:02:08.806Z,"""",,,,,,"
"InternetGatewayDevice.Services.VoiceService.1.PhyInterface.1.X_HW_Extend.ReversePoleOnAnswer,false,2026-07-08T16:02:08.806Z,true,2026-07-08T16:02:08.806Z,"""",,,,,,"
"InternetGatewayDevice.Services.VoiceService.1.PhyInterface.1.X_HW_Extend.ReversePolePulse,false,2026-07-08T16:02:08.806Z,true,2026-07-08T16:02:08.806Z,"""",,,,,,"
"InternetGatewayDevice.Services.VoiceService.1.PhyInterface.1.X_HW_Extend.ReversePolePulseLevel,false,2026-07-08T16:02:08.806Z,true,2026-07-08T16:02:08.806Z,"""",,,,,,"
"InternetGatewayDevice.Services.VoiceService.1.PhyInterface.1.X_HW_Extend.RingDCVoltageOverlapped,false,2026-07-08T16:02:08.806Z,true,2026-07-08T16:02:08.806Z,"""",,,,,,"
"InternetGatewayDevice.Services.VoiceService.1.PhyInterface.1.X_HW_Extend.RingFrequency,false,2026-07-08T16:02:08.806Z,true,2026-07-08T16:02:08.806Z,"""",,,,,,"
"InternetGatewayDevice.Services.VoiceService.1.PhyInterface.1.X_HW_Extend.RingVoltage,false,2026-07-08T16:02:08.806Z,true,2026-07-08T16:02:08.806Z,"""",,,,,,"
"InternetGatewayDevice.Services.VoiceService.1.PhyInterface.1.X_HW_Extend.SendGain,false,2026-07-08T16:02:08.806Z,true,2026-07-08T16:02:08.806Z,"""",,,,,,"
"InternetGatewayDevice.Services.VoiceService.1.PhyInterface.1.X_HW_Extend.ToneIdForNoLineConfig,false,2026-07-08T16:02:08.806Z,true,2026-07-08T16:02:08.806Z,"""",,,,,,"
"InternetGatewayDevice.Services.VoiceService.1.PhyInterface.1.X_HW_Extend.UserDefineRingVoltage,false,2026-07-08T16:02:08.806Z,true,2026-07-08T16:02:08.806Z,"""",,,,,,"
"InternetGatewayDevice.Services.VoiceService.1.PhyInterface.1.X_HW_Extend.V18aANSEnable,false,2026-07-08T16:02:08.806Z,true,2026-07-08T16:02:08.806Z,"""",,,,,,"
"InternetGatewayDevice.Services.VoiceService.1.PhyInterface.1.X_HW_Extend.V21hANSEnable,false,2026-07-08T16:02:08.806Z,true,2026-07-08T16:02:08.806Z,"""",,,,,,"
"InternetGatewayDevice.Services.VoiceService.1.PhyInterface.1.X_HW_Extend.V21lANSEnable,false,2026-07-08T16:02:08.806Z,true,2026-07-08T16:02:08.806Z,"""",,,,,,"
"InternetGatewayDevice.Services.VoiceService.1.PhyInterface.1.X_HW_Extend.V22usb1DualFreqANSEnable,false,2026-07-08T16:02:08.806Z,true,2026-07-08T16:02:08.806Z,"""",,,,,,"
"InternetGatewayDevice.Services.VoiceService.1.PhyInterface.1.X_HW_Extend.V22usb1TriFreqANSEnable,false,2026-07-08T16:02:08.806Z,true,2026-07-08T16:02:08.806Z,"""",,,,,,"
"InternetGatewayDevice.Services.VoiceService.1.PhyInterface.1.X_HW_Extend.V25ctANSEnable,false,2026-07-08T16:02:08.806Z,true,2026-07-08T16:02:08.806Z,"""",,,,,,"
"InternetGatewayDevice.Services.VoiceService.1.PhyInterface.1.X_HW_Extend.V32aaANSEnable,false,2026-07-08T16:02:08.806Z,true,2026-07-08T16:02:08.806Z,"""",,,,,,"
"InternetGatewayDevice.Services.VoiceService.1.PhyInterface.1.X_HW_Extend.V8bisCReANSEnable,false,2026-07-08T16:02:08.806Z,true,2026-07-08T16:02:08.806Z,"""",,,,,,"
"InternetGatewayDevice.Services.VoiceService.1.PhyInterface.1.X_HW_IPSpc,true,2026-07-08T16:02:08.806Z,true,2026-07-08T16:02:08.806Z,"""",,,,,,"
"InternetGatewayDevice.Services.VoiceService.1.PhyInterface.1.X_HW_IPSpc.Codecs,false,2026-07-08T16:02:08.806Z,true,2026-07-08T16:02:08.806Z,"""",,,,,,"
"InternetGatewayDevice.Services.VoiceService.1.PhyInterface.1.X_HW_IPSpc.EchoCancellationEnable,false,2026-07-08T16:02:08.806Z,true,2026-07-08T16:02:08.806Z,"""",,,,,,"
"InternetGatewayDevice.Services.VoiceService.1.PhyInterface.1.X_HW_IPSpc.Enable,false,2026-07-08T16:02:08.806Z,true,2026-07-08T16:02:08.806Z,"""",,,,,,"
"InternetGatewayDevice.Services.VoiceService.1.PhyInterface.1.X_HW_IPSpc.JbMode,false,2026-07-08T16:02:08.806Z,true,2026-07-08T16:02:08.806Z,"""",,,,,,"
"InternetGatewayDevice.Services.VoiceService.1.PhyInterface.1.X_HW_IPSpc.LocalTransport,false,2026-07-08T16:02:08.806Z,true,2026-07-08T16:02:08.806Z,"""",,,,,,"
"InternetGatewayDevice.Services.VoiceService.1.PhyInterface.1.X_HW_IPSpc.MediaMode,false,2026-07-08T16:02:08.806Z,true,2026-07-08T16:02:08.806Z,"""",,,,,,"
"InternetGatewayDevice.Services.VoiceService.1.PhyInterface.1.X_HW_IPSpc.PacketizationPeriod,false,2026-07-08T16:02:08.806Z,true,2026-07-08T16:02:08.806Z,"""",,,,,,"
"InternetGatewayDevice.Services.VoiceService.1.PhyInterface.1.X_HW_IPSpc.PortName,false,2026-07-08T16:02:08.806Z,true,2026-07-08T16:02:08.806Z,"""",,,,,,"
"InternetGatewayDevice.Services.VoiceService.1.PhyInterface.1.X_HW_IPSpc.RemoteIP,false,2026-07-08T16:02:08.806Z,true,2026-07-08T16:02:08.806Z,"""",,,,,,"
"InternetGatewayDevice.Services.VoiceService.1.PhyInterface.1.X_HW_IPSpc.RemoteTransport,false,2026-07-08T16:02:08.806Z,true,2026-07-08T16:02:08.806Z,"""",,,,,,"
"InternetGatewayDevice.Services.VoiceService.1.PhyInterface.1.X_HW_IPSpc.SilenceSuppression,false,2026-07-08T16:02:08.806Z,true,2026-07-08T16:02:08.806Z,"""",,,,,,"
"InternetGatewayDevice.Services.VoiceService.1.PhyInterface.1.X_HW_Loop,false,2026-07-08T16:02:08.806Z,true,2026-07-08T16:02:08.806Z,"""",,,,,,"
"InternetGatewayDevice.Services.VoiceService.1.PhyInterface.1.X_HW_RemoteCap,true,2026-07-08T16:02:08.806Z,true,2026-07-08T16:02:08.806Z,"""",,,,,,"
"InternetGatewayDevice.Services.VoiceService.1.PhyInterface.1.X_HW_RemoteCap.CapType,false,2026-07-08T16:02:08.806Z,true,2026-07-08T16:02:08.806Z,"""",,,,,,"
"InternetGatewayDevice.Services.VoiceService.1.PhyInterface.1.X_HW_RemoteCap.Enable,false,2026-07-08T16:02:08.806Z,true,2026-07-08T16:02:08.806Z,"""",,,,,,"
"InternetGatewayDevice.Services.VoiceService.1.PhyInterface.1.X_HW_RemoteCap.TimerAutoStop,false,2026-07-08T16:02:08.806Z,true,2026-07-08T16:02:08.806Z,"""",,,,,,"
"InternetGatewayDevice.Services.VoiceService.1.PhyInterface.1.X_HW_Stats,true,2026-07-08T16:02:08.806Z,true,2026-07-08T16:02:08.806Z,"""",,,,,,"
"InternetGatewayDevice.Services.VoiceService.1.PhyInterface.1.X_HW_Stats.PoorQualityList,true,2026-07-08T16:02:08.806Z,true,2026-07-08T16:02:08.806Z,"""",,,,,,"
"InternetGatewayDevice.Services.VoiceService.1.PhyInterface.1.X_HW_Stats.ResetStatistics,false,2026-07-08T16:02:08.806Z,true,2026-07-08T16:02:08.806Z,"""",,,,,,"
"InternetGatewayDevice.Services.VoiceService.1.PhyInterface.1.X_HW_Status,false,2026-07-08T16:02:08.806Z,false,2026-07-08T16:02:08.806Z,"""",,,,,,"
"InternetGatewayDevice.Services.VoiceService.1.VoiceProfile,true,2026-07-08T16:02:08.806Z,true,2026-07-08T16:02:08.806Z,"""",,,,,,"
"InternetGatewayDevice.Services.VoiceService.1.VoiceProfile.1,true,2026-07-08T16:02:08.806Z,true,2026-07-08T16:02:08.806Z,"""",,,,,,"
"InternetGatewayDevice.Services.VoiceService.1.VoiceProfile.1.DTMFMethod,false,2026-07-08T16:02:08.806Z,true,2026-07-08T16:02:08.806Z,"""",,,,,,"
"InternetGatewayDevice.Services.VoiceService.1.VoiceProfile.1.DTMFMethodG711,false,2026-07-08T16:02:08.806Z,true,2026-07-08T16:02:08.806Z,"""",,,,,,"
"InternetGatewayDevice.Services.VoiceService.1.VoiceProfile.1.DigitMap,false,2026-07-08T16:02:08.806Z,true,2026-07-08T16:02:08.806Z,"""",,,,,,"
"InternetGatewayDevice.Services.VoiceService.1.VoiceProfile.1.DigitMapEnable,false,2026-07-08T16:02:08.806Z,true,2026-07-08T16:02:08.806Z,"""",,,,,,"
"InternetGatewayDevice.Services.VoiceService.1.VoiceProfile.1.Enable,false,2026-07-08T16:02:08.806Z,true,2026-07-08T16:02:08.806Z,"""",,,,,,"
"InternetGatewayDevice.Services.VoiceService.1.VoiceProfile.1.FaxPassThrough,false,2026-07-08T16:02:08.806Z,true,2026-07-08T16:02:08.806Z,"""",,,,,,"
"InternetGatewayDevice.Services.VoiceService.1.VoiceProfile.1.FaxT38,true,2026-07-08T16:02:08.806Z,true,2026-07-08T16:02:08.806Z,"""",,,,,,"
"InternetGatewayDevice.Services.VoiceService.1.VoiceProfile.1.FaxT38.BitRate,false,2026-07-08T16:02:08.806Z,true,2026-07-08T16:02:08.806Z,"""",,,,,,"
"InternetGatewayDevice.Services.VoiceService.1.VoiceProfile.1.FaxT38.Enable,false,2026-07-08T16:02:08.806Z,true,2026-07-08T16:02:08.806Z,"""",,,,,,"
"InternetGatewayDevice.Services.VoiceService.1.VoiceProfile.1.FaxT38.HighSpeedPacketRate,false,2026-07-08T16:02:08.806Z,true,2026-07-08T16:02:08.806Z,"""",,,,,,"
"InternetGatewayDevice.Services.VoiceService.1.VoiceProfile.1.FaxT38.HighSpeedRedundancy,false,2026-07-08T16:02:08.806Z,true,2026-07-08T16:02:08.806Z,"""",,,,,,"
"InternetGatewayDevice.Services.VoiceService.1.VoiceProfile.1.FaxT38.LowSpeedRedundancy,false,2026-07-08T16:02:08.806Z,true,2026-07-08T16:02:08.806Z,"""",,,,,,"
"InternetGatewayDevice.Services.VoiceService.1.VoiceProfile.1.FaxT38.TCFMethod,false,2026-07-08T16:02:08.806Z,true,2026-07-08T16:02:08.806Z,"""",,,,,,"
"InternetGatewayDevice.Services.VoiceService.1.VoiceProfile.1.FaxT38.X_HW_NegoAcceptWhenDisabled,false,2026-07-08T16:02:08.806Z,true,2026-07-08T16:02:08.806Z,"""",,,,,,"
"InternetGatewayDevice.Services.VoiceService.1.VoiceProfile.1.FaxT38.X_HW_PortAdd2,false,2026-07-08T16:02:08.806Z,true,2026-07-08T16:02:08.806Z,"""",,,,,,"
"InternetGatewayDevice.Services.VoiceService.1.VoiceProfile.1.FaxT38.X_HW_T38TrainingComplement,false,2026-07-08T16:02:08.806Z,true,2026-07-08T16:02:08.806Z,"""",,,,,,"
"InternetGatewayDevice.Services.VoiceService.1.VoiceProfile.1.FaxT38.X_HW_V21FlagMaxLen,false,2026-07-08T16:02:08.806Z,true,2026-07-08T16:02:08.806Z,"""",,,,,,"
"InternetGatewayDevice.Services.VoiceService.1.VoiceProfile.1.FaxT38.X_HW_V21FlagMinLen,false,2026-07-08T16:02:08.806Z,true,2026-07-08T16:02:08.806Z,"""",,,,,,"
"InternetGatewayDevice.Services.VoiceService.1.VoiceProfile.1.FaxT38.X_HW_V21PreProcessMode,false,2026-07-08T16:02:08.806Z,true,2026-07-08T16:02:08.806Z,"""",,,,,,"
"InternetGatewayDevice.Services.VoiceService.1.VoiceProfile.1.Line,true,2026-07-08T16:02:08.806Z,true,2026-07-08T16:02:08.806Z,"""",,,,,,"
"InternetGatewayDevice.Services.VoiceService.1.VoiceProfile.1.Line.1,true,2026-07-08T16:02:08.806Z,true,2026-07-08T16:02:08.806Z,"""",,,,,,"
"InternetGatewayDevice.Services.VoiceService.1.VoiceProfile.1.Line.1.CallState,false,2026-07-08T16:02:08.806Z,false,2026-07-08T16:02:08.806Z,"""",,,,,,"
"InternetGatewayDevice.Services.VoiceService.1.VoiceProfile.1.Line.1.CallingFeatures,true,2026-07-08T16:02:08.806Z,true,2026-07-08T16:02:08.806Z,"""",,,,,,"
"InternetGatewayDevice.Services.VoiceService.1.VoiceProfile.1.Line.1.CallingFeatures.AnonymousCalEnable,false,2026-07-08T16:02:08.806Z,true,2026-07-08T16:02:08.806Z,"""",,,,,,"
"InternetGatewayDevice.Services.VoiceService.1.VoiceProfile.1.Line.1.CallingFeatures.AnonymousCallBlockEnable,false,2026-07-08T16:02:08.806Z,true,2026-07-08T16:02:08.806Z,"""",,,,,,"
"InternetGatewayDevice.Services.VoiceService.1.VoiceProfile.1.Line.1.CallingFeatures.CallForwardOnBusyEnable,false,2026-07-08T16:02:08.806Z,true,2026-07-08T16:02:08.806Z,"""",,,,,,"
"InternetGatewayDevice.Services.VoiceService.1.VoiceProfile.1.Line.1.CallingFeatures.CallForwardOnBusyNumber,false,2026-07-08T16:02:08.806Z,true,2026-07-08T16:02:08.806Z,"""",,,,,,"
"InternetGatewayDevice.Services.VoiceService.1.VoiceProfile.1.Line.1.CallingFeatures.CallForwardOnNoAnswerEnable,false,2026-07-08T16:02:08.806Z,true,2026-07-08T16:02:08.806Z,"""",,,,,,"
"InternetGatewayDevice.Services.VoiceService.1.VoiceProfile.1.Line.1.CallingFeatures.CallForwardOnNoAnswerNumber,false,2026-07-08T16:02:08.806Z,true,2026-07-08T16:02:08.806Z,"""",,,,,,"
"InternetGatewayDevice.Services.VoiceService.1.VoiceProfile.1.Line.1.CallingFeatures.CallForwardOnNoAnswerRingCount,false,2026-07-08T16:02:08.806Z,true,2026-07-08T16:02:08.806Z,"""",,,,,,"
"InternetGatewayDevice.Services.VoiceService.1.VoiceProfile.1.Line.1.CallingFeatures.CallForwardUnconditionalEnable,false,2026-07-08T16:02:08.806Z,true,2026-07-08T16:02:08.806Z,"""",,,,,,"
"InternetGatewayDevice.Services.VoiceService.1.VoiceProfile.1.Line.1.CallingFeatures.CallForwardUnconditionalNumber,false,2026-07-08T16:02:08.806Z,true,2026-07-08T16:02:08.806Z,"""",,,,,,"
"InternetGatewayDevice.Services.VoiceService.1.VoiceProfile.1.Line.1.CallingFeatures.CallReturnEnable,false,2026-07-08T16:02:08.806Z,true,2026-07-08T16:02:08.806Z,"""",,,,,,"
"InternetGatewayDevice.Services.VoiceService.1.VoiceProfile.1.Line.1.CallingFeatures.CallTransferEnable,false,2026-07-08T16:02:08.806Z,true,2026-07-08T16:02:08.806Z,"""",,,,,,"
"InternetGatewayDevice.Services.VoiceService.1.VoiceProfile.1.Line.1.CallingFeatures.CallWaitingEnable,false,2026-07-08T16:02:08.806Z,true,2026-07-08T16:02:08.806Z,"""",,,,,,"
"InternetGatewayDevice.Services.VoiceService.1.VoiceProfile.1.Line.1.CallingFeatures.CallWaitingStatus,false,2026-07-08T16:02:08.806Z,false,2026-07-08T16:02:08.806Z,"""",,,,,,"
"InternetGatewayDevice.Services.VoiceService.1.VoiceProfile.1.Line.1.CallingFeatures.CallerIDEnable,false,2026-07-08T16:02:08.806Z,true,2026-07-08T16:02:08.806Z,"""",,,,,,"
"InternetGatewayDevice.Services.VoiceService.1.VoiceProfile.1.Line.1.CallingFeatures.CallerIDName,false,2026-07-08T16:02:08.806Z,true,2026-07-08T16:02:08.806Z,"""",,,,,,"
"InternetGatewayDevice.Services.VoiceService.1.VoiceProfile.1.Line.1.CallingFeatures.CallerIDNameEnable,false,2026-07-08T16:02:08.806Z,true,2026-07-08T16:02:08.806Z,"""",,,,,,"
"InternetGatewayDevice.Services.VoiceService.1.VoiceProfile.1.Line.1.CallingFeatures.ConferenceCallingSessionCount,false,2026-07-08T16:02:08.806Z,false,2026-07-08T16:02:08.806Z,"""",,,,,,"
"InternetGatewayDevice.Services.VoiceService.1.VoiceProfile.1.Line.1.CallingFeatures.ConferenceCallingStatus,false,2026-07-08T16:02:08.806Z,false,2026-07-08T16:02:08.806Z,"""",,,,,,"
"InternetGatewayDevice.Services.VoiceService.1.VoiceProfile.1.Line.1.CallingFeatures.DoNotDisturbEnable,false,2026-07-08T16:02:08.806Z,true,2026-07-08T16:02:08.806Z,"""",,,,,,"
"InternetGatewayDevice.Services.VoiceService.1.VoiceProfile.1.Line.1.CallingFeatures.MWIEnable,false,2026-07-08T16:02:08.806Z,true,2026-07-08T16:02:08.806Z,"""",,,,,,"
"InternetGatewayDevice.Services.VoiceService.1.VoiceProfile.1.Line.1.CallingFeatures.MaxSessions,false,2026-07-08T16:02:08.806Z,true,2026-07-08T16:02:08.806Z,"""",,,,,,"
"InternetGatewayDevice.Services.VoiceService.1.VoiceProfile.1.Line.1.CallingFeatures.MessageWaiting,false,2026-07-08T16:02:08.806Z,false,2026-07-08T16:02:08.806Z,"""",,,,,,"
"InternetGatewayDevice.Services.VoiceService.1.VoiceProfile.1.Line.1.CallingFeatures.RepeatDialEnable,false,2026-07-08T16:02:08.806Z,true,2026-07-08T16:02:08.806Z,"""",,,,,,"
"InternetGatewayDevice.Services.VoiceService.1.VoiceProfile.1.Line.1.CallingFeatures.X_HW_3WayEnable,false,2026-07-08T16:02:08.806Z,true,2026-07-08T16:02:08.806Z,"""",,,,,,"
"InternetGatewayDevice.Services.VoiceService.1.VoiceProfile.1.Line.1.CallingFeatures.X_HW_CLIPEnable,false,2026-07-08T16:02:08.806Z,true,2026-07-08T16:02:08.806Z,"""",,,,,,"
"InternetGatewayDevice.Services.VoiceService.1.VoiceProfile.1.Line.1.CallingFeatures.X_HW_CallHoldEnable,false,2026-07-08T16:02:08.806Z,true,2026-07-08T16:02:08.806Z,"""",,,,,,"
"InternetGatewayDevice.Services.VoiceService.1.VoiceProfile.1.Line.1.CallingFeatures.X_HW_CancelCallWaitingDuringCallEnable,false,2026-07-08T16:02:08.806Z,true,2026-07-08T16:02:08.806Z,"""",,,,,,"
"InternetGatewayDevice.Services.VoiceService.1.VoiceProfile.1.Line.1.CallingFeatures.X_HW_CentrexDialSecondaryEnable,false,2026-07-08T16:02:08.806Z,true,2026-07-08T16:02:08.806Z,"""",,,,,,"
"InternetGatewayDevice.Services.VoiceService.1.VoiceProfile.1.Line.1.CallingFeatures.X_HW_CentrexPrefix,false,2026-07-08T16:02:08.806Z,true,2026-07-08T16:02:08.806Z,"""",,,,,,"
"InternetGatewayDevice.Services.VoiceService.1.VoiceProfile.1.Line.1.CallingFeatures.X_HW_ConferenceEnable,false,2026-07-08T16:02:08.806Z,true,2026-07-08T16:02:08.806Z,"""",,,,,,"
"InternetGatewayDevice.Services.VoiceService.1.VoiceProfile.1.Line.1.CallingFeatures.X_HW_ConferenceFactoryUri,false,2026-07-08T16:02:08.806Z,true,2026-07-08T16:02:08.806Z,"""",,,,,,"
"InternetGatewayDevice.Services.VoiceService.1.VoiceProfile.1.Line.1.CallingFeatures.X_HW_DNDStatus,false,2026-07-08T16:02:08.806Z,true,2026-07-08T16:02:08.806Z,"""",,,,,,"
"InternetGatewayDevice.Services.VoiceService.1.VoiceProfile.1.Line.1.CallingFeatures.X_HW_DigitsSendingMethod,false,2026-07-08T16:02:08.806Z,true,2026-07-08T16:02:08.806Z,"""",,,,,,"
"InternetGatewayDevice.Services.VoiceService.1.VoiceProfile.1.Line.1.CallingFeatures.X_HW_HotlineEnable,false,2026-07-08T16:02:08.806Z,true,2026-07-08T16:02:08.806Z,"""",,,,,,"
"InternetGatewayDevice.Services.VoiceService.1.VoiceProfile.1.Line.1.CallingFeatures.X_HW_HotlineMode,false,2026-07-08T16:02:08.806Z,true,2026-07-08T16:02:08.806Z,"""",,,,,,"
"InternetGatewayDevice.Services.VoiceService.1.VoiceProfile.1.Line.1.CallingFeatures.X_HW_HotlineNumber,false,2026-07-08T16:02:08.806Z,true,2026-07-08T16:02:08.806Z,"""",,,,,,"
"InternetGatewayDevice.Services.VoiceService.1.VoiceProfile.1.Line.1.CallingFeatures.X_HW_HotlineTimer,false,2026-07-08T16:02:08.806Z,true,2026-07-08T16:02:08.806Z,"""",,,,,,"
"InternetGatewayDevice.Services.VoiceService.1.VoiceProfile.1.Line.1.CallingFeatures.X_HW_MCIDEnable,false,2026-07-08T16:02:08.806Z,true,2026-07-08T16:02:08.806Z,"""",,,,,,"
"InternetGatewayDevice.Services.VoiceService.1.VoiceProfile.1.Line.1.CallingFeatures.X_HW_MWIMode,false,2026-07-08T16:02:08.806Z,true,2026-07-08T16:02:08.806Z,"""",,,,,,"
"InternetGatewayDevice.Services.VoiceService.1.VoiceProfile.1.Line.1.CallingFeatures.X_HW_PBXPrefixEnable,false,2026-07-08T16:02:08.806Z,true,2026-07-08T16:02:08.806Z,"""",,,,,,"
"InternetGatewayDevice.Services.VoiceService.1.VoiceProfile.1.Line.1.CallingFeatures.X_HW_SccClassEnable,false,2026-07-08T16:02:08.806Z,true,2026-07-08T16:02:08.806Z,"""",,,,,,"
"InternetGatewayDevice.Services.VoiceService.1.VoiceProfile.1.Line.1.Codec,true,2026-07-08T16:02:08.806Z,true,2026-07-08T16:02:08.806Z,"""",,,,,,"
"InternetGatewayDevice.Services.VoiceService.1.VoiceProfile.1.Line.1.Codec.List,true,2026-07-08T16:02:08.806Z,true,2026-07-08T16:02:08.806Z,"""",,,,,,"
"InternetGatewayDevice.Services.VoiceService.1.VoiceProfile.1.Line.1.Codec.List.1,true,2026-07-08T16:02:08.806Z,true,2026-07-08T16:02:08.806Z,"""",,,,,,"
"InternetGatewayDevice.Services.VoiceService.1.VoiceProfile.1.Line.1.Codec.List.1.BitRate,false,2026-07-08T16:02:08.806Z,false,2026-07-08T16:02:08.806Z,"""",,,,,,"
"InternetGatewayDevice.Services.VoiceService.1.VoiceProfile.1.Line.1.Codec.List.1.Codec,false,2026-07-08T16:02:08.806Z,false,2026-07-08T16:02:08.806Z,"""",,,,,,"
"InternetGatewayDevice.Services.VoiceService.1.VoiceProfile.1.Line.1.Codec.List.1.Codecs,false,2026-07-08T16:02:08.806Z,true,2026-07-08T16:02:08.806Z,"""",,,,,,"
"InternetGatewayDevice.Services.VoiceService.1.VoiceProfile.1.Line.1.Codec.List.1.Enable,false,2026-07-08T16:02:08.806Z,true,2026-07-08T16:02:08.806Z,"""",,,,,,"
"InternetGatewayDevice.Services.VoiceService.1.VoiceProfile.1.Line.1.Codec.List.1.EntryID,false,2026-07-08T16:02:08.806Z,false,2026-07-08T16:02:08.806Z,"""",,,,,,"
"InternetGatewayDevice.Services.VoiceService.1.VoiceProfile.1.Line.1.Codec.List.1.PacketizationPeriod,false,2026-07-08T16:02:08.806Z,true,2026-07-08T16:02:08.806Z,"""",,,,,,"
"InternetGatewayDevice.Services.VoiceService.1.VoiceProfile.1.Line.1.Codec.List.1.Priority,false,2026-07-08T16:02:08.806Z,true,2026-07-08T16:02:08.806Z,"""",,,,,,"
"InternetGatewayDevice.Services.VoiceService.1.VoiceProfile.1.Line.1.Codec.List.1.SilenceSuppression,false,2026-07-08T16:02:08.806Z,true,2026-07-08T16:02:08.806Z,"""",,,,,,"
"InternetGatewayDevice.Services.VoiceService.1.VoiceProfile.1.Line.1.Codec.List.2,true,2026-07-08T16:02:08.806Z,true,2026-07-08T16:02:08.806Z,"""",,,,,,"
"InternetGatewayDevice.Services.VoiceService.1.VoiceProfile.1.Line.1.Codec.List.2.BitRate,false,2026-07-08T16:02:08.806Z,false,2026-07-08T16:02:08.806Z,"""",,,,,,"
"InternetGatewayDevice.Services.VoiceService.1.VoiceProfile.1.Line.1.Codec.List.2.Codec,false,2026-07-08T16:02:08.806Z,false,2026-07-08T16:02:08.806Z,"""",,,,,,"
"InternetGatewayDevice.Services.VoiceService.1.VoiceProfile.1.Line.1.Codec.List.2.Codecs,false,2026-07-08T16:02:08.806Z,true,2026-07-08T16:02:08.806Z,"""",,,,,,"
"InternetGatewayDevice.Services.VoiceService.1.VoiceProfile.1.Line.1.Codec.List.2.Enable,false,2026-07-08T16:02:08.806Z,true,2026-07-08T16:02:08.806Z,"""",,,,,,"
"InternetGatewayDevice.Services.VoiceService.1.VoiceProfile.1.Line.1.Codec.List.2.EntryID,false,2026-07-08T16:02:08.806Z,false,2026-07-08T16:02:08.806Z,"""",,,,,,"
"InternetGatewayDevice.Services.VoiceService.1.VoiceProfile.1.Line.1.Codec.List.2.PacketizationPeriod,false,2026-07-08T16:02:08.806Z,true,2026-07-08T16:02:08.806Z,"""",,,,,,"
"InternetGatewayDevice.Services.VoiceService.1.VoiceProfile.1.Line.1.Codec.List.2.Priority,false,2026-07-08T16:02:08.806Z,true,2026-07-08T16:02:08.806Z,"""",,,,,,"
"InternetGatewayDevice.Services.VoiceService.1.VoiceProfile.1.Line.1.Codec.List.2.SilenceSuppression,false,2026-07-08T16:02:08.806Z,true,2026-07-08T16:02:08.806Z,"""",,,,,,"
"InternetGatewayDevice.Services.VoiceService.1.VoiceProfile.1.Line.1.Codec.List.3,true,2026-07-08T16:02:08.806Z,true,2026-07-08T16:02:08.806Z,"""",,,,,,"
"InternetGatewayDevice.Services.VoiceService.1.VoiceProfile.1.Line.1.Codec.List.3.BitRate,false,2026-07-08T16:02:08.806Z,false,2026-07-08T16:02:08.806Z,"""",,,,,,"
"InternetGatewayDevice.Services.VoiceService.1.VoiceProfile.1.Line.1.Codec.List.3.Codec,false,2026-07-08T16:02:08.806Z,false,2026-07-08T16:02:08.806Z,"""",,,,,,"
"InternetGatewayDevice.Services.VoiceService.1.VoiceProfile.1.Line.1.Codec.List.3.Codecs,false,2026-07-08T16:02:08.806Z,true,2026-07-08T16:02:08.806Z,"""",,,,,,"
"InternetGatewayDevice.Services.VoiceService.1.VoiceProfile.1.Line.1.Codec.List.3.Enable,false,2026-07-08T16:02:08.806Z,true,2026-07-08T16:02:08.806Z,"""",,,,,,"
"InternetGatewayDevice.Services.VoiceService.1.VoiceProfile.1.Line.1.Codec.List.3.EntryID,false,2026-07-08T16:02:08.806Z,false,2026-07-08T16:02:08.806Z,"""",,,,,,"
"InternetGatewayDevice.Services.VoiceService.1.VoiceProfile.1.Line.1.Codec.List.3.PacketizationPeriod,false,2026-07-08T16:02:08.806Z,true,2026-07-08T16:02:08.806Z,"""",,,,,,"
"InternetGatewayDevice.Services.VoiceService.1.VoiceProfile.1.Line.1.Codec.List.3.Priority,false,2026-07-08T16:02:08.806Z,true,2026-07-08T16:02:08.806Z,"""",,,,,,"
"InternetGatewayDevice.Services.VoiceService.1.VoiceProfile.1.Line.1.Codec.List.3.SilenceSuppression,false,2026-07-08T16:02:08.806Z,true,2026-07-08T16:02:08.806Z,"""",,,,,,"
"InternetGatewayDevice.Services.VoiceService.1.VoiceProfile.1.Line.1.Codec.List.4,true,2026-07-08T16:02:08.806Z,true,2026-07-08T16:02:08.806Z,"""",,,,,,"
"InternetGatewayDevice.Services.VoiceService.1.VoiceProfile.1.Line.1.Codec.List.4.BitRate,false,2026-07-08T16:02:08.806Z,false,2026-07-08T16:02:08.806Z,"""",,,,,,"
"InternetGatewayDevice.Services.VoiceService.1.VoiceProfile.1.Line.1.Codec.List.4.Codec,false,2026-07-08T16:02:08.806Z,false,2026-07-08T16:02:08.806Z,"""",,,,,,"
"InternetGatewayDevice.Services.VoiceService.1.VoiceProfile.1.Line.1.Codec.List.4.Codecs,false,2026-07-08T16:02:08.806Z,true,2026-07-08T16:02:08.806Z,"""",,,,,,"
"InternetGatewayDevice.Services.VoiceService.1.VoiceProfile.1.Line.1.Codec.List.4.Enable,false,2026-07-08T16:02:08.806Z,true,2026-07-08T16:02:08.806Z,"""",,,,,,"
"InternetGatewayDevice.Services.VoiceService.1.VoiceProfile.1.Line.1.Codec.List.4.EntryID,false,2026-07-08T16:02:08.806Z,false,2026-07-08T16:02:08.806Z,"""",,,,,,"
"InternetGatewayDevice.Services.VoiceService.1.VoiceProfile.1.Line.1.Codec.List.4.PacketizationPeriod,false,2026-07-08T16:02:08.806Z,true,2026-07-08T16:02:08.806Z,"""",,,,,,"
"InternetGatewayDevice.Services.VoiceService.1.VoiceProfile.1.Line.1.Codec.List.4.Priority,false,2026-07-08T16:02:08.806Z,true,2026-07-08T16:02:08.806Z,"""",,,,,,"
"InternetGatewayDevice.Services.VoiceService.1.VoiceProfile.1.Line.1.Codec.List.4.SilenceSuppression,false,2026-07-08T16:02:08.806Z,true,2026-07-08T16:02:08.806Z,"""",,,,,,"
"InternetGatewayDevice.Services.VoiceService.1.VoiceProfile.1.Line.1.Codec.ReceiveBitRate,false,2026-07-08T16:02:08.806Z,false,2026-07-08T16:02:08.806Z,"""",,,,,,"
"InternetGatewayDevice.Services.VoiceService.1.VoiceProfile.1.Line.1.Codec.ReceiveCodec,false,2026-07-08T16:02:08.806Z,false,2026-07-08T16:02:08.806Z,"""",,,,,,"
"InternetGatewayDevice.Services.VoiceService.1.VoiceProfile.1.Line.1.Codec.ReceiveSilenceSuppression,false,2026-07-08T16:02:08.806Z,false,2026-07-08T16:02:08.806Z,"""",,,,,,"
"InternetGatewayDevice.Services.VoiceService.1.VoiceProfile.1.Line.1.Codec.TransmitBitRate,false,2026-07-08T16:02:08.806Z,false,2026-07-08T16:02:08.806Z,"""",,,,,,"
"InternetGatewayDevice.Services.VoiceService.1.VoiceProfile.1.Line.1.Codec.TransmitCodec,false,2026-07-08T16:02:08.806Z,false,2026-07-08T16:02:08.806Z,"""",,,,,,"
"InternetGatewayDevice.Services.VoiceService.1.VoiceProfile.1.Line.1.Codec.TransmitPacketizationPeriod,false,2026-07-08T16:02:08.806Z,false,2026-07-08T16:02:08.806Z,"""",,,,,,"
"InternetGatewayDevice.Services.VoiceService.1.VoiceProfile.1.Line.1.Codec.TransmitSilenceSuppression,false,2026-07-08T16:02:08.806Z,false,2026-07-08T16:02:08.806Z,"""",,,,,,"
"InternetGatewayDevice.Services.VoiceService.1.VoiceProfile.1.Line.1.DirectoryNumber,false,2026-07-08T16:02:08.806Z,true,2026-07-08T16:02:08.806Z,"""",,,,,,"
"InternetGatewayDevice.Services.VoiceService.1.VoiceProfile.1.Line.1.Enable,false,2026-07-08T16:02:08.806Z,true,2026-07-08T16:02:08.806Z,"""",,,,,,"
"InternetGatewayDevice.Services.VoiceService.1.VoiceProfile.1.Line.1.PhyReferenceList,false,2026-07-08T16:02:08.806Z,true,2026-07-08T16:02:08.806Z,"""",,,,,,"
"InternetGatewayDevice.Services.VoiceService.1.VoiceProfile.1.Line.1.RingMuteStatus,false,2026-07-08T16:02:08.806Z,false,2026-07-08T16:02:08.806Z,"""",,,,,,"
"InternetGatewayDevice.Services.VoiceService.1.VoiceProfile.1.Line.1.RingVolumeStatus,false,2026-07-08T16:02:08.806Z,false,2026-07-08T16:02:08.806Z,"""",,,,,,"
"InternetGatewayDevice.Services.VoiceService.1.VoiceProfile.1.Line.1.Ringer,true,2026-07-08T16:02:08.806Z,true,2026-07-08T16:02:08.806Z,"""",,,,,,"
"InternetGatewayDevice.Services.VoiceService.1.VoiceProfile.1.Line.1.Ringer.Description,true,2026-07-08T16:02:08.806Z,true,2026-07-08T16:02:08.806Z,"""",,,,,,"
"InternetGatewayDevice.Services.VoiceService.1.VoiceProfile.1.Line.1.Ringer.DescriptionNumberOfEntries,false,2026-07-08T16:02:08.806Z,false,2026-07-08T16:02:08.806Z,"""",,,,,,"
"InternetGatewayDevice.Services.VoiceService.1.VoiceProfile.1.Line.1.Ringer.Event,true,2026-07-08T16:02:08.806Z,true,2026-07-08T16:02:08.806Z,"""",,,,,,"
"InternetGatewayDevice.Services.VoiceService.1.VoiceProfile.1.Line.1.Ringer.EventNumberOfEntries,false,2026-07-08T16:02:08.806Z,false,2026-07-08T16:02:08.806Z,"""",,,,,,"
"InternetGatewayDevice.Services.VoiceService.1.VoiceProfile.1.Line.1.Ringer.Pattern,true,2026-07-08T16:02:08.806Z,true,2026-07-08T16:02:08.806Z,"""",,,,,,"
"InternetGatewayDevice.Services.VoiceService.1.VoiceProfile.1.Line.1.Ringer.PatternNumberOfEntries,false,2026-07-08T16:02:08.806Z,false,2026-07-08T16:02:08.806Z,"""",,,,,,"
"InternetGatewayDevice.Services.VoiceService.1.VoiceProfile.1.Line.1.SIP,true,2026-07-08T16:02:08.806Z,true,2026-07-08T16:02:08.806Z,"""",,,,,,"
"InternetGatewayDevice.Services.VoiceService.1.VoiceProfile.1.Line.1.SIP.AuthPassword,false,2026-07-08T16:02:08.806Z,true,2026-07-08T16:02:08.806Z,"""",,,,,,"
"InternetGatewayDevice.Services.VoiceService.1.VoiceProfile.1.Line.1.SIP.AuthUserName,false,2026-07-08T16:02:08.806Z,true,2026-07-08T16:02:08.806Z,"""",,,,,,"
"InternetGatewayDevice.Services.VoiceService.1.VoiceProfile.1.Line.1.SIP.SIPEventSubscribeNumberOfElements,false,2026-07-08T16:02:08.806Z,false,2026-07-08T16:02:08.806Z,"""",,,,,,"
"InternetGatewayDevice.Services.VoiceService.1.VoiceProfile.1.Line.1.SIP.URI,false,2026-07-08T16:02:08.806Z,true,2026-07-08T16:02:08.806Z,"""",,,,,,"
"InternetGatewayDevice.Services.VoiceService.1.VoiceProfile.1.Line.1.SIP.X_HW_Digitmap,true,2026-07-08T16:02:08.806Z,true,2026-07-08T16:02:08.806Z,"""",,,,,,"
"InternetGatewayDevice.Services.VoiceService.1.VoiceProfile.1.Line.1.SIP.X_HW_Digitmap.DMName,false,2026-07-08T16:02:08.806Z,true,2026-07-08T16:02:08.806Z,"""",,,,,,"
"InternetGatewayDevice.Services.VoiceService.1.VoiceProfile.1.Line.1.SIP.X_HW_Digitmap.DigitMap,false,2026-07-08T16:02:08.806Z,true,2026-07-08T16:02:08.806Z,"""",,,,,,"
"InternetGatewayDevice.Services.VoiceService.1.VoiceProfile.1.Line.1.SIP.X_HW_Digitmap.DigitMapLongTimer,false,2026-07-08T16:02:08.806Z,true,2026-07-08T16:02:08.806Z,"""",,,,,,"
"InternetGatewayDevice.Services.VoiceService.1.VoiceProfile.1.Line.1.SIP.X_HW_Digitmap.DigitMapShortTimer,false,2026-07-08T16:02:08.806Z,true,2026-07-08T16:02:08.806Z,"""",,,,,,"
"InternetGatewayDevice.Services.VoiceService.1.VoiceProfile.1.Line.1.SIP.X_HW_Digitmap.DigitMapStartTimer,false,2026-07-08T16:02:08.806Z,true,2026-07-08T16:02:08.806Z,"""",,,,,,"
"InternetGatewayDevice.Services.VoiceService.1.VoiceProfile.1.Line.1.Session,true,2026-07-08T16:02:08.806Z,false,2026-07-08T16:02:08.806Z,"""",,,,,,"
"InternetGatewayDevice.Services.VoiceService.1.VoiceProfile.1.Line.1.Stats,true,2026-07-08T16:02:08.806Z,true,2026-07-08T16:02:08.806Z,"""",,,,,,"
"InternetGatewayDevice.Services.VoiceService.1.VoiceProfile.1.Line.1.Stats.AverageFarEndInterarrivalJitter,false,2026-07-08T16:02:08.806Z,false,2026-07-08T16:02:08.806Z,"""",,,,,,"
"InternetGatewayDevice.Services.VoiceService.1.VoiceProfile.1.Line.1.Stats.AverageReceiveInterarrivalJitter,false,2026-07-08T16:02:08.806Z,false,2026-07-08T16:02:08.806Z,"""",,,,,,"
"InternetGatewayDevice.Services.VoiceService.1.VoiceProfile.1.Line.1.Stats.AverageRoundTripDelay,false,2026-07-08T16:02:08.806Z,false,2026-07-08T16:02:08.806Z,"""",,,,,,"
"InternetGatewayDevice.Services.VoiceService.1.VoiceProfile.1.Line.1.Stats.BytesReceived,false,2026-07-08T16:02:08.806Z,false,2026-07-08T16:02:08.806Z,"""",,,,,,"
"InternetGatewayDevice.Services.VoiceService.1.VoiceProfile.1.Line.1.Stats.BytesSent,false,2026-07-08T16:02:08.806Z,false,2026-07-08T16:02:08.806Z,"""",,,,,,"
"InternetGatewayDevice.Services.VoiceService.1.VoiceProfile.1.Line.1.Stats.CallsDropped,false,2026-07-08T16:02:08.806Z,false,2026-07-08T16:02:08.806Z,"""",,,,,,"
"InternetGatewayDevice.Services.VoiceService.1.VoiceProfile.1.Line.1.Stats.FarEndInterarrivalJitter,false,2026-07-08T16:02:08.806Z,false,2026-07-08T16:02:08.806Z,"""",,,,,,"
"InternetGatewayDevice.Services.VoiceService.1.VoiceProfile.1.Line.1.Stats.FarEndPacketLossRate,false,2026-07-08T16:02:08.806Z,false,2026-07-08T16:02:08.806Z,"""",,,,,,"
"InternetGatewayDevice.Services.VoiceService.1.VoiceProfile.1.Line.1.Stats.IncomingCallsAnswered,false,2026-07-08T16:02:08.806Z,false,2026-07-08T16:02:08.806Z,"""",,,,,,"
"InternetGatewayDevice.Services.VoiceService.1.VoiceProfile.1.Line.1.Stats.IncomingCallsConnected,false,2026-07-08T16:02:08.806Z,false,2026-07-08T16:02:08.806Z,"""",,,,,,"
"InternetGatewayDevice.Services.VoiceService.1.VoiceProfile.1.Line.1.Stats.IncomingCallsFailed,false,2026-07-08T16:02:08.806Z,false,2026-07-08T16:02:08.806Z,"""",,,,,,"
"InternetGatewayDevice.Services.VoiceService.1.VoiceProfile.1.Line.1.Stats.IncomingCallsReceived,false,2026-07-08T16:02:08.806Z,false,2026-07-08T16:02:08.806Z,"""",,,,,,"
"InternetGatewayDevice.Services.VoiceService.1.VoiceProfile.1.Line.1.Stats.OutgoingCallsAnswered,false,2026-07-08T16:02:08.806Z,false,2026-07-08T16:02:08.806Z,"""",,,,,,"
"InternetGatewayDevice.Services.VoiceService.1.VoiceProfile.1.Line.1.Stats.OutgoingCallsAttempted,false,2026-07-08T16:02:08.806Z,false,2026-07-08T16:02:08.806Z,"""",,,,,,"
"InternetGatewayDevice.Services.VoiceService.1.VoiceProfile.1.Line.1.Stats.OutgoingCallsConnected,false,2026-07-08T16:02:08.806Z,false,2026-07-08T16:02:08.806Z,"""",,,,,,"
"InternetGatewayDevice.Services.VoiceService.1.VoiceProfile.1.Line.1.Stats.OutgoingCallsFailed,false,2026-07-08T16:02:08.806Z,false,2026-07-08T16:02:08.806Z,"""",,,,,,"
"InternetGatewayDevice.Services.VoiceService.1.VoiceProfile.1.Line.1.Stats.Overruns,false,2026-07-08T16:02:08.806Z,false,2026-07-08T16:02:08.806Z,"""",,,,,,"
"InternetGatewayDevice.Services.VoiceService.1.VoiceProfile.1.Line.1.Stats.PacketsLost,false,2026-07-08T16:02:08.806Z,false,2026-07-08T16:02:08.806Z,"""",,,,,,"
"InternetGatewayDevice.Services.VoiceService.1.VoiceProfile.1.Line.1.Stats.PacketsReceived,false,2026-07-08T16:02:08.806Z,false,2026-07-08T16:02:08.806Z,"""",,,,,,"
"InternetGatewayDevice.Services.VoiceService.1.VoiceProfile.1.Line.1.Stats.PacketsSent,false,2026-07-08T16:02:08.806Z,false,2026-07-08T16:02:08.806Z,"""",,,,,,"
"InternetGatewayDevice.Services.VoiceService.1.VoiceProfile.1.Line.1.Stats.ReceiveInterarrivalJitter,false,2026-07-08T16:02:08.806Z,false,2026-07-08T16:02:08.806Z,"""",,,,,,"
"InternetGatewayDevice.Services.VoiceService.1.VoiceProfile.1.Line.1.Stats.ReceivePacketLossRate,false,2026-07-08T16:02:08.806Z,false,2026-07-08T16:02:08.806Z,"""",,,,,,"
"InternetGatewayDevice.Services.VoiceService.1.VoiceProfile.1.Line.1.Stats.ResetStatistics,false,2026-07-08T16:02:08.806Z,true,2026-07-08T16:02:08.806Z,"""",,,,,,"
"InternetGatewayDevice.Services.VoiceService.1.VoiceProfile.1.Line.1.Stats.RoundTripDelay,false,2026-07-08T16:02:08.806Z,false,2026-07-08T16:02:08.806Z,"""",,,,,,"
"InternetGatewayDevice.Services.VoiceService.1.VoiceProfile.1.Line.1.Stats.ServerDownTime,false,2026-07-08T16:02:08.806Z,false,2026-07-08T16:02:08.806Z,"""",,,,,,"
"InternetGatewayDevice.Services.VoiceService.1.VoiceProfile.1.Line.1.Stats.TotalCallTime,false,2026-07-08T16:02:08.806Z,false,2026-07-08T16:02:08.806Z,"""",,,,,,"
"InternetGatewayDevice.Services.VoiceService.1.VoiceProfile.1.Line.1.Stats.Underruns,false,2026-07-08T16:02:08.806Z,false,2026-07-08T16:02:08.806Z,"""",,,,,,"
"InternetGatewayDevice.Services.VoiceService.1.VoiceProfile.1.Line.1.Stats.X_HW_AnalogPortOffhookTimerMax,false,2026-07-08T16:02:08.806Z,false,2026-07-08T16:02:08.806Z,"""",,,,,,"
"InternetGatewayDevice.Services.VoiceService.1.VoiceProfile.1.Line.1.Stats.X_HW_AnalogPortReleasesCount,false,2026-07-08T16:02:08.806Z,false,2026-07-08T16:02:08.806Z,"""",,,,,,"
"InternetGatewayDevice.Services.VoiceService.1.VoiceProfile.1.Line.1.Stats.X_HW_CallSetupTimerMax,false,2026-07-08T16:02:08.806Z,false,2026-07-08T16:02:08.806Z,"""",,,,,,"
"InternetGatewayDevice.Services.VoiceService.1.VoiceProfile.1.Line.1.Stats.X_HW_MaxFarEndInterarrivalJitter,false,2026-07-08T16:02:08.806Z,false,2026-07-08T16:02:08.806Z,"""",,,,,,"
"InternetGatewayDevice.Services.VoiceService.1.VoiceProfile.1.Line.1.Stats.X_HW_MaxReceiveInterarrivalJitter,false,2026-07-08T16:02:08.806Z,false,2026-07-08T16:02:08.806Z,"""",,,,,,"
"InternetGatewayDevice.Services.VoiceService.1.VoiceProfile.1.Line.1.Stats.X_HW_MaxTimeBetweenRTCPPackets,false,2026-07-08T16:02:08.806Z,false,2026-07-08T16:02:08.806Z,"""",,,,,,"
"InternetGatewayDevice.Services.VoiceService.1.VoiceProfile.1.Line.1.Stats.X_HW_PacketLossRate,false,2026-07-08T16:02:08.806Z,false,2026-07-08T16:02:08.806Z,"""",,,,,,"
"InternetGatewayDevice.Services.VoiceService.1.VoiceProfile.1.Line.1.Stats.X_HW_PartResetStatistics,false,2026-07-08T16:02:08.806Z,true,2026-07-08T16:02:08.806Z,"""",,,,,,"
"InternetGatewayDevice.Services.VoiceService.1.VoiceProfile.1.Line.1.Stats.X_HW_RTPErrors,false,2026-07-08T16:02:08.806Z,false,2026-07-08T16:02:08.806Z,"""",,,,,,"
"InternetGatewayDevice.Services.VoiceService.1.VoiceProfile.1.Line.1.Stats.X_HW_SIPCallFailedToAuthenticateCounter,false,2026-07-08T16:02:08.806Z,false,2026-07-08T16:02:08.806Z,"""",,,,,,"
"InternetGatewayDevice.Services.VoiceService.1.VoiceProfile.1.Line.1.Stats.X_HW_SIPCallFailedToConnectCounter,false,2026-07-08T16:02:08.806Z,false,2026-07-08T16:02:08.806Z,"""",,,,,,"
"InternetGatewayDevice.Services.VoiceService.1.VoiceProfile.1.Line.1.Stats.X_HW_SIPCallFailureReceivedCounter,false,2026-07-08T16:02:08.806Z,false,2026-07-08T16:02:08.806Z,"""",,,,,,"
"InternetGatewayDevice.Services.VoiceService.1.VoiceProfile.1.Line.1.Stats.X_HW_SIPCallTimeoutCounter,false,2026-07-08T16:02:08.806Z,false,2026-07-08T16:02:08.806Z,"""",,,,,,"
"InternetGatewayDevice.Services.VoiceService.1.VoiceProfile.1.Line.1.Status,false,2026-07-08T16:02:08.806Z,false,2026-07-08T16:02:08.806Z,"""",,,,,,"
"InternetGatewayDevice.Services.VoiceService.1.VoiceProfile.1.Line.1.VoiceProcessing,true,2026-07-08T16:02:08.806Z,true,2026-07-08T16:02:08.806Z,"""",,,,,,"
"InternetGatewayDevice.Services.VoiceService.1.VoiceProfile.1.Line.1.VoiceProcessing.EchoCancellationEnable,false,2026-07-08T16:02:08.806Z,true,2026-07-08T16:02:08.806Z,"""",,,,,,"
"InternetGatewayDevice.Services.VoiceService.1.VoiceProfile.1.Line.1.VoiceProcessing.EchoCancellationInUse,false,2026-07-08T16:02:08.806Z,false,2026-07-08T16:02:08.806Z,"""",,,,,,"
"InternetGatewayDevice.Services.VoiceService.1.VoiceProfile.1.Line.1.VoiceProcessing.EchoCancellationTail,false,2026-07-08T16:02:08.806Z,false,2026-07-08T16:02:08.806Z,"""",,,,,,"
"InternetGatewayDevice.Services.VoiceService.1.VoiceProfile.1.Line.1.VoiceProcessing.ReceiveGain,false,2026-07-08T16:02:08.806Z,true,2026-07-08T16:02:08.806Z,"""",,,,,,"
"InternetGatewayDevice.Services.VoiceService.1.VoiceProfile.1.Line.1.VoiceProcessing.TransmitGain,false,2026-07-08T16:02:08.806Z,true,2026-07-08T16:02:08.806Z,"""",,,,,,"
"InternetGatewayDevice.Services.VoiceService.1.VoiceProfile.1.Line.1.X_HW_Description,false,2026-07-08T16:02:08.806Z,true,2026-07-08T16:02:08.806Z,"""",,,,,,"
"InternetGatewayDevice.Services.VoiceService.1.VoiceProfile.1.Line.1.X_HW_H248,true,2026-07-08T16:02:08.806Z,true,2026-07-08T16:02:08.806Z,"""",,,,,,"
"InternetGatewayDevice.Services.VoiceService.1.VoiceProfile.1.Line.1.X_HW_H248.LineName,false,2026-07-08T16:02:08.806Z,true,2026-07-08T16:02:08.806Z,"""",,,,,,"
"InternetGatewayDevice.Services.VoiceService.1.VoiceProfile.1.Line.1.X_HW_LastRegisterError,false,2026-07-08T16:02:08.806Z,false,2026-07-08T16:02:08.806Z,"""",,,,,,"
"InternetGatewayDevice.Services.VoiceService.1.VoiceProfile.1.Line.1.X_HW_Priority,false,2026-07-08T16:02:08.806Z,true,2026-07-08T16:02:08.806Z,"""",,,,,,"
"InternetGatewayDevice.Services.VoiceService.1.VoiceProfile.1.Line.1.X_HW_RtpLoop,false,2026-07-08T16:02:08.806Z,true,2026-07-08T16:02:08.806Z,"""",,,,,,"
"InternetGatewayDevice.Services.VoiceService.1.VoiceProfile.1.Line.1.X_HW_ServiceState,false,2026-07-08T16:02:08.806Z,false,2026-07-08T16:02:08.806Z,"""",,,,,,"
"InternetGatewayDevice.Services.VoiceService.1.VoiceProfile.1.Line.1.X_HW_SubsRegState,false,2026-07-08T16:02:08.806Z,true,2026-07-08T16:02:08.806Z,"""",,,,,,"
"InternetGatewayDevice.Services.VoiceService.1.VoiceProfile.1.Line.1.X_HW_SubsUAProfile,false,2026-07-08T16:02:08.806Z,true,2026-07-08T16:02:08.806Z,"""",,,,,,"
"InternetGatewayDevice.Services.VoiceService.1.VoiceProfile.1.Line.1.X_HW_UAProfileStatus,true,2026-07-08T16:02:08.806Z,false,2026-07-08T16:02:08.806Z,"""",,,,,,"
"InternetGatewayDevice.Services.VoiceService.1.VoiceProfile.1.Line.1.X_HW_UAProfileStatus.cw-service,false,2026-07-08T16:02:08.806Z,false,2026-07-08T16:02:08.806Z,"""",,,,,,"
"InternetGatewayDevice.Services.VoiceService.1.VoiceProfile.1.Line.1.X_HW_UAProfileStatus.dial-tone-pattern,false,2026-07-08T16:02:08.806Z,false,2026-07-08T16:02:08.806Z,"""",,,,,,"
"InternetGatewayDevice.Services.VoiceService.1.VoiceProfile.1.Line.1.X_HW_UAProfileStatus.hold-service,false,2026-07-08T16:02:08.806Z,false,2026-07-08T16:02:08.806Z,"""",,,,,,"
"InternetGatewayDevice.Services.VoiceService.1.VoiceProfile.1.Line.1.X_HW_UAProfileStatus.mcid-service,false,2026-07-08T16:02:08.806Z,false,2026-07-08T16:02:08.806Z,"""",,,,,,"
"InternetGatewayDevice.Services.VoiceService.1.VoiceProfile.1.Line.1.X_HW_UAProfileStatus.no-dialing-behaviour,false,2026-07-08T16:02:08.806Z,false,2026-07-08T16:02:08.806Z,"""",,,,,,"
"InternetGatewayDevice.Services.VoiceService.1.VoiceProfile.1.Line.1.X_HW_UAProfileStatus.three-party-service,false,2026-07-08T16:02:08.806Z,false,2026-07-08T16:02:08.806Z,"""",,,,,,"
"InternetGatewayDevice.Services.VoiceService.1.VoiceProfile.1.MaxSessions,false,2026-07-08T16:02:08.806Z,true,2026-07-08T16:02:08.806Z,"""",,,,,,"
"InternetGatewayDevice.Services.VoiceService.1.VoiceProfile.1.ModemPassThrough,false,2026-07-08T16:02:08.806Z,true,2026-07-08T16:02:08.806Z,"""",,,,,,"
"InternetGatewayDevice.Services.VoiceService.1.VoiceProfile.1.Name,false,2026-07-08T16:02:08.806Z,true,2026-07-08T16:02:08.806Z,"""",,,,,,"
"InternetGatewayDevice.Services.VoiceService.1.VoiceProfile.1.NonVoiceBandwidthReservedDownstream,false,2026-07-08T16:02:08.806Z,true,2026-07-08T16:02:08.806Z,"""",,,,,,"
"InternetGatewayDevice.Services.VoiceService.1.VoiceProfile.1.NonVoiceBandwidthReservedUpstream,false,2026-07-08T16:02:08.806Z,true,2026-07-08T16:02:08.806Z,"""",,,,,,"
"InternetGatewayDevice.Services.VoiceService.1.VoiceProfile.1.NumberOfLines,false,2026-07-08T16:02:08.806Z,false,2026-07-08T16:02:08.806Z,"""",,,,,,"
"InternetGatewayDevice.Services.VoiceService.1.VoiceProfile.1.NumberingPlan,true,2026-07-08T16:02:08.806Z,true,2026-07-08T16:02:08.806Z,"""",,,,,,"
"InternetGatewayDevice.Services.VoiceService.1.VoiceProfile.1.NumberingPlan.InterDigitTimerOpen,false,2026-07-08T16:02:08.806Z,true,2026-07-08T16:02:08.806Z,"""",,,,,,"
"InternetGatewayDevice.Services.VoiceService.1.VoiceProfile.1.NumberingPlan.InterDigitTimerStd,false,2026-07-08T16:02:08.806Z,true,2026-07-08T16:02:08.806Z,"""",,,,,,"
"InternetGatewayDevice.Services.VoiceService.1.VoiceProfile.1.NumberingPlan.InvalidNumberTone,false,2026-07-08T16:02:08.806Z,true,2026-07-08T16:02:08.806Z,"""",,,,,,"
"InternetGatewayDevice.Services.VoiceService.1.VoiceProfile.1.NumberingPlan.MaximumNumberOfDigits,false,2026-07-08T16:02:08.806Z,true,2026-07-08T16:02:08.806Z,"""",,,,,,"
"InternetGatewayDevice.Services.VoiceService.1.VoiceProfile.1.NumberingPlan.MinimumNumberOfDigits,false,2026-07-08T16:02:08.806Z,true,2026-07-08T16:02:08.806Z,"""",,,,,,"
"InternetGatewayDevice.Services.VoiceService.1.VoiceProfile.1.NumberingPlan.PrefixInfo,true,2026-07-08T16:02:08.806Z,true,2026-07-08T16:02:08.806Z,"""",,,,,,"
"InternetGatewayDevice.Services.VoiceService.1.VoiceProfile.1.NumberingPlan.PrefixInfoMaxEntries,false,2026-07-08T16:02:08.806Z,false,2026-07-08T16:02:08.806Z,"""",,,,,,"
"InternetGatewayDevice.Services.VoiceService.1.VoiceProfile.1.NumberingPlan.PrefixInfoNumberOfEntries,false,2026-07-08T16:02:08.806Z,false,2026-07-08T16:02:08.806Z,"""",,,,,,"
"InternetGatewayDevice.Services.VoiceService.1.VoiceProfile.1.NumberingPlan.X_HW_NumberPlan,false,2026-07-08T16:02:08.806Z,true,2026-07-08T16:02:08.806Z,"""",,,,,,"
"InternetGatewayDevice.Services.VoiceService.1.VoiceProfile.1.RTP,true,2026-07-08T16:02:08.806Z,true,2026-07-08T16:02:08.806Z,"""",,,,,,"
"InternetGatewayDevice.Services.VoiceService.1.VoiceProfile.1.RTP.DSCPMark,false,2026-07-08T16:02:08.806Z,true,2026-07-08T16:02:08.806Z,"""",,,,,,"
"InternetGatewayDevice.Services.VoiceService.1.VoiceProfile.1.RTP.EthernetPriorityMark,false,2026-07-08T16:02:08.806Z,true,2026-07-08T16:02:08.806Z,"""",,,,,,"
"InternetGatewayDevice.Services.VoiceService.1.VoiceProfile.1.RTP.LocalPortMax,false,2026-07-08T16:02:08.806Z,true,2026-07-08T16:02:08.806Z,"""",,,,,,"
"InternetGatewayDevice.Services.VoiceService.1.VoiceProfile.1.RTP.LocalPortMin,false,2026-07-08T16:02:08.806Z,true,2026-07-08T16:02:08.806Z,"""",,,,,,"
"InternetGatewayDevice.Services.VoiceService.1.VoiceProfile.1.RTP.RTCP,true,2026-07-08T16:02:08.806Z,true,2026-07-08T16:02:08.806Z,"""",,,,,,"
"InternetGatewayDevice.Services.VoiceService.1.VoiceProfile.1.RTP.RTCP.Enable,false,2026-07-08T16:02:08.806Z,true,2026-07-08T16:02:08.806Z,"""",,,,,,"
"InternetGatewayDevice.Services.VoiceService.1.VoiceProfile.1.RTP.RTCP.LocalCName,false,2026-07-08T16:02:08.806Z,true,2026-07-08T16:02:08.806Z,"""",,,,,,"
"InternetGatewayDevice.Services.VoiceService.1.VoiceProfile.1.RTP.RTCP.TxRepeatInterval,false,2026-07-08T16:02:08.806Z,true,2026-07-08T16:02:08.806Z,"""",,,,,,"
"InternetGatewayDevice.Services.VoiceService.1.VoiceProfile.1.RTP.RTCP.X_HW_RtcpxrFlag,false,2026-07-08T16:02:08.806Z,true,2026-07-08T16:02:08.806Z,"""",,,,,,"
"InternetGatewayDevice.Services.VoiceService.1.VoiceProfile.1.RTP.RTCP.X_HW_VqmFlag,false,2026-07-08T16:02:08.806Z,true,2026-07-08T16:02:08.806Z,"""",,,,,,"
"InternetGatewayDevice.Services.VoiceService.1.VoiceProfile.1.RTP.Redundancy,true,2026-07-08T16:02:08.806Z,true,2026-07-08T16:02:08.806Z,"""",,,,,,"
"InternetGatewayDevice.Services.VoiceService.1.VoiceProfile.1.RTP.Redundancy.Enable,false,2026-07-08T16:02:08.806Z,true,2026-07-08T16:02:08.806Z,"""",,,,,,"
"InternetGatewayDevice.Services.VoiceService.1.VoiceProfile.1.RTP.Redundancy.PayloadType,false,2026-07-08T16:02:08.806Z,true,2026-07-08T16:02:08.806Z,"""",,,,,,"
"InternetGatewayDevice.Services.VoiceService.1.VoiceProfile.1.RTP.Redundancy.X_HW_EnableAuto,false,2026-07-08T16:02:08.806Z,true,2026-07-08T16:02:08.806Z,"""",,,,,,"
"InternetGatewayDevice.Services.VoiceService.1.VoiceProfile.1.RTP.Redundancy.X_HW_EnableFixedStart,false,2026-07-08T16:02:08.806Z,true,2026-07-08T16:02:08.806Z,"""",,,,,,"
"InternetGatewayDevice.Services.VoiceService.1.VoiceProfile.1.RTP.Redundancy.X_HW_Rfc2198For2833,false,2026-07-08T16:02:08.806Z,true,2026-07-08T16:02:08.806Z,"""",,,,,,"
"InternetGatewayDevice.Services.VoiceService.1.VoiceProfile.1.RTP.TelephoneEventPayloadType,false,2026-07-08T16:02:08.806Z,true,2026-07-08T16:02:08.806Z,"""",,,,,,"
"InternetGatewayDevice.Services.VoiceService.1.VoiceProfile.1.RTP.VLANIDMark,false,2026-07-08T16:02:08.806Z,true,2026-07-08T16:02:08.806Z,"""",,,,,,"
"InternetGatewayDevice.Services.VoiceService.1.VoiceProfile.1.RTP.X_HW_2833FaxEventFlag,false,2026-07-08T16:02:08.806Z,true,2026-07-08T16:02:08.806Z,"""",,,,,,"
"InternetGatewayDevice.Services.VoiceService.1.VoiceProfile.1.RTP.X_HW_2833FlashHook,false,2026-07-08T16:02:08.806Z,true,2026-07-08T16:02:08.806Z,"""",,,,,,"
"InternetGatewayDevice.Services.VoiceService.1.VoiceProfile.1.RTP.X_HW_EmergencyDSCPMark,false,2026-07-08T16:02:08.806Z,true,2026-07-08T16:02:08.806Z,"""",,,,,,"
"InternetGatewayDevice.Services.VoiceService.1.VoiceProfile.1.RTP.X_HW_Extend,true,2026-07-08T16:02:08.806Z,true,2026-07-08T16:02:08.806Z,"""",,,,,,"
"InternetGatewayDevice.Services.VoiceService.1.VoiceProfile.1.RTP.X_HW_Extend.CngLevel,false,2026-07-08T16:02:08.806Z,true,2026-07-08T16:02:08.806Z,"""",,,,,,"
"InternetGatewayDevice.Services.VoiceService.1.VoiceProfile.1.RTP.X_HW_Extend.CngLevelEnable,false,2026-07-08T16:02:08.806Z,true,2026-07-08T16:02:08.806Z,"""",,,,,,"
"InternetGatewayDevice.Services.VoiceService.1.VoiceProfile.1.RTP.X_HW_Extend.DTMFBufferMode,false,2026-07-08T16:02:08.806Z,true,2026-07-08T16:02:08.806Z,"""",,,,,,"
"InternetGatewayDevice.Services.VoiceService.1.VoiceProfile.1.RTP.X_HW_Extend.DTMFClipStartCode,false,2026-07-08T16:02:08.806Z,true,2026-07-08T16:02:08.806Z,"""",,,,,,"
"InternetGatewayDevice.Services.VoiceService.1.VoiceProfile.1.RTP.X_HW_Extend.DTMFDetAdjMode,false,2026-07-08T16:02:08.806Z,true,2026-07-08T16:02:08.806Z,"""",,,,,,"
"InternetGatewayDevice.Services.VoiceService.1.VoiceProfile.1.RTP.X_HW_Extend.DTMFEraseBeforeEnd,false,2026-07-08T16:02:08.806Z,true,2026-07-08T16:02:08.806Z,"""",,,,,,"
"InternetGatewayDevice.Services.VoiceService.1.VoiceProfile.1.RTP.X_HW_Extend.DefaultCodec,false,2026-07-08T16:02:08.806Z,true,2026-07-08T16:02:08.806Z,"""",,,,,,"
"InternetGatewayDevice.Services.VoiceService.1.VoiceProfile.1.RTP.X_HW_Extend.DefaultPktLen,false,2026-07-08T16:02:08.806Z,true,2026-07-08T16:02:08.806Z,"""",,,,,,"
"InternetGatewayDevice.Services.VoiceService.1.VoiceProfile.1.RTP.X_HW_Extend.DtmfDetectAlgorithmMode,false,2026-07-08T16:02:08.806Z,true,2026-07-08T16:02:08.806Z,"""",,,,,,"
"InternetGatewayDevice.Services.VoiceService.1.VoiceProfile.1.RTP.X_HW_Extend.DtmfDetectLevelLowerAdjust,false,2026-07-08T16:02:08.806Z,true,2026-07-08T16:02:08.806Z,"""",,,,,,"
"InternetGatewayDevice.Services.VoiceService.1.VoiceProfile.1.RTP.X_HW_Extend.DtmfDetectNegativeTwistAdjust,false,2026-07-08T16:02:08.806Z,true,2026-07-08T16:02:08.806Z,"""",,,,,,"
"InternetGatewayDevice.Services.VoiceService.1.VoiceProfile.1.RTP.X_HW_Extend.DtmfDetectPositiveTwistAdjust,false,2026-07-08T16:02:08.806Z,true,2026-07-08T16:02:08.806Z,"""",,,,,,"
"InternetGatewayDevice.Services.VoiceService.1.VoiceProfile.1.RTP.X_HW_Extend.DtmfDetectSnr1250_1800Adjust,false,2026-07-08T16:02:08.806Z,true,2026-07-08T16:02:08.806Z,"""",,,,,,"
"InternetGatewayDevice.Services.VoiceService.1.VoiceProfile.1.RTP.X_HW_Extend.DtmfDetectSnr1800_4000Adjust,false,2026-07-08T16:02:08.806Z,true,2026-07-08T16:02:08.806Z,"""",,,,,,"
"InternetGatewayDevice.Services.VoiceService.1.VoiceProfile.1.RTP.X_HW_Extend.DtmfDetectSnr900_1250Adjust,false,2026-07-08T16:02:08.806Z,true,2026-07-08T16:02:08.806Z,"""",,,,,,"
"InternetGatewayDevice.Services.VoiceService.1.VoiceProfile.1.RTP.X_HW_Extend.DtmfDetectSnrAdjust,false,2026-07-08T16:02:08.806Z,true,2026-07-08T16:02:08.806Z,"""",,,,,,"
"InternetGatewayDevice.Services.VoiceService.1.VoiceProfile.1.RTP.X_HW_Extend.DtmfDetectSnrDialAdjust,false,2026-07-08T16:02:08.806Z,true,2026-07-08T16:02:08.806Z,"""",,,,,,"
"InternetGatewayDevice.Services.VoiceService.1.VoiceProfile.1.RTP.X_HW_Extend.DtmfDetectSnrDialup_900Adjust,false,2026-07-08T16:02:08.806Z,true,2026-07-08T16:02:08.806Z,"""",,,,,,"
"InternetGatewayDevice.Services.VoiceService.1.VoiceProfile.1.RTP.X_HW_Extend.DualSilenceDetTime,false,2026-07-08T16:02:08.806Z,true,2026-07-08T16:02:08.806Z,"""",,,,,,"
"InternetGatewayDevice.Services.VoiceService.1.VoiceProfile.1.RTP.X_HW_Extend.EchoCancellationEnable,false,2026-07-08T16:02:08.806Z,true,2026-07-08T16:02:08.806Z,"""",,,,,,"
"InternetGatewayDevice.Services.VoiceService.1.VoiceProfile.1.RTP.X_HW_Extend.OffhookDtaLevel,false,2026-07-08T16:02:08.806Z,true,2026-07-08T16:02:08.806Z,"""",,,,,,"
"InternetGatewayDevice.Services.VoiceService.1.VoiceProfile.1.RTP.X_HW_Extend.OffhookDtasAckFskInterval,false,2026-07-08T16:02:08.806Z,true,2026-07-08T16:02:08.806Z,"""",,,,,,"
"InternetGatewayDevice.Services.VoiceService.1.VoiceProfile.1.RTP.X_HW_Extend.OffhookDtasAckInterval,false,2026-07-08T16:02:08.806Z,true,2026-07-08T16:02:08.806Z,"""",,,,,,"
"InternetGatewayDevice.Services.VoiceService.1.VoiceProfile.1.RTP.X_HW_Extend.OffhookDtasDuration,false,2026-07-08T16:02:08.806Z,true,2026-07-08T16:02:08.806Z,"""",,,,,,"
"InternetGatewayDevice.Services.VoiceService.1.VoiceProfile.1.RTP.X_HW_Extend.OffhookFskLevel,false,2026-07-08T16:02:08.806Z,true,2026-07-08T16:02:08.806Z,"""",,,,,,"
"InternetGatewayDevice.Services.VoiceService.1.VoiceProfile.1.RTP.X_HW_Extend.OffhookMarkSignalBit,false,2026-07-08T16:02:08.806Z,true,2026-07-08T16:02:08.806Z,"""",,,,,,"
"InternetGatewayDevice.Services.VoiceService.1.VoiceProfile.1.RTP.X_HW_Extend.OnhookChannelSeizeBit,false,2026-07-08T16:02:08.806Z,true,2026-07-08T16:02:08.806Z,"""",,,,,,"
"InternetGatewayDevice.Services.VoiceService.1.VoiceProfile.1.RTP.X_HW_Extend.OnhookDtaLevel,false,2026-07-08T16:02:08.806Z,true,2026-07-08T16:02:08.806Z,"""",,,,,,"
"InternetGatewayDevice.Services.VoiceService.1.VoiceProfile.1.RTP.X_HW_Extend.OnhookDtasDuration,false,2026-07-08T16:02:08.806Z,true,2026-07-08T16:02:08.806Z,"""",,,,,,"
"InternetGatewayDevice.Services.VoiceService.1.VoiceProfile.1.RTP.X_HW_Extend.OnhookDtasFskInterval,false,2026-07-08T16:02:08.806Z,true,2026-07-08T16:02:08.806Z,"""",,,,,,"
"InternetGatewayDevice.Services.VoiceService.1.VoiceProfile.1.RTP.X_HW_Extend.OnhookFskLevel,false,2026-07-08T16:02:08.806Z,true,2026-07-08T16:02:08.806Z,"""",,,,,,"
"InternetGatewayDevice.Services.VoiceService.1.VoiceProfile.1.RTP.X_HW_Extend.OnhookMarkSignalBit,false,2026-07-08T16:02:08.806Z,true,2026-07-08T16:02:08.806Z,"""",,,,,,"
"InternetGatewayDevice.Services.VoiceService.1.VoiceProfile.1.RTP.X_HW_Extend.PktLostThreshold,false,2026-07-08T16:02:08.806Z,true,2026-07-08T16:02:08.806Z,"""",,,,,,"
"InternetGatewayDevice.Services.VoiceService.1.VoiceProfile.1.RTP.X_HW_Extend.PlcFlag,false,2026-07-08T16:02:08.806Z,true,2026-07-08T16:02:08.806Z,"""",,,,,,"
"InternetGatewayDevice.Services.VoiceService.1.VoiceProfile.1.RTP.X_HW_Extend.RFC2833DurationMode,false,2026-07-08T16:02:08.806Z,true,2026-07-08T16:02:08.806Z,"""",,,,,,"
"InternetGatewayDevice.Services.VoiceService.1.VoiceProfile.1.RTP.X_HW_Extend.RTPTermIDNumWidth,false,2026-07-08T16:02:08.806Z,true,2026-07-08T16:02:08.806Z,"""",,,,,,"
"InternetGatewayDevice.Services.VoiceService.1.VoiceProfile.1.RTP.X_HW_Extend.RTPTermIDPrefix,false,2026-07-08T16:02:08.806Z,true,2026-07-08T16:02:08.806Z,"""",,,,,,"
"InternetGatewayDevice.Services.VoiceService.1.VoiceProfile.1.RTP.X_HW_Extend.RTPTermIDStartNum,false,2026-07-08T16:02:08.806Z,true,2026-07-08T16:02:08.806Z,"""",,,,,,"
"InternetGatewayDevice.Services.VoiceService.1.VoiceProfile.1.RTP.X_HW_Extend.RTPTermIDUniform,false,2026-07-08T16:02:08.806Z,true,2026-07-08T16:02:08.806Z,"""",,,,,,"
"InternetGatewayDevice.Services.VoiceService.1.VoiceProfile.1.RTP.X_HW_Extend.SilenceSuppression,false,2026-07-08T16:02:08.806Z,true,2026-07-08T16:02:08.806Z,"""",,,,,,"
"InternetGatewayDevice.Services.VoiceService.1.VoiceProfile.1.RTP.X_HW_Extend.VbdJbAdjustMode,false,2026-07-08T16:02:08.806Z,true,2026-07-08T16:02:08.806Z,"""",,,,,,"
"InternetGatewayDevice.Services.VoiceService.1.VoiceProfile.1.RTP.X_HW_JitBuffer,true,2026-07-08T16:02:08.806Z,true,2026-07-08T16:02:08.806Z,"""",,,,,,"
"InternetGatewayDevice.Services.VoiceService.1.VoiceProfile.1.RTP.X_HW_JitBuffer.IniAdaptJB,false,2026-07-08T16:02:08.806Z,true,2026-07-08T16:02:08.806Z,"""",,,,,,"
"InternetGatewayDevice.Services.VoiceService.1.VoiceProfile.1.RTP.X_HW_JitBuffer.IniFixedJB,false,2026-07-08T16:02:08.806Z,true,2026-07-08T16:02:08.806Z,"""",,,,,,"
"InternetGatewayDevice.Services.VoiceService.1.VoiceProfile.1.RTP.X_HW_JitBuffer.MaxAdaptJB,false,2026-07-08T16:02:08.806Z,true,2026-07-08T16:02:08.806Z,"""",,,,,,"
"InternetGatewayDevice.Services.VoiceService.1.VoiceProfile.1.RTP.X_HW_JitBuffer.MaxFixedJB,false,2026-07-08T16:02:08.806Z,true,2026-07-08T16:02:08.806Z,"""",,,,,,"
"InternetGatewayDevice.Services.VoiceService.1.VoiceProfile.1.RTP.X_HW_JitBuffer.MinAdaptJB,false,2026-07-08T16:02:08.806Z,true,2026-07-08T16:02:08.806Z,"""",,,,,,"
"InternetGatewayDevice.Services.VoiceService.1.VoiceProfile.1.RTP.X_HW_JitBuffer.MinFixedJB,false,2026-07-08T16:02:08.806Z,true,2026-07-08T16:02:08.806Z,"""",,,,,,"
"InternetGatewayDevice.Services.VoiceService.1.VoiceProfile.1.RTP.X_HW_PortName,false,2026-07-08T16:02:08.806Z,true,2026-07-08T16:02:08.806Z,"""",,,,,,"
"InternetGatewayDevice.Services.VoiceService.1.VoiceProfile.1.Region,false,2026-07-08T16:02:08.806Z,true,2026-07-08T16:02:08.806Z,"""",,,,,,"
"InternetGatewayDevice.Services.VoiceService.1.VoiceProfile.1.Reset,false,2026-07-08T16:02:08.806Z,true,2026-07-08T16:02:08.806Z,"""",,,,,,"
"InternetGatewayDevice.Services.VoiceService.1.VoiceProfile.1.SIP,true,2026-07-08T16:02:08.806Z,true,2026-07-08T16:02:08.806Z,"""",,,,,,"
"InternetGatewayDevice.Services.VoiceService.1.VoiceProfile.1.SIP.DSCPMark,false,2026-07-08T16:02:08.806Z,true,2026-07-08T16:02:08.806Z,"""",,,,,,"
"InternetGatewayDevice.Services.VoiceService.1.VoiceProfile.1.SIP.EthernetPriorityMark,false,2026-07-08T16:02:08.806Z,true,2026-07-08T16:02:08.806Z,"""",,,,,,"
"InternetGatewayDevice.Services.VoiceService.1.VoiceProfile.1.SIP.InboundAuth,false,2026-07-08T16:02:08.806Z,true,2026-07-08T16:02:08.806Z,"""",,,,,,"
"InternetGatewayDevice.Services.VoiceService.1.VoiceProfile.1.SIP.InboundAuthPassword,false,2026-07-08T16:02:08.806Z,true,2026-07-08T16:02:08.806Z,"""",,,,,,"
"InternetGatewayDevice.Services.VoiceService.1.VoiceProfile.1.SIP.InboundAuthUsername,false,2026-07-08T16:02:08.806Z,true,2026-07-08T16:02:08.806Z,"""",,,,,,"
"InternetGatewayDevice.Services.VoiceService.1.VoiceProfile.1.SIP.InviteExpires,false,2026-07-08T16:02:08.806Z,true,2026-07-08T16:02:08.806Z,"""",,,,,,"
"InternetGatewayDevice.Services.VoiceService.1.VoiceProfile.1.SIP.Organization,false,2026-07-08T16:02:08.806Z,true,2026-07-08T16:02:08.806Z,"""",,,,,,"
"InternetGatewayDevice.Services.VoiceService.1.VoiceProfile.1.SIP.OutboundProxy,false,2026-07-08T16:02:08.806Z,true,2026-07-08T16:02:08.806Z,"""",,,,,,"
"InternetGatewayDevice.Services.VoiceService.1.VoiceProfile.1.SIP.OutboundProxyPort,false,2026-07-08T16:02:08.806Z,true,2026-07-08T16:02:08.806Z,"""",,,,,,"
"InternetGatewayDevice.Services.VoiceService.1.VoiceProfile.1.SIP.ProxyServer,false,2026-07-08T16:02:08.806Z,true,2026-07-08T16:02:08.806Z,"""",,,,,,"
"InternetGatewayDevice.Services.VoiceService.1.VoiceProfile.1.SIP.ProxyServerPort,false,2026-07-08T16:02:08.806Z,true,2026-07-08T16:02:08.806Z,"""",,,,,,"
"InternetGatewayDevice.Services.VoiceService.1.VoiceProfile.1.SIP.ProxyServerTransport,false,2026-07-08T16:02:08.806Z,true,2026-07-08T16:02:08.806Z,"""",,,,,,"
"InternetGatewayDevice.Services.VoiceService.1.VoiceProfile.1.SIP.ReInviteExpires,false,2026-07-08T16:02:08.806Z,true,2026-07-08T16:02:08.806Z,"""",,,,,,"
"InternetGatewayDevice.Services.VoiceService.1.VoiceProfile.1.SIP.RegisterExpires,false,2026-07-08T16:02:08.806Z,true,2026-07-08T16:02:08.806Z,"""",,,,,,"
"InternetGatewayDevice.Services.VoiceService.1.VoiceProfile.1.SIP.RegisterRetryInterval,false,2026-07-08T16:02:08.806Z,true,2026-07-08T16:02:08.806Z,"""",,,,,,"
"InternetGatewayDevice.Services.VoiceService.1.VoiceProfile.1.SIP.RegistersMinExpires,false,2026-07-08T16:02:08.806Z,true,2026-07-08T16:02:08.806Z,"""",,,,,,"
"InternetGatewayDevice.Services.VoiceService.1.VoiceProfile.1.SIP.RegistrarServer,false,2026-07-08T16:02:08.806Z,true,2026-07-08T16:02:08.806Z,"""",,,,,,"
"InternetGatewayDevice.Services.VoiceService.1.VoiceProfile.1.SIP.RegistrarServerPort,false,2026-07-08T16:02:08.806Z,true,2026-07-08T16:02:08.806Z,"""",,,,,,"
"InternetGatewayDevice.Services.VoiceService.1.VoiceProfile.1.SIP.RegistrarServerTransport,false,2026-07-08T16:02:08.806Z,true,2026-07-08T16:02:08.806Z,"""",,,,,,"
"InternetGatewayDevice.Services.VoiceService.1.VoiceProfile.1.SIP.RegistrationPeriod,false,2026-07-08T16:02:08.806Z,true,2026-07-08T16:02:08.806Z,"""",,,,,,"
"InternetGatewayDevice.Services.VoiceService.1.VoiceProfile.1.SIP.ResponseMap,true,2026-07-08T16:02:08.806Z,true,2026-07-08T16:02:08.806Z,"""",,,,,,"
"InternetGatewayDevice.Services.VoiceService.1.VoiceProfile.1.SIP.ResponseMap.1,true,2026-07-08T16:02:08.806Z,true,2026-07-08T16:02:08.806Z,"""",,,,,,"
"InternetGatewayDevice.Services.VoiceService.1.VoiceProfile.1.SIP.ResponseMap.1.SIPResponseNumber,false,2026-07-08T16:02:08.806Z,true,2026-07-08T16:02:08.806Z,"""",,,,,,"
"InternetGatewayDevice.Services.VoiceService.1.VoiceProfile.1.SIP.ResponseMap.1.TextMessage,false,2026-07-08T16:02:08.806Z,true,2026-07-08T16:02:08.806Z,"""",,,,,,"
"InternetGatewayDevice.Services.VoiceService.1.VoiceProfile.1.SIP.ResponseMap.1.Tone,false,2026-07-08T16:02:08.806Z,true,2026-07-08T16:02:08.806Z,"""",,,,,,"
"InternetGatewayDevice.Services.VoiceService.1.VoiceProfile.1.SIP.ResponseMap.1.X_HW_Duration,false,2026-07-08T16:02:08.806Z,true,2026-07-08T16:02:08.806Z,"""",,,,,,"
"InternetGatewayDevice.Services.VoiceService.1.VoiceProfile.1.SIP.ResponseMap.2,true,2026-07-08T16:02:08.806Z,true,2026-07-08T16:02:08.806Z,"""",,,,,,"
"InternetGatewayDevice.Services.VoiceService.1.VoiceProfile.1.SIP.ResponseMap.2.SIPResponseNumber,false,2026-07-08T16:02:08.806Z,true,2026-07-08T16:02:08.806Z,"""",,,,,,"
"InternetGatewayDevice.Services.VoiceService.1.VoiceProfile.1.SIP.ResponseMap.2.TextMessage,false,2026-07-08T16:02:08.806Z,true,2026-07-08T16:02:08.806Z,"""",,,,,,"
"InternetGatewayDevice.Services.VoiceService.1.VoiceProfile.1.SIP.ResponseMap.2.Tone,false,2026-07-08T16:02:08.806Z,true,2026-07-08T16:02:08.806Z,"""",,,,,,"
"InternetGatewayDevice.Services.VoiceService.1.VoiceProfile.1.SIP.ResponseMap.2.X_HW_Duration,false,2026-07-08T16:02:08.806Z,true,2026-07-08T16:02:08.806Z,"""",,,,,,"
"InternetGatewayDevice.Services.VoiceService.1.VoiceProfile.1.SIP.SIPEventSubscribeNumberOfElements,false,2026-07-08T16:02:08.806Z,false,2026-07-08T16:02:08.806Z,"""",,,,,,"
"InternetGatewayDevice.Services.VoiceService.1.VoiceProfile.1.SIP.SIPResponseMapNumberOfElements,false,2026-07-08T16:02:08.806Z,false,2026-07-08T16:02:08.806Z,"""",,,,,,"
"InternetGatewayDevice.Services.VoiceService.1.VoiceProfile.1.SIP.TimerA,false,2026-07-08T16:02:08.806Z,true,2026-07-08T16:02:08.806Z,"""",,,,,,"
"InternetGatewayDevice.Services.VoiceService.1.VoiceProfile.1.SIP.TimerB,false,2026-07-08T16:02:08.806Z,true,2026-07-08T16:02:08.806Z,"""",,,,,,"
"InternetGatewayDevice.Services.VoiceService.1.VoiceProfile.1.SIP.TimerC,false,2026-07-08T16:02:08.806Z,true,2026-07-08T16:02:08.806Z,"""",,,,,,"
"InternetGatewayDevice.Services.VoiceService.1.VoiceProfile.1.SIP.TimerD,false,2026-07-08T16:02:08.806Z,true,2026-07-08T16:02:08.806Z,"""",,,,,,"
"InternetGatewayDevice.Services.VoiceService.1.VoiceProfile.1.SIP.TimerE,false,2026-07-08T16:02:08.806Z,true,2026-07-08T16:02:08.806Z,"""",,,,,,"
"InternetGatewayDevice.Services.VoiceService.1.VoiceProfile.1.SIP.TimerF,false,2026-07-08T16:02:08.806Z,true,2026-07-08T16:02:08.806Z,"""",,,,,,"
"InternetGatewayDevice.Services.VoiceService.1.VoiceProfile.1.SIP.TimerG,false,2026-07-08T16:02:08.806Z,true,2026-07-08T16:02:08.806Z,"""",,,,,,"
"InternetGatewayDevice.Services.VoiceService.1.VoiceProfile.1.SIP.TimerH,false,2026-07-08T16:02:08.806Z,true,2026-07-08T16:02:08.806Z,"""",,,,,,"
"InternetGatewayDevice.Services.VoiceService.1.VoiceProfile.1.SIP.TimerI,false,2026-07-08T16:02:08.806Z,true,2026-07-08T16:02:08.806Z,"""",,,,,,"
"InternetGatewayDevice.Services.VoiceService.1.VoiceProfile.1.SIP.TimerJ,false,2026-07-08T16:02:08.806Z,true,2026-07-08T16:02:08.806Z,"""",,,,,,"
"InternetGatewayDevice.Services.VoiceService.1.VoiceProfile.1.SIP.TimerK,false,2026-07-08T16:02:08.806Z,true,2026-07-08T16:02:08.806Z,"""",,,,,,"
"InternetGatewayDevice.Services.VoiceService.1.VoiceProfile.1.SIP.TimerT1,false,2026-07-08T16:02:08.806Z,true,2026-07-08T16:02:08.806Z,"""",,,,,,"
"InternetGatewayDevice.Services.VoiceService.1.VoiceProfile.1.SIP.TimerT2,false,2026-07-08T16:02:08.806Z,true,2026-07-08T16:02:08.806Z,"""",,,,,,"
"InternetGatewayDevice.Services.VoiceService.1.VoiceProfile.1.SIP.TimerT4,false,2026-07-08T16:02:08.806Z,true,2026-07-08T16:02:08.806Z,"""",,,,,,"
"InternetGatewayDevice.Services.VoiceService.1.VoiceProfile.1.SIP.UseCodecPriorityInSDPResponse,false,2026-07-08T16:02:08.806Z,true,2026-07-08T16:02:08.806Z,"""",,,,,,"
"InternetGatewayDevice.Services.VoiceService.1.VoiceProfile.1.SIP.UserAgentDomain,false,2026-07-08T16:02:08.806Z,true,2026-07-08T16:02:08.806Z,"""",,,,,,"
"InternetGatewayDevice.Services.VoiceService.1.VoiceProfile.1.SIP.UserAgentPort,false,2026-07-08T16:02:08.806Z,true,2026-07-08T16:02:08.806Z,"""",,,,,,"
"InternetGatewayDevice.Services.VoiceService.1.VoiceProfile.1.SIP.UserAgentTransport,false,2026-07-08T16:02:08.806Z,true,2026-07-08T16:02:08.806Z,"""",,,,,,"
"InternetGatewayDevice.Services.VoiceService.1.VoiceProfile.1.SIP.VLANIDMark,false,2026-07-08T16:02:08.806Z,true,2026-07-08T16:02:08.806Z,"""",,,,,,"
"InternetGatewayDevice.Services.VoiceService.1.VoiceProfile.1.SIP.X_HW_BootDeRegisterEnable,false,2026-07-08T16:02:08.806Z,true,2026-07-08T16:02:08.806Z,"""",,,,,,"
"InternetGatewayDevice.Services.VoiceService.1.VoiceProfile.1.SIP.X_HW_ByeWhenSessionUpdateRetryFail,false,2026-07-08T16:02:08.806Z,true,2026-07-08T16:02:08.806Z,"""",,,,,,"
"InternetGatewayDevice.Services.VoiceService.1.VoiceProfile.1.SIP.X_HW_EmergencyDSCPMark,false,2026-07-08T16:02:08.806Z,true,2026-07-08T16:02:08.806Z,"""",,,,,,"
"InternetGatewayDevice.Services.VoiceService.1.VoiceProfile.1.SIP.X_HW_HeartbeatCount,false,2026-07-08T16:02:08.806Z,true,2026-07-08T16:02:08.806Z,"""",,,,,,"
"InternetGatewayDevice.Services.VoiceService.1.VoiceProfile.1.SIP.X_HW_HeartbeatCycle,false,2026-07-08T16:02:08.806Z,true,2026-07-08T16:02:08.806Z,"""",,,,,,"
"InternetGatewayDevice.Services.VoiceService.1.VoiceProfile.1.SIP.X_HW_HeartbeatSwitch,false,2026-07-08T16:02:08.806Z,true,2026-07-08T16:02:08.806Z,"""",,,,,,"
"InternetGatewayDevice.Services.VoiceService.1.VoiceProfile.1.SIP.X_HW_KeepSilenceNoUser,false,2026-07-08T16:02:08.806Z,true,2026-07-08T16:02:08.806Z,"""",,,,,,"
"InternetGatewayDevice.Services.VoiceService.1.VoiceProfile.1.SIP.X_HW_OutNumberContainImmediateDialKeyEnable,false,2026-07-08T16:02:08.806Z,true,2026-07-08T16:02:08.806Z,"""",,,,,,"
"InternetGatewayDevice.Services.VoiceService.1.VoiceProfile.1.SIP.X_HW_PRACKEnable,false,2026-07-08T16:02:08.806Z,true,2026-07-08T16:02:08.806Z,"""",,,,,,"
"InternetGatewayDevice.Services.VoiceService.1.VoiceProfile.1.SIP.X_HW_RegisterBetweenServersInterval,false,2026-07-08T16:02:08.806Z,true,2026-07-08T16:02:08.806Z,"""",,,,,,"
"InternetGatewayDevice.Services.VoiceService.1.VoiceProfile.1.SIP.X_HW_RegisterDetectInterval,false,2026-07-08T16:02:08.806Z,true,2026-07-08T16:02:08.806Z,"""",,,,,,"
"InternetGatewayDevice.Services.VoiceService.1.VoiceProfile.1.SIP.X_HW_SIPDigitmap,true,2026-07-08T16:02:08.806Z,true,2026-07-08T16:02:08.806Z,"""",,,,,,"
"InternetGatewayDevice.Services.VoiceService.1.VoiceProfile.1.SIP.X_HW_SIPDigitmap.1,true,2026-07-08T16:02:08.806Z,true,2026-07-08T16:02:08.806Z,"""",,,,,,"
"InternetGatewayDevice.Services.VoiceService.1.VoiceProfile.1.SIP.X_HW_SIPDigitmap.1.DMName,false,2026-07-08T16:02:08.806Z,true,2026-07-08T16:02:08.806Z,"""",,,,,,"
"InternetGatewayDevice.Services.VoiceService.1.VoiceProfile.1.SIP.X_HW_SIPDigitmap.1.DigitMap,false,2026-07-08T16:02:08.806Z,true,2026-07-08T16:02:08.806Z,"""",,,,,,"
"InternetGatewayDevice.Services.VoiceService.1.VoiceProfile.1.SIP.X_HW_SIPDigitmap.1.DigitMapLongTimer,false,2026-07-08T16:02:08.806Z,true,2026-07-08T16:02:08.806Z,"""",,,,,,"
"InternetGatewayDevice.Services.VoiceService.1.VoiceProfile.1.SIP.X_HW_SIPDigitmap.1.DigitMapShortTimer,false,2026-07-08T16:02:08.806Z,true,2026-07-08T16:02:08.806Z,"""",,,,,,"
"InternetGatewayDevice.Services.VoiceService.1.VoiceProfile.1.SIP.X_HW_SIPDigitmap.1.DigitMapStartTimer,false,2026-07-08T16:02:08.806Z,true,2026-07-08T16:02:08.806Z,"""",,,,,,"
"InternetGatewayDevice.Services.VoiceService.1.VoiceProfile.1.SIP.X_HW_SIPDigitmap.1.DigitmapType,false,2026-07-08T16:02:08.806Z,true,2026-07-08T16:02:08.806Z,"""",,,,,,"
"InternetGatewayDevice.Services.VoiceService.1.VoiceProfile.1.SIP.X_HW_SIPDigitmap.1.MatchMode,false,2026-07-08T16:02:08.806Z,true,2026-07-08T16:02:08.806Z,"""",,,,,,"
"InternetGatewayDevice.Services.VoiceService.1.VoiceProfile.1.SIP.X_HW_SIPDigitmap.2,true,2026-07-08T16:02:08.806Z,true,2026-07-08T16:02:08.806Z,"""",,,,,,"
"InternetGatewayDevice.Services.VoiceService.1.VoiceProfile.1.SIP.X_HW_SIPDigitmap.2.DMName,false,2026-07-08T16:02:08.806Z,true,2026-07-08T16:02:08.806Z,"""",,,,,,"
"InternetGatewayDevice.Services.VoiceService.1.VoiceProfile.1.SIP.X_HW_SIPDigitmap.2.DigitMap,false,2026-07-08T16:02:08.806Z,true,2026-07-08T16:02:08.806Z,"""",,,,,,"
"InternetGatewayDevice.Services.VoiceService.1.VoiceProfile.1.SIP.X_HW_SIPDigitmap.2.DigitMapLongTimer,false,2026-07-08T16:02:08.806Z,true,2026-07-08T16:02:08.806Z,"""",,,,,,"
"InternetGatewayDevice.Services.VoiceService.1.VoiceProfile.1.SIP.X_HW_SIPDigitmap.2.DigitMapShortTimer,false,2026-07-08T16:02:08.806Z,true,2026-07-08T16:02:08.806Z,"""",,,,,,"
"InternetGatewayDevice.Services.VoiceService.1.VoiceProfile.1.SIP.X_HW_SIPDigitmap.2.DigitMapStartTimer,false,2026-07-08T16:02:08.806Z,true,2026-07-08T16:02:08.806Z,"""",,,,,,"
"InternetGatewayDevice.Services.VoiceService.1.VoiceProfile.1.SIP.X_HW_SIPDigitmap.2.DigitmapType,false,2026-07-08T16:02:08.806Z,true,2026-07-08T16:02:08.806Z,"""",,,,,,"
"InternetGatewayDevice.Services.VoiceService.1.VoiceProfile.1.SIP.X_HW_SIPDigitmap.2.MatchMode,false,2026-07-08T16:02:08.806Z,true,2026-07-08T16:02:08.806Z,"""",,,,,,"
"InternetGatewayDevice.Services.VoiceService.1.VoiceProfile.1.SIP.X_HW_SIPDigitmap.3,true,2026-07-08T16:02:08.806Z,true,2026-07-08T16:02:08.806Z,"""",,,,,,"
"InternetGatewayDevice.Services.VoiceService.1.VoiceProfile.1.SIP.X_HW_SIPDigitmap.3.DMName,false,2026-07-08T16:02:08.806Z,true,2026-07-08T16:02:08.806Z,"""",,,,,,"
"InternetGatewayDevice.Services.VoiceService.1.VoiceProfile.1.SIP.X_HW_SIPDigitmap.3.DigitMap,false,2026-07-08T16:02:08.806Z,true,2026-07-08T16:02:08.806Z,"""",,,,,,"
"InternetGatewayDevice.Services.VoiceService.1.VoiceProfile.1.SIP.X_HW_SIPDigitmap.3.DigitMapLongTimer,false,2026-07-08T16:02:08.806Z,true,2026-07-08T16:02:08.806Z,"""",,,,,,"
"InternetGatewayDevice.Services.VoiceService.1.VoiceProfile.1.SIP.X_HW_SIPDigitmap.3.DigitMapShortTimer,false,2026-07-08T16:02:08.806Z,true,2026-07-08T16:02:08.806Z,"""",,,,,,"
"InternetGatewayDevice.Services.VoiceService.1.VoiceProfile.1.SIP.X_HW_SIPDigitmap.3.DigitMapStartTimer,false,2026-07-08T16:02:08.806Z,true,2026-07-08T16:02:08.806Z,"""",,,,,,"
"InternetGatewayDevice.Services.VoiceService.1.VoiceProfile.1.SIP.X_HW_SIPDigitmap.3.DigitmapType,false,2026-07-08T16:02:08.806Z,true,2026-07-08T16:02:08.806Z,"""",,,,,,"
"InternetGatewayDevice.Services.VoiceService.1.VoiceProfile.1.SIP.X_HW_SIPDigitmap.3.MatchMode,false,2026-07-08T16:02:08.806Z,true,2026-07-08T16:02:08.806Z,"""",,,,,,"
"InternetGatewayDevice.Services.VoiceService.1.VoiceProfile.1.SIP.X_HW_SIPExtend,true,2026-07-08T16:02:08.806Z,true,2026-07-08T16:02:08.806Z,"""",,,,,,"
"InternetGatewayDevice.Services.VoiceService.1.VoiceProfile.1.SIP.X_HW_SIPExtend.AuthHeaderFoldingEnable,false,2026-07-08T16:02:08.806Z,true,2026-07-08T16:02:08.806Z,"""",,,,,,"
"InternetGatewayDevice.Services.VoiceService.1.VoiceProfile.1.SIP.X_HW_SIPExtend.CPCMapCode,false,2026-07-08T16:02:08.806Z,true,2026-07-08T16:02:08.806Z,"""",,,,,,"
"InternetGatewayDevice.Services.VoiceService.1.VoiceProfile.1.SIP.X_HW_SIPExtend.ConferenceFactoryUri,false,2026-07-08T16:02:08.806Z,true,2026-07-08T16:02:08.806Z,"""",,,,,,"
"InternetGatewayDevice.Services.VoiceService.1.VoiceProfile.1.SIP.X_HW_SIPExtend.DNSACheckTTLEnable,false,2026-07-08T16:02:08.806Z,true,2026-07-08T16:02:08.806Z,"""",,,,,,"
"InternetGatewayDevice.Services.VoiceService.1.VoiceProfile.1.SIP.X_HW_SIPExtend.DNSAStoreLimit,false,2026-07-08T16:02:08.806Z,true,2026-07-08T16:02:08.806Z,"""",,,,,,"
"InternetGatewayDevice.Services.VoiceService.1.VoiceProfile.1.SIP.X_HW_SIPExtend.DomainDNSGetMode,false,2026-07-08T16:02:08.806Z,true,2026-07-08T16:02:08.806Z,"""",,,,,,"
"InternetGatewayDevice.Services.VoiceService.1.VoiceProfile.1.SIP.X_HW_SIPExtend.EntityBasedSessionsTimerFlag,false,2026-07-08T16:02:08.806Z,true,2026-07-08T16:02:08.806Z,"""",,,,,,"
"InternetGatewayDevice.Services.VoiceService.1.VoiceProfile.1.SIP.X_HW_SIPExtend.MaxForwards,false,2026-07-08T16:02:08.806Z,true,2026-07-08T16:02:08.806Z,"""",,,,,,"
"InternetGatewayDevice.Services.VoiceService.1.VoiceProfile.1.SIP.X_HW_SIPExtend.MultiHomeMode,false,2026-07-08T16:02:08.806Z,true,2026-07-08T16:02:08.806Z,"""",,,,,,"
"InternetGatewayDevice.Services.VoiceService.1.VoiceProfile.1.SIP.X_HW_SIPExtend.PhoneContext,false,2026-07-08T16:02:08.806Z,true,2026-07-08T16:02:08.806Z,"""",,,,,,"
"InternetGatewayDevice.Services.VoiceService.1.VoiceProfile.1.SIP.X_HW_SIPExtend.PortFilterFlag,false,2026-07-08T16:02:08.806Z,true,2026-07-08T16:02:08.806Z,"""",,,,,,"
"InternetGatewayDevice.Services.VoiceService.1.VoiceProfile.1.SIP.X_HW_SIPExtend.ProxyRefreshMode,false,2026-07-08T16:02:08.806Z,true,2026-07-08T16:02:08.806Z,"""",,,,,,"
"InternetGatewayDevice.Services.VoiceService.1.VoiceProfile.1.SIP.X_HW_SIPExtend.Q850CauseWhenPark,false,2026-07-08T16:02:08.806Z,true,2026-07-08T16:02:08.806Z,"""",,,,,,"
"InternetGatewayDevice.Services.VoiceService.1.VoiceProfile.1.SIP.X_HW_SIPExtend.ReregisterResponseCode,false,2026-07-08T16:02:08.806Z,true,2026-07-08T16:02:08.806Z,"""",,,,,,"
"InternetGatewayDevice.Services.VoiceService.1.VoiceProfile.1.SIP.X_HW_SIPExtend.Server,false,2026-07-08T16:02:08.806Z,true,2026-07-08T16:02:08.806Z,"""",,,,,,"
"InternetGatewayDevice.Services.VoiceService.1.VoiceProfile.1.SIP.X_HW_SIPExtend.SharedUserMode,false,2026-07-08T16:02:08.806Z,true,2026-07-08T16:02:08.806Z,"""",,,,,,"
"InternetGatewayDevice.Services.VoiceService.1.VoiceProfile.1.SIP.X_HW_SIPExtend.SoftwareParameters,false,2026-07-08T16:02:08.806Z,true,2026-07-08T16:02:08.806Z,"""",,,,,,"
"InternetGatewayDevice.Services.VoiceService.1.VoiceProfile.1.SIP.X_HW_SIPExtend.ThreeWayMixType,false,2026-07-08T16:02:08.806Z,true,2026-07-08T16:02:08.806Z,"""",,,,,,"
"InternetGatewayDevice.Services.VoiceService.1.VoiceProfile.1.SIP.X_HW_SIPExtend.TimerMinSe,false,2026-07-08T16:02:08.806Z,true,2026-07-08T16:02:08.806Z,"""",,,,,,"
"InternetGatewayDevice.Services.VoiceService.1.VoiceProfile.1.SIP.X_HW_SIPExtend.TimerSessionProgress,false,2026-07-08T16:02:08.806Z,true,2026-07-08T16:02:08.806Z,"""",,,,,,"
"InternetGatewayDevice.Services.VoiceService.1.VoiceProfile.1.SIP.X_HW_SIPExtend.TimerSessionRelProgress,false,2026-07-08T16:02:08.806Z,true,2026-07-08T16:02:08.806Z,"""",,,,,,"
"InternetGatewayDevice.Services.VoiceService.1.VoiceProfile.1.SIP.X_HW_SIPExtend.TimerTD,false,2026-07-08T16:02:08.806Z,true,2026-07-08T16:02:08.806Z,"""",,,,,,"
"InternetGatewayDevice.Services.VoiceService.1.VoiceProfile.1.SIP.X_HW_SIPExtend.ToHeaderStrickFlag,false,2026-07-08T16:02:08.806Z,true,2026-07-08T16:02:08.806Z,"""",,,,,,"
"InternetGatewayDevice.Services.VoiceService.1.VoiceProfile.1.SIP.X_HW_SIPProfile,true,2026-07-08T16:02:08.806Z,true,2026-07-08T16:02:08.806Z,"""",,,,,,"
"InternetGatewayDevice.Services.VoiceService.1.VoiceProfile.1.SIP.X_HW_SIPProfile.ProfileBody,false,2026-07-08T16:02:08.806Z,true,2026-07-08T16:02:08.806Z,"""",,,,,,"
"InternetGatewayDevice.Services.VoiceService.1.VoiceProfile.1.SIP.X_HW_SIPProfile.ProfileName,false,2026-07-08T16:02:08.806Z,true,2026-07-08T16:02:08.806Z,"""",,,,,,"
"InternetGatewayDevice.Services.VoiceService.1.VoiceProfile.1.SIP.X_HW_SIPSrvLogic,true,2026-07-08T16:02:08.806Z,true,2026-07-08T16:02:08.806Z,"""",,,,,,"
"InternetGatewayDevice.Services.VoiceService.1.VoiceProfile.1.SIP.X_HW_SIPSrvPri,true,2026-07-08T16:02:08.806Z,true,2026-07-08T16:02:08.806Z,"""",,,,,,"
"InternetGatewayDevice.Services.VoiceService.1.VoiceProfile.1.SIP.X_HW_SIPSrvPri.1,true,2026-07-08T16:02:08.806Z,true,2026-07-08T16:02:08.806Z,"""",,,,,,"
"InternetGatewayDevice.Services.VoiceService.1.VoiceProfile.1.SIP.X_HW_SIPSrvPri.1.ServiceID,false,2026-07-08T16:02:08.806Z,true,2026-07-08T16:02:08.806Z,"""",,,,,,"
"InternetGatewayDevice.Services.VoiceService.1.VoiceProfile.1.SIP.X_HW_SIPSrvPri.10,true,2026-07-08T16:02:08.806Z,true,2026-07-08T16:02:08.806Z,"""",,,,,,"
"InternetGatewayDevice.Services.VoiceService.1.VoiceProfile.1.SIP.X_HW_SIPSrvPri.10.ServiceID,false,2026-07-08T16:02:08.806Z,true,2026-07-08T16:02:08.806Z,"""",,,,,,"
"InternetGatewayDevice.Services.VoiceService.1.VoiceProfile.1.SIP.X_HW_SIPSrvPri.11,true,2026-07-08T16:02:08.806Z,true,2026-07-08T16:02:08.806Z,"""",,,,,,"
"InternetGatewayDevice.Services.VoiceService.1.VoiceProfile.1.SIP.X_HW_SIPSrvPri.11.ServiceID,false,2026-07-08T16:02:08.806Z,true,2026-07-08T16:02:08.806Z,"""",,,,,,"
"InternetGatewayDevice.Services.VoiceService.1.VoiceProfile.1.SIP.X_HW_SIPSrvPri.2,true,2026-07-08T16:02:08.806Z,true,2026-07-08T16:02:08.806Z,"""",,,,,,"
"InternetGatewayDevice.Services.VoiceService.1.VoiceProfile.1.SIP.X_HW_SIPSrvPri.2.ServiceID,false,2026-07-08T16:02:08.806Z,true,2026-07-08T16:02:08.806Z,"""",,,,,,"
"InternetGatewayDevice.Services.VoiceService.1.VoiceProfile.1.SIP.X_HW_SIPSrvPri.3,true,2026-07-08T16:02:08.806Z,true,2026-07-08T16:02:08.806Z,"""",,,,,,"
"InternetGatewayDevice.Services.VoiceService.1.VoiceProfile.1.SIP.X_HW_SIPSrvPri.3.ServiceID,false,2026-07-08T16:02:08.806Z,true,2026-07-08T16:02:08.806Z,"""",,,,,,"
"InternetGatewayDevice.Services.VoiceService.1.VoiceProfile.1.SIP.X_HW_SIPSrvPri.4,true,2026-07-08T16:02:08.806Z,true,2026-07-08T16:02:08.806Z,"""",,,,,,"
"InternetGatewayDevice.Services.VoiceService.1.VoiceProfile.1.SIP.X_HW_SIPSrvPri.4.ServiceID,false,2026-07-08T16:02:08.806Z,true,2026-07-08T16:02:08.806Z,"""",,,,,,"
"InternetGatewayDevice.Services.VoiceService.1.VoiceProfile.1.SIP.X_HW_SIPSrvPri.5,true,2026-07-08T16:02:08.806Z,true,2026-07-08T16:02:08.806Z,"""",,,,,,"
"InternetGatewayDevice.Services.VoiceService.1.VoiceProfile.1.SIP.X_HW_SIPSrvPri.5.ServiceID,false,2026-07-08T16:02:08.806Z,true,2026-07-08T16:02:08.806Z,"""",,,,,,"
"InternetGatewayDevice.Services.VoiceService.1.VoiceProfile.1.SIP.X_HW_SIPSrvPri.6,true,2026-07-08T16:02:08.806Z,true,2026-07-08T16:02:08.806Z,"""",,,,,,"
"InternetGatewayDevice.Services.VoiceService.1.VoiceProfile.1.SIP.X_HW_SIPSrvPri.6.ServiceID,false,2026-07-08T16:02:08.806Z,true,2026-07-08T16:02:08.806Z,"""",,,,,,"
"InternetGatewayDevice.Services.VoiceService.1.VoiceProfile.1.SIP.X_HW_SIPSrvPri.7,true,2026-07-08T16:02:08.806Z,true,2026-07-08T16:02:08.806Z,"""",,,,,,"
"InternetGatewayDevice.Services.VoiceService.1.VoiceProfile.1.SIP.X_HW_SIPSrvPri.7.ServiceID,false,2026-07-08T16:02:08.806Z,true,2026-07-08T16:02:08.806Z,"""",,,,,,"
"InternetGatewayDevice.Services.VoiceService.1.VoiceProfile.1.SIP.X_HW_SIPSrvPri.8,true,2026-07-08T16:02:08.806Z,true,2026-07-08T16:02:08.806Z,"""",,,,,,"
"InternetGatewayDevice.Services.VoiceService.1.VoiceProfile.1.SIP.X_HW_SIPSrvPri.8.ServiceID,false,2026-07-08T16:02:08.806Z,true,2026-07-08T16:02:08.806Z,"""",,,,,,"
"InternetGatewayDevice.Services.VoiceService.1.VoiceProfile.1.SIP.X_HW_SIPSrvPri.9,true,2026-07-08T16:02:08.806Z,true,2026-07-08T16:02:08.806Z,"""",,,,,,"
"InternetGatewayDevice.Services.VoiceService.1.VoiceProfile.1.SIP.X_HW_SIPSrvPri.9.ServiceID,false,2026-07-08T16:02:08.806Z,true,2026-07-08T16:02:08.806Z,"""",,,,,,"
"InternetGatewayDevice.Services.VoiceService.1.VoiceProfile.1.SIP.X_HW_SIPStats,true,2026-07-08T16:02:08.806Z,false,2026-07-08T16:02:08.806Z,"""",,,,,,"
"InternetGatewayDevice.Services.VoiceService.1.VoiceProfile.1.SIP.X_HW_SIPStats.ResetStatistics,false,2026-07-08T16:02:08.806Z,true,2026-07-08T16:02:08.806Z,"""",,,,,,"
"InternetGatewayDevice.Services.VoiceService.1.VoiceProfile.1.SIP.X_HW_SIPStats.RxInviteReqs,false,2026-07-08T16:02:08.806Z,false,2026-07-08T16:02:08.806Z,"""",,,,,,"
"InternetGatewayDevice.Services.VoiceService.1.VoiceProfile.1.SIP.X_HW_SIPStats.RxInviteRetrans,false,2026-07-08T16:02:08.806Z,false,2026-07-08T16:02:08.806Z,"""",,,,,,"
"InternetGatewayDevice.Services.VoiceService.1.VoiceProfile.1.SIP.X_HW_SIPStats.RxNoninviteReqs,false,2026-07-08T16:02:08.806Z,false,2026-07-08T16:02:08.806Z,"""",,,,,,"
"InternetGatewayDevice.Services.VoiceService.1.VoiceProfile.1.SIP.X_HW_SIPStats.RxNoninviteRetrans,false,2026-07-08T16:02:08.806Z,false,2026-07-08T16:02:08.806Z,"""",,,,,,"
"InternetGatewayDevice.Services.VoiceService.1.VoiceProfile.1.SIP.X_HW_SIPStats.RxResponse,false,2026-07-08T16:02:08.806Z,false,2026-07-08T16:02:08.806Z,"""",,,,,,"
"InternetGatewayDevice.Services.VoiceService.1.VoiceProfile.1.SIP.X_HW_SIPStats.RxResponseRetrans,false,2026-07-08T16:02:08.806Z,false,2026-07-08T16:02:08.806Z,"""",,,,,,"
"InternetGatewayDevice.Services.VoiceService.1.VoiceProfile.1.SIP.X_HW_SIPStats.Transactions,false,2026-07-08T16:02:08.806Z,false,2026-07-08T16:02:08.806Z,"""",,,,,,"
"InternetGatewayDevice.Services.VoiceService.1.VoiceProfile.1.SIP.X_HW_SIPStats.TxInviteReqs,false,2026-07-08T16:02:08.806Z,false,2026-07-08T16:02:08.806Z,"""",,,,,,"
"InternetGatewayDevice.Services.VoiceService.1.VoiceProfile.1.SIP.X_HW_SIPStats.TxInviteRetrans,false,2026-07-08T16:02:08.806Z,false,2026-07-08T16:02:08.806Z,"""",,,,,,"
"InternetGatewayDevice.Services.VoiceService.1.VoiceProfile.1.SIP.X_HW_SIPStats.TxNoninviteReqs,false,2026-07-08T16:02:08.806Z,false,2026-07-08T16:02:08.806Z,"""",,,,,,"
"InternetGatewayDevice.Services.VoiceService.1.VoiceProfile.1.SIP.X_HW_SIPStats.TxNoninviteRetrans,false,2026-07-08T16:02:08.806Z,false,2026-07-08T16:02:08.806Z,"""",,,,,,"
"InternetGatewayDevice.Services.VoiceService.1.VoiceProfile.1.SIP.X_HW_SIPStats.TxResponse,false,2026-07-08T16:02:08.806Z,false,2026-07-08T16:02:08.806Z,"""",,,,,,"
"InternetGatewayDevice.Services.VoiceService.1.VoiceProfile.1.SIP.X_HW_SIPStats.TxResponseRetrans,false,2026-07-08T16:02:08.806Z,false,2026-07-08T16:02:08.806Z,"""",,,,,,"
"InternetGatewayDevice.Services.VoiceService.1.VoiceProfile.1.SIP.X_HW_SIPStringDefine,true,2026-07-08T16:02:08.806Z,true,2026-07-08T16:02:08.806Z,"""",,,,,,"
"InternetGatewayDevice.Services.VoiceService.1.VoiceProfile.1.SIP.X_HW_SIPStringDefine.1,true,2026-07-08T16:02:08.806Z,true,2026-07-08T16:02:08.806Z,"""",,,,,,"
"InternetGatewayDevice.Services.VoiceService.1.VoiceProfile.1.SIP.X_HW_SIPStringDefine.1.StringBody,false,2026-07-08T16:02:08.806Z,true,2026-07-08T16:02:08.806Z,"""",,,,,,"
"InternetGatewayDevice.Services.VoiceService.1.VoiceProfile.1.SIP.X_HW_SIPStringDefine.10,true,2026-07-08T16:02:08.806Z,true,2026-07-08T16:02:08.806Z,"""",,,,,,"
"InternetGatewayDevice.Services.VoiceService.1.VoiceProfile.1.SIP.X_HW_SIPStringDefine.10.StringBody,false,2026-07-08T16:02:08.806Z,true,2026-07-08T16:02:08.806Z,"""",,,,,,"
"InternetGatewayDevice.Services.VoiceService.1.VoiceProfile.1.SIP.X_HW_SIPStringDefine.11,true,2026-07-08T16:02:08.806Z,true,2026-07-08T16:02:08.806Z,"""",,,,,,"
"InternetGatewayDevice.Services.VoiceService.1.VoiceProfile.1.SIP.X_HW_SIPStringDefine.11.StringBody,false,2026-07-08T16:02:08.806Z,true,2026-07-08T16:02:08.806Z,"""",,,,,,"
"InternetGatewayDevice.Services.VoiceService.1.VoiceProfile.1.SIP.X_HW_SIPStringDefine.12,true,2026-07-08T16:02:08.806Z,true,2026-07-08T16:02:08.806Z,"""",,,,,,"
"InternetGatewayDevice.Services.VoiceService.1.VoiceProfile.1.SIP.X_HW_SIPStringDefine.12.StringBody,false,2026-07-08T16:02:08.806Z,true,2026-07-08T16:02:08.806Z,"""",,,,,,"
"InternetGatewayDevice.Services.VoiceService.1.VoiceProfile.1.SIP.X_HW_SIPStringDefine.13,true,2026-07-08T16:02:08.806Z,true,2026-07-08T16:02:08.806Z,"""",,,,,,"
"InternetGatewayDevice.Services.VoiceService.1.VoiceProfile.1.SIP.X_HW_SIPStringDefine.13.StringBody,false,2026-07-08T16:02:08.806Z,true,2026-07-08T16:02:08.806Z,"""",,,,,,"
"InternetGatewayDevice.Services.VoiceService.1.VoiceProfile.1.SIP.X_HW_SIPStringDefine.14,true,2026-07-08T16:02:08.806Z,true,2026-07-08T16:02:08.806Z,"""",,,,,,"
"InternetGatewayDevice.Services.VoiceService.1.VoiceProfile.1.SIP.X_HW_SIPStringDefine.14.StringBody,false,2026-07-08T16:02:08.806Z,true,2026-07-08T16:02:08.806Z,"""",,,,,,"
"InternetGatewayDevice.Services.VoiceService.1.VoiceProfile.1.SIP.X_HW_SIPStringDefine.15,true,2026-07-08T16:02:08.806Z,true,2026-07-08T16:02:08.806Z,"""",,,,,,"
"InternetGatewayDevice.Services.VoiceService.1.VoiceProfile.1.SIP.X_HW_SIPStringDefine.15.StringBody,false,2026-07-08T16:02:08.806Z,true,2026-07-08T16:02:08.806Z,"""",,,,,,"
"InternetGatewayDevice.Services.VoiceService.1.VoiceProfile.1.SIP.X_HW_SIPStringDefine.16,true,2026-07-08T16:02:08.806Z,true,2026-07-08T16:02:08.806Z,"""",,,,,,"
"InternetGatewayDevice.Services.VoiceService.1.VoiceProfile.1.SIP.X_HW_SIPStringDefine.16.StringBody,false,2026-07-08T16:02:08.806Z,true,2026-07-08T16:02:08.806Z,"""",,,,,,"
"InternetGatewayDevice.Services.VoiceService.1.VoiceProfile.1.SIP.X_HW_SIPStringDefine.17,true,2026-07-08T16:02:08.806Z,true,2026-07-08T16:02:08.806Z,"""",,,,,,"
"InternetGatewayDevice.Services.VoiceService.1.VoiceProfile.1.SIP.X_HW_SIPStringDefine.17.StringBody,false,2026-07-08T16:02:08.806Z,true,2026-07-08T16:02:08.806Z,"""",,,,,,"
"InternetGatewayDevice.Services.VoiceService.1.VoiceProfile.1.SIP.X_HW_SIPStringDefine.18,true,2026-07-08T16:02:08.806Z,true,2026-07-08T16:02:08.806Z,"""",,,,,,"
"InternetGatewayDevice.Services.VoiceService.1.VoiceProfile.1.SIP.X_HW_SIPStringDefine.18.StringBody,false,2026-07-08T16:02:08.806Z,true,2026-07-08T16:02:08.806Z,"""",,,,,,"
"InternetGatewayDevice.Services.VoiceService.1.VoiceProfile.1.SIP.X_HW_SIPStringDefine.19,true,2026-07-08T16:02:08.806Z,true,2026-07-08T16:02:08.806Z,"""",,,,,,"
"InternetGatewayDevice.Services.VoiceService.1.VoiceProfile.1.SIP.X_HW_SIPStringDefine.19.StringBody,false,2026-07-08T16:02:08.806Z,true,2026-07-08T16:02:08.806Z,"""",,,,,,"
"InternetGatewayDevice.Services.VoiceService.1.VoiceProfile.1.SIP.X_HW_SIPStringDefine.2,true,2026-07-08T16:02:08.806Z,true,2026-07-08T16:02:08.806Z,"""",,,,,,"
"InternetGatewayDevice.Services.VoiceService.1.VoiceProfile.1.SIP.X_HW_SIPStringDefine.2.StringBody,false,2026-07-08T16:02:08.806Z,true,2026-07-08T16:02:08.806Z,"""",,,,,,"
"InternetGatewayDevice.Services.VoiceService.1.VoiceProfile.1.SIP.X_HW_SIPStringDefine.20,true,2026-07-08T16:02:08.806Z,true,2026-07-08T16:02:08.806Z,"""",,,,,,"
"InternetGatewayDevice.Services.VoiceService.1.VoiceProfile.1.SIP.X_HW_SIPStringDefine.20.StringBody,false,2026-07-08T16:02:08.806Z,true,2026-07-08T16:02:08.806Z,"""",,,,,,"
"InternetGatewayDevice.Services.VoiceService.1.VoiceProfile.1.SIP.X_HW_SIPStringDefine.21,true,2026-07-08T16:02:08.806Z,true,2026-07-08T16:02:08.806Z,"""",,,,,,"
"InternetGatewayDevice.Services.VoiceService.1.VoiceProfile.1.SIP.X_HW_SIPStringDefine.21.StringBody,false,2026-07-08T16:02:08.806Z,true,2026-07-08T16:02:08.806Z,"""",,,,,,"
"InternetGatewayDevice.Services.VoiceService.1.VoiceProfile.1.SIP.X_HW_SIPStringDefine.22,true,2026-07-08T16:02:08.806Z,true,2026-07-08T16:02:08.806Z,"""",,,,,,"
"InternetGatewayDevice.Services.VoiceService.1.VoiceProfile.1.SIP.X_HW_SIPStringDefine.22.StringBody,false,2026-07-08T16:02:08.806Z,true,2026-07-08T16:02:08.806Z,"""",,,,,,"
"InternetGatewayDevice.Services.VoiceService.1.VoiceProfile.1.SIP.X_HW_SIPStringDefine.23,true,2026-07-08T16:02:08.806Z,true,2026-07-08T16:02:08.806Z,"""",,,,,,"
"InternetGatewayDevice.Services.VoiceService.1.VoiceProfile.1.SIP.X_HW_SIPStringDefine.23.StringBody,false,2026-07-08T16:02:08.806Z,true,2026-07-08T16:02:08.806Z,"""",,,,,,"
"InternetGatewayDevice.Services.VoiceService.1.VoiceProfile.1.SIP.X_HW_SIPStringDefine.24,true,2026-07-08T16:02:08.806Z,true,2026-07-08T16:02:08.806Z,"""",,,,,,"
"InternetGatewayDevice.Services.VoiceService.1.VoiceProfile.1.SIP.X_HW_SIPStringDefine.24.StringBody,false,2026-07-08T16:02:08.806Z,true,2026-07-08T16:02:08.806Z,"""",,,,,,"
"InternetGatewayDevice.Services.VoiceService.1.VoiceProfile.1.SIP.X_HW_SIPStringDefine.25,true,2026-07-08T16:02:08.806Z,true,2026-07-08T16:02:08.806Z,"""",,,,,,"
"InternetGatewayDevice.Services.VoiceService.1.VoiceProfile.1.SIP.X_HW_SIPStringDefine.25.StringBody,false,2026-07-08T16:02:08.806Z,true,2026-07-08T16:02:08.806Z,"""",,,,,,"
"InternetGatewayDevice.Services.VoiceService.1.VoiceProfile.1.SIP.X_HW_SIPStringDefine.26,true,2026-07-08T16:02:08.806Z,true,2026-07-08T16:02:08.806Z,"""",,,,,,"
"InternetGatewayDevice.Services.VoiceService.1.VoiceProfile.1.SIP.X_HW_SIPStringDefine.26.StringBody,false,2026-07-08T16:02:08.806Z,true,2026-07-08T16:02:08.806Z,"""",,,,,,"
"InternetGatewayDevice.Services.VoiceService.1.VoiceProfile.1.SIP.X_HW_SIPStringDefine.27,true,2026-07-08T16:02:08.806Z,true,2026-07-08T16:02:08.806Z,"""",,,,,,"
"InternetGatewayDevice.Services.VoiceService.1.VoiceProfile.1.SIP.X_HW_SIPStringDefine.27.StringBody,false,2026-07-08T16:02:08.806Z,true,2026-07-08T16:02:08.806Z,"""",,,,,,"
"InternetGatewayDevice.Services.VoiceService.1.VoiceProfile.1.SIP.X_HW_SIPStringDefine.28,true,2026-07-08T16:02:08.806Z,true,2026-07-08T16:02:08.806Z,"""",,,,,,"
"InternetGatewayDevice.Services.VoiceService.1.VoiceProfile.1.SIP.X_HW_SIPStringDefine.28.StringBody,false,2026-07-08T16:02:08.806Z,true,2026-07-08T16:02:08.806Z,"""",,,,,,"
"InternetGatewayDevice.Services.VoiceService.1.VoiceProfile.1.SIP.X_HW_SIPStringDefine.29,true,2026-07-08T16:02:08.806Z,true,2026-07-08T16:02:08.806Z,"""",,,,,,"
"InternetGatewayDevice.Services.VoiceService.1.VoiceProfile.1.SIP.X_HW_SIPStringDefine.29.StringBody,false,2026-07-08T16:02:08.806Z,true,2026-07-08T16:02:08.806Z,"""",,,,,,"
"InternetGatewayDevice.Services.VoiceService.1.VoiceProfile.1.SIP.X_HW_SIPStringDefine.3,true,2026-07-08T16:02:08.806Z,true,2026-07-08T16:02:08.806Z,"""",,,,,,"
"InternetGatewayDevice.Services.VoiceService.1.VoiceProfile.1.SIP.X_HW_SIPStringDefine.3.StringBody,false,2026-07-08T16:02:08.806Z,true,2026-07-08T16:02:08.806Z,"""",,,,,,"
"InternetGatewayDevice.Services.VoiceService.1.VoiceProfile.1.SIP.X_HW_SIPStringDefine.30,true,2026-07-08T16:02:08.806Z,true,2026-07-08T16:02:08.806Z,"""",,,,,,"
"InternetGatewayDevice.Services.VoiceService.1.VoiceProfile.1.SIP.X_HW_SIPStringDefine.30.StringBody,false,2026-07-08T16:02:08.806Z,true,2026-07-08T16:02:08.806Z,"""",,,,,,"
"InternetGatewayDevice.Services.VoiceService.1.VoiceProfile.1.SIP.X_HW_SIPStringDefine.31,true,2026-07-08T16:02:08.806Z,true,2026-07-08T16:02:08.806Z,"""",,,,,,"
"InternetGatewayDevice.Services.VoiceService.1.VoiceProfile.1.SIP.X_HW_SIPStringDefine.31.StringBody,false,2026-07-08T16:02:08.806Z,true,2026-07-08T16:02:08.806Z,"""",,,,,,"
"InternetGatewayDevice.Services.VoiceService.1.VoiceProfile.1.SIP.X_HW_SIPStringDefine.32,true,2026-07-08T16:02:08.806Z,true,2026-07-08T16:02:08.806Z,"""",,,,,,"
"InternetGatewayDevice.Services.VoiceService.1.VoiceProfile.1.SIP.X_HW_SIPStringDefine.32.StringBody,false,2026-07-08T16:02:08.806Z,true,2026-07-08T16:02:08.806Z,"""",,,,,,"
"InternetGatewayDevice.Services.VoiceService.1.VoiceProfile.1.SIP.X_HW_SIPStringDefine.33,true,2026-07-08T16:02:08.806Z,true,2026-07-08T16:02:08.806Z,"""",,,,,,"
"InternetGatewayDevice.Services.VoiceService.1.VoiceProfile.1.SIP.X_HW_SIPStringDefine.33.StringBody,false,2026-07-08T16:02:08.806Z,true,2026-07-08T16:02:08.806Z,"""",,,,,,"
"InternetGatewayDevice.Services.VoiceService.1.VoiceProfile.1.SIP.X_HW_SIPStringDefine.34,true,2026-07-08T16:02:08.806Z,true,2026-07-08T16:02:08.806Z,"""",,,,,,"
"InternetGatewayDevice.Services.VoiceService.1.VoiceProfile.1.SIP.X_HW_SIPStringDefine.34.StringBody,false,2026-07-08T16:02:08.806Z,true,2026-07-08T16:02:08.806Z,"""",,,,,,"
"InternetGatewayDevice.Services.VoiceService.1.VoiceProfile.1.SIP.X_HW_SIPStringDefine.35,true,2026-07-08T16:02:08.806Z,true,2026-07-08T16:02:08.806Z,"""",,,,,,"
"InternetGatewayDevice.Services.VoiceService.1.VoiceProfile.1.SIP.X_HW_SIPStringDefine.35.StringBody,false,2026-07-08T16:02:08.806Z,true,2026-07-08T16:02:08.806Z,"""",,,,,,"
"InternetGatewayDevice.Services.VoiceService.1.VoiceProfile.1.SIP.X_HW_SIPStringDefine.36,true,2026-07-08T16:02:08.806Z,true,2026-07-08T16:02:08.806Z,"""",,,,,,"
"InternetGatewayDevice.Services.VoiceService.1.VoiceProfile.1.SIP.X_HW_SIPStringDefine.36.StringBody,false,2026-07-08T16:02:08.806Z,true,2026-07-08T16:02:08.806Z,"""",,,,,,"
"InternetGatewayDevice.Services.VoiceService.1.VoiceProfile.1.SIP.X_HW_SIPStringDefine.37,true,2026-07-08T16:02:08.806Z,true,2026-07-08T16:02:08.806Z,"""",,,,,,"
"InternetGatewayDevice.Services.VoiceService.1.VoiceProfile.1.SIP.X_HW_SIPStringDefine.37.StringBody,false,2026-07-08T16:02:08.806Z,true,2026-07-08T16:02:08.806Z,"""",,,,,,"
"InternetGatewayDevice.Services.VoiceService.1.VoiceProfile.1.SIP.X_HW_SIPStringDefine.38,true,2026-07-08T16:02:08.806Z,true,2026-07-08T16:02:08.806Z,"""",,,,,,"
"InternetGatewayDevice.Services.VoiceService.1.VoiceProfile.1.SIP.X_HW_SIPStringDefine.38.StringBody,false,2026-07-08T16:02:08.806Z,true,2026-07-08T16:02:08.806Z,"""",,,,,,"
"InternetGatewayDevice.Services.VoiceService.1.VoiceProfile.1.SIP.X_HW_SIPStringDefine.39,true,2026-07-08T16:02:08.806Z,true,2026-07-08T16:02:08.806Z,"""",,,,,,"
"InternetGatewayDevice.Services.VoiceService.1.VoiceProfile.1.SIP.X_HW_SIPStringDefine.39.StringBody,false,2026-07-08T16:02:08.806Z,true,2026-07-08T16:02:08.806Z,"""",,,,,,"
"InternetGatewayDevice.Services.VoiceService.1.VoiceProfile.1.SIP.X_HW_SIPStringDefine.4,true,2026-07-08T16:02:08.806Z,true,2026-07-08T16:02:08.806Z,"""",,,,,,"
"InternetGatewayDevice.Services.VoiceService.1.VoiceProfile.1.SIP.X_HW_SIPStringDefine.4.StringBody,false,2026-07-08T16:02:08.806Z,true,2026-07-08T16:02:08.806Z,"""",,,,,,"
"InternetGatewayDevice.Services.VoiceService.1.VoiceProfile.1.SIP.X_HW_SIPStringDefine.5,true,2026-07-08T16:02:08.806Z,true,2026-07-08T16:02:08.806Z,"""",,,,,,"
"InternetGatewayDevice.Services.VoiceService.1.VoiceProfile.1.SIP.X_HW_SIPStringDefine.5.StringBody,false,2026-07-08T16:02:08.806Z,true,2026-07-08T16:02:08.806Z,"""",,,,,,"
"InternetGatewayDevice.Services.VoiceService.1.VoiceProfile.1.SIP.X_HW_SIPStringDefine.6,true,2026-07-08T16:02:08.806Z,true,2026-07-08T16:02:08.806Z,"""",,,,,,"
"InternetGatewayDevice.Services.VoiceService.1.VoiceProfile.1.SIP.X_HW_SIPStringDefine.6.StringBody,false,2026-07-08T16:02:08.806Z,true,2026-07-08T16:02:08.806Z,"""",,,,,,"
"InternetGatewayDevice.Services.VoiceService.1.VoiceProfile.1.SIP.X_HW_SIPStringDefine.7,true,2026-07-08T16:02:08.806Z,true,2026-07-08T16:02:08.806Z,"""",,,,,,"
"InternetGatewayDevice.Services.VoiceService.1.VoiceProfile.1.SIP.X_HW_SIPStringDefine.7.StringBody,false,2026-07-08T16:02:08.806Z,true,2026-07-08T16:02:08.806Z,"""",,,,,,"
"InternetGatewayDevice.Services.VoiceService.1.VoiceProfile.1.SIP.X_HW_SIPStringDefine.8,true,2026-07-08T16:02:08.806Z,true,2026-07-08T16:02:08.806Z,"""",,,,,,"
"InternetGatewayDevice.Services.VoiceService.1.VoiceProfile.1.SIP.X_HW_SIPStringDefine.8.StringBody,false,2026-07-08T16:02:08.806Z,true,2026-07-08T16:02:08.806Z,"""",,,,,,"
"InternetGatewayDevice.Services.VoiceService.1.VoiceProfile.1.SIP.X_HW_SIPStringDefine.9,true,2026-07-08T16:02:08.806Z,true,2026-07-08T16:02:08.806Z,"""",,,,,,"
"InternetGatewayDevice.Services.VoiceService.1.VoiceProfile.1.SIP.X_HW_SIPStringDefine.9.StringBody,false,2026-07-08T16:02:08.806Z,true,2026-07-08T16:02:08.806Z,"""",,,,,,"
"InternetGatewayDevice.Services.VoiceService.1.VoiceProfile.1.SIP.X_HW_SecondaryOutboundProxy,false,2026-07-08T16:02:08.806Z,true,2026-07-08T16:02:08.806Z,"""",,,,,,"
"InternetGatewayDevice.Services.VoiceService.1.VoiceProfile.1.SIP.X_HW_SecondaryOutboundProxyPort,false,2026-07-08T16:02:08.806Z,true,2026-07-08T16:02:08.806Z,"""",,,,,,"
"InternetGatewayDevice.Services.VoiceService.1.VoiceProfile.1.SIP.X_HW_SecondaryProxyServer,false,2026-07-08T16:02:08.806Z,true,2026-07-08T16:02:08.806Z,"""",,,,,,"
"InternetGatewayDevice.Services.VoiceService.1.VoiceProfile.1.SIP.X_HW_SecondaryProxyServerPort,false,2026-07-08T16:02:08.806Z,true,2026-07-08T16:02:08.806Z,"""",,,,,,"
"InternetGatewayDevice.Services.VoiceService.1.VoiceProfile.1.SIP.X_HW_SessionUpdateRetry,false,2026-07-08T16:02:08.806Z,true,2026-07-08T16:02:08.806Z,"""",,,,,,"
"InternetGatewayDevice.Services.VoiceService.1.VoiceProfile.1.SIP.X_HW_SessionUpdateTimer,false,2026-07-08T16:02:08.806Z,true,2026-07-08T16:02:08.806Z,"""",,,,,,"
"InternetGatewayDevice.Services.VoiceService.1.VoiceProfile.1.SIP.X_HW_StatusCodeMap,true,2026-07-08T16:02:08.806Z,true,2026-07-08T16:02:08.806Z,"""",,,,,,"
"InternetGatewayDevice.Services.VoiceService.1.VoiceProfile.1.SIP.X_HW_StatusCodeMap.1,true,2026-07-08T16:02:08.806Z,true,2026-07-08T16:02:08.806Z,"""",,,,,,"
"InternetGatewayDevice.Services.VoiceService.1.VoiceProfile.1.SIP.X_HW_StatusCodeMap.1.Q850Code,false,2026-07-08T16:02:08.806Z,true,2026-07-08T16:02:08.806Z,"""",,,,,,"
"InternetGatewayDevice.Services.VoiceService.1.VoiceProfile.1.SIP.X_HW_StatusCodeMap.1.Scene,false,2026-07-08T16:02:08.806Z,true,2026-07-08T16:02:08.806Z,"""",,,,,,"
"InternetGatewayDevice.Services.VoiceService.1.VoiceProfile.1.SIP.X_HW_StatusCodeMap.1.StatusCode,false,2026-07-08T16:02:08.806Z,true,2026-07-08T16:02:08.806Z,"""",,,,,,"
"InternetGatewayDevice.Services.VoiceService.1.VoiceProfile.1.SIP.X_HW_StatusCodeMap.2,true,2026-07-08T16:02:08.806Z,true,2026-07-08T16:02:08.806Z,"""",,,,,,"
"InternetGatewayDevice.Services.VoiceService.1.VoiceProfile.1.SIP.X_HW_StatusCodeMap.2.Q850Code,false,2026-07-08T16:02:08.806Z,true,2026-07-08T16:02:08.806Z,"""",,,,,,"
"InternetGatewayDevice.Services.VoiceService.1.VoiceProfile.1.SIP.X_HW_StatusCodeMap.2.Scene,false,2026-07-08T16:02:08.806Z,true,2026-07-08T16:02:08.806Z,"""",,,,,,"
"InternetGatewayDevice.Services.VoiceService.1.VoiceProfile.1.SIP.X_HW_StatusCodeMap.2.StatusCode,false,2026-07-08T16:02:08.806Z,true,2026-07-08T16:02:08.806Z,"""",,,,,,"
"InternetGatewayDevice.Services.VoiceService.1.VoiceProfile.1.SIP.X_HW_SubscribeEnable,false,2026-07-08T16:02:08.806Z,true,2026-07-08T16:02:08.806Z,"""",,,,,,"
"InternetGatewayDevice.Services.VoiceService.1.VoiceProfile.1.SIP.X_HW_SubscribeExpires,false,2026-07-08T16:02:08.806Z,true,2026-07-08T16:02:08.806Z,"""",,,,,,"
"InternetGatewayDevice.Services.VoiceService.1.VoiceProfile.1.SIP.X_HW_TWaitTimeMode,false,2026-07-08T16:02:08.806Z,true,2026-07-08T16:02:08.806Z,"""",,,,,,"
"InternetGatewayDevice.Services.VoiceService.1.VoiceProfile.1.SIP.X_HW_URIType,false,2026-07-08T16:02:08.806Z,true,2026-07-08T16:02:08.806Z,"""",,,,,,"
"InternetGatewayDevice.Services.VoiceService.1.VoiceProfile.1.STUNEnable,false,2026-07-08T16:02:08.806Z,true,2026-07-08T16:02:08.806Z,"""",,,,,,"
"InternetGatewayDevice.Services.VoiceService.1.VoiceProfile.1.STUNServer,false,2026-07-08T16:02:08.806Z,true,2026-07-08T16:02:08.806Z,"""",,,,,,"
"InternetGatewayDevice.Services.VoiceService.1.VoiceProfile.1.ServiceProviderInfo,true,2026-07-08T16:02:08.806Z,true,2026-07-08T16:02:08.806Z,"""",,,,,,"
"InternetGatewayDevice.Services.VoiceService.1.VoiceProfile.1.ServiceProviderInfo.Name,false,2026-07-08T16:02:08.806Z,true,2026-07-08T16:02:08.806Z,"""",,,,,,"
"InternetGatewayDevice.Services.VoiceService.1.VoiceProfile.1.SignalingProtocol,false,2026-07-08T16:02:08.806Z,true,2026-07-08T16:02:08.806Z,"""",,,,,,"
"InternetGatewayDevice.Services.VoiceService.1.VoiceProfile.1.Tone,true,2026-07-08T16:02:08.806Z,true,2026-07-08T16:02:08.806Z,"""",,,,,,"
"InternetGatewayDevice.Services.VoiceService.1.VoiceProfile.1.Tone.Description,true,2026-07-08T16:02:08.806Z,true,2026-07-08T16:02:08.806Z,"""",,,,,,"
"InternetGatewayDevice.Services.VoiceService.1.VoiceProfile.1.Tone.Description.1,true,2026-07-08T16:02:08.806Z,true,2026-07-08T16:02:08.806Z,"""",,,,,,"
"InternetGatewayDevice.Services.VoiceService.1.VoiceProfile.1.Tone.Description.1.EntryID,false,2026-07-08T16:02:08.806Z,true,2026-07-08T16:02:08.806Z,"""",,,,,,"
"InternetGatewayDevice.Services.VoiceService.1.VoiceProfile.1.Tone.Description.1.ToneEnable,false,2026-07-08T16:02:08.806Z,true,2026-07-08T16:02:08.806Z,"""",,,,,,"
"InternetGatewayDevice.Services.VoiceService.1.VoiceProfile.1.Tone.Description.1.ToneFile,false,2026-07-08T16:02:08.806Z,true,2026-07-08T16:02:08.806Z,"""",,,,,,"
"InternetGatewayDevice.Services.VoiceService.1.VoiceProfile.1.Tone.Description.1.ToneName,false,2026-07-08T16:02:08.806Z,true,2026-07-08T16:02:08.806Z,"""",,,,,,"
"InternetGatewayDevice.Services.VoiceService.1.VoiceProfile.1.Tone.Description.1.TonePattern,false,2026-07-08T16:02:08.806Z,true,2026-07-08T16:02:08.806Z,"""",,,,,,"
"InternetGatewayDevice.Services.VoiceService.1.VoiceProfile.1.Tone.Description.1.ToneRepetitions,false,2026-07-08T16:02:08.806Z,true,2026-07-08T16:02:08.806Z,"""",,,,,,"
"InternetGatewayDevice.Services.VoiceService.1.VoiceProfile.1.Tone.Description.1.ToneText,false,2026-07-08T16:02:08.806Z,true,2026-07-08T16:02:08.806Z,"""",,,,,,"
"InternetGatewayDevice.Services.VoiceService.1.VoiceProfile.1.Tone.Description.2,true,2026-07-08T16:02:08.806Z,true,2026-07-08T16:02:08.806Z,"""",,,,,,"
"InternetGatewayDevice.Services.VoiceService.1.VoiceProfile.1.Tone.Description.2.EntryID,false,2026-07-08T16:02:08.806Z,true,2026-07-08T16:02:08.806Z,"""",,,,,,"
"InternetGatewayDevice.Services.VoiceService.1.VoiceProfile.1.Tone.Description.2.ToneEnable,false,2026-07-08T16:02:08.806Z,true,2026-07-08T16:02:08.806Z,"""",,,,,,"
"InternetGatewayDevice.Services.VoiceService.1.VoiceProfile.1.Tone.Description.2.ToneFile,false,2026-07-08T16:02:08.806Z,true,2026-07-08T16:02:08.806Z,"""",,,,,,"
"InternetGatewayDevice.Services.VoiceService.1.VoiceProfile.1.Tone.Description.2.ToneName,false,2026-07-08T16:02:08.806Z,true,2026-07-08T16:02:08.806Z,"""",,,,,,"
"InternetGatewayDevice.Services.VoiceService.1.VoiceProfile.1.Tone.Description.2.TonePattern,false,2026-07-08T16:02:08.806Z,true,2026-07-08T16:02:08.806Z,"""",,,,,,"
"InternetGatewayDevice.Services.VoiceService.1.VoiceProfile.1.Tone.Description.2.ToneRepetitions,false,2026-07-08T16:02:08.806Z,true,2026-07-08T16:02:08.806Z,"""",,,,,,"
"InternetGatewayDevice.Services.VoiceService.1.VoiceProfile.1.Tone.Description.2.ToneText,false,2026-07-08T16:02:08.806Z,true,2026-07-08T16:02:08.806Z,"""",,,,,,"
"InternetGatewayDevice.Services.VoiceService.1.VoiceProfile.1.Tone.Description.3,true,2026-07-08T16:02:08.806Z,true,2026-07-08T16:02:08.806Z,"""",,,,,,"
"InternetGatewayDevice.Services.VoiceService.1.VoiceProfile.1.Tone.Description.3.EntryID,false,2026-07-08T16:02:08.806Z,true,2026-07-08T16:02:08.806Z,"""",,,,,,"
"InternetGatewayDevice.Services.VoiceService.1.VoiceProfile.1.Tone.Description.3.ToneEnable,false,2026-07-08T16:02:08.806Z,true,2026-07-08T16:02:08.806Z,"""",,,,,,"
"InternetGatewayDevice.Services.VoiceService.1.VoiceProfile.1.Tone.Description.3.ToneFile,false,2026-07-08T16:02:08.806Z,true,2026-07-08T16:02:08.806Z,"""",,,,,,"
"InternetGatewayDevice.Services.VoiceService.1.VoiceProfile.1.Tone.Description.3.ToneName,false,2026-07-08T16:02:08.806Z,true,2026-07-08T16:02:08.806Z,"""",,,,,,"
"InternetGatewayDevice.Services.VoiceService.1.VoiceProfile.1.Tone.Description.3.TonePattern,false,2026-07-08T16:02:08.806Z,true,2026-07-08T16:02:08.806Z,"""",,,,,,"
"InternetGatewayDevice.Services.VoiceService.1.VoiceProfile.1.Tone.Description.3.ToneRepetitions,false,2026-07-08T16:02:08.806Z,true,2026-07-08T16:02:08.806Z,"""",,,,,,"
"InternetGatewayDevice.Services.VoiceService.1.VoiceProfile.1.Tone.Description.3.ToneText,false,2026-07-08T16:02:08.806Z,true,2026-07-08T16:02:08.806Z,"""",,,,,,"
"InternetGatewayDevice.Services.VoiceService.1.VoiceProfile.1.Tone.Description.4,true,2026-07-08T16:02:08.806Z,true,2026-07-08T16:02:08.806Z,"""",,,,,,"
"InternetGatewayDevice.Services.VoiceService.1.VoiceProfile.1.Tone.Description.4.EntryID,false,2026-07-08T16:02:08.806Z,true,2026-07-08T16:02:08.806Z,"""",,,,,,"
"InternetGatewayDevice.Services.VoiceService.1.VoiceProfile.1.Tone.Description.4.ToneEnable,false,2026-07-08T16:02:08.806Z,true,2026-07-08T16:02:08.806Z,"""",,,,,,"
"InternetGatewayDevice.Services.VoiceService.1.VoiceProfile.1.Tone.Description.4.ToneFile,false,2026-07-08T16:02:08.806Z,true,2026-07-08T16:02:08.806Z,"""",,,,,,"
"InternetGatewayDevice.Services.VoiceService.1.VoiceProfile.1.Tone.Description.4.ToneName,false,2026-07-08T16:02:08.806Z,true,2026-07-08T16:02:08.806Z,"""",,,,,,"
"InternetGatewayDevice.Services.VoiceService.1.VoiceProfile.1.Tone.Description.4.TonePattern,false,2026-07-08T16:02:08.806Z,true,2026-07-08T16:02:08.806Z,"""",,,,,,"
"InternetGatewayDevice.Services.VoiceService.1.VoiceProfile.1.Tone.Description.4.ToneRepetitions,false,2026-07-08T16:02:08.806Z,true,2026-07-08T16:02:08.806Z,"""",,,,,,"
"InternetGatewayDevice.Services.VoiceService.1.VoiceProfile.1.Tone.Description.4.ToneText,false,2026-07-08T16:02:08.806Z,true,2026-07-08T16:02:08.806Z,"""",,,,,,"
"InternetGatewayDevice.Services.VoiceService.1.VoiceProfile.1.Tone.Description.5,true,2026-07-08T16:02:08.806Z,true,2026-07-08T16:02:08.806Z,"""",,,,,,"
"InternetGatewayDevice.Services.VoiceService.1.VoiceProfile.1.Tone.Description.5.EntryID,false,2026-07-08T16:02:08.806Z,true,2026-07-08T16:02:08.806Z,"""",,,,,,"
"InternetGatewayDevice.Services.VoiceService.1.VoiceProfile.1.Tone.Description.5.ToneEnable,false,2026-07-08T16:02:08.806Z,true,2026-07-08T16:02:08.806Z,"""",,,,,,"
"InternetGatewayDevice.Services.VoiceService.1.VoiceProfile.1.Tone.Description.5.ToneFile,false,2026-07-08T16:02:08.806Z,true,2026-07-08T16:02:08.806Z,"""",,,,,,"
"InternetGatewayDevice.Services.VoiceService.1.VoiceProfile.1.Tone.Description.5.ToneName,false,2026-07-08T16:02:08.806Z,true,2026-07-08T16:02:08.806Z,"""",,,,,,"
"InternetGatewayDevice.Services.VoiceService.1.VoiceProfile.1.Tone.Description.5.TonePattern,false,2026-07-08T16:02:08.806Z,true,2026-07-08T16:02:08.806Z,"""",,,,,,"
"InternetGatewayDevice.Services.VoiceService.1.VoiceProfile.1.Tone.Description.5.ToneRepetitions,false,2026-07-08T16:02:08.806Z,true,2026-07-08T16:02:08.806Z,"""",,,,,,"
"InternetGatewayDevice.Services.VoiceService.1.VoiceProfile.1.Tone.Description.5.ToneText,false,2026-07-08T16:02:08.806Z,true,2026-07-08T16:02:08.806Z,"""",,,,,,"
"InternetGatewayDevice.Services.VoiceService.1.VoiceProfile.1.Tone.Description.6,true,2026-07-08T16:02:08.806Z,true,2026-07-08T16:02:08.806Z,"""",,,,,,"
"InternetGatewayDevice.Services.VoiceService.1.VoiceProfile.1.Tone.Description.6.EntryID,false,2026-07-08T16:02:08.806Z,true,2026-07-08T16:02:08.806Z,"""",,,,,,"
"InternetGatewayDevice.Services.VoiceService.1.VoiceProfile.1.Tone.Description.6.ToneEnable,false,2026-07-08T16:02:08.806Z,true,2026-07-08T16:02:08.806Z,"""",,,,,,"
"InternetGatewayDevice.Services.VoiceService.1.VoiceProfile.1.Tone.Description.6.ToneFile,false,2026-07-08T16:02:08.806Z,true,2026-07-08T16:02:08.806Z,"""",,,,,,"
"InternetGatewayDevice.Services.VoiceService.1.VoiceProfile.1.Tone.Description.6.ToneName,false,2026-07-08T16:02:08.806Z,true,2026-07-08T16:02:08.806Z,"""",,,,,,"
"InternetGatewayDevice.Services.VoiceService.1.VoiceProfile.1.Tone.Description.6.TonePattern,false,2026-07-08T16:02:08.806Z,true,2026-07-08T16:02:08.806Z,"""",,,,,,"
"InternetGatewayDevice.Services.VoiceService.1.VoiceProfile.1.Tone.Description.6.ToneRepetitions,false,2026-07-08T16:02:08.806Z,true,2026-07-08T16:02:08.806Z,"""",,,,,,"
"InternetGatewayDevice.Services.VoiceService.1.VoiceProfile.1.Tone.Description.6.ToneText,false,2026-07-08T16:02:08.806Z,true,2026-07-08T16:02:08.806Z,"""",,,,,,"
"InternetGatewayDevice.Services.VoiceService.1.VoiceProfile.1.Tone.DescriptionNumberOfEntries,false,2026-07-08T16:02:08.806Z,false,2026-07-08T16:02:08.806Z,"""",,,,,,"
"InternetGatewayDevice.Services.VoiceService.1.VoiceProfile.1.Tone.Event,true,2026-07-08T16:02:08.806Z,true,2026-07-08T16:02:08.806Z,"""",,,,,,"
"InternetGatewayDevice.Services.VoiceService.1.VoiceProfile.1.Tone.Event.1,true,2026-07-08T16:02:08.806Z,true,2026-07-08T16:02:08.806Z,"""",,,,,,"
"InternetGatewayDevice.Services.VoiceService.1.VoiceProfile.1.Tone.Event.1.Function,false,2026-07-08T16:02:08.806Z,true,2026-07-08T16:02:08.806Z,"""",,,,,,"
"InternetGatewayDevice.Services.VoiceService.1.VoiceProfile.1.Tone.Event.1.ToneID,false,2026-07-08T16:02:08.806Z,true,2026-07-08T16:02:08.806Z,"""",,,,,,"
"InternetGatewayDevice.Services.VoiceService.1.VoiceProfile.1.Tone.EventNumberOfEntries,false,2026-07-08T16:02:08.806Z,false,2026-07-08T16:02:08.806Z,"""",,,,,,"
"InternetGatewayDevice.Services.VoiceService.1.VoiceProfile.1.Tone.PatternNumberOfEntries,false,2026-07-08T16:02:08.806Z,false,2026-07-08T16:02:08.806Z,"""",,,,,,"
"InternetGatewayDevice.Services.VoiceService.1.VoiceProfile.1.Tone.TonePattern,true,2026-07-08T16:02:08.806Z,true,2026-07-08T16:02:08.806Z,"""",,,,,,"
"InternetGatewayDevice.Services.VoiceService.1.VoiceProfile.1.Tone.TonePattern.1,true,2026-07-08T16:02:08.806Z,true,2026-07-08T16:02:08.806Z,"""",,,,,,"
"InternetGatewayDevice.Services.VoiceService.1.VoiceProfile.1.Tone.TonePattern.1.Duration,false,2026-07-08T16:02:08.806Z,true,2026-07-08T16:02:08.806Z,"""",,,,,,"
"InternetGatewayDevice.Services.VoiceService.1.VoiceProfile.1.Tone.TonePattern.1.EntryID,false,2026-07-08T16:02:08.806Z,true,2026-07-08T16:02:08.806Z,"""",,,,,,"
"InternetGatewayDevice.Services.VoiceService.1.VoiceProfile.1.Tone.TonePattern.1.Frequency1,false,2026-07-08T16:02:08.806Z,true,2026-07-08T16:02:08.806Z,"""",,,,,,"
"InternetGatewayDevice.Services.VoiceService.1.VoiceProfile.1.Tone.TonePattern.1.Frequency2,false,2026-07-08T16:02:08.806Z,true,2026-07-08T16:02:08.806Z,"""",,,,,,"
"InternetGatewayDevice.Services.VoiceService.1.VoiceProfile.1.Tone.TonePattern.1.Frequency3,false,2026-07-08T16:02:08.806Z,true,2026-07-08T16:02:08.806Z,"""",,,,,,"
"InternetGatewayDevice.Services.VoiceService.1.VoiceProfile.1.Tone.TonePattern.1.Frequency4,false,2026-07-08T16:02:08.806Z,true,2026-07-08T16:02:08.806Z,"""",,,,,,"
"InternetGatewayDevice.Services.VoiceService.1.VoiceProfile.1.Tone.TonePattern.1.ModulationFrequency,false,2026-07-08T16:02:08.806Z,true,2026-07-08T16:02:08.806Z,"""",,,,,,"
"InternetGatewayDevice.Services.VoiceService.1.VoiceProfile.1.Tone.TonePattern.1.ModulationPower,false,2026-07-08T16:02:08.806Z,true,2026-07-08T16:02:08.806Z,"""",,,,,,"
"InternetGatewayDevice.Services.VoiceService.1.VoiceProfile.1.Tone.TonePattern.1.NextEntryID,false,2026-07-08T16:02:08.806Z,true,2026-07-08T16:02:08.806Z,"""",,,,,,"
"InternetGatewayDevice.Services.VoiceService.1.VoiceProfile.1.Tone.TonePattern.1.Power1,false,2026-07-08T16:02:08.806Z,true,2026-07-08T16:02:08.806Z,"""",,,,,,"
"InternetGatewayDevice.Services.VoiceService.1.VoiceProfile.1.Tone.TonePattern.1.Power2,false,2026-07-08T16:02:08.806Z,true,2026-07-08T16:02:08.806Z,"""",,,,,,"
"InternetGatewayDevice.Services.VoiceService.1.VoiceProfile.1.Tone.TonePattern.1.Power3,false,2026-07-08T16:02:08.806Z,true,2026-07-08T16:02:08.806Z,"""",,,,,,"
"InternetGatewayDevice.Services.VoiceService.1.VoiceProfile.1.Tone.TonePattern.1.Power4,false,2026-07-08T16:02:08.806Z,true,2026-07-08T16:02:08.806Z,"""",,,,,,"
"InternetGatewayDevice.Services.VoiceService.1.VoiceProfile.1.Tone.TonePattern.1.ToneOn,false,2026-07-08T16:02:08.806Z,true,2026-07-08T16:02:08.806Z,"""",,,,,,"
"InternetGatewayDevice.Services.VoiceService.1.VoiceProfile.1.Tone.TonePattern.2,true,2026-07-08T16:02:08.806Z,true,2026-07-08T16:02:08.806Z,"""",,,,,,"
"InternetGatewayDevice.Services.VoiceService.1.VoiceProfile.1.Tone.TonePattern.2.Duration,false,2026-07-08T16:02:08.806Z,true,2026-07-08T16:02:08.806Z,"""",,,,,,"
"InternetGatewayDevice.Services.VoiceService.1.VoiceProfile.1.Tone.TonePattern.2.EntryID,false,2026-07-08T16:02:08.806Z,true,2026-07-08T16:02:08.806Z,"""",,,,,,"
"InternetGatewayDevice.Services.VoiceService.1.VoiceProfile.1.Tone.TonePattern.2.Frequency1,false,2026-07-08T16:02:08.806Z,true,2026-07-08T16:02:08.806Z,"""",,,,,,"
"InternetGatewayDevice.Services.VoiceService.1.VoiceProfile.1.Tone.TonePattern.2.Frequency2,false,2026-07-08T16:02:08.806Z,true,2026-07-08T16:02:08.806Z,"""",,,,,,"
"InternetGatewayDevice.Services.VoiceService.1.VoiceProfile.1.Tone.TonePattern.2.Frequency3,false,2026-07-08T16:02:08.806Z,true,2026-07-08T16:02:08.806Z,"""",,,,,,"
"InternetGatewayDevice.Services.VoiceService.1.VoiceProfile.1.Tone.TonePattern.2.Frequency4,false,2026-07-08T16:02:08.806Z,true,2026-07-08T16:02:08.806Z,"""",,,,,,"
"InternetGatewayDevice.Services.VoiceService.1.VoiceProfile.1.Tone.TonePattern.2.ModulationFrequency,false,2026-07-08T16:02:08.806Z,true,2026-07-08T16:02:08.806Z,"""",,,,,,"
"InternetGatewayDevice.Services.VoiceService.1.VoiceProfile.1.Tone.TonePattern.2.ModulationPower,false,2026-07-08T16:02:08.806Z,true,2026-07-08T16:02:08.806Z,"""",,,,,,"
"InternetGatewayDevice.Services.VoiceService.1.VoiceProfile.1.Tone.TonePattern.2.NextEntryID,false,2026-07-08T16:02:08.806Z,true,2026-07-08T16:02:08.806Z,"""",,,,,,"
"InternetGatewayDevice.Services.VoiceService.1.VoiceProfile.1.Tone.TonePattern.2.Power1,false,2026-07-08T16:02:08.806Z,true,2026-07-08T16:02:08.806Z,"""",,,,,,"
"InternetGatewayDevice.Services.VoiceService.1.VoiceProfile.1.Tone.TonePattern.2.Power2,false,2026-07-08T16:02:08.806Z,true,2026-07-08T16:02:08.806Z,"""",,,,,,"
"InternetGatewayDevice.Services.VoiceService.1.VoiceProfile.1.Tone.TonePattern.2.Power3,false,2026-07-08T16:02:08.806Z,true,2026-07-08T16:02:08.806Z,"""",,,,,,"
"InternetGatewayDevice.Services.VoiceService.1.VoiceProfile.1.Tone.TonePattern.2.Power4,false,2026-07-08T16:02:08.806Z,true,2026-07-08T16:02:08.806Z,"""",,,,,,"
"InternetGatewayDevice.Services.VoiceService.1.VoiceProfile.1.Tone.TonePattern.2.ToneOn,false,2026-07-08T16:02:08.806Z,true,2026-07-08T16:02:08.806Z,"""",,,,,,"
"InternetGatewayDevice.Services.VoiceService.1.VoiceProfile.1.Tone.TonePattern.3,true,2026-07-08T16:02:08.806Z,true,2026-07-08T16:02:08.806Z,"""",,,,,,"
"InternetGatewayDevice.Services.VoiceService.1.VoiceProfile.1.Tone.TonePattern.3.Duration,false,2026-07-08T16:02:08.806Z,true,2026-07-08T16:02:08.806Z,"""",,,,,,"
"InternetGatewayDevice.Services.VoiceService.1.VoiceProfile.1.Tone.TonePattern.3.EntryID,false,2026-07-08T16:02:08.806Z,true,2026-07-08T16:02:08.806Z,"""",,,,,,"
"InternetGatewayDevice.Services.VoiceService.1.VoiceProfile.1.Tone.TonePattern.3.Frequency1,false,2026-07-08T16:02:08.806Z,true,2026-07-08T16:02:08.806Z,"""",,,,,,"
"InternetGatewayDevice.Services.VoiceService.1.VoiceProfile.1.Tone.TonePattern.3.Frequency2,false,2026-07-08T16:02:08.806Z,true,2026-07-08T16:02:08.806Z,"""",,,,,,"
"InternetGatewayDevice.Services.VoiceService.1.VoiceProfile.1.Tone.TonePattern.3.Frequency3,false,2026-07-08T16:02:08.806Z,true,2026-07-08T16:02:08.806Z,"""",,,,,,"
"InternetGatewayDevice.Services.VoiceService.1.VoiceProfile.1.Tone.TonePattern.3.Frequency4,false,2026-07-08T16:02:08.806Z,true,2026-07-08T16:02:08.806Z,"""",,,,,,"
"InternetGatewayDevice.Services.VoiceService.1.VoiceProfile.1.Tone.TonePattern.3.ModulationFrequency,false,2026-07-08T16:02:08.806Z,true,2026-07-08T16:02:08.806Z,"""",,,,,,"
"InternetGatewayDevice.Services.VoiceService.1.VoiceProfile.1.Tone.TonePattern.3.ModulationPower,false,2026-07-08T16:02:08.806Z,true,2026-07-08T16:02:08.806Z,"""",,,,,,"
"InternetGatewayDevice.Services.VoiceService.1.VoiceProfile.1.Tone.TonePattern.3.NextEntryID,false,2026-07-08T16:02:08.806Z,true,2026-07-08T16:02:08.806Z,"""",,,,,,"
"InternetGatewayDevice.Services.VoiceService.1.VoiceProfile.1.Tone.TonePattern.3.Power1,false,2026-07-08T16:02:08.806Z,true,2026-07-08T16:02:08.806Z,"""",,,,,,"
"InternetGatewayDevice.Services.VoiceService.1.VoiceProfile.1.Tone.TonePattern.3.Power2,false,2026-07-08T16:02:08.806Z,true,2026-07-08T16:02:08.806Z,"""",,,,,,"
"InternetGatewayDevice.Services.VoiceService.1.VoiceProfile.1.Tone.TonePattern.3.Power3,false,2026-07-08T16:02:08.806Z,true,2026-07-08T16:02:08.806Z,"""",,,,,,"
"InternetGatewayDevice.Services.VoiceService.1.VoiceProfile.1.Tone.TonePattern.3.Power4,false,2026-07-08T16:02:08.806Z,true,2026-07-08T16:02:08.806Z,"""",,,,,,"
"InternetGatewayDevice.Services.VoiceService.1.VoiceProfile.1.Tone.TonePattern.3.ToneOn,false,2026-07-08T16:02:08.806Z,true,2026-07-08T16:02:08.806Z,"""",,,,,,"
"InternetGatewayDevice.Services.VoiceService.1.VoiceProfile.1.Tone.TonePattern.4,true,2026-07-08T16:02:08.806Z,true,2026-07-08T16:02:08.806Z,"""",,,,,,"
"InternetGatewayDevice.Services.VoiceService.1.VoiceProfile.1.Tone.TonePattern.4.Duration,false,2026-07-08T16:02:08.806Z,true,2026-07-08T16:02:08.806Z,"""",,,,,,"
"InternetGatewayDevice.Services.VoiceService.1.VoiceProfile.1.Tone.TonePattern.4.EntryID,false,2026-07-08T16:02:08.806Z,true,2026-07-08T16:02:08.806Z,"""",,,,,,"
"InternetGatewayDevice.Services.VoiceService.1.VoiceProfile.1.Tone.TonePattern.4.Frequency1,false,2026-07-08T16:02:08.806Z,true,2026-07-08T16:02:08.806Z,"""",,,,,,"
"InternetGatewayDevice.Services.VoiceService.1.VoiceProfile.1.Tone.TonePattern.4.Frequency2,false,2026-07-08T16:02:08.806Z,true,2026-07-08T16:02:08.806Z,"""",,,,,,"
"InternetGatewayDevice.Services.VoiceService.1.VoiceProfile.1.Tone.TonePattern.4.Frequency3,false,2026-07-08T16:02:08.806Z,true,2026-07-08T16:02:08.806Z,"""",,,,,,"
"InternetGatewayDevice.Services.VoiceService.1.VoiceProfile.1.Tone.TonePattern.4.Frequency4,false,2026-07-08T16:02:08.806Z,true,2026-07-08T16:02:08.806Z,"""",,,,,,"
"InternetGatewayDevice.Services.VoiceService.1.VoiceProfile.1.Tone.TonePattern.4.ModulationFrequency,false,2026-07-08T16:02:08.806Z,true,2026-07-08T16:02:08.806Z,"""",,,,,,"
"InternetGatewayDevice.Services.VoiceService.1.VoiceProfile.1.Tone.TonePattern.4.ModulationPower,false,2026-07-08T16:02:08.806Z,true,2026-07-08T16:02:08.806Z,"""",,,,,,"
"InternetGatewayDevice.Services.VoiceService.1.VoiceProfile.1.Tone.TonePattern.4.NextEntryID,false,2026-07-08T16:02:08.806Z,true,2026-07-08T16:02:08.806Z,"""",,,,,,"
"InternetGatewayDevice.Services.VoiceService.1.VoiceProfile.1.Tone.TonePattern.4.Power1,false,2026-07-08T16:02:08.806Z,true,2026-07-08T16:02:08.806Z,"""",,,,,,"
"InternetGatewayDevice.Services.VoiceService.1.VoiceProfile.1.Tone.TonePattern.4.Power2,false,2026-07-08T16:02:08.806Z,true,2026-07-08T16:02:08.806Z,"""",,,,,,"
"InternetGatewayDevice.Services.VoiceService.1.VoiceProfile.1.Tone.TonePattern.4.Power3,false,2026-07-08T16:02:08.806Z,true,2026-07-08T16:02:08.806Z,"""",,,,,,"
"InternetGatewayDevice.Services.VoiceService.1.VoiceProfile.1.Tone.TonePattern.4.Power4,false,2026-07-08T16:02:08.806Z,true,2026-07-08T16:02:08.806Z,"""",,,,,,"
"InternetGatewayDevice.Services.VoiceService.1.VoiceProfile.1.Tone.TonePattern.4.ToneOn,false,2026-07-08T16:02:08.806Z,true,2026-07-08T16:02:08.806Z,"""",,,,,,"
"InternetGatewayDevice.Services.VoiceService.1.VoiceProfile.1.Tone.TonePattern.5,true,2026-07-08T16:02:08.806Z,true,2026-07-08T16:02:08.806Z,"""",,,,,,"
"InternetGatewayDevice.Services.VoiceService.1.VoiceProfile.1.Tone.TonePattern.5.Duration,false,2026-07-08T16:02:08.806Z,true,2026-07-08T16:02:08.806Z,"""",,,,,,"
"InternetGatewayDevice.Services.VoiceService.1.VoiceProfile.1.Tone.TonePattern.5.EntryID,false,2026-07-08T16:02:08.806Z,true,2026-07-08T16:02:08.806Z,"""",,,,,,"
"InternetGatewayDevice.Services.VoiceService.1.VoiceProfile.1.Tone.TonePattern.5.Frequency1,false,2026-07-08T16:02:08.806Z,true,2026-07-08T16:02:08.806Z,"""",,,,,,"
"InternetGatewayDevice.Services.VoiceService.1.VoiceProfile.1.Tone.TonePattern.5.Frequency2,false,2026-07-08T16:02:08.806Z,true,2026-07-08T16:02:08.806Z,"""",,,,,,"
"InternetGatewayDevice.Services.VoiceService.1.VoiceProfile.1.Tone.TonePattern.5.Frequency3,false,2026-07-08T16:02:08.806Z,true,2026-07-08T16:02:08.806Z,"""",,,,,,"
"InternetGatewayDevice.Services.VoiceService.1.VoiceProfile.1.Tone.TonePattern.5.Frequency4,false,2026-07-08T16:02:08.806Z,true,2026-07-08T16:02:08.806Z,"""",,,,,,"
"InternetGatewayDevice.Services.VoiceService.1.VoiceProfile.1.Tone.TonePattern.5.ModulationFrequency,false,2026-07-08T16:02:08.806Z,true,2026-07-08T16:02:08.806Z,"""",,,,,,"
"InternetGatewayDevice.Services.VoiceService.1.VoiceProfile.1.Tone.TonePattern.5.ModulationPower,false,2026-07-08T16:02:08.806Z,true,2026-07-08T16:02:08.806Z,"""",,,,,,"
"InternetGatewayDevice.Services.VoiceService.1.VoiceProfile.1.Tone.TonePattern.5.NextEntryID,false,2026-07-08T16:02:08.806Z,true,2026-07-08T16:02:08.806Z,"""",,,,,,"
"InternetGatewayDevice.Services.VoiceService.1.VoiceProfile.1.Tone.TonePattern.5.Power1,false,2026-07-08T16:02:08.806Z,true,2026-07-08T16:02:08.806Z,"""",,,,,,"
"InternetGatewayDevice.Services.VoiceService.1.VoiceProfile.1.Tone.TonePattern.5.Power2,false,2026-07-08T16:02:08.806Z,true,2026-07-08T16:02:08.806Z,"""",,,,,,"
"InternetGatewayDevice.Services.VoiceService.1.VoiceProfile.1.Tone.TonePattern.5.Power3,false,2026-07-08T16:02:08.806Z,true,2026-07-08T16:02:08.806Z,"""",,,,,,"
"InternetGatewayDevice.Services.VoiceService.1.VoiceProfile.1.Tone.TonePattern.5.Power4,false,2026-07-08T16:02:08.806Z,true,2026-07-08T16:02:08.806Z,"""",,,,,,"
"InternetGatewayDevice.Services.VoiceService.1.VoiceProfile.1.Tone.TonePattern.5.ToneOn,false,2026-07-08T16:02:08.806Z,true,2026-07-08T16:02:08.806Z,"""",,,,,,"
"InternetGatewayDevice.Services.VoiceService.1.VoiceProfile.1.X_HW_BusyToneTimer,false,2026-07-08T16:02:08.806Z,true,2026-07-08T16:02:08.806Z,"""",,,,,,"
"InternetGatewayDevice.Services.VoiceService.1.VoiceProfile.1.X_HW_DigitMapLongTimer,false,2026-07-08T16:02:08.806Z,true,2026-07-08T16:02:08.806Z,"""",,,,,,"
"InternetGatewayDevice.Services.VoiceService.1.VoiceProfile.1.X_HW_DigitMapMatchMode,false,2026-07-08T16:02:08.806Z,true,2026-07-08T16:02:08.806Z,"""",,,,,,"
"InternetGatewayDevice.Services.VoiceService.1.VoiceProfile.1.X_HW_DigitMapShortTimer,false,2026-07-08T16:02:08.806Z,true,2026-07-08T16:02:08.806Z,"""",,,,,,"
"InternetGatewayDevice.Services.VoiceService.1.VoiceProfile.1.X_HW_DigitMapSpecial,false,2026-07-08T16:02:08.806Z,true,2026-07-08T16:02:08.806Z,"""",,,,,,"
"InternetGatewayDevice.Services.VoiceService.1.VoiceProfile.1.X_HW_DigitMapSpecialEnable,false,2026-07-08T16:02:08.806Z,true,2026-07-08T16:02:08.806Z,"""",,,,,,"
"InternetGatewayDevice.Services.VoiceService.1.VoiceProfile.1.X_HW_DigitMapStartTimer,false,2026-07-08T16:02:08.806Z,true,2026-07-08T16:02:08.806Z,"""",,,,,,"
"InternetGatewayDevice.Services.VoiceService.1.VoiceProfile.1.X_HW_FaxModem,true,2026-07-08T16:02:08.806Z,true,2026-07-08T16:02:08.806Z,"""",,,,,,"
"InternetGatewayDevice.Services.VoiceService.1.VoiceProfile.1.X_HW_FaxModem.FaxModemPktFix10ms,false,2026-07-08T16:02:08.806Z,true,2026-07-08T16:02:08.806Z,"""",,,,,,"
"InternetGatewayDevice.Services.VoiceService.1.VoiceProfile.1.X_HW_FaxModem.FaxModemVbdCodec,false,2026-07-08T16:02:08.806Z,true,2026-07-08T16:02:08.806Z,"""",,,,,,"
"InternetGatewayDevice.Services.VoiceService.1.VoiceProfile.1.X_HW_FaxModem.FaxModemVbdPTMode,false,2026-07-08T16:02:08.806Z,true,2026-07-08T16:02:08.806Z,"""",,,,,,"
"InternetGatewayDevice.Services.VoiceService.1.VoiceProfile.1.X_HW_FaxModem.FaxModemVbdPayload,false,2026-07-08T16:02:08.806Z,true,2026-07-08T16:02:08.806Z,"""",,,,,,"
"InternetGatewayDevice.Services.VoiceService.1.VoiceProfile.1.X_HW_FaxModem.FaxNego,false,2026-07-08T16:02:08.806Z,true,2026-07-08T16:02:08.806Z,"""",,,,,,"
"InternetGatewayDevice.Services.VoiceService.1.VoiceProfile.1.X_HW_FaxModem.FaxNegoFlow,false,2026-07-08T16:02:08.806Z,true,2026-07-08T16:02:08.806Z,"""",,,,,,"
"InternetGatewayDevice.Services.VoiceService.1.VoiceProfile.1.X_HW_FaxModem.IpDtmfFallbackVoice,false,2026-07-08T16:02:08.806Z,true,2026-07-08T16:02:08.806Z,"""",,,,,,"
"InternetGatewayDevice.Services.VoiceService.1.VoiceProfile.1.X_HW_FaxModem.ModemEventMode,false,2026-07-08T16:02:08.806Z,true,2026-07-08T16:02:08.806Z,"""",,,,,,"
"InternetGatewayDevice.Services.VoiceService.1.VoiceProfile.1.X_HW_G711FAX,true,2026-07-08T16:02:08.806Z,true,2026-07-08T16:02:08.806Z,"""",,,,,,"
"InternetGatewayDevice.Services.VoiceService.1.VoiceProfile.1.X_HW_G711FAX.Enable,false,2026-07-08T16:02:08.806Z,true,2026-07-08T16:02:08.806Z,"""",,,,,,"
"InternetGatewayDevice.Services.VoiceService.1.VoiceProfile.1.X_HW_H248,true,2026-07-08T16:02:08.806Z,true,2026-07-08T16:02:08.806Z,"""",,,,,,"
"InternetGatewayDevice.Services.VoiceService.1.VoiceProfile.1.X_HW_H248.CallAgent1,false,2026-07-08T16:02:08.806Z,true,2026-07-08T16:02:08.806Z,"""",,,,,,"
"InternetGatewayDevice.Services.VoiceService.1.VoiceProfile.1.X_HW_H248.CallAgent2,false,2026-07-08T16:02:08.806Z,true,2026-07-08T16:02:08.806Z,"""",,,,,,"
"InternetGatewayDevice.Services.VoiceService.1.VoiceProfile.1.X_HW_H248.CallAgentMID1,false,2026-07-08T16:02:08.806Z,true,2026-07-08T16:02:08.806Z,"""",,,,,,"
"InternetGatewayDevice.Services.VoiceService.1.VoiceProfile.1.X_HW_H248.CallAgentMID2,false,2026-07-08T16:02:08.806Z,true,2026-07-08T16:02:08.806Z,"""",,,,,,"
"InternetGatewayDevice.Services.VoiceService.1.VoiceProfile.1.X_HW_H248.CallAgentPort1,false,2026-07-08T16:02:08.806Z,true,2026-07-08T16:02:08.806Z,"""",,,,,,"
"InternetGatewayDevice.Services.VoiceService.1.VoiceProfile.1.X_HW_H248.CallAgentPort2,false,2026-07-08T16:02:08.806Z,true,2026-07-08T16:02:08.806Z,"""",,,,,,"
"InternetGatewayDevice.Services.VoiceService.1.VoiceProfile.1.X_HW_H248.DSCPMark,false,2026-07-08T16:02:08.806Z,true,2026-07-08T16:02:08.806Z,"""",,,,,,"
"InternetGatewayDevice.Services.VoiceService.1.VoiceProfile.1.X_HW_H248.DeviceName,false,2026-07-08T16:02:08.806Z,true,2026-07-08T16:02:08.806Z,"""",,,,,,"
"InternetGatewayDevice.Services.VoiceService.1.VoiceProfile.1.X_HW_H248.Digitmap,true,2026-07-08T16:02:08.806Z,true,2026-07-08T16:02:08.806Z,"""",,,,,,"
"InternetGatewayDevice.Services.VoiceService.1.VoiceProfile.1.X_HW_H248.Digitmap.DMName,false,2026-07-08T16:02:08.806Z,true,2026-07-08T16:02:08.806Z,"""",,,,,,"
"InternetGatewayDevice.Services.VoiceService.1.VoiceProfile.1.X_HW_H248.Digitmap.DigitMap,false,2026-07-08T16:02:08.806Z,true,2026-07-08T16:02:08.806Z,"""",,,,,,"
"InternetGatewayDevice.Services.VoiceService.1.VoiceProfile.1.X_HW_H248.Digitmap.DigitMapLongTimer,false,2026-07-08T16:02:08.806Z,true,2026-07-08T16:02:08.806Z,"""",,,,,,"
"InternetGatewayDevice.Services.VoiceService.1.VoiceProfile.1.X_HW_H248.Digitmap.DigitMapShortTimer,false,2026-07-08T16:02:08.806Z,true,2026-07-08T16:02:08.806Z,"""",,,,,,"
"InternetGatewayDevice.Services.VoiceService.1.VoiceProfile.1.X_HW_H248.Digitmap.DigitMapStartTimer,false,2026-07-08T16:02:08.806Z,true,2026-07-08T16:02:08.806Z,"""",,,,,,"
"InternetGatewayDevice.Services.VoiceService.1.VoiceProfile.1.X_HW_H248.Domain,false,2026-07-08T16:02:08.806Z,true,2026-07-08T16:02:08.806Z,"""",,,,,,"
"InternetGatewayDevice.Services.VoiceService.1.VoiceProfile.1.X_HW_H248.Extend,true,2026-07-08T16:02:08.806Z,true,2026-07-08T16:02:08.806Z,"""",,,,,,"
"InternetGatewayDevice.Services.VoiceService.1.VoiceProfile.1.X_HW_H248.Extend.CallholdTimer,false,2026-07-08T16:02:08.806Z,true,2026-07-08T16:02:08.806Z,"""",,,,,,"
"InternetGatewayDevice.Services.VoiceService.1.VoiceProfile.1.X_HW_H248.Extend.DigitMapAutoMatchEnable,false,2026-07-08T16:02:08.806Z,true,2026-07-08T16:02:08.806Z,"""",,,,,,"
"InternetGatewayDevice.Services.VoiceService.1.VoiceProfile.1.X_HW_H248.Extend.DisconnectToneType,false,2026-07-08T16:02:08.806Z,true,2026-07-08T16:02:08.806Z,"""",,,,,,"
"InternetGatewayDevice.Services.VoiceService.1.VoiceProfile.1.X_HW_H248.Extend.HeartBeatRetransTimer,false,2026-07-08T16:02:08.806Z,true,2026-07-08T16:02:08.806Z,"""",,,,,,"
"InternetGatewayDevice.Services.VoiceService.1.VoiceProfile.1.X_HW_H248.Extend.HeartBeatRetransTimes,false,2026-07-08T16:02:08.806Z,true,2026-07-08T16:02:08.806Z,"""",,,,,,"
"InternetGatewayDevice.Services.VoiceService.1.VoiceProfile.1.X_HW_H248.Extend.HeartBeatTimer,false,2026-07-08T16:02:08.806Z,true,2026-07-08T16:02:08.806Z,"""",,,,,,"
"InternetGatewayDevice.Services.VoiceService.1.VoiceProfile.1.X_HW_H248.Extend.MWD,false,2026-07-08T16:02:08.806Z,true,2026-07-08T16:02:08.806Z,"""",,,,,,"
"InternetGatewayDevice.Services.VoiceService.1.VoiceProfile.1.X_HW_H248.Extend.MWDBaseTime,false,2026-07-08T16:02:08.806Z,true,2026-07-08T16:02:08.806Z,"""",,,,,,"
"InternetGatewayDevice.Services.VoiceService.1.VoiceProfile.1.X_HW_H248.Extend.MgDomainCheck,false,2026-07-08T16:02:08.806Z,true,2026-07-08T16:02:08.806Z,"""",,,,,,"
"InternetGatewayDevice.Services.VoiceService.1.VoiceProfile.1.X_HW_H248.Extend.MgcSwitchMethod,false,2026-07-08T16:02:08.806Z,true,2026-07-08T16:02:08.806Z,"""",,,,,,"
"InternetGatewayDevice.Services.VoiceService.1.VoiceProfile.1.X_HW_H248.Extend.OffhookEventID,false,2026-07-08T16:02:08.806Z,true,2026-07-08T16:02:08.806Z,"""",,,,,,"
"InternetGatewayDevice.Services.VoiceService.1.VoiceProfile.1.X_HW_H248.Extend.PortFilterFlag,false,2026-07-08T16:02:08.806Z,true,2026-07-08T16:02:08.806Z,"""",,,,,,"
"InternetGatewayDevice.Services.VoiceService.1.VoiceProfile.1.X_HW_H248.Extend.PortFilterTime,false,2026-07-08T16:02:08.806Z,true,2026-07-08T16:02:08.806Z,"""",,,,,,"
"InternetGatewayDevice.Services.VoiceService.1.VoiceProfile.1.X_HW_H248.Extend.ProfileIndex,false,2026-07-08T16:02:08.806Z,true,2026-07-08T16:02:08.806Z,"""",,,,,,"
"InternetGatewayDevice.Services.VoiceService.1.VoiceProfile.1.X_HW_H248.Extend.ProfileName,false,2026-07-08T16:02:08.806Z,true,2026-07-08T16:02:08.806Z,"""",,,,,,"
"InternetGatewayDevice.Services.VoiceService.1.VoiceProfile.1.X_HW_H248.Extend.ProfileNego,false,2026-07-08T16:02:08.806Z,true,2026-07-08T16:02:08.806Z,"""",,,,,,"
"InternetGatewayDevice.Services.VoiceService.1.VoiceProfile.1.X_HW_H248.Extend.SoftwareParameters,false,2026-07-08T16:02:08.806Z,true,2026-07-08T16:02:08.806Z,"""",,,,,,"
"InternetGatewayDevice.Services.VoiceService.1.VoiceProfile.1.X_HW_H248.Extend.Topversion,false,2026-07-08T16:02:08.806Z,true,2026-07-08T16:02:08.806Z,"""",,,,,,"
"InternetGatewayDevice.Services.VoiceService.1.VoiceProfile.1.X_HW_H248.HeartBeatPattern,false,2026-07-08T16:02:08.806Z,true,2026-07-08T16:02:08.806Z,"""",,,,,,"
"InternetGatewayDevice.Services.VoiceService.1.VoiceProfile.1.X_HW_H248.LocalPort,false,2026-07-08T16:02:08.806Z,true,2026-07-08T16:02:08.806Z,"""",,,,,,"
"InternetGatewayDevice.Services.VoiceService.1.VoiceProfile.1.X_HW_H248.MIDFormat,false,2026-07-08T16:02:08.806Z,true,2026-07-08T16:02:08.806Z,"""",,,,,,"
"InternetGatewayDevice.Services.VoiceService.1.VoiceProfile.1.X_HW_H248.MessageEncodingType,false,2026-07-08T16:02:08.806Z,true,2026-07-08T16:02:08.806Z,"""",,,,,,"
"InternetGatewayDevice.Services.VoiceService.1.VoiceProfile.1.X_HW_H248.Profile,true,2026-07-08T16:02:08.806Z,true,2026-07-08T16:02:08.806Z,"""",,,,,,"
"InternetGatewayDevice.Services.VoiceService.1.VoiceProfile.1.X_HW_H248.Profile.ProfileBody,false,2026-07-08T16:02:08.806Z,true,2026-07-08T16:02:08.806Z,"""",,,,,,"
"InternetGatewayDevice.Services.VoiceService.1.VoiceProfile.1.X_HW_H248.Profile.ProfileName,false,2026-07-08T16:02:08.806Z,true,2026-07-08T16:02:08.806Z,"""",,,,,,"
"InternetGatewayDevice.Services.VoiceService.1.VoiceProfile.1.X_HW_H248.RegisterMode,false,2026-07-08T16:02:08.806Z,true,2026-07-08T16:02:08.806Z,"""",,,,,,"
"InternetGatewayDevice.Services.VoiceService.1.VoiceProfile.1.X_HW_H248.StackInfo,true,2026-07-08T16:02:08.806Z,true,2026-07-08T16:02:08.806Z,"""",,,,,,"
"InternetGatewayDevice.Services.VoiceService.1.VoiceProfile.1.X_HW_H248.StackInfo.FixedRetransTime,false,2026-07-08T16:02:08.806Z,true,2026-07-08T16:02:08.806Z,"""",,,,,,"
"InternetGatewayDevice.Services.VoiceService.1.VoiceProfile.1.X_HW_H248.StackInfo.LongTimer,false,2026-07-08T16:02:08.806Z,true,2026-07-08T16:02:08.806Z,"""",,,,,,"
"InternetGatewayDevice.Services.VoiceService.1.VoiceProfile.1.X_HW_H248.StackInfo.MGProvisionalRespTime,false,2026-07-08T16:02:08.806Z,true,2026-07-08T16:02:08.806Z,"""",,,,,,"
"InternetGatewayDevice.Services.VoiceService.1.VoiceProfile.1.X_HW_H248.StackInfo.MTUValue,false,2026-07-08T16:02:08.806Z,true,2026-07-08T16:02:08.806Z,"""",,,,,,"
"InternetGatewayDevice.Services.VoiceService.1.VoiceProfile.1.X_HW_H248.StackInfo.MaxreTransDuration,false,2026-07-08T16:02:08.806Z,true,2026-07-08T16:02:08.806Z,"""",,,,,,"
"InternetGatewayDevice.Services.VoiceService.1.VoiceProfile.1.X_HW_H248.StackInfo.MaxreTransTime,false,2026-07-08T16:02:08.806Z,true,2026-07-08T16:02:08.806Z,"""",,,,,,"
"InternetGatewayDevice.Services.VoiceService.1.VoiceProfile.1.X_HW_H248.StackInfo.MaxreTransTimes,false,2026-07-08T16:02:08.806Z,true,2026-07-08T16:02:08.806Z,"""",,,,,,"
"InternetGatewayDevice.Services.VoiceService.1.VoiceProfile.1.X_HW_H248.StackInfo.MinreTransTime,false,2026-07-08T16:02:08.806Z,true,2026-07-08T16:02:08.806Z,"""",,,,,,"
"InternetGatewayDevice.Services.VoiceService.1.VoiceProfile.1.X_HW_H248.StackInfo.MsgFormat,false,2026-07-08T16:02:08.806Z,true,2026-07-08T16:02:08.806Z,"""",,,,,,"
"InternetGatewayDevice.Services.VoiceService.1.VoiceProfile.1.X_HW_H248.StackInfo.MsgSegmentation,false,2026-07-08T16:02:08.806Z,true,2026-07-08T16:02:08.806Z,"""",,,,,,"
"InternetGatewayDevice.Services.VoiceService.1.VoiceProfile.1.X_HW_H248.StackInfo.ResponseAckCtrl,false,2026-07-08T16:02:08.806Z,true,2026-07-08T16:02:08.806Z,"""",,,,,,"
"InternetGatewayDevice.Services.VoiceService.1.VoiceProfile.1.X_HW_H248.StackInfo.RetransMode,false,2026-07-08T16:02:08.806Z,true,2026-07-08T16:02:08.806Z,"""",,,,,,"
"InternetGatewayDevice.Services.VoiceService.1.VoiceProfile.1.X_HW_H248.StackInfo.Retransfailoption,false,2026-07-08T16:02:08.806Z,true,2026-07-08T16:02:08.806Z,"""",,,,,,"
"InternetGatewayDevice.Services.VoiceService.1.VoiceProfile.1.X_HW_H248.auth,true,2026-07-08T16:02:08.806Z,true,2026-07-08T16:02:08.806Z,"""",,,,,,"
"InternetGatewayDevice.Services.VoiceService.1.VoiceProfile.1.X_HW_H248.auth.HeaderSecurityType,false,2026-07-08T16:02:08.806Z,true,2026-07-08T16:02:08.806Z,"""",,,,,,"
"InternetGatewayDevice.Services.VoiceService.1.VoiceProfile.1.X_HW_H248.auth.auth,false,2026-07-08T16:02:08.806Z,true,2026-07-08T16:02:08.806Z,"""",,,,,,"
"InternetGatewayDevice.Services.VoiceService.1.VoiceProfile.1.X_HW_H248.auth.authHeader,false,2026-07-08T16:02:08.806Z,true,2026-07-08T16:02:08.806Z,"""",,,,,,"
"InternetGatewayDevice.Services.VoiceService.1.VoiceProfile.1.X_HW_H248.auth.authInitKey,false,2026-07-08T16:02:08.806Z,true,2026-07-08T16:02:08.806Z,"""",,,,,,"
"InternetGatewayDevice.Services.VoiceService.1.VoiceProfile.1.X_HW_H248.auth.authmgid,false,2026-07-08T16:02:08.806Z,true,2026-07-08T16:02:08.806Z,"""",,,,,,"
"InternetGatewayDevice.Services.VoiceService.1.VoiceProfile.1.X_HW_HangingReminderToneTimer,false,2026-07-08T16:02:08.806Z,true,2026-07-08T16:02:08.806Z,"""",,,,,,"
"InternetGatewayDevice.Services.VoiceService.1.VoiceProfile.1.X_HW_HowlerSendFlag,false,2026-07-08T16:02:08.806Z,true,2026-07-08T16:02:08.806Z,"""",,,,,,"
"InternetGatewayDevice.Services.VoiceService.1.VoiceProfile.1.X_HW_InterfaceState,false,2026-07-08T16:02:08.806Z,false,2026-07-08T16:02:08.806Z,"""",,,,,,"
"InternetGatewayDevice.Services.VoiceService.1.VoiceProfile.1.X_HW_KeepTransferActivePeriod,false,2026-07-08T16:02:08.806Z,true,2026-07-08T16:02:08.806Z,"""",,,,,,"
"InternetGatewayDevice.Services.VoiceService.1.VoiceProfile.1.X_HW_NoAnswerTimer,false,2026-07-08T16:02:08.806Z,true,2026-07-08T16:02:08.806Z,"""",,,,,,"
"InternetGatewayDevice.Services.VoiceService.1.VoiceProfile.1.X_HW_Option120PriorityMode,false,2026-07-08T16:02:08.806Z,true,2026-07-08T16:02:08.806Z,"""",,,,,,"
"InternetGatewayDevice.Services.VoiceService.1.VoiceProfile.1.X_HW_Option15PriorityMode,false,2026-07-08T16:02:08.806Z,true,2026-07-08T16:02:08.806Z,"""",,,,,,"
"InternetGatewayDevice.Services.VoiceService.1.VoiceProfile.1.X_HW_OverseaVer,false,2026-07-08T16:02:08.806Z,true,2026-07-08T16:02:08.806Z,"""",,,,,,"
"InternetGatewayDevice.Services.VoiceService.1.VoiceProfile.1.X_HW_PortName,false,2026-07-08T16:02:08.806Z,true,2026-07-08T16:02:08.806Z,"""",,,,,,"
"InternetGatewayDevice.Services.VoiceService.1.VoiceProfile.1.X_HW_Ring,true,2026-07-08T16:02:08.806Z,true,2026-07-08T16:02:08.806Z,"""",,,,,,"
"InternetGatewayDevice.Services.VoiceService.1.VoiceProfile.1.X_HW_Ring.Mapping,true,2026-07-08T16:02:08.806Z,true,2026-07-08T16:02:08.806Z,"""",,,,,,"
"InternetGatewayDevice.Services.VoiceService.1.VoiceProfile.1.X_HW_Ring.Mapping.1,true,2026-07-08T16:02:08.806Z,true,2026-07-08T16:02:08.806Z,"""",,,,,,"
"InternetGatewayDevice.Services.VoiceService.1.VoiceProfile.1.X_HW_Ring.Mapping.1.CadenceType,false,2026-07-08T16:02:08.806Z,true,2026-07-08T16:02:08.806Z,"""",,,,,,"
"InternetGatewayDevice.Services.VoiceService.1.VoiceProfile.1.X_HW_Ring.Mapping.1.InitialRing,false,2026-07-08T16:02:08.806Z,true,2026-07-08T16:02:08.806Z,"""",,,,,,"
"InternetGatewayDevice.Services.VoiceService.1.VoiceProfile.1.X_HW_Ring.Mapping.1.Pattern,false,2026-07-08T16:02:08.806Z,true,2026-07-08T16:02:08.806Z,"""",,,,,,"
"InternetGatewayDevice.Services.VoiceService.1.VoiceProfile.1.X_HW_Ring.Mapping.1.RingName,false,2026-07-08T16:02:08.806Z,true,2026-07-08T16:02:08.806Z,"""",,,,,,"
"InternetGatewayDevice.Services.VoiceService.1.VoiceProfile.1.X_HW_Ring.Mapping.2,true,2026-07-08T16:02:08.806Z,true,2026-07-08T16:02:08.806Z,"""",,,,,,"
"InternetGatewayDevice.Services.VoiceService.1.VoiceProfile.1.X_HW_Ring.Mapping.2.CadenceType,false,2026-07-08T16:02:08.806Z,true,2026-07-08T16:02:08.806Z,"""",,,,,,"
"InternetGatewayDevice.Services.VoiceService.1.VoiceProfile.1.X_HW_Ring.Mapping.2.InitialRing,false,2026-07-08T16:02:08.806Z,true,2026-07-08T16:02:08.806Z,"""",,,,,,"
"InternetGatewayDevice.Services.VoiceService.1.VoiceProfile.1.X_HW_Ring.Mapping.2.Pattern,false,2026-07-08T16:02:08.806Z,true,2026-07-08T16:02:08.806Z,"""",,,,,,"
"InternetGatewayDevice.Services.VoiceService.1.VoiceProfile.1.X_HW_Ring.Mapping.2.RingName,false,2026-07-08T16:02:08.806Z,true,2026-07-08T16:02:08.806Z,"""",,,,,,"
"InternetGatewayDevice.Services.VoiceService.1.VoiceProfile.1.X_HW_Ring.Mapping.3,true,2026-07-08T16:02:08.806Z,true,2026-07-08T16:02:08.806Z,"""",,,,,,"
"InternetGatewayDevice.Services.VoiceService.1.VoiceProfile.1.X_HW_Ring.Mapping.3.CadenceType,false,2026-07-08T16:02:08.806Z,true,2026-07-08T16:02:08.806Z,"""",,,,,,"
"InternetGatewayDevice.Services.VoiceService.1.VoiceProfile.1.X_HW_Ring.Mapping.3.InitialRing,false,2026-07-08T16:02:08.806Z,true,2026-07-08T16:02:08.806Z,"""",,,,,,"
"InternetGatewayDevice.Services.VoiceService.1.VoiceProfile.1.X_HW_Ring.Mapping.3.Pattern,false,2026-07-08T16:02:08.806Z,true,2026-07-08T16:02:08.806Z,"""",,,,,,"
"InternetGatewayDevice.Services.VoiceService.1.VoiceProfile.1.X_HW_Ring.Mapping.3.RingName,false,2026-07-08T16:02:08.806Z,true,2026-07-08T16:02:08.806Z,"""",,,,,,"
"InternetGatewayDevice.Services.VoiceService.1.VoiceProfile.1.X_HW_Ring.Mapping.4,true,2026-07-08T16:02:08.806Z,true,2026-07-08T16:02:08.806Z,"""",,,,,,"
"InternetGatewayDevice.Services.VoiceService.1.VoiceProfile.1.X_HW_Ring.Mapping.4.CadenceType,false,2026-07-08T16:02:08.806Z,true,2026-07-08T16:02:08.806Z,"""",,,,,,"
"InternetGatewayDevice.Services.VoiceService.1.VoiceProfile.1.X_HW_Ring.Mapping.4.InitialRing,false,2026-07-08T16:02:08.806Z,true,2026-07-08T16:02:08.806Z,"""",,,,,,"
"InternetGatewayDevice.Services.VoiceService.1.VoiceProfile.1.X_HW_Ring.Mapping.4.Pattern,false,2026-07-08T16:02:08.806Z,true,2026-07-08T16:02:08.806Z,"""",,,,,,"
"InternetGatewayDevice.Services.VoiceService.1.VoiceProfile.1.X_HW_Ring.Mapping.4.RingName,false,2026-07-08T16:02:08.806Z,true,2026-07-08T16:02:08.806Z,"""",,,,,,"
"InternetGatewayDevice.Services.VoiceService.1.VoiceProfile.1.X_HW_Ring.Mapping.5,true,2026-07-08T16:02:08.806Z,true,2026-07-08T16:02:08.806Z,"""",,,,,,"
"InternetGatewayDevice.Services.VoiceService.1.VoiceProfile.1.X_HW_Ring.Mapping.5.CadenceType,false,2026-07-08T16:02:08.806Z,true,2026-07-08T16:02:08.806Z,"""",,,,,,"
"InternetGatewayDevice.Services.VoiceService.1.VoiceProfile.1.X_HW_Ring.Mapping.5.InitialRing,false,2026-07-08T16:02:08.806Z,true,2026-07-08T16:02:08.806Z,"""",,,,,,"
"InternetGatewayDevice.Services.VoiceService.1.VoiceProfile.1.X_HW_Ring.Mapping.5.Pattern,false,2026-07-08T16:02:08.806Z,true,2026-07-08T16:02:08.806Z,"""",,,,,,"
"InternetGatewayDevice.Services.VoiceService.1.VoiceProfile.1.X_HW_Ring.Mapping.5.RingName,false,2026-07-08T16:02:08.806Z,true,2026-07-08T16:02:08.806Z,"""",,,,,,"
"InternetGatewayDevice.Services.VoiceService.1.VoiceProfile.1.X_HW_Ring.Mapping.6,true,2026-07-08T16:02:08.806Z,true,2026-07-08T16:02:08.806Z,"""",,,,,,"
"InternetGatewayDevice.Services.VoiceService.1.VoiceProfile.1.X_HW_Ring.Mapping.6.CadenceType,false,2026-07-08T16:02:08.806Z,true,2026-07-08T16:02:08.806Z,"""",,,,,,"
"InternetGatewayDevice.Services.VoiceService.1.VoiceProfile.1.X_HW_Ring.Mapping.6.InitialRing,false,2026-07-08T16:02:08.806Z,true,2026-07-08T16:02:08.806Z,"""",,,,,,"
"InternetGatewayDevice.Services.VoiceService.1.VoiceProfile.1.X_HW_Ring.Mapping.6.Pattern,false,2026-07-08T16:02:08.806Z,true,2026-07-08T16:02:08.806Z,"""",,,,,,"
"InternetGatewayDevice.Services.VoiceService.1.VoiceProfile.1.X_HW_Ring.Mapping.6.RingName,false,2026-07-08T16:02:08.806Z,true,2026-07-08T16:02:08.806Z,"""",,,,,,"
"InternetGatewayDevice.Services.VoiceService.1.VoiceProfile.1.X_HW_Ring.UserDefine,true,2026-07-08T16:02:08.806Z,true,2026-07-08T16:02:08.806Z,"""",,,,,,"
"InternetGatewayDevice.Services.VoiceService.1.VoiceProfile.1.X_HW_Ring.UserDefine.1,true,2026-07-08T16:02:08.806Z,true,2026-07-08T16:02:08.806Z,"""",,,,,,"
"InternetGatewayDevice.Services.VoiceService.1.VoiceProfile.1.X_HW_Ring.UserDefine.1.RingPara1,false,2026-07-08T16:02:08.806Z,true,2026-07-08T16:02:08.806Z,"""",,,,,,"
"InternetGatewayDevice.Services.VoiceService.1.VoiceProfile.1.X_HW_Ring.UserDefine.1.RingPara2,false,2026-07-08T16:02:08.806Z,true,2026-07-08T16:02:08.806Z,"""",,,,,,"
"InternetGatewayDevice.Services.VoiceService.1.VoiceProfile.1.X_HW_Ring.UserDefine.1.RingPara3,false,2026-07-08T16:02:08.806Z,true,2026-07-08T16:02:08.806Z,"""",,,,,,"
"InternetGatewayDevice.Services.VoiceService.1.VoiceProfile.1.X_HW_Ring.UserDefine.1.RingPara4,false,2026-07-08T16:02:08.806Z,true,2026-07-08T16:02:08.806Z,"""",,,,,,"
"InternetGatewayDevice.Services.VoiceService.1.VoiceProfile.1.X_HW_Ring.UserDefine.1.RingPara5,false,2026-07-08T16:02:08.806Z,true,2026-07-08T16:02:08.806Z,"""",,,,,,"
"InternetGatewayDevice.Services.VoiceService.1.VoiceProfile.1.X_HW_Ring.UserDefine.1.RingPara6,false,2026-07-08T16:02:08.806Z,true,2026-07-08T16:02:08.806Z,"""",,,,,,"
"InternetGatewayDevice.Services.VoiceService.1.VoiceProfile.1.X_HW_Ring.UserDefine.1.RingType,false,2026-07-08T16:02:08.806Z,true,2026-07-08T16:02:08.806Z,"""",,,,,,"
"InternetGatewayDevice.Services.VoiceService.1.VoiceProfile.1.X_HW_ServerType,false,2026-07-08T16:02:08.806Z,true,2026-07-08T16:02:08.806Z,"""",,,,,,"
"InternetGatewayDevice.Services.VoiceService.1.VoiceProfile.1.X_HW_Signal,true,2026-07-08T16:02:08.806Z,true,2026-07-08T16:02:08.806Z,"""",,,,,,"
"InternetGatewayDevice.Services.VoiceService.1.VoiceProfile.1.X_HW_Signal.List,true,2026-07-08T16:02:08.806Z,true,2026-07-08T16:02:08.806Z,"""",,,,,,"
"InternetGatewayDevice.Services.VoiceService.1.VoiceProfile.1.X_HW_Signal.Mapping,true,2026-07-08T16:02:08.806Z,true,2026-07-08T16:02:08.806Z,"""",,,,,,"
"InternetGatewayDevice.Services.VoiceService.1.VoiceProfile.1.X_HW_SignalingProtocolRunning,false,2026-07-08T16:02:08.806Z,false,2026-07-08T16:02:08.806Z,"""",,,,,,"
"InternetGatewayDevice.Services.VoiceService.1.VoiceProfileNumberOfEntries,false,2026-07-08T16:02:08.806Z,false,2026-07-08T16:02:08.806Z,"""",,,,,,"
"InternetGatewayDevice.Services.VoiceService.1.X_HW_DialSN,true,2026-07-08T16:02:08.806Z,true,2026-07-08T16:02:08.806Z,"""",,,,,,"
"InternetGatewayDevice.Services.VoiceService.1.X_HW_DialSN.DialSNMode,false,2026-07-08T16:02:08.806Z,true,2026-07-08T16:02:08.806Z,"""",,,,,,"
"InternetGatewayDevice.Services.VoiceService.1.X_HW_DialSN.FailSetToneId,false,2026-07-08T16:02:08.806Z,true,2026-07-08T16:02:08.806Z,"""",,,,,,"
"InternetGatewayDevice.Services.VoiceService.1.X_HW_DialSN.InputToneId,false,2026-07-08T16:02:08.806Z,true,2026-07-08T16:02:08.806Z,"""",,,,,,"
"InternetGatewayDevice.Services.VoiceService.1.X_HW_DialSN.IsDialSNSecurityDisabled,false,2026-07-08T16:02:08.806Z,true,2026-07-08T16:02:08.806Z,"""",,,,,,"
"InternetGatewayDevice.Services.VoiceService.1.X_HW_DialSN.IsHaveAuthed,false,2026-07-08T16:02:08.806Z,false,2026-07-08T16:02:08.806Z,"""",,,,,,"
"InternetGatewayDevice.Services.VoiceService.1.X_HW_DialSN.PONAuthInfoQueryCode,false,2026-07-08T16:02:08.806Z,true,2026-07-08T16:02:08.806Z,"""",,,,,,"
"InternetGatewayDevice.Services.VoiceService.1.X_HW_DialSN.PONAuthInfoToneId,false,2026-07-08T16:02:08.806Z,true,2026-07-08T16:02:08.806Z,"""",,,,,,"
"InternetGatewayDevice.Services.VoiceService.1.X_HW_DialSN.Prefix,false,2026-07-08T16:02:08.806Z,true,2026-07-08T16:02:08.806Z,"""",,,,,,"
"InternetGatewayDevice.Services.VoiceService.1.X_HW_DialSN.SucessSetToneId,false,2026-07-08T16:02:08.806Z,true,2026-07-08T16:02:08.806Z,"""",,,,,,"
"InternetGatewayDevice.Services.VoiceService.1.X_HW_DialSN.TimerCompleteInput,false,2026-07-08T16:02:08.806Z,true,2026-07-08T16:02:08.806Z,"""",,,,,,"
"InternetGatewayDevice.Services.VoiceService.1.X_HW_DialSN.TimerWaitInput,false,2026-07-08T16:02:08.806Z,true,2026-07-08T16:02:08.806Z,"""",,,,,,"
"InternetGatewayDevice.Services.VoiceService.1.X_HW_DspTemplate,true,2026-07-08T16:02:08.806Z,true,2026-07-08T16:02:08.806Z,"""",,,,,,"
"InternetGatewayDevice.Services.VoiceService.1.X_HW_DspTemplate.ServiceNumMapping,true,2026-07-08T16:02:08.806Z,true,2026-07-08T16:02:08.806Z,"""",,,,,,"
"InternetGatewayDevice.Services.VoiceService.1.X_HW_DspTemplate.Templates,true,2026-07-08T16:02:08.806Z,true,2026-07-08T16:02:08.806Z,"""",,,,,,"
"InternetGatewayDevice.Services.VoiceService.1.X_HW_InnerCall,true,2026-07-08T16:02:08.806Z,true,2026-07-08T16:02:08.806Z,"""",,,,,,"
"InternetGatewayDevice.Services.VoiceService.1.X_HW_InnerCall.Enable,false,2026-07-08T16:02:08.806Z,true,2026-07-08T16:02:08.806Z,"""",,,,,,"
"InternetGatewayDevice.Services.VoiceService.1.X_HW_InnerCall.Prefix,false,2026-07-08T16:02:08.806Z,true,2026-07-08T16:02:08.806Z,"""",,,,,,"
"InternetGatewayDevice.Services.VoiceService.1.X_HW_InnerParameters,true,2026-07-08T16:02:08.806Z,true,2026-07-08T16:02:08.806Z,"""",,,,,,"
"InternetGatewayDevice.Services.VoiceService.1.X_HW_InnerParameters.AdoptOMCIDTMFMethod,false,2026-07-08T16:02:08.806Z,true,2026-07-08T16:02:08.806Z,"""",,,,,,"
"InternetGatewayDevice.Services.VoiceService.1.X_HW_InnerParameters.AutoResetInterfaceTimer,false,2026-07-08T16:02:08.806Z,true,2026-07-08T16:02:08.806Z,"""",,,,,,"
"InternetGatewayDevice.Services.VoiceService.1.X_HW_InnerParameters.CodecPreferredMode,false,2026-07-08T16:02:08.806Z,true,2026-07-08T16:02:08.806Z,"""",,,,,,"
"InternetGatewayDevice.Services.VoiceService.1.X_HW_InnerParameters.ConfigurationInterruptCallEnable,false,2026-07-08T16:02:08.806Z,true,2026-07-08T16:02:08.806Z,"""",,,,,,"
"InternetGatewayDevice.Services.VoiceService.1.X_HW_InnerParameters.ConfigureIsolation,false,2026-07-08T16:02:08.806Z,true,2026-07-08T16:02:08.806Z,"""",,,,,,"
"InternetGatewayDevice.Services.VoiceService.1.X_HW_InnerParameters.ConnectAlarmEnable,false,2026-07-08T16:02:08.806Z,true,2026-07-08T16:02:08.806Z,"""",,,,,,"
"InternetGatewayDevice.Services.VoiceService.1.X_HW_InnerParameters.ConnectCheckTimer,false,2026-07-08T16:02:08.806Z,true,2026-07-08T16:02:08.806Z,"""",,,,,,"
"InternetGatewayDevice.Services.VoiceService.1.X_HW_InnerParameters.DefaultRouteEnable,false,2026-07-08T16:02:08.806Z,true,2026-07-08T16:02:08.806Z,"""",,,,,,"
"InternetGatewayDevice.Services.VoiceService.1.X_HW_InnerParameters.DelayResetTimerOnExistCall,false,2026-07-08T16:02:08.806Z,true,2026-07-08T16:02:08.806Z,"""",,,,,,"
"InternetGatewayDevice.Services.VoiceService.1.X_HW_InnerParameters.ESDWANDownProtect,false,2026-07-08T16:02:08.806Z,true,2026-07-08T16:02:08.806Z,"""",,,,,,"
"InternetGatewayDevice.Services.VoiceService.1.X_HW_InnerParameters.FlushDNSCacheWhenWANUp,false,2026-07-08T16:02:08.806Z,true,2026-07-08T16:02:08.806Z,"""",,,,,,"
"InternetGatewayDevice.Services.VoiceService.1.X_HW_InnerParameters.FskBindReceiveGainEnable,false,2026-07-08T16:02:08.806Z,true,2026-07-08T16:02:08.806Z,"""",,,,,,"
"InternetGatewayDevice.Services.VoiceService.1.X_HW_InnerParameters.G722RTPClockRate,false,2026-07-08T16:02:08.806Z,true,2026-07-08T16:02:08.806Z,"""",,,,,,"
"InternetGatewayDevice.Services.VoiceService.1.X_HW_InnerParameters.GracefulTimerOnCallClear,false,2026-07-08T16:02:08.806Z,true,2026-07-08T16:02:08.806Z,"""",,,,,,"
"InternetGatewayDevice.Services.VoiceService.1.X_HW_InnerParameters.NoneOMCISIPAlarmEnable,false,2026-07-08T16:02:08.806Z,true,2026-07-08T16:02:08.806Z,"""",,,,,,"
"InternetGatewayDevice.Services.VoiceService.1.X_HW_InnerParameters.OAMConfigEnable,false,2026-07-08T16:02:08.806Z,true,2026-07-08T16:02:08.806Z,"""",,,,,,"
"InternetGatewayDevice.Services.VoiceService.1.X_HW_InnerParameters.PingTestEnable,false,2026-07-08T16:02:08.806Z,true,2026-07-08T16:02:08.806Z,"""",,,,,,"
"InternetGatewayDevice.Services.VoiceService.1.X_HW_InnerParameters.ProtocolSwitchTimer,false,2026-07-08T16:02:08.806Z,true,2026-07-08T16:02:08.806Z,"""",,,,,,"
"InternetGatewayDevice.Services.VoiceService.1.X_HW_InnerParameters.RFC2833MarkPktRetransEnable,false,2026-07-08T16:02:08.806Z,true,2026-07-08T16:02:08.806Z,"""",,,,,,"
"InternetGatewayDevice.Services.VoiceService.1.X_HW_InnerParameters.RegisterExpiresPriorityMode,false,2026-07-08T16:02:08.806Z,true,2026-07-08T16:02:08.806Z,"""",,,,,,"
"InternetGatewayDevice.Services.VoiceService.1.X_HW_InnerParameters.RegisterTimeOutArpPingEnable,false,2026-07-08T16:02:08.806Z,true,2026-07-08T16:02:08.806Z,"""",,,,,,"
"InternetGatewayDevice.Services.VoiceService.1.X_HW_InnerParameters.SIPLoopBackMirrorEnable,false,2026-07-08T16:02:08.806Z,true,2026-07-08T16:02:08.806Z,"""",,,,,,"
"InternetGatewayDevice.Services.VoiceService.1.X_HW_InnerParameters.SendGainRelativeEnable,false,2026-07-08T16:02:08.806Z,true,2026-07-08T16:02:08.806Z,"""",,,,,,"
"InternetGatewayDevice.Services.VoiceService.1.X_HW_InnerParameters.SilenceSuppressionMode,false,2026-07-08T16:02:08.806Z,true,2026-07-08T16:02:08.806Z,"""",,,,,,"
"InternetGatewayDevice.Services.VoiceService.1.X_HW_InnerParameters.TelNoAsDisplayNameEnable,false,2026-07-08T16:02:08.806Z,true,2026-07-08T16:02:08.806Z,"""",,,,,,"
"InternetGatewayDevice.Services.VoiceService.1.X_HW_InnerParameters.ToneBindReceiveGainEnable,false,2026-07-08T16:02:08.806Z,true,2026-07-08T16:02:08.806Z,"""",,,,,,"
"InternetGatewayDevice.Services.VoiceService.1.X_HW_InnerParameters.UserAgentDomainPriorityMode,false,2026-07-08T16:02:08.806Z,true,2026-07-08T16:02:08.806Z,"""",,,,,,"
"InternetGatewayDevice.Services.VoiceService.1.X_HW_InnerParameters.UserRepeatCheck,false,2026-07-08T16:02:08.806Z,true,2026-07-08T16:02:08.806Z,"""",,,,,,"
"InternetGatewayDevice.Services.VoiceService.1.X_HW_InnerParameters.VBDDualDetectReportMode,false,2026-07-08T16:02:08.806Z,true,2026-07-08T16:02:08.806Z,"""",,,,,,"
"InternetGatewayDevice.Services.VoiceService.1.X_HW_InnerParameters.VoIPCallLogMode,false,2026-07-08T16:02:08.806Z,true,2026-07-08T16:02:08.806Z,"""",,,,,,"
"InternetGatewayDevice.Services.VoiceService.1.X_HW_InnerParameters.VoiceNoProvisionTone,false,2026-07-08T16:02:08.806Z,true,2026-07-08T16:02:08.806Z,"""",,,,,,"
"InternetGatewayDevice.Services.VoiceService.1.X_HW_LineTestThreshold,true,2026-07-08T16:02:08.806Z,true,2026-07-08T16:02:08.806Z,"""",,,,,,"
"InternetGatewayDevice.Services.VoiceService.1.X_HW_LineTestThreshold.Threshold0,false,2026-07-08T16:02:08.806Z,true,2026-07-08T16:02:08.806Z,"""",,,,,,"
"InternetGatewayDevice.Services.VoiceService.1.X_HW_LineTestThreshold.Threshold1,false,2026-07-08T16:02:08.806Z,true,2026-07-08T16:02:08.806Z,"""",,,,,,"
"InternetGatewayDevice.Services.VoiceService.1.X_HW_LineTestThreshold.Threshold10,false,2026-07-08T16:02:08.806Z,true,2026-07-08T16:02:08.806Z,"""",,,,,,"
"InternetGatewayDevice.Services.VoiceService.1.X_HW_LineTestThreshold.Threshold11,false,2026-07-08T16:02:08.806Z,true,2026-07-08T16:02:08.806Z,"""",,,,,,"
"InternetGatewayDevice.Services.VoiceService.1.X_HW_LineTestThreshold.Threshold12,false,2026-07-08T16:02:08.806Z,true,2026-07-08T16:02:08.806Z,"""",,,,,,"
"InternetGatewayDevice.Services.VoiceService.1.X_HW_LineTestThreshold.Threshold13,false,2026-07-08T16:02:08.806Z,true,2026-07-08T16:02:08.806Z,"""",,,,,,"
"InternetGatewayDevice.Services.VoiceService.1.X_HW_LineTestThreshold.Threshold2,false,2026-07-08T16:02:08.806Z,true,2026-07-08T16:02:08.806Z,"""",,,,,,"
"InternetGatewayDevice.Services.VoiceService.1.X_HW_LineTestThreshold.Threshold3,false,2026-07-08T16:02:08.806Z,true,2026-07-08T16:02:08.806Z,"""",,,,,,"
"InternetGatewayDevice.Services.VoiceService.1.X_HW_LineTestThreshold.Threshold4,false,2026-07-08T16:02:08.806Z,true,2026-07-08T16:02:08.806Z,"""",,,,,,"
"InternetGatewayDevice.Services.VoiceService.1.X_HW_LineTestThreshold.Threshold5,false,2026-07-08T16:02:08.806Z,true,2026-07-08T16:02:08.806Z,"""",,,,,,"
"InternetGatewayDevice.Services.VoiceService.1.X_HW_LineTestThreshold.Threshold6,false,2026-07-08T16:02:08.806Z,true,2026-07-08T16:02:08.806Z,"""",,,,,,"
"InternetGatewayDevice.Services.VoiceService.1.X_HW_LineTestThreshold.Threshold7,false,2026-07-08T16:02:08.806Z,true,2026-07-08T16:02:08.806Z,"""",,,,,,"
"InternetGatewayDevice.Services.VoiceService.1.X_HW_LineTestThreshold.Threshold8,false,2026-07-08T16:02:08.806Z,true,2026-07-08T16:02:08.806Z,"""",,,,,,"
"InternetGatewayDevice.Services.VoiceService.1.X_HW_LineTestThreshold.Threshold9,false,2026-07-08T16:02:08.806Z,true,2026-07-08T16:02:08.806Z,"""",,,,,,"
"InternetGatewayDevice.Services.VoiceService.1.X_HW_RemoteCapServer,true,2026-07-08T16:02:08.806Z,true,2026-07-08T16:02:08.806Z,"""",,,,,,"
"InternetGatewayDevice.Services.VoiceService.1.X_HW_RemoteCapServer.LocalTransport,false,2026-07-08T16:02:08.806Z,true,2026-07-08T16:02:08.806Z,"""",,,,,,"
"InternetGatewayDevice.Services.VoiceService.1.X_HW_RemoteCapServer.PortName,false,2026-07-08T16:02:08.806Z,true,2026-07-08T16:02:08.806Z,"""",,,,,,"
"InternetGatewayDevice.Services.VoiceService.1.X_HW_RemoteCapServer.RemoteIP,false,2026-07-08T16:02:08.806Z,true,2026-07-08T16:02:08.806Z,"""",,,,,,"
"InternetGatewayDevice.Services.VoiceService.1.X_HW_RemoteCapServer.RemoteTransport,false,2026-07-08T16:02:08.806Z,true,2026-07-08T16:02:08.806Z,"""",,,,,,"
"InternetGatewayDevice.Services.VoiceService.1.X_HW_RemoteCapServer.ReplaceSourceIP,false,2026-07-08T16:02:08.806Z,true,2026-07-08T16:02:08.806Z,"""",,,,,,"
"InternetGatewayDevice.Services.VoiceService.1.X_HW_Reset,false,2026-07-08T16:02:08.806Z,true,2026-07-08T16:02:08.806Z,"""",,,,,,"
"InternetGatewayDevice.Services.VoiceService.1.X_HW_SimulateTestParameters,true,2026-07-08T16:02:08.806Z,true,2026-07-08T16:02:08.806Z,"""",,,,,,"
"InternetGatewayDevice.Services.VoiceService.1.X_HW_SimulateTestParameters.CalledNumberDialInterval,false,2026-07-08T16:02:08.806Z,true,2026-07-08T16:02:08.806Z,"""",,,,,,"
"InternetGatewayDevice.Services.VoiceService.1.X_HW_SimulateTestParameters.DTMFSendDelay,false,2026-07-08T16:02:08.806Z,true,2026-07-08T16:02:08.806Z,"""",,,,,,"
"InternetGatewayDevice.Services.VoiceService.1.X_HW_SimulateTestParameters.DTMFSendInterval,false,2026-07-08T16:02:08.806Z,true,2026-07-08T16:02:08.806Z,"""",,,,,,"
"InternetGatewayDevice.Services.VoiceService.1.X_HW_SimulateTestParameters.DTMFSendPeriod,false,2026-07-08T16:02:08.806Z,true,2026-07-08T16:02:08.806Z,"""",,,,,,"
"InternetGatewayDevice.Services.VoiceService.1.X_HW_SimulateTestParameters.DialDTMFConfirmFailToneId,false,2026-07-08T16:02:08.806Z,true,2026-07-08T16:02:08.806Z,"""",,,,,,"
"InternetGatewayDevice.Services.VoiceService.1.X_HW_SimulateTestParameters.DialDTMFConfirmInputToneId,false,2026-07-08T16:02:08.806Z,true,2026-07-08T16:02:08.806Z,"""",,,,,,"
"InternetGatewayDevice.Services.VoiceService.1.X_HW_SimulateTestParameters.DialDTMFConfirmSucessToneId,false,2026-07-08T16:02:08.806Z,true,2026-07-08T16:02:08.806Z,"""",,,,,,"
"InternetGatewayDevice.Services.VoiceServiceNumberOfEntries,false,2026-07-08T16:02:08.806Z,false,2026-07-08T16:02:08.806Z,"""",,,,,,"
"InternetGatewayDevice.Services.X_HW_AccessLimit,true,2026-07-08T16:02:08.806Z,true,2026-07-08T16:02:08.806Z,"""",,,,,,"
"InternetGatewayDevice.Services.X_HW_AccessLimit.HttpRedirectEnable,false,2026-07-08T16:02:08.806Z,true,2026-07-08T16:02:08.806Z,"""",,,,,,"
"InternetGatewayDevice.Services.X_HW_AccessLimit.Mode,false,2026-07-08T16:02:08.806Z,true,2026-07-08T16:02:08.806Z,"""",,,,,,"
"InternetGatewayDevice.Services.X_HW_AccessLimit.TerminalType,false,2026-07-08T16:02:08.806Z,true,2026-07-08T16:02:08.806Z,"""",,,,,,"
"InternetGatewayDevice.Services.X_HW_AccessLimit.TotalTerminalNumber,false,2026-07-08T16:02:08.806Z,true,2026-07-08T16:02:08.806Z,"""",,,,,,"
"InternetGatewayDevice.Services.X_HW_AccessLimit.TypeLimit,true,2026-07-08T16:02:08.806Z,true,2026-07-08T16:02:08.806Z,"""",,,,,,"
"InternetGatewayDevice.Services.X_HW_CLOUDVR,true,2026-07-08T16:02:08.806Z,true,2026-07-08T16:02:08.806Z,"""",,,,,,"
"InternetGatewayDevice.Services.X_HW_CLOUDVR.Enable,false,2026-07-08T16:02:08.806Z,true,2026-07-08T16:02:08.806Z,"""",,,,,,"
"InternetGatewayDevice.Services.X_HW_CLOUDVR.Password,false,2026-07-08T16:02:08.806Z,true,2026-07-08T16:02:08.806Z,"""",,,,,,"
"InternetGatewayDevice.Services.X_HW_CLOUDVR.UserID,false,2026-07-08T16:02:08.806Z,true,2026-07-08T16:02:08.806Z,"""",,,,,,"
"InternetGatewayDevice.Services.X_HW_FTPClientNumberOfEntries,false,2026-07-08T16:02:08.806Z,false,2026-07-08T16:02:08.806Z,"""",,,,,,"
"InternetGatewayDevice.Services.X_HW_FTPServerNumberOfEntries,false,2026-07-08T16:02:08.806Z,false,2026-07-08T16:02:08.806Z,"""",,,,,,"
"InternetGatewayDevice.Services.X_HW_IPTV,true,2026-07-08T16:02:08.806Z,false,2026-07-08T16:02:08.806Z,"""",,,,,,"
"InternetGatewayDevice.Services.X_HW_IPTV.ActiveProgramNum,false,2026-07-08T16:02:08.806Z,false,2026-07-08T16:02:08.806Z,"""",,,,,,"
"InternetGatewayDevice.Services.X_HW_IPTV.BridgeWanProxyEnable,false,2026-07-08T16:02:08.806Z,true,2026-07-08T16:02:08.806Z,"""",,,,,,"
"InternetGatewayDevice.Services.X_HW_IPTV.GenQueryInterval,false,2026-07-08T16:02:08.806Z,true,2026-07-08T16:02:08.806Z,"""",,,,,,"
"InternetGatewayDevice.Services.X_HW_IPTV.GenResponseTime,false,2026-07-08T16:02:08.806Z,true,2026-07-08T16:02:08.806Z,"""",,,,,,"
"InternetGatewayDevice.Services.X_HW_IPTV.IGMPEnable,false,2026-07-08T16:02:08.806Z,true,2026-07-08T16:02:08.806Z,"""",,,,,,"
"InternetGatewayDevice.Services.X_HW_IPTV.IGMPVersion,false,2026-07-08T16:02:08.806Z,true,2026-07-08T16:02:08.806Z,"""",,,,,,"
"InternetGatewayDevice.Services.X_HW_IPTV.PPPoEWanProxyMode,false,2026-07-08T16:02:08.806Z,true,2026-07-08T16:02:08.806Z,"""",,,,,,"
"InternetGatewayDevice.Services.X_HW_IPTV.PPPoEWanSnoopingMode,false,2026-07-08T16:02:08.806Z,true,2026-07-08T16:02:08.806Z,"""",,,,,,"
"InternetGatewayDevice.Services.X_HW_IPTV.ProxyEnable,false,2026-07-08T16:02:08.806Z,true,2026-07-08T16:02:08.806Z,"""",,,,,,"
"InternetGatewayDevice.Services.X_HW_IPTV.RemarkIPPrecedence,false,2026-07-08T16:02:08.806Z,true,2026-07-08T16:02:08.806Z,"""",,,,,,"
"InternetGatewayDevice.Services.X_HW_IPTV.RemarkPri,false,2026-07-08T16:02:08.806Z,true,2026-07-08T16:02:08.806Z,"""",,,,,,"
"InternetGatewayDevice.Services.X_HW_IPTV.Robustness,false,2026-07-08T16:02:08.806Z,true,2026-07-08T16:02:08.806Z,"""",,,,,,"
"InternetGatewayDevice.Services.X_HW_IPTV.STBMAC,false,2026-07-08T16:02:08.806Z,false,2026-07-08T16:02:08.806Z,"""",,,,,,"
"InternetGatewayDevice.Services.X_HW_IPTV.STBNumber,false,2026-07-08T16:02:08.806Z,false,2026-07-08T16:02:08.806Z,"""",,,,,,"
"InternetGatewayDevice.Services.X_HW_IPTV.SnoopingEnable,false,2026-07-08T16:02:08.806Z,true,2026-07-08T16:02:08.806Z,"""",,,,,,"
"InternetGatewayDevice.Services.X_HW_IPTV.SpQueryInterval,false,2026-07-08T16:02:08.806Z,true,2026-07-08T16:02:08.806Z,"""",,,,,,"
"InternetGatewayDevice.Services.X_HW_IPTV.SpQueryNumber,false,2026-07-08T16:02:08.806Z,true,2026-07-08T16:02:08.806Z,"""",,,,,,"
"InternetGatewayDevice.Services.X_HW_IPTV.SpResponseTime,false,2026-07-08T16:02:08.806Z,true,2026-07-08T16:02:08.806Z,"""",,,,,,"
"InternetGatewayDevice.Services.X_HW_IPTV.StartUpQueryCount,false,2026-07-08T16:02:08.806Z,true,2026-07-08T16:02:08.806Z,"""",,,,,,"
"InternetGatewayDevice.Services.X_HW_IPTV.StartUpQueryInterval,false,2026-07-08T16:02:08.806Z,true,2026-07-08T16:02:08.806Z,"""",,,,,,"
"InternetGatewayDevice.Services.X_HW_IPTV.UnsolicitedReportInterval,false,2026-07-08T16:02:08.806Z,true,2026-07-08T16:02:08.806Z,"""",,,,,,"
"InternetGatewayDevice.Services.X_HW_IPTV.X_HW_ForbidDefaultBrWanBtv,false,2026-07-08T16:02:08.806Z,true,2026-07-08T16:02:08.806Z,"""",,,,,,"
"InternetGatewayDevice.Services.X_HW_IPTV.X_HW_Upstream_WAN,false,2026-07-08T16:02:08.806Z,true,2026-07-08T16:02:08.806Z,"""",,,,,,"
"InternetGatewayDevice.Services.X_HW_IPTVDiagnostics,true,2026-07-08T16:02:08.806Z,true,2026-07-08T16:02:08.806Z,"""",,,,,,"
"InternetGatewayDevice.Services.X_HW_IPTVDiagnostics.DiagnosticsState,false,2026-07-08T16:02:08.806Z,true,2026-07-08T16:02:08.806Z,"""",,,,,,"
"InternetGatewayDevice.Services.X_HW_IPTVDiagnostics.GroupIpAddr,false,2026-07-08T16:02:08.806Z,true,2026-07-08T16:02:08.806Z,"""",,,,,,"
"InternetGatewayDevice.Services.X_HW_IPTVDiagnostics.IGMPVersion,false,2026-07-08T16:02:08.806Z,true,2026-07-08T16:02:08.806Z,"""",,,,,,"
"InternetGatewayDevice.Services.X_HW_IPTVDiagnostics.InterfaceName,false,2026-07-08T16:02:08.806Z,true,2026-07-08T16:02:08.806Z,"""",,,,,,"
"InternetGatewayDevice.Services.X_HW_IPTVDiagnostics.Port,false,2026-07-08T16:02:08.806Z,true,2026-07-08T16:02:08.806Z,"""",,,,,,"
"InternetGatewayDevice.Services.X_HW_IPTVDiagnostics.Priority,false,2026-07-08T16:02:08.806Z,true,2026-07-08T16:02:08.806Z,"""",,,,,,"
"InternetGatewayDevice.Services.X_HW_IPTVDiagnostics.Result,false,2026-07-08T16:02:08.806Z,false,2026-07-08T16:02:08.806Z,"""",,,,,,"
"InternetGatewayDevice.Services.X_HW_IPTVDiagnostics.ResultRate,false,2026-07-08T16:02:08.806Z,false,2026-07-08T16:02:08.806Z,"""",,,,,,"
"InternetGatewayDevice.Services.X_HW_IPTVDiagnostics.SourceIpaddr,false,2026-07-08T16:02:08.806Z,true,2026-07-08T16:02:08.806Z,"""",,,,,,"
"InternetGatewayDevice.Services.X_HW_IPTVDiagnostics.UserIpAddr,false,2026-07-08T16:02:08.806Z,true,2026-07-08T16:02:08.806Z,"""",,,,,,"
"InternetGatewayDevice.Services.X_HW_IPTVDiagnostics.UserMac,false,2026-07-08T16:02:08.806Z,true,2026-07-08T16:02:08.806Z,"""",,,,,,"
"InternetGatewayDevice.Services.X_HW_IPTVDiagnostics.VLAN,false,2026-07-08T16:02:08.806Z,true,2026-07-08T16:02:08.806Z,"""",,,,,,"
"InternetGatewayDevice.Services.X_HW_PortalManagement,true,2026-07-08T16:02:08.806Z,true,2026-07-08T16:02:08.806Z,"""",,,,,,"
"InternetGatewayDevice.Services.X_HW_PortalManagement.DefaultUrl,false,2026-07-08T16:02:08.806Z,true,2026-07-08T16:02:08.806Z,"""",,,,,,"
"InternetGatewayDevice.Services.X_HW_PortalManagement.Enable,false,2026-07-08T16:02:08.806Z,true,2026-07-08T16:02:08.806Z,"""",,,,,,"
"InternetGatewayDevice.Services.X_HW_PortalManagement.TypePortal,true,2026-07-08T16:02:08.806Z,true,2026-07-08T16:02:08.806Z,"""",,,,,,"
"InternetGatewayDevice.Services.X_HW_UserNumberOfEntries,false,2026-07-08T16:02:08.806Z,false,2026-07-08T16:02:08.806Z,"""",,,,,,"
"InternetGatewayDevice.Services.X_HW_VideoDevice,true,2026-07-08T16:02:08.806Z,true,2026-07-08T16:02:08.806Z,"""",,,,,,"
"InternetGatewayDevice.Services.X_HW_VideoDevice.DSCP,false,2026-07-08T16:02:08.806Z,true,2026-07-08T16:02:08.806Z,"""",,,,,,"
"InternetGatewayDevice.Services.X_HW_VideoDevice.Enable,false,2026-07-08T16:02:08.806Z,true,2026-07-08T16:02:08.806Z,"""",,,,,,"
"InternetGatewayDevice.Services.X_HW_VideoDevice.VideoDeviceList,true,2026-07-08T16:02:08.806Z,false,2026-07-08T16:02:08.806Z,"""",,,,,,"
"InternetGatewayDevice.Time,true,2026-07-08T16:02:08.806Z,true,2026-07-08T16:02:08.806Z,"""",,,,,,"
"InternetGatewayDevice.Time.CurrentLocalTime,false,2026-07-08T16:02:08.806Z,false,2026-07-08T16:02:08.806Z,"""",,,,,,"
"InternetGatewayDevice.Time.DaylightSavingsEnd,false,2026-07-08T16:02:08.806Z,true,2026-07-08T16:02:08.806Z,"""",,,,,,"
"InternetGatewayDevice.Time.DaylightSavingsStart,false,2026-07-08T16:02:08.806Z,true,2026-07-08T16:02:08.806Z,"""",,,,,,"
"InternetGatewayDevice.Time.DaylightSavingsUsed,false,2026-07-08T16:02:08.806Z,true,2026-07-08T16:02:08.806Z,"""",,,,,,"
"InternetGatewayDevice.Time.Enable,false,2026-07-08T16:02:08.806Z,true,2026-07-08T16:02:08.806Z,"""",,,,,,"
"InternetGatewayDevice.Time.LocalTimeZone,false,2026-07-08T16:02:08.806Z,true,2026-07-08T16:02:08.806Z,"""",,,,,,"
"InternetGatewayDevice.Time.LocalTimeZoneName,false,2026-07-08T16:02:08.806Z,true,2026-07-08T16:02:08.806Z,"""",,,,,,"
"InternetGatewayDevice.Time.NTPServer1,false,2026-07-08T16:02:08.806Z,true,2026-07-08T16:02:08.806Z,"""",,,,,,"
"InternetGatewayDevice.Time.NTPServer2,false,2026-07-08T16:02:08.806Z,true,2026-07-08T16:02:08.806Z,"""",,,,,,"
"InternetGatewayDevice.Time.NTPServer3,false,2026-07-08T16:02:08.806Z,true,2026-07-08T16:02:08.806Z,"""",,,,,,"
"InternetGatewayDevice.Time.NTPServer4,false,2026-07-08T16:02:08.806Z,true,2026-07-08T16:02:08.806Z,"""",,,,,,"
"InternetGatewayDevice.Time.NTPServer5,false,2026-07-08T16:02:08.806Z,true,2026-07-08T16:02:08.806Z,"""",,,,,,"
"InternetGatewayDevice.Time.Status,false,2026-07-08T16:02:08.806Z,false,2026-07-08T16:02:08.806Z,"""",,,,,,"
"InternetGatewayDevice.Time.X_HW_SynInterval,false,2026-07-08T16:02:08.806Z,true,2026-07-08T16:02:08.806Z,"""",,,,,,"
"InternetGatewayDevice.Time.X_HW_WanName,false,2026-07-08T16:02:08.806Z,true,2026-07-08T16:02:08.806Z,"""",,,,,,"
"InternetGatewayDevice.TraceRouteDiagnostics,true,2026-07-08T16:02:08.806Z,true,2026-07-08T16:02:08.806Z,"""",,,,,,"
"InternetGatewayDevice.TraceRouteDiagnostics.DSCP,false,2026-07-08T16:02:08.806Z,true,2026-07-08T16:02:08.806Z,"""",,,,,,"
"InternetGatewayDevice.TraceRouteDiagnostics.DataBlockSize,false,2026-07-08T16:02:08.806Z,true,2026-07-08T16:02:08.806Z,"""",,,,,,"
"InternetGatewayDevice.TraceRouteDiagnostics.DiagnosticsState,false,2026-07-08T16:02:08.806Z,true,2026-07-08T16:02:08.806Z,"""",,,,,,"
"InternetGatewayDevice.TraceRouteDiagnostics.Host,false,2026-07-08T16:02:08.806Z,true,2026-07-08T16:02:08.806Z,"""",,,,,,"
"InternetGatewayDevice.TraceRouteDiagnostics.Interface,false,2026-07-08T16:02:08.806Z,true,2026-07-08T16:02:08.806Z,"""",,,,,,"
"InternetGatewayDevice.TraceRouteDiagnostics.MaxHopCount,false,2026-07-08T16:02:08.806Z,true,2026-07-08T16:02:08.806Z,"""",,,,,,"
"InternetGatewayDevice.TraceRouteDiagnostics.NumberOfTries,false,2026-07-08T16:02:08.806Z,true,2026-07-08T16:02:08.806Z,"""",,,,,,"
"InternetGatewayDevice.TraceRouteDiagnostics.ResponseTime,false,2026-07-08T16:02:08.806Z,false,2026-07-08T16:02:08.806Z,"""",,,,,,"
"InternetGatewayDevice.TraceRouteDiagnostics.RouteHops,true,2026-07-08T16:02:08.806Z,true,2026-07-08T16:02:08.806Z,"""",,,,,,"
"InternetGatewayDevice.TraceRouteDiagnostics.RouteHopsNumberOfEntries,false,2026-07-08T16:02:08.806Z,false,2026-07-08T16:02:08.806Z,"""",,,,,,"
"InternetGatewayDevice.TraceRouteDiagnostics.Timeout,false,2026-07-08T16:02:08.806Z,true,2026-07-08T16:02:08.806Z,"""",,,,,,"
"InternetGatewayDevice.UDPEchoConfig,true,2026-07-08T16:02:08.806Z,true,2026-07-08T16:02:08.806Z,"""",,,,,,"
"InternetGatewayDevice.UDPEchoConfig.BytesReceived,false,2026-07-08T16:02:08.806Z,false,2026-07-08T16:02:08.806Z,"""",,,,,,"
"InternetGatewayDevice.UDPEchoConfig.BytesResponded,false,2026-07-08T16:02:08.806Z,false,2026-07-08T16:02:08.806Z,"""",,,,,,"
"InternetGatewayDevice.UDPEchoConfig.EchoPlusEnabled,false,2026-07-08T16:02:08.806Z,true,2026-07-08T16:02:08.806Z,"""",,,,,,"
"InternetGatewayDevice.UDPEchoConfig.EchoPlusSupported,false,2026-07-08T16:02:08.806Z,false,2026-07-08T16:02:08.806Z,"""",,,,,,"
"InternetGatewayDevice.UDPEchoConfig.Enable,false,2026-07-08T16:02:08.806Z,true,2026-07-08T16:02:08.806Z,"""",,,,,,"
"InternetGatewayDevice.UDPEchoConfig.Interface,false,2026-07-08T16:02:08.806Z,true,2026-07-08T16:02:08.806Z,"""",,,,,,"
"InternetGatewayDevice.UDPEchoConfig.PacketsReceived,false,2026-07-08T16:02:08.806Z,false,2026-07-08T16:02:08.806Z,"""",,,,,,"
"InternetGatewayDevice.UDPEchoConfig.PacketsResponded,false,2026-07-08T16:02:08.806Z,false,2026-07-08T16:02:08.806Z,"""",,,,,,"
"InternetGatewayDevice.UDPEchoConfig.SourceIPAddress,false,2026-07-08T16:02:08.806Z,true,2026-07-08T16:02:08.806Z,"""",,,,,,"
"InternetGatewayDevice.UDPEchoConfig.TimeFirstPacketReceived,false,2026-07-08T16:02:08.806Z,false,2026-07-08T16:02:08.806Z,"""",,,,,,"
"InternetGatewayDevice.UDPEchoConfig.TimeLastPacketReceived,false,2026-07-08T16:02:08.806Z,false,2026-07-08T16:02:08.806Z,"""",,,,,,"
"InternetGatewayDevice.UDPEchoConfig.UDPPort,false,2026-07-08T16:02:08.806Z,true,2026-07-08T16:02:08.806Z,"""",,,,,,"
"InternetGatewayDevice.UploadDiagnostics,true,2026-07-08T16:02:08.806Z,true,2026-07-08T16:02:08.806Z,"""",,,,,,"
"InternetGatewayDevice.UploadDiagnostics.BOMTime,false,2026-07-08T16:02:08.806Z,false,2026-07-08T16:02:08.806Z,"""",,,,,,"
"InternetGatewayDevice.UploadDiagnostics.DSCP,false,2026-07-08T16:02:08.806Z,true,2026-07-08T16:02:08.806Z,"""",,,,,,"
"InternetGatewayDevice.UploadDiagnostics.DiagnosticsState,false,2026-07-08T16:02:08.806Z,true,2026-07-08T16:02:08.806Z,"""",,,,,,"
"InternetGatewayDevice.UploadDiagnostics.EOMTime,false,2026-07-08T16:02:08.806Z,false,2026-07-08T16:02:08.806Z,"""",,,,,,"
"InternetGatewayDevice.UploadDiagnostics.EthernetPriority,false,2026-07-08T16:02:08.806Z,true,2026-07-08T16:02:08.806Z,"""",,,,,,"
"InternetGatewayDevice.UploadDiagnostics.IPAddressUsed,false,2026-07-08T16:02:08.806Z,false,2026-07-08T16:02:08.806Z,"""",,,,,,"
"InternetGatewayDevice.UploadDiagnostics.IncrementalResult,true,2026-07-08T16:02:08.806Z,false,2026-07-08T16:02:08.806Z,"""",,,,,,"
"InternetGatewayDevice.UploadDiagnostics.IncrementalResultNumberOfEntries,false,2026-07-08T16:02:08.806Z,false,2026-07-08T16:02:08.806Z,"""",,,,,,"
"InternetGatewayDevice.UploadDiagnostics.Interface,false,2026-07-08T16:02:08.806Z,true,2026-07-08T16:02:08.806Z,"""",,,,,,"
"InternetGatewayDevice.UploadDiagnostics.NumberOfConnections,false,2026-07-08T16:02:08.806Z,true,2026-07-08T16:02:08.806Z,"""",,,,,,"
"InternetGatewayDevice.UploadDiagnostics.PerConnectionResultNumberOfEntries,false,2026-07-08T16:02:08.806Z,false,2026-07-08T16:02:08.806Z,"""",,,,,,"
"InternetGatewayDevice.UploadDiagnostics.PeriodOfFullLoading,false,2026-07-08T16:02:08.806Z,false,2026-07-08T16:02:08.806Z,"""",,,,,,"
"InternetGatewayDevice.UploadDiagnostics.ProtocolVersion,false,2026-07-08T16:02:08.806Z,true,2026-07-08T16:02:08.806Z,"""",,,,,,"
"InternetGatewayDevice.UploadDiagnostics.ROMTime,false,2026-07-08T16:02:08.806Z,false,2026-07-08T16:02:08.806Z,"""",,,,,,"
"InternetGatewayDevice.UploadDiagnostics.TCPOpenRequestTime,false,2026-07-08T16:02:08.806Z,false,2026-07-08T16:02:08.806Z,"""",,,,,,"
"InternetGatewayDevice.UploadDiagnostics.TCPOpenResponseTime,false,2026-07-08T16:02:08.806Z,false,2026-07-08T16:02:08.806Z,"""",,,,,,"
"InternetGatewayDevice.UploadDiagnostics.TestBytesSentUnderFullLoading,false,2026-07-08T16:02:08.806Z,false,2026-07-08T16:02:08.806Z,"""",,,,,,"
"InternetGatewayDevice.UploadDiagnostics.TestFileLength,false,2026-07-08T16:02:08.806Z,true,2026-07-08T16:02:08.806Z,"""",,,,,,"
"InternetGatewayDevice.UploadDiagnostics.TimeBasedTestDuration,false,2026-07-08T16:02:08.806Z,true,2026-07-08T16:02:08.806Z,"""",,,,,,"
"InternetGatewayDevice.UploadDiagnostics.TimeBasedTestMeasurementInterval,false,2026-07-08T16:02:08.806Z,true,2026-07-08T16:02:08.806Z,"""",,,,,,"
"InternetGatewayDevice.UploadDiagnostics.TimeBasedTestMeasurementOffset,false,2026-07-08T16:02:08.806Z,true,2026-07-08T16:02:08.806Z,"""",,,,,,"
"InternetGatewayDevice.UploadDiagnostics.TotalBytesReceived,false,2026-07-08T16:02:08.806Z,false,2026-07-08T16:02:08.806Z,"""",,,,,,"
"InternetGatewayDevice.UploadDiagnostics.TotalBytesReceivedUnderFullLoading,false,2026-07-08T16:02:08.806Z,false,2026-07-08T16:02:08.806Z,"""",,,,,,"
"InternetGatewayDevice.UploadDiagnostics.TotalBytesSent,false,2026-07-08T16:02:08.806Z,false,2026-07-08T16:02:08.806Z,"""",,,,,,"
"InternetGatewayDevice.UploadDiagnostics.TotalBytesSentUnderFullLoading,false,2026-07-08T16:02:08.806Z,false,2026-07-08T16:02:08.806Z,"""",,,,,,"
"InternetGatewayDevice.UploadDiagnostics.UploadDiagnosticMaxConnections,false,2026-07-08T16:02:08.806Z,false,2026-07-08T16:02:08.806Z,"""",,,,,,"
"InternetGatewayDevice.UploadDiagnostics.UploadDiagnosticsMaxIncrementalResult,false,2026-07-08T16:02:08.806Z,false,2026-07-08T16:02:08.806Z,"""",,,,,,"
"InternetGatewayDevice.UploadDiagnostics.UploadTransports,false,2026-07-08T16:02:08.806Z,false,2026-07-08T16:02:08.806Z,"""",,,,,,"
"InternetGatewayDevice.UploadDiagnostics.UploadURL,false,2026-07-08T16:02:08.806Z,true,2026-07-08T16:02:08.806Z,"""",,,,,,"
"InternetGatewayDevice.UserInterface,true,2026-07-08T16:02:08.806Z,true,2026-07-08T16:02:08.806Z,"""",,,,,,"
"InternetGatewayDevice.UserInterface.X_HW_CLISSHControl,true,2026-07-08T16:02:08.806Z,true,2026-07-08T16:02:08.806Z,"""",,,,,,"
"InternetGatewayDevice.UserInterface.X_HW_CLISSHControl.Enable,false,2026-07-08T16:02:08.806Z,true,2026-07-08T16:02:08.806Z,"""",,,,,,"
"InternetGatewayDevice.UserInterface.X_HW_CLITelnetAccess,true,2026-07-08T16:02:08.806Z,true,2026-07-08T16:02:08.806Z,"""",,,,,,"
"InternetGatewayDevice.UserInterface.X_HW_CLITelnetAccess.Access,false,2026-07-08T16:02:08.806Z,true,2026-07-08T16:02:08.806Z,"""",,,,,,"
"InternetGatewayDevice.UserInterface.X_HW_CLITelnetAccess.TelnetPort,false,2026-07-08T16:02:08.806Z,true,2026-07-08T16:02:08.806Z,"""",,,,,,"
"InternetGatewayDevice.UserInterface.X_HW_CLITelnetAccess.X_HW_WanSecurityEnable,false,2026-07-08T16:02:08.806Z,true,2026-07-08T16:02:08.806Z,"""",,,,,,"
"InternetGatewayDevice.UserInterface.X_HW_CLIUserInfo,true,2026-07-08T16:02:08.806Z,true,2026-07-08T16:02:08.806Z,"""",,,,,,"
"InternetGatewayDevice.UserInterface.X_HW_CLIUserInfo.1,true,2026-07-08T16:02:08.806Z,true,2026-07-08T16:02:08.806Z,"""",,,,,,"
"InternetGatewayDevice.UserInterface.X_HW_CLIUserInfo.1.Username,false,2026-07-08T16:02:08.806Z,true,2026-07-08T16:02:08.806Z,"""",,,,,,"
"InternetGatewayDevice.UserInterface.X_HW_CLIUserInfo.1.Userpassword,false,2026-07-08T16:02:08.806Z,true,2026-07-08T16:02:08.806Z,"""",,,,,,"
"InternetGatewayDevice.UserInterface.X_HW_RemoteWebPwdRuler,false,2026-07-08T16:02:08.806Z,true,2026-07-08T16:02:08.806Z,"""",,,,,,"
"InternetGatewayDevice.UserInterface.X_HW_WebUserInfo,true,2026-07-08T16:02:08.806Z,true,2026-07-08T16:02:08.806Z,"""",,,,,,"
"InternetGatewayDevice.UserInterface.X_HW_WebUserInfo.1,true,2026-07-08T16:02:08.806Z,true,2026-07-08T16:02:08.806Z,"""",,,,,,"
"InternetGatewayDevice.UserInterface.X_HW_WebUserInfo.1.AdminWebIp,false,2026-07-08T16:02:08.806Z,true,2026-07-08T16:02:08.806Z,"""",,,,,,"
"InternetGatewayDevice.UserInterface.X_HW_WebUserInfo.1.Enable,false,2026-07-08T16:02:08.806Z,true,2026-07-08T16:02:08.806Z,"""",,,,,,"
"InternetGatewayDevice.UserInterface.X_HW_WebUserInfo.1.HintPassword,false,2026-07-08T16:02:08.806Z,true,2026-07-08T16:02:08.806Z,"""",,,,,,"
"InternetGatewayDevice.UserInterface.X_HW_WebUserInfo.1.Password,false,2026-07-08T16:02:08.806Z,true,2026-07-08T16:02:08.806Z,"""",,,,,,"
"InternetGatewayDevice.UserInterface.X_HW_WebUserInfo.1.UserName,false,2026-07-08T16:02:08.806Z,true,2026-07-08T16:02:08.806Z,"""",,,,,,"
"InternetGatewayDevice.UserInterface.X_HW_WebUserInfo.1.WebIp,false,2026-07-08T16:02:08.806Z,true,2026-07-08T16:02:08.806Z,"""",,,,,,"
"InternetGatewayDevice.UserInterface.X_HW_WebUserInfo.2,true,2026-07-08T16:02:08.806Z,true,2026-07-08T16:02:08.806Z,"""",,,,,,"
"InternetGatewayDevice.UserInterface.X_HW_WebUserInfo.2.AdminWebIp,false,2026-07-08T16:02:08.806Z,true,2026-07-08T16:02:08.806Z,"""",,,,,,"
"InternetGatewayDevice.UserInterface.X_HW_WebUserInfo.2.Enable,false,2026-07-08T16:02:08.806Z,true,2026-07-08T16:02:08.806Z,"""",,,,,,"
"InternetGatewayDevice.UserInterface.X_HW_WebUserInfo.2.HintPassword,false,2026-07-08T16:02:08.806Z,true,2026-07-08T16:02:08.806Z,"""",,,,,,"
"InternetGatewayDevice.UserInterface.X_HW_WebUserInfo.2.Password,false,2026-07-08T16:02:08.806Z,true,2026-07-08T16:02:08.806Z,"""",,,,,,"
"InternetGatewayDevice.UserInterface.X_HW_WebUserInfo.2.UserName,false,2026-07-08T16:02:08.806Z,true,2026-07-08T16:02:08.806Z,"""",,,,,,"
"InternetGatewayDevice.UserInterface.X_HW_WebUserInfo.2.WebIp,false,2026-07-08T16:02:08.806Z,true,2026-07-08T16:02:08.806Z,"""",,,,,,"
"InternetGatewayDevice.UserInterface.X_HW_WebUserNumber,false,2026-07-08T16:02:08.806Z,false,2026-07-08T16:02:08.806Z,"""",,,,,,"
"InternetGatewayDevice.WANDevice,true,2026-07-08T16:02:08.806Z,true,2026-07-08T16:02:08.806Z,"""",,,,,,"
"InternetGatewayDevice.WANDevice.1,true,2026-07-08T16:02:08.806Z,true,2026-07-08T16:02:08.806Z,"""",,,,,,"
"InternetGatewayDevice.WANDevice.1.WANCommonInterfaceConfig,true,2026-07-08T16:02:08.806Z,true,2026-07-08T16:02:08.806Z,"""",,,,,,"
"InternetGatewayDevice.WANDevice.1.WANCommonInterfaceConfig.EnabledForInternet,false,2026-07-08T16:02:08.806Z,false,2026-07-08T16:02:08.806Z,"""",,,,,,"
"InternetGatewayDevice.WANDevice.1.WANCommonInterfaceConfig.Layer1DownstreamMaxBitRate,false,2026-07-08T16:02:08.806Z,false,2026-07-08T16:02:08.806Z,"""",,,,,,"
"InternetGatewayDevice.WANDevice.1.WANCommonInterfaceConfig.Layer1UpstreamMaxBitRate,false,2026-07-08T16:02:08.806Z,false,2026-07-08T16:02:08.806Z,"""",,,,,,"
"InternetGatewayDevice.WANDevice.1.WANCommonInterfaceConfig.PhysicalLinkStatus,false,2026-07-08T16:02:08.806Z,false,2026-07-08T16:02:08.806Z,"""",,,,,,"
"InternetGatewayDevice.WANDevice.1.WANCommonInterfaceConfig.TotalBytesReceived,false,2026-07-08T16:02:08.806Z,false,2026-07-08T16:02:08.806Z,"""",,,,,,"
"InternetGatewayDevice.WANDevice.1.WANCommonInterfaceConfig.TotalBytesSent,false,2026-07-08T16:02:08.806Z,false,2026-07-08T16:02:08.806Z,"""",,,,,,"
"InternetGatewayDevice.WANDevice.1.WANCommonInterfaceConfig.TotalPacketsReceived,false,2026-07-08T16:02:08.806Z,false,2026-07-08T16:02:08.806Z,"""",,,,,,"
"InternetGatewayDevice.WANDevice.1.WANCommonInterfaceConfig.TotalPacketsSent,false,2026-07-08T16:02:08.806Z,false,2026-07-08T16:02:08.806Z,"""",,,,,,"
"InternetGatewayDevice.WANDevice.1.WANCommonInterfaceConfig.WANAccessType,false,2026-07-08T16:02:08.806Z,false,2026-07-08T16:02:08.806Z,"""",,,,,,"
"InternetGatewayDevice.WANDevice.1.WANConnectionDevice,true,2026-07-08T16:02:08.806Z,true,2026-07-08T16:02:08.806Z,"""",,,,,,"
"InternetGatewayDevice.WANDevice.1.WANConnectionDevice.1,true,2026-07-08T16:02:08.806Z,true,2026-07-08T16:02:08.806Z,"""",,,,,,"
"InternetGatewayDevice.WANDevice.1.WANConnectionDevice.1.WANIPConnection,true,2026-07-08T16:02:08.806Z,true,2026-07-08T16:02:08.806Z,"""",,,,,,"
"InternetGatewayDevice.WANDevice.1.WANConnectionDevice.1.WANIPConnectionNumberOfEntries,false,2026-07-08T16:02:08.806Z,false,2026-07-08T16:02:08.806Z,"""",,,,,,"
"InternetGatewayDevice.WANDevice.1.WANConnectionDevice.1.WANPPPConnection,true,2026-07-08T16:02:08.806Z,true,2026-07-08T16:02:08.806Z,"""",,,,,,"
"InternetGatewayDevice.WANDevice.1.WANConnectionDevice.1.WANPPPConnection.1,true,2026-07-08T16:02:08.806Z,true,2026-07-08T16:02:08.806Z,"""",,,,,,"
"InternetGatewayDevice.WANDevice.1.WANConnectionDevice.1.WANPPPConnection.1.AutoDisconnectTime,false,2026-07-08T16:02:08.806Z,true,2026-07-08T16:02:08.806Z,"""",,,,,,"
"InternetGatewayDevice.WANDevice.1.WANConnectionDevice.1.WANPPPConnection.1.ConnectionStatus,false,2026-07-08T16:02:08.806Z,false,2026-07-08T16:02:08.806Z,"""",,,,,,"
"InternetGatewayDevice.WANDevice.1.WANConnectionDevice.1.WANPPPConnection.1.ConnectionTrigger,false,2026-07-08T16:02:08.806Z,true,2026-07-08T16:02:08.806Z,"""",,,,,,"
"InternetGatewayDevice.WANDevice.1.WANConnectionDevice.1.WANPPPConnection.1.ConnectionType,false,2026-07-08T16:02:08.806Z,true,2026-07-08T16:02:08.806Z,"""",,,,,,"
"InternetGatewayDevice.WANDevice.1.WANConnectionDevice.1.WANPPPConnection.1.CurrentMRUSize,false,2026-07-08T16:02:08.806Z,false,2026-07-08T16:02:08.806Z,"""",,,,,,"
"InternetGatewayDevice.WANDevice.1.WANConnectionDevice.1.WANPPPConnection.1.DNSEnabled,false,2026-07-08T16:02:08.806Z,true,2026-07-08T16:02:08.806Z,"""",,,,,,"
"InternetGatewayDevice.WANDevice.1.WANConnectionDevice.1.WANPPPConnection.1.DNSOverrideAllowed,false,2026-07-08T16:02:08.806Z,true,2026-07-08T16:02:08.806Z,"""",,,,,,"
"InternetGatewayDevice.WANDevice.1.WANConnectionDevice.1.WANPPPConnection.1.DNSServers,false,2026-07-08T16:02:08.806Z,true,2026-07-08T16:02:08.806Z,"""",,,,,,"
"InternetGatewayDevice.WANDevice.1.WANConnectionDevice.1.WANPPPConnection.1.DefaultGateway,false,2026-07-08T16:02:08.806Z,false,2026-07-08T16:02:08.806Z,"""",,,,,,"
"InternetGatewayDevice.WANDevice.1.WANConnectionDevice.1.WANPPPConnection.1.Enable,false,2026-07-08T16:02:08.806Z,true,2026-07-08T16:02:08.806Z,"""",,,,,,"
"InternetGatewayDevice.WANDevice.1.WANConnectionDevice.1.WANPPPConnection.1.ExternalIPAddress,false,2026-07-08T16:02:08.806Z,false,2026-07-08T16:02:08.806Z,"""",,,,,,"
"InternetGatewayDevice.WANDevice.1.WANConnectionDevice.1.WANPPPConnection.1.IdleDisconnectTime,false,2026-07-08T16:02:08.806Z,true,2026-07-08T16:02:08.806Z,"""",,,,,,"
"InternetGatewayDevice.WANDevice.1.WANConnectionDevice.1.WANPPPConnection.1.LastConnectionError,false,2026-07-08T16:02:08.806Z,false,2026-07-08T16:02:08.806Z,"""",,,,,,"
"InternetGatewayDevice.WANDevice.1.WANConnectionDevice.1.WANPPPConnection.1.MACAddress,false,2026-07-08T16:02:08.806Z,false,2026-07-08T16:02:08.806Z,"""",,,,,,"
"InternetGatewayDevice.WANDevice.1.WANConnectionDevice.1.WANPPPConnection.1.MACAddressOverride,false,2026-07-08T16:02:08.806Z,true,2026-07-08T16:02:08.806Z,"""",,,,,,"
"InternetGatewayDevice.WANDevice.1.WANConnectionDevice.1.WANPPPConnection.1.MaxMRUSize,false,2026-07-08T16:02:08.806Z,true,2026-07-08T16:02:08.806Z,"""",,,,,,"
"InternetGatewayDevice.WANDevice.1.WANConnectionDevice.1.WANPPPConnection.1.NATEnabled,false,2026-07-08T16:02:08.806Z,true,2026-07-08T16:02:08.806Z,"""",,,,,,"
"InternetGatewayDevice.WANDevice.1.WANConnectionDevice.1.WANPPPConnection.1.Name,false,2026-07-08T16:02:08.806Z,true,2026-07-08T16:02:08.806Z,"""",,,,,,"
"InternetGatewayDevice.WANDevice.1.WANConnectionDevice.1.WANPPPConnection.1.PPPAuthenticationProtocol,false,2026-07-08T16:02:08.806Z,false,2026-07-08T16:02:08.806Z,"""",,,,,,"
"InternetGatewayDevice.WANDevice.1.WANConnectionDevice.1.WANPPPConnection.1.PPPCompressionProtocol,false,2026-07-08T16:02:08.806Z,false,2026-07-08T16:02:08.806Z,"""",,,,,,"
"InternetGatewayDevice.WANDevice.1.WANConnectionDevice.1.WANPPPConnection.1.PPPEncryptionProtocol,false,2026-07-08T16:02:08.806Z,false,2026-07-08T16:02:08.806Z,"""",,,,,,"
"InternetGatewayDevice.WANDevice.1.WANConnectionDevice.1.WANPPPConnection.1.PPPLCPEcho,false,2026-07-08T16:02:08.806Z,true,2026-07-08T16:02:08.806Z,"""",,,,,,"
"InternetGatewayDevice.WANDevice.1.WANConnectionDevice.1.WANPPPConnection.1.PPPLCPEchoRetry,false,2026-07-08T16:02:08.806Z,true,2026-07-08T16:02:08.806Z,"""",,,,,,"
"InternetGatewayDevice.WANDevice.1.WANConnectionDevice.1.WANPPPConnection.1.PPPoEACName,false,2026-07-08T16:02:08.806Z,true,2026-07-08T16:02:08.806Z,"""",,,,,,"
"InternetGatewayDevice.WANDevice.1.WANConnectionDevice.1.WANPPPConnection.1.PPPoEServiceName,false,2026-07-08T16:02:08.806Z,true,2026-07-08T16:02:08.806Z,"""",,,,,,"
"InternetGatewayDevice.WANDevice.1.WANConnectionDevice.1.WANPPPConnection.1.PPPoESessionID,false,2026-07-08T16:02:08.806Z,false,2026-07-08T16:02:08.806Z,"""",,,,,,"
"InternetGatewayDevice.WANDevice.1.WANConnectionDevice.1.WANPPPConnection.1.Password,false,2026-07-08T16:02:08.806Z,true,2026-07-08T16:02:08.806Z,"""",,,,,,"
"InternetGatewayDevice.WANDevice.1.WANConnectionDevice.1.WANPPPConnection.1.PortMapping,true,2026-07-08T16:02:08.806Z,true,2026-07-08T16:02:08.806Z,"""",,,,,,"
"InternetGatewayDevice.WANDevice.1.WANConnectionDevice.1.WANPPPConnection.1.PortMappingNumberOfEntries,false,2026-07-08T16:02:08.806Z,false,2026-07-08T16:02:08.806Z,"""",,,,,,"
"InternetGatewayDevice.WANDevice.1.WANConnectionDevice.1.WANPPPConnection.1.PossibleConnectionTypes,false,2026-07-08T16:02:08.806Z,false,2026-07-08T16:02:08.806Z,"""",,,,,,"
"InternetGatewayDevice.WANDevice.1.WANConnectionDevice.1.WANPPPConnection.1.RSIPAvailable,false,2026-07-08T16:02:08.806Z,false,2026-07-08T16:02:08.806Z,"""",,,,,,"
"InternetGatewayDevice.WANDevice.1.WANConnectionDevice.1.WANPPPConnection.1.RemoteIPAddress,false,2026-07-08T16:02:08.806Z,false,2026-07-08T16:02:08.806Z,"""",,,,,,"
"InternetGatewayDevice.WANDevice.1.WANConnectionDevice.1.WANPPPConnection.1.Reset,false,2026-07-08T16:02:08.806Z,true,2026-07-08T16:02:08.806Z,"""",,,,,,"
"InternetGatewayDevice.WANDevice.1.WANConnectionDevice.1.WANPPPConnection.1.RouteProtocolRx,false,2026-07-08T16:02:08.806Z,true,2026-07-08T16:02:08.806Z,"""",,,,,,"
"InternetGatewayDevice.WANDevice.1.WANConnectionDevice.1.WANPPPConnection.1.ShapingBurstSize,false,2026-07-08T16:02:08.806Z,true,2026-07-08T16:02:08.806Z,"""",,,,,,"
"InternetGatewayDevice.WANDevice.1.WANConnectionDevice.1.WANPPPConnection.1.ShapingRate,false,2026-07-08T16:02:08.806Z,true,2026-07-08T16:02:08.806Z,"""",,,,,,"
"InternetGatewayDevice.WANDevice.1.WANConnectionDevice.1.WANPPPConnection.1.Stats,true,2026-07-08T16:02:08.806Z,true,2026-07-08T16:02:08.806Z,"""",,,,,,"
"InternetGatewayDevice.WANDevice.1.WANConnectionDevice.1.WANPPPConnection.1.Stats.EthernetBroadcastPacketsReceived,false,2026-07-08T16:02:08.806Z,false,2026-07-08T16:02:08.806Z,"""",,,,,,"
"InternetGatewayDevice.WANDevice.1.WANConnectionDevice.1.WANPPPConnection.1.Stats.EthernetBroadcastPacketsSent,false,2026-07-08T16:02:08.806Z,false,2026-07-08T16:02:08.806Z,"""",,,,,,"
"InternetGatewayDevice.WANDevice.1.WANConnectionDevice.1.WANPPPConnection.1.Stats.EthernetBytesReceived,false,2026-07-08T16:02:08.806Z,false,2026-07-08T16:02:08.806Z,"""",,,,,,"
"InternetGatewayDevice.WANDevice.1.WANConnectionDevice.1.WANPPPConnection.1.Stats.EthernetBytesSent,false,2026-07-08T16:02:08.806Z,false,2026-07-08T16:02:08.806Z,"""",,,,,,"
"InternetGatewayDevice.WANDevice.1.WANConnectionDevice.1.WANPPPConnection.1.Stats.EthernetDiscardPacketsReceived,false,2026-07-08T16:02:08.806Z,false,2026-07-08T16:02:08.806Z,"""",,,,,,"
"InternetGatewayDevice.WANDevice.1.WANConnectionDevice.1.WANPPPConnection.1.Stats.EthernetDiscardPacketsSent,false,2026-07-08T16:02:08.806Z,false,2026-07-08T16:02:08.806Z,"""",,,,,,"
"InternetGatewayDevice.WANDevice.1.WANConnectionDevice.1.WANPPPConnection.1.Stats.EthernetErrorsReceived,false,2026-07-08T16:02:08.806Z,false,2026-07-08T16:02:08.806Z,"""",,,,,,"
"InternetGatewayDevice.WANDevice.1.WANConnectionDevice.1.WANPPPConnection.1.Stats.EthernetErrorsSent,false,2026-07-08T16:02:08.806Z,false,2026-07-08T16:02:08.806Z,"""",,,,,,"
"InternetGatewayDevice.WANDevice.1.WANConnectionDevice.1.WANPPPConnection.1.Stats.EthernetMulticastPacketsReceived,false,2026-07-08T16:02:08.806Z,false,2026-07-08T16:02:08.806Z,"""",,,,,,"
"InternetGatewayDevice.WANDevice.1.WANConnectionDevice.1.WANPPPConnection.1.Stats.EthernetMulticastPacketsSent,false,2026-07-08T16:02:08.806Z,false,2026-07-08T16:02:08.806Z,"""",,,,,,"
"InternetGatewayDevice.WANDevice.1.WANConnectionDevice.1.WANPPPConnection.1.Stats.EthernetPacketsReceived,false,2026-07-08T16:02:08.806Z,false,2026-07-08T16:02:08.806Z,"""",,,,,,"
"InternetGatewayDevice.WANDevice.1.WANConnectionDevice.1.WANPPPConnection.1.Stats.EthernetPacketsSent,false,2026-07-08T16:02:08.806Z,false,2026-07-08T16:02:08.806Z,"""",,,,,,"
"InternetGatewayDevice.WANDevice.1.WANConnectionDevice.1.WANPPPConnection.1.Stats.EthernetUnicastPacketsReceived,false,2026-07-08T16:02:08.806Z,false,2026-07-08T16:02:08.806Z,"""",,,,,,"
"InternetGatewayDevice.WANDevice.1.WANConnectionDevice.1.WANPPPConnection.1.Stats.EthernetUnicastPacketsSent,false,2026-07-08T16:02:08.806Z,false,2026-07-08T16:02:08.806Z,"""",,,,,,"
"InternetGatewayDevice.WANDevice.1.WANConnectionDevice.1.WANPPPConnection.1.Stats.EthernetUnknownProtoPacketsReceived,false,2026-07-08T16:02:08.806Z,false,2026-07-08T16:02:08.806Z,"""",,,,,,"
"InternetGatewayDevice.WANDevice.1.WANConnectionDevice.1.WANPPPConnection.1.Stats.X_HW_EthernetBytesReceivedHigh,false,2026-07-08T16:02:08.806Z,false,2026-07-08T16:02:08.806Z,"""",,,,,,"
"InternetGatewayDevice.WANDevice.1.WANConnectionDevice.1.WANPPPConnection.1.Stats.X_HW_EthernetBytesReceivedLow,false,2026-07-08T16:02:08.806Z,false,2026-07-08T16:02:08.806Z,"""",,,,,,"
"InternetGatewayDevice.WANDevice.1.WANConnectionDevice.1.WANPPPConnection.1.Stats.X_HW_EthernetBytesSentHigh,false,2026-07-08T16:02:08.806Z,false,2026-07-08T16:02:08.806Z,"""",,,,,,"
"InternetGatewayDevice.WANDevice.1.WANConnectionDevice.1.WANPPPConnection.1.Stats.X_HW_EthernetBytesSentLow,false,2026-07-08T16:02:08.806Z,false,2026-07-08T16:02:08.806Z,"""",,,,,,"
"InternetGatewayDevice.WANDevice.1.WANConnectionDevice.1.WANPPPConnection.1.TransportType,false,2026-07-08T16:02:08.806Z,false,2026-07-08T16:02:08.806Z,"""",,,,,,"
"InternetGatewayDevice.WANDevice.1.WANConnectionDevice.1.WANPPPConnection.1.Uptime,false,2026-07-08T16:02:08.806Z,false,2026-07-08T16:02:08.806Z,"""",,,,,,"
"InternetGatewayDevice.WANDevice.1.WANConnectionDevice.1.WANPPPConnection.1.Username,false,2026-07-08T16:02:08.806Z,true,2026-07-08T16:02:08.806Z,"""",,,,,,"
"InternetGatewayDevice.WANDevice.1.WANConnectionDevice.1.WANPPPConnection.1.WarnDisconnectDelay,false,2026-07-08T16:02:08.806Z,true,2026-07-08T16:02:08.806Z,"""",,,,,,"
"InternetGatewayDevice.WANDevice.1.WANConnectionDevice.1.WANPPPConnection.1.X_HW_6RDTunnel,true,2026-07-08T16:02:08.806Z,true,2026-07-08T16:02:08.806Z,"""",,,,,,"
"InternetGatewayDevice.WANDevice.1.WANConnectionDevice.1.WANPPPConnection.1.X_HW_6RDTunnel.Enable,false,2026-07-08T16:02:08.806Z,true,2026-07-08T16:02:08.806Z,"""",,,,,,"
"InternetGatewayDevice.WANDevice.1.WANConnectionDevice.1.WANPPPConnection.1.X_HW_6RDTunnel.RdBRIPv4Address,false,2026-07-08T16:02:08.806Z,true,2026-07-08T16:02:08.806Z,"""",,,,,,"
"InternetGatewayDevice.WANDevice.1.WANConnectionDevice.1.WANPPPConnection.1.X_HW_6RDTunnel.RdIPv4MaskLen,false,2026-07-08T16:02:08.806Z,true,2026-07-08T16:02:08.806Z,"""",,,,,,"
"InternetGatewayDevice.WANDevice.1.WANConnectionDevice.1.WANPPPConnection.1.X_HW_6RDTunnel.RdPrefix,false,2026-07-08T16:02:08.806Z,true,2026-07-08T16:02:08.806Z,"""",,,,,,"
"InternetGatewayDevice.WANDevice.1.WANConnectionDevice.1.WANPPPConnection.1.X_HW_6RDTunnel.RdPrefixLen,false,2026-07-08T16:02:08.806Z,true,2026-07-08T16:02:08.806Z,"""",,,,,,"
"InternetGatewayDevice.WANDevice.1.WANConnectionDevice.1.WANPPPConnection.1.X_HW_AgentRemoteIdMode,false,2026-07-08T16:02:08.806Z,true,2026-07-08T16:02:08.806Z,"""",,,,,,"
"InternetGatewayDevice.WANDevice.1.WANConnectionDevice.1.WANPPPConnection.1.X_HW_CU_MLDProxyEnable,false,2026-07-08T16:02:08.806Z,true,2026-07-08T16:02:08.806Z,"""",,,,,,"
"InternetGatewayDevice.WANDevice.1.WANConnectionDevice.1.WANPPPConnection.1.X_HW_DDNSConfiguration,true,2026-07-08T16:02:08.806Z,true,2026-07-08T16:02:08.806Z,"""",,,,,,"
"InternetGatewayDevice.WANDevice.1.WANConnectionDevice.1.WANPPPConnection.1.X_HW_DMZ,true,2026-07-08T16:02:08.806Z,true,2026-07-08T16:02:08.806Z,"""",,,,,,"
"InternetGatewayDevice.WANDevice.1.WANConnectionDevice.1.WANPPPConnection.1.X_HW_DMZ.DMZEnable,false,2026-07-08T16:02:08.806Z,true,2026-07-08T16:02:08.806Z,"""",,,,,,"
"InternetGatewayDevice.WANDevice.1.WANConnectionDevice.1.WANPPPConnection.1.X_HW_DMZ.DMZHostIPAddress,false,2026-07-08T16:02:08.806Z,true,2026-07-08T16:02:08.806Z,"""",,,,,,"
"InternetGatewayDevice.WANDevice.1.WANConnectionDevice.1.WANPPPConnection.1.X_HW_DefaultPri,false,2026-07-08T16:02:08.806Z,true,2026-07-08T16:02:08.806Z,"""",,,,,,"
"InternetGatewayDevice.WANDevice.1.WANConnectionDevice.1.WANPPPConnection.1.X_HW_Dnsv4ProxyForV6,false,2026-07-08T16:02:08.806Z,true,2026-07-08T16:02:08.806Z,"""",,,,,,"
"InternetGatewayDevice.WANDevice.1.WANConnectionDevice.1.WANPPPConnection.1.X_HW_DscpToPbitTbl,false,2026-07-08T16:02:08.806Z,true,2026-07-08T16:02:08.806Z,"""",,,,,,"
"InternetGatewayDevice.WANDevice.1.WANConnectionDevice.1.WANPPPConnection.1.X_HW_ExServiceList,false,2026-07-08T16:02:08.806Z,true,2026-07-08T16:02:08.806Z,"""",,,,,,"
"InternetGatewayDevice.WANDevice.1.WANConnectionDevice.1.WANPPPConnection.1.X_HW_HURL,false,2026-07-08T16:02:08.806Z,false,2026-07-08T16:02:08.806Z,"""",,,,,,"
"InternetGatewayDevice.WANDevice.1.WANConnectionDevice.1.WANPPPConnection.1.X_HW_IPv4Enable,false,2026-07-08T16:02:08.806Z,true,2026-07-08T16:02:08.806Z,"""",,,,,,"
"InternetGatewayDevice.WANDevice.1.WANConnectionDevice.1.WANPPPConnection.1.X_HW_IPv6,true,2026-07-08T16:02:08.806Z,true,2026-07-08T16:02:08.806Z,"""",,,,,,"
"InternetGatewayDevice.WANDevice.1.WANConnectionDevice.1.WANPPPConnection.1.X_HW_IPv6.DSLite,true,2026-07-08T16:02:08.806Z,true,2026-07-08T16:02:08.806Z,"""",,,,,,"
"InternetGatewayDevice.WANDevice.1.WANConnectionDevice.1.WANPPPConnection.1.X_HW_IPv6.DSLite.AFTRName,false,2026-07-08T16:02:08.806Z,true,2026-07-08T16:02:08.806Z,"""",,,,,,"
"InternetGatewayDevice.WANDevice.1.WANConnectionDevice.1.WANPPPConnection.1.X_HW_IPv6.DSLite.InTunnelMTU,false,2026-07-08T16:02:08.806Z,true,2026-07-08T16:02:08.806Z,"""",,,,,,"
"InternetGatewayDevice.WANDevice.1.WANConnectionDevice.1.WANPPPConnection.1.X_HW_IPv6.DSLite.OutTunnelMTU,false,2026-07-08T16:02:08.806Z,true,2026-07-08T16:02:08.806Z,"""",,,,,,"
"InternetGatewayDevice.WANDevice.1.WANConnectionDevice.1.WANPPPConnection.1.X_HW_IPv6.DSLite.WorkMode,false,2026-07-08T16:02:08.806Z,true,2026-07-08T16:02:08.806Z,"""",,,,,,"
"InternetGatewayDevice.WANDevice.1.WANConnectionDevice.1.WANPPPConnection.1.X_HW_IPv6.IPv6Address,true,2026-07-08T16:02:08.806Z,true,2026-07-08T16:02:08.806Z,"""",,,,,,"
"InternetGatewayDevice.WANDevice.1.WANConnectionDevice.1.WANPPPConnection.1.X_HW_IPv6.IPv6Prefix,true,2026-07-08T16:02:08.806Z,true,2026-07-08T16:02:08.806Z,"""",,,,,,"
"InternetGatewayDevice.WANDevice.1.WANConnectionDevice.1.WANPPPConnection.1.X_HW_IPv6.PortForward,true,2026-07-08T16:02:08.806Z,true,2026-07-08T16:02:08.806Z,"""",,,,,,"
"InternetGatewayDevice.WANDevice.1.WANConnectionDevice.1.WANPPPConnection.1.X_HW_IPv6Enable,false,2026-07-08T16:02:08.806Z,true,2026-07-08T16:02:08.806Z,"""",,,,,,"
"InternetGatewayDevice.WANDevice.1.WANConnectionDevice.1.WANPPPConnection.1.X_HW_IPv6LLA,false,2026-07-08T16:02:08.806Z,false,2026-07-08T16:02:08.806Z,"""",,,,,,"
"InternetGatewayDevice.WANDevice.1.WANConnectionDevice.1.WANPPPConnection.1.X_HW_IPv6MultiCastVLAN,false,2026-07-08T16:02:08.806Z,true,2026-07-08T16:02:08.806Z,"""",,,,,,"
"InternetGatewayDevice.WANDevice.1.WANConnectionDevice.1.WANPPPConnection.1.X_HW_IPv6_PortForwardNumberOfEntries,false,2026-07-08T16:02:08.806Z,false,2026-07-08T16:02:08.806Z,"""",,,,,,"
"InternetGatewayDevice.WANDevice.1.WANConnectionDevice.1.WANPPPConnection.1.X_HW_IdleDetectMode,false,2026-07-08T16:02:08.806Z,true,2026-07-08T16:02:08.806Z,"""",,,,,,"
"InternetGatewayDevice.WANDevice.1.WANConnectionDevice.1.WANPPPConnection.1.X_HW_LANBIND,true,2026-07-08T16:02:08.806Z,true,2026-07-08T16:02:08.806Z,"""",,,,,,"
"InternetGatewayDevice.WANDevice.1.WANConnectionDevice.1.WANPPPConnection.1.X_HW_LANBIND.Lan1Enable,false,2026-07-08T16:02:08.806Z,true,2026-07-08T16:02:08.806Z,"""",,,,,,"
"InternetGatewayDevice.WANDevice.1.WANConnectionDevice.1.WANPPPConnection.1.X_HW_LANBIND.Lan2Enable,false,2026-07-08T16:02:08.806Z,true,2026-07-08T16:02:08.806Z,"""",,,,,,"
"InternetGatewayDevice.WANDevice.1.WANConnectionDevice.1.WANPPPConnection.1.X_HW_LANBIND.Lan3Enable,false,2026-07-08T16:02:08.806Z,true,2026-07-08T16:02:08.806Z,"""",,,,,,"
"InternetGatewayDevice.WANDevice.1.WANConnectionDevice.1.WANPPPConnection.1.X_HW_LANBIND.Lan4Enable,false,2026-07-08T16:02:08.806Z,true,2026-07-08T16:02:08.806Z,"""",,,,,,"
"InternetGatewayDevice.WANDevice.1.WANConnectionDevice.1.WANPPPConnection.1.X_HW_LANBIND.SSID1Enable,false,2026-07-08T16:02:08.806Z,true,2026-07-08T16:02:08.806Z,"""",,,,,,"
"InternetGatewayDevice.WANDevice.1.WANConnectionDevice.1.WANPPPConnection.1.X_HW_LANBIND.SSID2Enable,false,2026-07-08T16:02:08.806Z,true,2026-07-08T16:02:08.806Z,"""",,,,,,"
"InternetGatewayDevice.WANDevice.1.WANConnectionDevice.1.WANPPPConnection.1.X_HW_LANBIND.SSID3Enable,false,2026-07-08T16:02:08.806Z,true,2026-07-08T16:02:08.806Z,"""",,,,,,"
"InternetGatewayDevice.WANDevice.1.WANConnectionDevice.1.WANPPPConnection.1.X_HW_LANBIND.SSID4Enable,false,2026-07-08T16:02:08.806Z,true,2026-07-08T16:02:08.806Z,"""",,,,,,"
"InternetGatewayDevice.WANDevice.1.WANConnectionDevice.1.WANPPPConnection.1.X_HW_LcpEchoReqCheck,false,2026-07-08T16:02:08.806Z,true,2026-07-08T16:02:08.806Z,"""",,,,,,"
"InternetGatewayDevice.WANDevice.1.WANConnectionDevice.1.WANPPPConnection.1.X_HW_LowerLayers,false,2026-07-08T16:02:08.806Z,true,2026-07-08T16:02:08.806Z,"""",,,,,,"
"InternetGatewayDevice.WANDevice.1.WANConnectionDevice.1.WANPPPConnection.1.X_HW_MOTM,false,2026-07-08T16:02:08.806Z,false,2026-07-08T16:02:08.806Z,"""",,,,,,"
"InternetGatewayDevice.WANDevice.1.WANConnectionDevice.1.WANPPPConnection.1.X_HW_MultiCastVLAN,false,2026-07-08T16:02:08.806Z,true,2026-07-08T16:02:08.806Z,"""",,,,,,"
"InternetGatewayDevice.WANDevice.1.WANConnectionDevice.1.WANPPPConnection.1.X_HW_NPTv6Enable,false,2026-07-08T16:02:08.806Z,true,2026-07-08T16:02:08.806Z,"""",,,,,,"
"InternetGatewayDevice.WANDevice.1.WANConnectionDevice.1.WANPPPConnection.1.X_HW_NatType,false,2026-07-08T16:02:08.806Z,true,2026-07-08T16:02:08.806Z,"""",,,,,,"
"InternetGatewayDevice.WANDevice.1.WANConnectionDevice.1.WANPPPConnection.1.X_HW_PRI,false,2026-07-08T16:02:08.806Z,true,2026-07-08T16:02:08.806Z,"""",,,,,,"
"InternetGatewayDevice.WANDevice.1.WANConnectionDevice.1.WANPPPConnection.1.X_HW_PortTrigger,true,2026-07-08T16:02:08.806Z,true,2026-07-08T16:02:08.806Z,"""",,,,,,"
"InternetGatewayDevice.WANDevice.1.WANConnectionDevice.1.WANPPPConnection.1.X_HW_PriPolicy,false,2026-07-08T16:02:08.806Z,true,2026-07-08T16:02:08.806Z,"""",,,,,,"
"InternetGatewayDevice.WANDevice.1.WANConnectionDevice.1.WANPPPConnection.1.X_HW_SERVICELIST,false,2026-07-08T16:02:08.806Z,true,2026-07-08T16:02:08.806Z,"""",,,,,,"
"InternetGatewayDevice.WANDevice.1.WANConnectionDevice.1.WANPPPConnection.1.X_HW_UpstreamWAN,false,2026-07-08T16:02:08.806Z,true,2026-07-08T16:02:08.806Z,"""",,,,,,"
"InternetGatewayDevice.WANDevice.1.WANConnectionDevice.1.WANPPPConnection.1.X_HW_VLAN,false,2026-07-08T16:02:08.806Z,true,2026-07-08T16:02:08.806Z,"""",,,,,,"
"InternetGatewayDevice.WANDevice.1.WANConnectionDevice.1.WANPPPConnectionNumberOfEntries,false,2026-07-08T16:02:08.806Z,false,2026-07-08T16:02:08.806Z,"""",,,,,,"
"InternetGatewayDevice.WANDevice.1.WANConnectionDevice.3,true,2026-07-08T16:02:08.806Z,true,2026-07-08T16:02:08.806Z,"""",,,,,,"
"InternetGatewayDevice.WANDevice.1.WANConnectionDevice.3.WANIPConnection,true,2026-07-08T16:02:08.806Z,true,2026-07-08T16:02:08.806Z,"""",,,,,,"
"InternetGatewayDevice.WANDevice.1.WANConnectionDevice.3.WANIPConnection.1,true,2026-07-08T16:02:08.806Z,true,2026-07-08T16:02:08.806Z,"""",,,,,,"
"InternetGatewayDevice.WANDevice.1.WANConnectionDevice.3.WANIPConnection.1.AddressingType,false,2026-07-08T16:02:08.806Z,true,2026-07-08T16:02:08.806Z,"""",,,,,,"
"InternetGatewayDevice.WANDevice.1.WANConnectionDevice.3.WANIPConnection.1.AutoDisconnectTime,false,2026-07-08T16:02:08.806Z,true,2026-07-08T16:02:08.806Z,"""",,,,,,"
"InternetGatewayDevice.WANDevice.1.WANConnectionDevice.3.WANIPConnection.1.ConnectionStatus,false,2026-07-08T16:02:08.806Z,false,2026-07-08T16:02:08.806Z,"""",,,,,,"
"InternetGatewayDevice.WANDevice.1.WANConnectionDevice.3.WANIPConnection.1.ConnectionTrigger,false,2026-07-08T16:02:08.806Z,true,2026-07-08T16:02:08.806Z,"""",,,,,,"
"InternetGatewayDevice.WANDevice.1.WANConnectionDevice.3.WANIPConnection.1.ConnectionType,false,2026-07-08T16:02:08.806Z,true,2026-07-08T16:02:08.806Z,"""",,,,,,"
"InternetGatewayDevice.WANDevice.1.WANConnectionDevice.3.WANIPConnection.1.DHCPClient,true,2026-07-08T16:02:08.806Z,true,2026-07-08T16:02:08.806Z,"""",,,,,,"
"InternetGatewayDevice.WANDevice.1.WANConnectionDevice.3.WANIPConnection.1.DHCPClient.ReqDHCPOption,true,2026-07-08T16:02:08.806Z,true,2026-07-08T16:02:08.806Z,"""",,,,,,"
"InternetGatewayDevice.WANDevice.1.WANConnectionDevice.3.WANIPConnection.1.DHCPClient.ReqDHCPOptionNumberOfEntries,false,2026-07-08T16:02:08.806Z,false,2026-07-08T16:02:08.806Z,"""",,,,,,"
"InternetGatewayDevice.WANDevice.1.WANConnectionDevice.3.WANIPConnection.1.DHCPClient.SentDHCPOption,true,2026-07-08T16:02:08.806Z,true,2026-07-08T16:02:08.806Z,"""",,,,,,"
"InternetGatewayDevice.WANDevice.1.WANConnectionDevice.3.WANIPConnection.1.DHCPClient.SentDHCPOptionNumberOfEntries,false,2026-07-08T16:02:08.806Z,false,2026-07-08T16:02:08.806Z,"""",,,,,,"
"InternetGatewayDevice.WANDevice.1.WANConnectionDevice.3.WANIPConnection.1.DHCPClient.X_HW_ProcessDHCPOption,true,2026-07-08T16:02:08.806Z,true,2026-07-08T16:02:08.806Z,"""",,,,,,"
"InternetGatewayDevice.WANDevice.1.WANConnectionDevice.3.WANIPConnection.1.DNSEnabled,false,2026-07-08T16:02:08.806Z,true,2026-07-08T16:02:08.806Z,"""",,,,,,"
"InternetGatewayDevice.WANDevice.1.WANConnectionDevice.3.WANIPConnection.1.DNSOverrideAllowed,false,2026-07-08T16:02:08.806Z,true,2026-07-08T16:02:08.806Z,"""",,,,,,"
"InternetGatewayDevice.WANDevice.1.WANConnectionDevice.3.WANIPConnection.1.DNSServers,false,2026-07-08T16:02:08.806Z,true,2026-07-08T16:02:08.806Z,"""",,,,,,"
"InternetGatewayDevice.WANDevice.1.WANConnectionDevice.3.WANIPConnection.1.DefaultGateway,false,2026-07-08T16:02:08.806Z,true,2026-07-08T16:02:08.806Z,"""",,,,,,"
"InternetGatewayDevice.WANDevice.1.WANConnectionDevice.3.WANIPConnection.1.Enable,false,2026-07-08T16:02:08.806Z,true,2026-07-08T16:02:08.806Z,"""",,,,,,"
"InternetGatewayDevice.WANDevice.1.WANConnectionDevice.3.WANIPConnection.1.ExternalIPAddress,false,2026-07-08T16:02:08.806Z,true,2026-07-08T16:02:08.806Z,""10.1.240.120"",xsd:string,2026-07-08T16:11:50.314Z,,,,"
"InternetGatewayDevice.WANDevice.1.WANConnectionDevice.3.WANIPConnection.1.IdleDisconnectTime,false,2026-07-08T16:02:08.806Z,true,2026-07-08T16:02:08.806Z,"""",,,,,,"
"InternetGatewayDevice.WANDevice.1.WANConnectionDevice.3.WANIPConnection.1.LastConnectionError,false,2026-07-08T16:02:08.806Z,false,2026-07-08T16:02:08.806Z,"""",,,,,,"
"InternetGatewayDevice.WANDevice.1.WANConnectionDevice.3.WANIPConnection.1.MACAddress,false,2026-07-08T16:02:08.806Z,false,2026-07-08T16:02:08.806Z,""DC:21:A3:F3:F3:5F"",xsd:string,2026-07-08T15:16:48.147Z,,,,"
"InternetGatewayDevice.WANDevice.1.WANConnectionDevice.3.WANIPConnection.1.MACAddressOverride,false,2026-07-08T16:02:08.806Z,true,2026-07-08T16:02:08.806Z,"""",,,,,,"
"InternetGatewayDevice.WANDevice.1.WANConnectionDevice.3.WANIPConnection.1.MaxMTUSize,false,2026-07-08T16:02:08.806Z,true,2026-07-08T16:02:08.806Z,"""",,,,,,"
"InternetGatewayDevice.WANDevice.1.WANConnectionDevice.3.WANIPConnection.1.NATEnabled,false,2026-07-08T16:02:08.806Z,true,2026-07-08T16:02:08.806Z,"""",,,,,,"
"InternetGatewayDevice.WANDevice.1.WANConnectionDevice.3.WANIPConnection.1.Name,false,2026-07-08T16:02:08.806Z,true,2026-07-08T16:02:08.806Z,"""",,,,,,"
"InternetGatewayDevice.WANDevice.1.WANConnectionDevice.3.WANIPConnection.1.PortMapping,true,2026-07-08T16:02:08.806Z,true,2026-07-08T16:02:08.806Z,"""",,,,,,"
"InternetGatewayDevice.WANDevice.1.WANConnectionDevice.3.WANIPConnection.1.PortMappingNumberOfEntries,false,2026-07-08T16:02:08.806Z,false,2026-07-08T16:02:08.806Z,"""",,,,,,"
"InternetGatewayDevice.WANDevice.1.WANConnectionDevice.3.WANIPConnection.1.PossibleConnectionTypes,false,2026-07-08T16:02:08.806Z,false,2026-07-08T16:02:08.806Z,"""",,,,,,"
"InternetGatewayDevice.WANDevice.1.WANConnectionDevice.3.WANIPConnection.1.RSIPAvailable,false,2026-07-08T16:02:08.806Z,false,2026-07-08T16:02:08.806Z,"""",,,,,,"
"InternetGatewayDevice.WANDevice.1.WANConnectionDevice.3.WANIPConnection.1.Reset,false,2026-07-08T16:02:08.806Z,true,2026-07-08T16:02:08.806Z,"""",,,,,,"
"InternetGatewayDevice.WANDevice.1.WANConnectionDevice.3.WANIPConnection.1.RouteProtocolRx,false,2026-07-08T16:02:08.806Z,true,2026-07-08T16:02:08.806Z,"""",,,,,,"
"InternetGatewayDevice.WANDevice.1.WANConnectionDevice.3.WANIPConnection.1.ShapingBurstSize,false,2026-07-08T16:02:08.806Z,true,2026-07-08T16:02:08.806Z,"""",,,,,,"
"InternetGatewayDevice.WANDevice.1.WANConnectionDevice.3.WANIPConnection.1.ShapingRate,false,2026-07-08T16:02:08.806Z,true,2026-07-08T16:02:08.806Z,"""",,,,,,"
"InternetGatewayDevice.WANDevice.1.WANConnectionDevice.3.WANIPConnection.1.Stats,true,2026-07-08T16:02:08.806Z,true,2026-07-08T16:02:08.806Z,"""",,,,,,"
"InternetGatewayDevice.WANDevice.1.WANConnectionDevice.3.WANIPConnection.1.Stats.EthernetBroadcastPacketsReceived,false,2026-07-08T16:02:08.806Z,false,2026-07-08T16:02:08.806Z,"""",,,,,,"
"InternetGatewayDevice.WANDevice.1.WANConnectionDevice.3.WANIPConnection.1.Stats.EthernetBroadcastPacketsSent,false,2026-07-08T16:02:08.806Z,false,2026-07-08T16:02:08.806Z,"""",,,,,,"
"InternetGatewayDevice.WANDevice.1.WANConnectionDevice.3.WANIPConnection.1.Stats.EthernetBytesReceived,false,2026-07-08T16:02:08.806Z,false,2026-07-08T16:02:08.806Z,"""",,,,,,"
"InternetGatewayDevice.WANDevice.1.WANConnectionDevice.3.WANIPConnection.1.Stats.EthernetBytesSent,false,2026-07-08T16:02:08.806Z,false,2026-07-08T16:02:08.806Z,"""",,,,,,"
"InternetGatewayDevice.WANDevice.1.WANConnectionDevice.3.WANIPConnection.1.Stats.EthernetDiscardPacketsReceived,false,2026-07-08T16:02:08.806Z,false,2026-07-08T16:02:08.806Z,"""",,,,,,"
"InternetGatewayDevice.WANDevice.1.WANConnectionDevice.3.WANIPConnection.1.Stats.EthernetDiscardPacketsSent,false,2026-07-08T16:02:08.806Z,false,2026-07-08T16:02:08.806Z,"""",,,,,,"
"InternetGatewayDevice.WANDevice.1.WANConnectionDevice.3.WANIPConnection.1.Stats.EthernetErrorsReceived,false,2026-07-08T16:02:08.806Z,false,2026-07-08T16:02:08.806Z,"""",,,,,,"
"InternetGatewayDevice.WANDevice.1.WANConnectionDevice.3.WANIPConnection.1.Stats.EthernetErrorsSent,false,2026-07-08T16:02:08.806Z,false,2026-07-08T16:02:08.806Z,"""",,,,,,"
"InternetGatewayDevice.WANDevice.1.WANConnectionDevice.3.WANIPConnection.1.Stats.EthernetMulticastPacketsReceived,false,2026-07-08T16:02:08.806Z,false,2026-07-08T16:02:08.806Z,"""",,,,,,"
"InternetGatewayDevice.WANDevice.1.WANConnectionDevice.3.WANIPConnection.1.Stats.EthernetMulticastPacketsSent,false,2026-07-08T16:02:08.806Z,false,2026-07-08T16:02:08.806Z,"""",,,,,,"
"InternetGatewayDevice.WANDevice.1.WANConnectionDevice.3.WANIPConnection.1.Stats.EthernetPacketsReceived,false,2026-07-08T16:02:08.806Z,false,2026-07-08T16:02:08.806Z,"""",,,,,,"
"InternetGatewayDevice.WANDevice.1.WANConnectionDevice.3.WANIPConnection.1.Stats.EthernetPacketsSent,false,2026-07-08T16:02:08.806Z,false,2026-07-08T16:02:08.806Z,"""",,,,,,"
"InternetGatewayDevice.WANDevice.1.WANConnectionDevice.3.WANIPConnection.1.Stats.EthernetUnicastPacketsReceived,false,2026-07-08T16:02:08.806Z,false,2026-07-08T16:02:08.806Z,"""",,,,,,"
"InternetGatewayDevice.WANDevice.1.WANConnectionDevice.3.WANIPConnection.1.Stats.EthernetUnicastPacketsSent,false,2026-07-08T16:02:08.806Z,false,2026-07-08T16:02:08.806Z,"""",,,,,,"
"InternetGatewayDevice.WANDevice.1.WANConnectionDevice.3.WANIPConnection.1.Stats.EthernetUnknownProtoPacketsReceived,false,2026-07-08T16:02:08.806Z,false,2026-07-08T16:02:08.806Z,"""",,,,,,"
"InternetGatewayDevice.WANDevice.1.WANConnectionDevice.3.WANIPConnection.1.Stats.X_HW_EthernetBytesReceivedHigh,false,2026-07-08T16:02:08.806Z,false,2026-07-08T16:02:08.806Z,"""",,,,,,"
"InternetGatewayDevice.WANDevice.1.WANConnectionDevice.3.WANIPConnection.1.Stats.X_HW_EthernetBytesReceivedLow,false,2026-07-08T16:02:08.806Z,false,2026-07-08T16:02:08.806Z,"""",,,,,,"
"InternetGatewayDevice.WANDevice.1.WANConnectionDevice.3.WANIPConnection.1.Stats.X_HW_EthernetBytesSentHigh,false,2026-07-08T16:02:08.806Z,false,2026-07-08T16:02:08.806Z,"""",,,,,,"
"InternetGatewayDevice.WANDevice.1.WANConnectionDevice.3.WANIPConnection.1.Stats.X_HW_EthernetBytesSentLow,false,2026-07-08T16:02:08.806Z,false,2026-07-08T16:02:08.806Z,"""",,,,,,"
"InternetGatewayDevice.WANDevice.1.WANConnectionDevice.3.WANIPConnection.1.SubnetMask,false,2026-07-08T16:02:08.806Z,true,2026-07-08T16:02:08.806Z,"""",,,,,,"
"InternetGatewayDevice.WANDevice.1.WANConnectionDevice.3.WANIPConnection.1.Uptime,false,2026-07-08T16:02:08.806Z,false,2026-07-08T16:02:08.806Z,"""",,,,,,"
"InternetGatewayDevice.WANDevice.1.WANConnectionDevice.3.WANIPConnection.1.WarnDisconnectDelay,false,2026-07-08T16:02:08.806Z,true,2026-07-08T16:02:08.806Z,"""",,,,,,"
"InternetGatewayDevice.WANDevice.1.WANConnectionDevice.3.WANIPConnection.1.X_HW_6RDTunnel,true,2026-07-08T16:02:08.806Z,true,2026-07-08T16:02:08.806Z,"""",,,,,,"
"InternetGatewayDevice.WANDevice.1.WANConnectionDevice.3.WANIPConnection.1.X_HW_6RDTunnel.Enable,false,2026-07-08T16:02:08.806Z,true,2026-07-08T16:02:08.806Z,"""",,,,,,"
"InternetGatewayDevice.WANDevice.1.WANConnectionDevice.3.WANIPConnection.1.X_HW_6RDTunnel.RdBRIPv4Address,false,2026-07-08T16:02:08.806Z,true,2026-07-08T16:02:08.806Z,"""",,,,,,"
"InternetGatewayDevice.WANDevice.1.WANConnectionDevice.3.WANIPConnection.1.X_HW_6RDTunnel.RdIPv4MaskLen,false,2026-07-08T16:02:08.806Z,true,2026-07-08T16:02:08.806Z,"""",,,,,,"
"InternetGatewayDevice.WANDevice.1.WANConnectionDevice.3.WANIPConnection.1.X_HW_6RDTunnel.RdMode,false,2026-07-08T16:02:08.806Z,true,2026-07-08T16:02:08.806Z,"""",,,,,,"
"InternetGatewayDevice.WANDevice.1.WANConnectionDevice.3.WANIPConnection.1.X_HW_6RDTunnel.RdPrefix,false,2026-07-08T16:02:08.806Z,true,2026-07-08T16:02:08.806Z,"""",,,,,,"
"InternetGatewayDevice.WANDevice.1.WANConnectionDevice.3.WANIPConnection.1.X_HW_6RDTunnel.RdPrefixLen,false,2026-07-08T16:02:08.806Z,true,2026-07-08T16:02:08.806Z,"""",,,,,,"
"InternetGatewayDevice.WANDevice.1.WANConnectionDevice.3.WANIPConnection.1.X_HW_CU_MLDProxyEnable,false,2026-07-08T16:02:08.806Z,true,2026-07-08T16:02:08.806Z,"""",,,,,,"
"InternetGatewayDevice.WANDevice.1.WANConnectionDevice.3.WANIPConnection.1.X_HW_ClientID,false,2026-07-08T16:02:08.806Z,true,2026-07-08T16:02:08.806Z,"""",,,,,,"
"InternetGatewayDevice.WANDevice.1.WANConnectionDevice.3.WANIPConnection.1.X_HW_DDNSConfiguration,true,2026-07-08T16:02:08.806Z,true,2026-07-08T16:02:08.806Z,"""",,,,,,"
"InternetGatewayDevice.WANDevice.1.WANConnectionDevice.3.WANIPConnection.1.X_HW_DHCPOPTION125,true,2026-07-08T16:02:08.806Z,true,2026-07-08T16:02:08.806Z,"""",,,,,,"
"InternetGatewayDevice.WANDevice.1.WANConnectionDevice.3.WANIPConnection.1.X_HW_DHCPOPTION125.1,true,2026-07-08T16:02:08.806Z,true,2026-07-08T16:02:08.806Z,"""",,,,,,"
"InternetGatewayDevice.WANDevice.1.WANConnectionDevice.3.WANIPConnection.1.X_HW_DHCPOPTION125.1.Enable,false,2026-07-08T16:02:08.806Z,true,2026-07-08T16:02:08.806Z,"""",,,,,,"
"InternetGatewayDevice.WANDevice.1.WANConnectionDevice.3.WANIPConnection.1.X_HW_DHCPOPTION125.1.SubOptCode,false,2026-07-08T16:02:08.806Z,true,2026-07-08T16:02:08.806Z,"""",,,,,,"
"InternetGatewayDevice.WANDevice.1.WANConnectionDevice.3.WANIPConnection.1.X_HW_DHCPOPTION125.1.SubOptionData,false,2026-07-08T16:02:08.806Z,true,2026-07-08T16:02:08.806Z,"""",,,,,,"
"InternetGatewayDevice.WANDevice.1.WANConnectionDevice.3.WANIPConnection.1.X_HW_DHCPOPTION125.1.Type,false,2026-07-08T16:02:08.806Z,true,2026-07-08T16:02:08.806Z,"""",,,,,,"
"InternetGatewayDevice.WANDevice.1.WANConnectionDevice.3.WANIPConnection.1.X_HW_DHCPOPTION125.1.Value,false,2026-07-08T16:02:08.806Z,true,2026-07-08T16:02:08.806Z,"""",,,,,,"
"InternetGatewayDevice.WANDevice.1.WANConnectionDevice.3.WANIPConnection.1.X_HW_DHCPOPTION125.2,true,2026-07-08T16:02:08.806Z,true,2026-07-08T16:02:08.806Z,"""",,,,,,"
"InternetGatewayDevice.WANDevice.1.WANConnectionDevice.3.WANIPConnection.1.X_HW_DHCPOPTION125.2.Enable,false,2026-07-08T16:02:08.806Z,true,2026-07-08T16:02:08.806Z,"""",,,,,,"
"InternetGatewayDevice.WANDevice.1.WANConnectionDevice.3.WANIPConnection.1.X_HW_DHCPOPTION125.2.SubOptCode,false,2026-07-08T16:02:08.806Z,true,2026-07-08T16:02:08.806Z,"""",,,,,,"
"InternetGatewayDevice.WANDevice.1.WANConnectionDevice.3.WANIPConnection.1.X_HW_DHCPOPTION125.2.SubOptionData,false,2026-07-08T16:02:08.806Z,true,2026-07-08T16:02:08.806Z,"""",,,,,,"
"InternetGatewayDevice.WANDevice.1.WANConnectionDevice.3.WANIPConnection.1.X_HW_DHCPOPTION125.2.Type,false,2026-07-08T16:02:08.806Z,true,2026-07-08T16:02:08.806Z,"""",,,,,,"
"InternetGatewayDevice.WANDevice.1.WANConnectionDevice.3.WANIPConnection.1.X_HW_DHCPOPTION125.2.Value,false,2026-07-08T16:02:08.806Z,true,2026-07-08T16:02:08.806Z,"""",,,,,,"
"InternetGatewayDevice.WANDevice.1.WANConnectionDevice.3.WANIPConnection.1.X_HW_DHCPOPTION125.3,true,2026-07-08T16:02:08.806Z,true,2026-07-08T16:02:08.806Z,"""",,,,,,"
"InternetGatewayDevice.WANDevice.1.WANConnectionDevice.3.WANIPConnection.1.X_HW_DHCPOPTION125.3.Enable,false,2026-07-08T16:02:08.806Z,true,2026-07-08T16:02:08.806Z,"""",,,,,,"
"InternetGatewayDevice.WANDevice.1.WANConnectionDevice.3.WANIPConnection.1.X_HW_DHCPOPTION125.3.SubOptCode,false,2026-07-08T16:02:08.806Z,true,2026-07-08T16:02:08.806Z,"""",,,,,,"
"InternetGatewayDevice.WANDevice.1.WANConnectionDevice.3.WANIPConnection.1.X_HW_DHCPOPTION125.3.SubOptionData,false,2026-07-08T16:02:08.806Z,true,2026-07-08T16:02:08.806Z,"""",,,,,,"
"InternetGatewayDevice.WANDevice.1.WANConnectionDevice.3.WANIPConnection.1.X_HW_DHCPOPTION125.3.Type,false,2026-07-08T16:02:08.806Z,true,2026-07-08T16:02:08.806Z,"""",,,,,,"
"InternetGatewayDevice.WANDevice.1.WANConnectionDevice.3.WANIPConnection.1.X_HW_DHCPOPTION125.3.Value,false,2026-07-08T16:02:08.806Z,true,2026-07-08T16:02:08.806Z,"""",,,,,,"
"InternetGatewayDevice.WANDevice.1.WANConnectionDevice.3.WANIPConnection.1.X_HW_DHCPOPTION125.4,true,2026-07-08T16:02:08.806Z,true,2026-07-08T16:02:08.806Z,"""",,,,,,"
"InternetGatewayDevice.WANDevice.1.WANConnectionDevice.3.WANIPConnection.1.X_HW_DHCPOPTION125.4.Enable,false,2026-07-08T16:02:08.806Z,true,2026-07-08T16:02:08.806Z,"""",,,,,,"
"InternetGatewayDevice.WANDevice.1.WANConnectionDevice.3.WANIPConnection.1.X_HW_DHCPOPTION125.4.SubOptCode,false,2026-07-08T16:02:08.806Z,true,2026-07-08T16:02:08.806Z,"""",,,,,,"
"InternetGatewayDevice.WANDevice.1.WANConnectionDevice.3.WANIPConnection.1.X_HW_DHCPOPTION125.4.SubOptionData,false,2026-07-08T16:02:08.806Z,true,2026-07-08T16:02:08.806Z,"""",,,,,,"
"InternetGatewayDevice.WANDevice.1.WANConnectionDevice.3.WANIPConnection.1.X_HW_DHCPOPTION125.4.Type,false,2026-07-08T16:02:08.806Z,true,2026-07-08T16:02:08.806Z,"""",,,,,,"
"InternetGatewayDevice.WANDevice.1.WANConnectionDevice.3.WANIPConnection.1.X_HW_DHCPOPTION125.4.Value,false,2026-07-08T16:02:08.806Z,true,2026-07-08T16:02:08.806Z,"""",,,,,,"
"InternetGatewayDevice.WANDevice.1.WANConnectionDevice.3.WANIPConnection.1.X_HW_DHCPServer,false,2026-07-08T16:02:08.806Z,false,2026-07-08T16:02:08.806Z,"""",,,,,,"
"InternetGatewayDevice.WANDevice.1.WANConnectionDevice.3.WANIPConnection.1.X_HW_DMZ,true,2026-07-08T16:02:08.806Z,true,2026-07-08T16:02:08.806Z,"""",,,,,,"
"InternetGatewayDevice.WANDevice.1.WANConnectionDevice.3.WANIPConnection.1.X_HW_DMZ.DMZEnable,false,2026-07-08T16:02:08.806Z,true,2026-07-08T16:02:08.806Z,"""",,,,,,"
"InternetGatewayDevice.WANDevice.1.WANConnectionDevice.3.WANIPConnection.1.X_HW_DMZ.DMZHostIPAddress,false,2026-07-08T16:02:08.806Z,true,2026-07-08T16:02:08.806Z,"""",,,,,,"
"InternetGatewayDevice.WANDevice.1.WANConnectionDevice.3.WANIPConnection.1.X_HW_DefaultPri,false,2026-07-08T16:02:08.806Z,true,2026-07-08T16:02:08.806Z,"""",,,,,,"
"InternetGatewayDevice.WANDevice.1.WANConnectionDevice.3.WANIPConnection.1.X_HW_Dnsv4ProxyForV6,false,2026-07-08T16:02:08.806Z,true,2026-07-08T16:02:08.806Z,"""",,,,,,"
"InternetGatewayDevice.WANDevice.1.WANConnectionDevice.3.WANIPConnection.1.X_HW_DscpToPbitTbl,false,2026-07-08T16:02:08.806Z,true,2026-07-08T16:02:08.806Z,"""",,,,,,"
"InternetGatewayDevice.WANDevice.1.WANConnectionDevice.3.WANIPConnection.1.X_HW_ExServiceList,false,2026-07-08T16:02:08.806Z,true,2026-07-08T16:02:08.806Z,"""",,,,,,"
"InternetGatewayDevice.WANDevice.1.WANConnectionDevice.3.WANIPConnection.1.X_HW_ExtendDHCPOPTION60,true,2026-07-08T16:02:08.806Z,true,2026-07-08T16:02:08.806Z,"""",,,,,,"
"InternetGatewayDevice.WANDevice.1.WANConnectionDevice.3.WANIPConnection.1.X_HW_ExtendDHCPOPTION60.1,true,2026-07-08T16:02:08.806Z,true,2026-07-08T16:02:08.806Z,"""",,,,,,"
"InternetGatewayDevice.WANDevice.1.WANConnectionDevice.3.WANIPConnection.1.X_HW_ExtendDHCPOPTION60.1.Account,false,2026-07-08T16:02:08.806Z,true,2026-07-08T16:02:08.806Z,"""",,,,,,"
"InternetGatewayDevice.WANDevice.1.WANConnectionDevice.3.WANIPConnection.1.X_HW_ExtendDHCPOPTION60.1.Enable,false,2026-07-08T16:02:08.806Z,true,2026-07-08T16:02:08.806Z,"""",,,,,,"
"InternetGatewayDevice.WANDevice.1.WANConnectionDevice.3.WANIPConnection.1.X_HW_ExtendDHCPOPTION60.1.Password,false,2026-07-08T16:02:08.806Z,true,2026-07-08T16:02:08.806Z,"""",,,,,,"
"InternetGatewayDevice.WANDevice.1.WANConnectionDevice.3.WANIPConnection.1.X_HW_ExtendDHCPOPTION60.1.Type,false,2026-07-08T16:02:08.806Z,true,2026-07-08T16:02:08.806Z,"""",,,,,,"
"InternetGatewayDevice.WANDevice.1.WANConnectionDevice.3.WANIPConnection.1.X_HW_ExtendDHCPOPTION60.1.Value,false,2026-07-08T16:02:08.806Z,true,2026-07-08T16:02:08.806Z,"""",,,,,,"
"InternetGatewayDevice.WANDevice.1.WANConnectionDevice.3.WANIPConnection.1.X_HW_ExtendDHCPOPTION60.1.ValueMode,false,2026-07-08T16:02:08.806Z,true,2026-07-08T16:02:08.806Z,"""",,,,,,"
"InternetGatewayDevice.WANDevice.1.WANConnectionDevice.3.WANIPConnection.1.X_HW_ExtendDHCPOPTION60.2,true,2026-07-08T16:02:08.806Z,true,2026-07-08T16:02:08.806Z,"""",,,,,,"
"InternetGatewayDevice.WANDevice.1.WANConnectionDevice.3.WANIPConnection.1.X_HW_ExtendDHCPOPTION60.2.Account,false,2026-07-08T16:02:08.806Z,true,2026-07-08T16:02:08.806Z,"""",,,,,,"
"InternetGatewayDevice.WANDevice.1.WANConnectionDevice.3.WANIPConnection.1.X_HW_ExtendDHCPOPTION60.2.Enable,false,2026-07-08T16:02:08.806Z,true,2026-07-08T16:02:08.806Z,"""",,,,,,"
"InternetGatewayDevice.WANDevice.1.WANConnectionDevice.3.WANIPConnection.1.X_HW_ExtendDHCPOPTION60.2.Password,false,2026-07-08T16:02:08.806Z,true,2026-07-08T16:02:08.806Z,"""",,,,,,"
"InternetGatewayDevice.WANDevice.1.WANConnectionDevice.3.WANIPConnection.1.X_HW_ExtendDHCPOPTION60.2.Type,false,2026-07-08T16:02:08.806Z,true,2026-07-08T16:02:08.806Z,"""",,,,,,"
"InternetGatewayDevice.WANDevice.1.WANConnectionDevice.3.WANIPConnection.1.X_HW_ExtendDHCPOPTION60.2.Value,false,2026-07-08T16:02:08.806Z,true,2026-07-08T16:02:08.806Z,"""",,,,,,"
"InternetGatewayDevice.WANDevice.1.WANConnectionDevice.3.WANIPConnection.1.X_HW_ExtendDHCPOPTION60.2.ValueMode,false,2026-07-08T16:02:08.806Z,true,2026-07-08T16:02:08.806Z,"""",,,,,,"
"InternetGatewayDevice.WANDevice.1.WANConnectionDevice.3.WANIPConnection.1.X_HW_ExtendDHCPOPTION60.3,true,2026-07-08T16:02:08.806Z,true,2026-07-08T16:02:08.806Z,"""",,,,,,"
"InternetGatewayDevice.WANDevice.1.WANConnectionDevice.3.WANIPConnection.1.X_HW_ExtendDHCPOPTION60.3.Account,false,2026-07-08T16:02:08.806Z,true,2026-07-08T16:02:08.806Z,"""",,,,,,"
"InternetGatewayDevice.WANDevice.1.WANConnectionDevice.3.WANIPConnection.1.X_HW_ExtendDHCPOPTION60.3.Enable,false,2026-07-08T16:02:08.806Z,true,2026-07-08T16:02:08.806Z,"""",,,,,,"
"InternetGatewayDevice.WANDevice.1.WANConnectionDevice.3.WANIPConnection.1.X_HW_ExtendDHCPOPTION60.3.Password,false,2026-07-08T16:02:08.806Z,true,2026-07-08T16:02:08.806Z,"""",,,,,,"
"InternetGatewayDevice.WANDevice.1.WANConnectionDevice.3.WANIPConnection.1.X_HW_ExtendDHCPOPTION60.3.Type,false,2026-07-08T16:02:08.806Z,true,2026-07-08T16:02:08.806Z,"""",,,,,,"
"InternetGatewayDevice.WANDevice.1.WANConnectionDevice.3.WANIPConnection.1.X_HW_ExtendDHCPOPTION60.3.Value,false,2026-07-08T16:02:08.806Z,true,2026-07-08T16:02:08.806Z,"""",,,,,,"
"InternetGatewayDevice.WANDevice.1.WANConnectionDevice.3.WANIPConnection.1.X_HW_ExtendDHCPOPTION60.3.ValueMode,false,2026-07-08T16:02:08.806Z,true,2026-07-08T16:02:08.806Z,"""",,,,,,"
"InternetGatewayDevice.WANDevice.1.WANConnectionDevice.3.WANIPConnection.1.X_HW_ExtendDHCPOPTION60.4,true,2026-07-08T16:02:08.806Z,true,2026-07-08T16:02:08.806Z,"""",,,,,,"
"InternetGatewayDevice.WANDevice.1.WANConnectionDevice.3.WANIPConnection.1.X_HW_ExtendDHCPOPTION60.4.Account,false,2026-07-08T16:02:08.806Z,true,2026-07-08T16:02:08.806Z,"""",,,,,,"
"InternetGatewayDevice.WANDevice.1.WANConnectionDevice.3.WANIPConnection.1.X_HW_ExtendDHCPOPTION60.4.Enable,false,2026-07-08T16:02:08.806Z,true,2026-07-08T16:02:08.806Z,"""",,,,,,"
"InternetGatewayDevice.WANDevice.1.WANConnectionDevice.3.WANIPConnection.1.X_HW_ExtendDHCPOPTION60.4.Password,false,2026-07-08T16:02:08.806Z,true,2026-07-08T16:02:08.806Z,"""",,,,,,"
"InternetGatewayDevice.WANDevice.1.WANConnectionDevice.3.WANIPConnection.1.X_HW_ExtendDHCPOPTION60.4.Type,false,2026-07-08T16:02:08.806Z,true,2026-07-08T16:02:08.806Z,"""",,,,,,"
"InternetGatewayDevice.WANDevice.1.WANConnectionDevice.3.WANIPConnection.1.X_HW_ExtendDHCPOPTION60.4.Value,false,2026-07-08T16:02:08.806Z,true,2026-07-08T16:02:08.806Z,"""",,,,,,"
"InternetGatewayDevice.WANDevice.1.WANConnectionDevice.3.WANIPConnection.1.X_HW_ExtendDHCPOPTION60.4.ValueMode,false,2026-07-08T16:02:08.806Z,true,2026-07-08T16:02:08.806Z,"""",,,,,,"
"InternetGatewayDevice.WANDevice.1.WANConnectionDevice.3.WANIPConnection.1.X_HW_IPArpEcho,false,2026-07-08T16:02:08.806Z,true,2026-07-08T16:02:08.806Z,"""",,,,,,"
"InternetGatewayDevice.WANDevice.1.WANConnectionDevice.3.WANIPConnection.1.X_HW_IPArpEnable,false,2026-07-08T16:02:08.806Z,true,2026-07-08T16:02:08.806Z,"""",,,,,,"
"InternetGatewayDevice.WANDevice.1.WANConnectionDevice.3.WANIPConnection.1.X_HW_IPArpRetry,false,2026-07-08T16:02:08.806Z,true,2026-07-08T16:02:08.806Z,"""",,,,,,"
"InternetGatewayDevice.WANDevice.1.WANConnectionDevice.3.WANIPConnection.1.X_HW_IPv4Enable,false,2026-07-08T16:02:08.806Z,true,2026-07-08T16:02:08.806Z,"""",,,,,,"
"InternetGatewayDevice.WANDevice.1.WANConnectionDevice.3.WANIPConnection.1.X_HW_IPv6,true,2026-07-08T16:02:08.806Z,true,2026-07-08T16:02:08.806Z,"""",,,,,,"
"InternetGatewayDevice.WANDevice.1.WANConnectionDevice.3.WANIPConnection.1.X_HW_IPv6.DSLite,true,2026-07-08T16:02:08.806Z,true,2026-07-08T16:02:08.806Z,"""",,,,,,"
"InternetGatewayDevice.WANDevice.1.WANConnectionDevice.3.WANIPConnection.1.X_HW_IPv6.DSLite.AFTRName,false,2026-07-08T16:02:08.806Z,true,2026-07-08T16:02:08.806Z,"""",,,,,,"
"InternetGatewayDevice.WANDevice.1.WANConnectionDevice.3.WANIPConnection.1.X_HW_IPv6.DSLite.InTunnelMTU,false,2026-07-08T16:02:08.806Z,true,2026-07-08T16:02:08.806Z,"""",,,,,,"
"InternetGatewayDevice.WANDevice.1.WANConnectionDevice.3.WANIPConnection.1.X_HW_IPv6.DSLite.OutTunnelMTU,false,2026-07-08T16:02:08.806Z,true,2026-07-08T16:02:08.806Z,"""",,,,,,"
"InternetGatewayDevice.WANDevice.1.WANConnectionDevice.3.WANIPConnection.1.X_HW_IPv6.DSLite.WorkMode,false,2026-07-08T16:02:08.806Z,true,2026-07-08T16:02:08.806Z,"""",,,,,,"
"InternetGatewayDevice.WANDevice.1.WANConnectionDevice.3.WANIPConnection.1.X_HW_IPv6.IPv6Address,true,2026-07-08T16:02:08.806Z,true,2026-07-08T16:02:08.806Z,"""",,,,,,"
"InternetGatewayDevice.WANDevice.1.WANConnectionDevice.3.WANIPConnection.1.X_HW_IPv6.IPv6Prefix,true,2026-07-08T16:02:08.806Z,true,2026-07-08T16:02:08.806Z,"""",,,,,,"
"InternetGatewayDevice.WANDevice.1.WANConnectionDevice.3.WANIPConnection.1.X_HW_IPv6.PortForward,true,2026-07-08T16:02:08.806Z,true,2026-07-08T16:02:08.806Z,"""",,,,,,"
"InternetGatewayDevice.WANDevice.1.WANConnectionDevice.3.WANIPConnection.1.X_HW_IPv6Enable,false,2026-07-08T16:02:08.806Z,true,2026-07-08T16:02:08.806Z,"""",,,,,,"
"InternetGatewayDevice.WANDevice.1.WANConnectionDevice.3.WANIPConnection.1.X_HW_IPv6LLA,false,2026-07-08T16:02:08.806Z,false,2026-07-08T16:02:08.806Z,"""",,,,,,"
"InternetGatewayDevice.WANDevice.1.WANConnectionDevice.3.WANIPConnection.1.X_HW_IPv6MultiCastVLAN,false,2026-07-08T16:02:08.806Z,true,2026-07-08T16:02:08.806Z,"""",,,,,,"
"InternetGatewayDevice.WANDevice.1.WANConnectionDevice.3.WANIPConnection.1.X_HW_IPv6OPTION16,true,2026-07-08T16:02:08.806Z,true,2026-07-08T16:02:08.806Z,"""",,,,,,"
"InternetGatewayDevice.WANDevice.1.WANConnectionDevice.3.WANIPConnection.1.X_HW_IPv6OPTION16.1,true,2026-07-08T16:02:08.806Z,true,2026-07-08T16:02:08.806Z,"""",,,,,,"
"InternetGatewayDevice.WANDevice.1.WANConnectionDevice.3.WANIPConnection.1.X_HW_IPv6OPTION16.1.Enable,false,2026-07-08T16:02:08.806Z,true,2026-07-08T16:02:08.806Z,"""",,,,,,"
"InternetGatewayDevice.WANDevice.1.WANConnectionDevice.3.WANIPConnection.1.X_HW_IPv6OPTION16.1.Type,false,2026-07-08T16:02:08.806Z,true,2026-07-08T16:02:08.806Z,"""",,,,,,"
"InternetGatewayDevice.WANDevice.1.WANConnectionDevice.3.WANIPConnection.1.X_HW_IPv6OPTION16.1.Value,false,2026-07-08T16:02:08.806Z,true,2026-07-08T16:02:08.806Z,"""",,,,,,"
"InternetGatewayDevice.WANDevice.1.WANConnectionDevice.3.WANIPConnection.1.X_HW_IPv6OPTION16.1.ValueMode,false,2026-07-08T16:02:08.806Z,true,2026-07-08T16:02:08.806Z,"""",,,,,,"
"InternetGatewayDevice.WANDevice.1.WANConnectionDevice.3.WANIPConnection.1.X_HW_IPv6OPTION16.2,true,2026-07-08T16:02:08.806Z,true,2026-07-08T16:02:08.806Z,"""",,,,,,"
"InternetGatewayDevice.WANDevice.1.WANConnectionDevice.3.WANIPConnection.1.X_HW_IPv6OPTION16.2.Enable,false,2026-07-08T16:02:08.806Z,true,2026-07-08T16:02:08.806Z,"""",,,,,,"
"InternetGatewayDevice.WANDevice.1.WANConnectionDevice.3.WANIPConnection.1.X_HW_IPv6OPTION16.2.Type,false,2026-07-08T16:02:08.806Z,true,2026-07-08T16:02:08.806Z,"""",,,,,,"
"InternetGatewayDevice.WANDevice.1.WANConnectionDevice.3.WANIPConnection.1.X_HW_IPv6OPTION16.2.Value,false,2026-07-08T16:02:08.806Z,true,2026-07-08T16:02:08.806Z,"""",,,,,,"
"InternetGatewayDevice.WANDevice.1.WANConnectionDevice.3.WANIPConnection.1.X_HW_IPv6OPTION16.2.ValueMode,false,2026-07-08T16:02:08.806Z,true,2026-07-08T16:02:08.806Z,"""",,,,,,"
"InternetGatewayDevice.WANDevice.1.WANConnectionDevice.3.WANIPConnection.1.X_HW_IPv6OPTION16.3,true,2026-07-08T16:02:08.806Z,true,2026-07-08T16:02:08.806Z,"""",,,,,,"
"InternetGatewayDevice.WANDevice.1.WANConnectionDevice.3.WANIPConnection.1.X_HW_IPv6OPTION16.3.Enable,false,2026-07-08T16:02:08.806Z,true,2026-07-08T16:02:08.806Z,"""",,,,,,"
"InternetGatewayDevice.WANDevice.1.WANConnectionDevice.3.WANIPConnection.1.X_HW_IPv6OPTION16.3.Type,false,2026-07-08T16:02:08.806Z,true,2026-07-08T16:02:08.806Z,"""",,,,,,"
"InternetGatewayDevice.WANDevice.1.WANConnectionDevice.3.WANIPConnection.1.X_HW_IPv6OPTION16.3.Value,false,2026-07-08T16:02:08.806Z,true,2026-07-08T16:02:08.806Z,"""",,,,,,"
"InternetGatewayDevice.WANDevice.1.WANConnectionDevice.3.WANIPConnection.1.X_HW_IPv6OPTION16.3.ValueMode,false,2026-07-08T16:02:08.806Z,true,2026-07-08T16:02:08.806Z,"""",,,,,,"
"InternetGatewayDevice.WANDevice.1.WANConnectionDevice.3.WANIPConnection.1.X_HW_IPv6OPTION16.4,true,2026-07-08T16:02:08.806Z,true,2026-07-08T16:02:08.806Z,"""",,,,,,"
"InternetGatewayDevice.WANDevice.1.WANConnectionDevice.3.WANIPConnection.1.X_HW_IPv6OPTION16.4.Enable,false,2026-07-08T16:02:08.806Z,true,2026-07-08T16:02:08.806Z,"""",,,,,,"
"InternetGatewayDevice.WANDevice.1.WANConnectionDevice.3.WANIPConnection.1.X_HW_IPv6OPTION16.4.Type,false,2026-07-08T16:02:08.806Z,true,2026-07-08T16:02:08.806Z,"""",,,,,,"
"InternetGatewayDevice.WANDevice.1.WANConnectionDevice.3.WANIPConnection.1.X_HW_IPv6OPTION16.4.Value,false,2026-07-08T16:02:08.806Z,true,2026-07-08T16:02:08.806Z,"""",,,,,,"
"InternetGatewayDevice.WANDevice.1.WANConnectionDevice.3.WANIPConnection.1.X_HW_IPv6OPTION16.4.ValueMode,false,2026-07-08T16:02:08.806Z,true,2026-07-08T16:02:08.806Z,"""",,,,,,"
"InternetGatewayDevice.WANDevice.1.WANConnectionDevice.3.WANIPConnection.1.X_HW_IPv6OPTION17,true,2026-07-08T16:02:08.806Z,true,2026-07-08T16:02:08.806Z,"""",,,,,,"
"InternetGatewayDevice.WANDevice.1.WANConnectionDevice.3.WANIPConnection.1.X_HW_IPv6OPTION17.1,true,2026-07-08T16:02:08.806Z,true,2026-07-08T16:02:08.806Z,"""",,,,,,"
"InternetGatewayDevice.WANDevice.1.WANConnectionDevice.3.WANIPConnection.1.X_HW_IPv6OPTION17.1.Enable,false,2026-07-08T16:02:08.806Z,true,2026-07-08T16:02:08.806Z,"""",,,,,,"
"InternetGatewayDevice.WANDevice.1.WANConnectionDevice.3.WANIPConnection.1.X_HW_IPv6OPTION17.1.SubOptCode,false,2026-07-08T16:02:08.806Z,true,2026-07-08T16:02:08.806Z,"""",,,,,,"
"InternetGatewayDevice.WANDevice.1.WANConnectionDevice.3.WANIPConnection.1.X_HW_IPv6OPTION17.1.SubOptionData,false,2026-07-08T16:02:08.806Z,true,2026-07-08T16:02:08.806Z,"""",,,,,,"
"InternetGatewayDevice.WANDevice.1.WANConnectionDevice.3.WANIPConnection.1.X_HW_IPv6OPTION17.1.Type,false,2026-07-08T16:02:08.806Z,true,2026-07-08T16:02:08.806Z,"""",,,,,,"
"InternetGatewayDevice.WANDevice.1.WANConnectionDevice.3.WANIPConnection.1.X_HW_IPv6OPTION17.1.Value,false,2026-07-08T16:02:08.806Z,true,2026-07-08T16:02:08.806Z,"""",,,,,,"
"InternetGatewayDevice.WANDevice.1.WANConnectionDevice.3.WANIPConnection.1.X_HW_IPv6OPTION17.2,true,2026-07-08T16:02:08.806Z,true,2026-07-08T16:02:08.806Z,"""",,,,,,"
"InternetGatewayDevice.WANDevice.1.WANConnectionDevice.3.WANIPConnection.1.X_HW_IPv6OPTION17.2.Enable,false,2026-07-08T16:02:08.806Z,true,2026-07-08T16:02:08.806Z,"""",,,,,,"
"InternetGatewayDevice.WANDevice.1.WANConnectionDevice.3.WANIPConnection.1.X_HW_IPv6OPTION17.2.SubOptCode,false,2026-07-08T16:02:08.806Z,true,2026-07-08T16:02:08.806Z,"""",,,,,,"
"InternetGatewayDevice.WANDevice.1.WANConnectionDevice.3.WANIPConnection.1.X_HW_IPv6OPTION17.2.SubOptionData,false,2026-07-08T16:02:08.806Z,true,2026-07-08T16:02:08.806Z,"""",,,,,,"
"InternetGatewayDevice.WANDevice.1.WANConnectionDevice.3.WANIPConnection.1.X_HW_IPv6OPTION17.2.Type,false,2026-07-08T16:02:08.806Z,true,2026-07-08T16:02:08.806Z,"""",,,,,,"
"InternetGatewayDevice.WANDevice.1.WANConnectionDevice.3.WANIPConnection.1.X_HW_IPv6OPTION17.2.Value,false,2026-07-08T16:02:08.806Z,true,2026-07-08T16:02:08.806Z,"""",,,,,,"
"InternetGatewayDevice.WANDevice.1.WANConnectionDevice.3.WANIPConnection.1.X_HW_IPv6OPTION17.3,true,2026-07-08T16:02:08.806Z,true,2026-07-08T16:02:08.806Z,"""",,,,,,"
"InternetGatewayDevice.WANDevice.1.WANConnectionDevice.3.WANIPConnection.1.X_HW_IPv6OPTION17.3.Enable,false,2026-07-08T16:02:08.806Z,true,2026-07-08T16:02:08.806Z,"""",,,,,,"
"InternetGatewayDevice.WANDevice.1.WANConnectionDevice.3.WANIPConnection.1.X_HW_IPv6OPTION17.3.SubOptCode,false,2026-07-08T16:02:08.806Z,true,2026-07-08T16:02:08.806Z,"""",,,,,,"
"InternetGatewayDevice.WANDevice.1.WANConnectionDevice.3.WANIPConnection.1.X_HW_IPv6OPTION17.3.SubOptionData,false,2026-07-08T16:02:08.806Z,true,2026-07-08T16:02:08.806Z,"""",,,,,,"
"InternetGatewayDevice.WANDevice.1.WANConnectionDevice.3.WANIPConnection.1.X_HW_IPv6OPTION17.3.Type,false,2026-07-08T16:02:08.806Z,true,2026-07-08T16:02:08.806Z,"""",,,,,,"
"InternetGatewayDevice.WANDevice.1.WANConnectionDevice.3.WANIPConnection.1.X_HW_IPv6OPTION17.3.Value,false,2026-07-08T16:02:08.806Z,true,2026-07-08T16:02:08.806Z,"""",,,,,,"
"InternetGatewayDevice.WANDevice.1.WANConnectionDevice.3.WANIPConnection.1.X_HW_IPv6OPTION17.4,true,2026-07-08T16:02:08.806Z,true,2026-07-08T16:02:08.806Z,"""",,,,,,"
"InternetGatewayDevice.WANDevice.1.WANConnectionDevice.3.WANIPConnection.1.X_HW_IPv6OPTION17.4.Enable,false,2026-07-08T16:02:08.806Z,true,2026-07-08T16:02:08.806Z,"""",,,,,,"
"InternetGatewayDevice.WANDevice.1.WANConnectionDevice.3.WANIPConnection.1.X_HW_IPv6OPTION17.4.SubOptCode,false,2026-07-08T16:02:08.806Z,true,2026-07-08T16:02:08.806Z,"""",,,,,,"
"InternetGatewayDevice.WANDevice.1.WANConnectionDevice.3.WANIPConnection.1.X_HW_IPv6OPTION17.4.SubOptionData,false,2026-07-08T16:02:08.806Z,true,2026-07-08T16:02:08.806Z,"""",,,,,,"
"InternetGatewayDevice.WANDevice.1.WANConnectionDevice.3.WANIPConnection.1.X_HW_IPv6OPTION17.4.Type,false,2026-07-08T16:02:08.806Z,true,2026-07-08T16:02:08.806Z,"""",,,,,,"
"InternetGatewayDevice.WANDevice.1.WANConnectionDevice.3.WANIPConnection.1.X_HW_IPv6OPTION17.4.Value,false,2026-07-08T16:02:08.806Z,true,2026-07-08T16:02:08.806Z,"""",,,,,,"
"InternetGatewayDevice.WANDevice.1.WANConnectionDevice.3.WANIPConnection.1.X_HW_IPv6_PortForwardNumberOfEntries,false,2026-07-08T16:02:08.806Z,false,2026-07-08T16:02:08.806Z,"""",,,,,,"
"InternetGatewayDevice.WANDevice.1.WANConnectionDevice.3.WANIPConnection.1.X_HW_LANBIND,true,2026-07-08T16:02:08.806Z,true,2026-07-08T16:02:08.806Z,"""",,,,,,"
"InternetGatewayDevice.WANDevice.1.WANConnectionDevice.3.WANIPConnection.1.X_HW_LANBIND.Lan1Enable,false,2026-07-08T16:02:08.806Z,true,2026-07-08T16:02:08.806Z,"""",,,,,,"
"InternetGatewayDevice.WANDevice.1.WANConnectionDevice.3.WANIPConnection.1.X_HW_LANBIND.Lan2Enable,false,2026-07-08T16:02:08.806Z,true,2026-07-08T16:02:08.806Z,"""",,,,,,"
"InternetGatewayDevice.WANDevice.1.WANConnectionDevice.3.WANIPConnection.1.X_HW_LANBIND.Lan3Enable,false,2026-07-08T16:02:08.806Z,true,2026-07-08T16:02:08.806Z,"""",,,,,,"
"InternetGatewayDevice.WANDevice.1.WANConnectionDevice.3.WANIPConnection.1.X_HW_LANBIND.Lan4Enable,false,2026-07-08T16:02:08.806Z,true,2026-07-08T16:02:08.806Z,"""",,,,,,"
"InternetGatewayDevice.WANDevice.1.WANConnectionDevice.3.WANIPConnection.1.X_HW_LANBIND.SSID1Enable,false,2026-07-08T16:02:08.806Z,true,2026-07-08T16:02:08.806Z,"""",,,,,,"
"InternetGatewayDevice.WANDevice.1.WANConnectionDevice.3.WANIPConnection.1.X_HW_LANBIND.SSID2Enable,false,2026-07-08T16:02:08.806Z,true,2026-07-08T16:02:08.806Z,"""",,,,,,"
"InternetGatewayDevice.WANDevice.1.WANConnectionDevice.3.WANIPConnection.1.X_HW_LANBIND.SSID3Enable,false,2026-07-08T16:02:08.806Z,true,2026-07-08T16:02:08.806Z,"""",,,,,,"
"InternetGatewayDevice.WANDevice.1.WANConnectionDevice.3.WANIPConnection.1.X_HW_LANBIND.SSID4Enable,false,2026-07-08T16:02:08.806Z,true,2026-07-08T16:02:08.806Z,"""",,,,,,"
"InternetGatewayDevice.WANDevice.1.WANConnectionDevice.3.WANIPConnection.1.X_HW_LowerLayers,false,2026-07-08T16:02:08.806Z,true,2026-07-08T16:02:08.806Z,"""",,,,,,"
"InternetGatewayDevice.WANDevice.1.WANConnectionDevice.3.WANIPConnection.1.X_HW_MultiCastVLAN,false,2026-07-08T16:02:08.806Z,true,2026-07-08T16:02:08.806Z,"""",,,,,,"
"InternetGatewayDevice.WANDevice.1.WANConnectionDevice.3.WANIPConnection.1.X_HW_NPTv6Enable,false,2026-07-08T16:02:08.806Z,true,2026-07-08T16:02:08.806Z,"""",,,,,,"
"InternetGatewayDevice.WANDevice.1.WANConnectionDevice.3.WANIPConnection.1.X_HW_NatType,false,2026-07-08T16:02:08.806Z,true,2026-07-08T16:02:08.806Z,"""",,,,,,"
"InternetGatewayDevice.WANDevice.1.WANConnectionDevice.3.WANIPConnection.1.X_HW_PRI,false,2026-07-08T16:02:08.806Z,true,2026-07-08T16:02:08.806Z,"""",,,,,,"
"InternetGatewayDevice.WANDevice.1.WANConnectionDevice.3.WANIPConnection.1.X_HW_PortTrigger,true,2026-07-08T16:02:08.806Z,true,2026-07-08T16:02:08.806Z,"""",,,,,,"
"InternetGatewayDevice.WANDevice.1.WANConnectionDevice.3.WANIPConnection.1.X_HW_PriPolicy,false,2026-07-08T16:02:08.806Z,true,2026-07-08T16:02:08.806Z,"""",,,,,,"
"InternetGatewayDevice.WANDevice.1.WANConnectionDevice.3.WANIPConnection.1.X_HW_SERVICELIST,false,2026-07-08T16:02:08.806Z,true,2026-07-08T16:02:08.806Z,"""",,,,,,"
"InternetGatewayDevice.WANDevice.1.WANConnectionDevice.3.WANIPConnection.1.X_HW_UpstreamWAN,false,2026-07-08T16:02:08.806Z,true,2026-07-08T16:02:08.806Z,"""",,,,,,"
"InternetGatewayDevice.WANDevice.1.WANConnectionDevice.3.WANIPConnection.1.X_HW_VLAN,false,2026-07-08T16:02:08.806Z,true,2026-07-08T16:02:08.806Z,"""",,,,,,"
"InternetGatewayDevice.WANDevice.1.WANConnectionDevice.3.WANIPConnection.1.X_HW_VenderClassID,false,2026-07-08T16:02:08.806Z,true,2026-07-08T16:02:08.806Z,"""",,,,,,"
"InternetGatewayDevice.WANDevice.1.WANConnectionDevice.3.WANIPConnectionNumberOfEntries,false,2026-07-08T16:02:08.806Z,false,2026-07-08T16:02:08.806Z,"""",,,,,,"
"InternetGatewayDevice.WANDevice.1.WANConnectionDevice.3.WANPPPConnection,true,2026-07-08T16:02:08.806Z,true,2026-07-08T16:02:08.806Z,"""",,,,,,"
"InternetGatewayDevice.WANDevice.1.WANConnectionDevice.3.WANPPPConnectionNumberOfEntries,false,2026-07-08T16:02:08.806Z,false,2026-07-08T16:02:08.806Z,"""",,,,,,"
"InternetGatewayDevice.WANDevice.1.WANConnectionNumberOfEntries,false,2026-07-08T16:02:08.806Z,false,2026-07-08T16:02:08.806Z,"""",,,,,,"
"InternetGatewayDevice.WANDevice.1.X_GponInterafceConfig,true,2026-07-08T16:02:08.806Z,true,2026-07-08T16:02:08.806Z,"""",,,,,,"
"InternetGatewayDevice.WANDevice.1.X_GponInterafceConfig.BiasCurrent,false,2026-07-08T16:02:08.806Z,false,2026-07-08T16:02:08.806Z,"""",,,,,,"
"InternetGatewayDevice.WANDevice.1.X_GponInterafceConfig.RXPower,false,2026-07-08T16:02:08.806Z,false,2026-07-08T16:02:08.806Z,"""",,,,,,"
"InternetGatewayDevice.WANDevice.1.X_GponInterafceConfig.Stats,true,2026-07-08T16:02:08.806Z,false,2026-07-08T16:02:08.806Z,"""",,,,,,"
"InternetGatewayDevice.WANDevice.1.X_GponInterafceConfig.Stats.BytesReceived,false,2026-07-08T16:02:08.806Z,false,2026-07-08T16:02:08.806Z,"""",,,,,,"
"InternetGatewayDevice.WANDevice.1.X_GponInterafceConfig.Stats.BytesSent,false,2026-07-08T16:02:08.806Z,false,2026-07-08T16:02:08.806Z,"""",,,,,,"
"InternetGatewayDevice.WANDevice.1.X_GponInterafceConfig.Stats.DropPackets,false,2026-07-08T16:02:08.806Z,false,2026-07-08T16:02:08.806Z,"""",,,,,,"
"InternetGatewayDevice.WANDevice.1.X_GponInterafceConfig.Stats.DropRate,false,2026-07-08T16:02:08.806Z,false,2026-07-08T16:02:08.806Z,"""",,,,,,"
"InternetGatewayDevice.WANDevice.1.X_GponInterafceConfig.Stats.ErrorRate,false,2026-07-08T16:02:08.806Z,false,2026-07-08T16:02:08.806Z,"""",,,,,,"
"InternetGatewayDevice.WANDevice.1.X_GponInterafceConfig.Stats.FECError,false,2026-07-08T16:02:08.806Z,false,2026-07-08T16:02:08.806Z,"""",,,,,,"
"InternetGatewayDevice.WANDevice.1.X_GponInterafceConfig.Stats.HECError,false,2026-07-08T16:02:08.806Z,false,2026-07-08T16:02:08.806Z,"""",,,,,,"
"InternetGatewayDevice.WANDevice.1.X_GponInterafceConfig.Stats.PacketsReceived,false,2026-07-08T16:02:08.806Z,false,2026-07-08T16:02:08.806Z,"""",,,,,,"
"InternetGatewayDevice.WANDevice.1.X_GponInterafceConfig.Stats.PacketsSent,false,2026-07-08T16:02:08.806Z,false,2026-07-08T16:02:08.806Z,"""",,,,,,"
"InternetGatewayDevice.WANDevice.1.X_GponInterafceConfig.Stats.RBroadcastPackets,false,2026-07-08T16:02:08.806Z,false,2026-07-08T16:02:08.806Z,"""",,,,,,"
"InternetGatewayDevice.WANDevice.1.X_GponInterafceConfig.Stats.RMulticastPackets,false,2026-07-08T16:02:08.806Z,false,2026-07-08T16:02:08.806Z,"""",,,,,,"
"InternetGatewayDevice.WANDevice.1.X_GponInterafceConfig.Stats.RPausePackets,false,2026-07-08T16:02:08.806Z,false,2026-07-08T16:02:08.806Z,"""",,,,,,"
"InternetGatewayDevice.WANDevice.1.X_GponInterafceConfig.Stats.RUnicastPackets,false,2026-07-08T16:02:08.806Z,false,2026-07-08T16:02:08.806Z,"""",,,,,,"
"InternetGatewayDevice.WANDevice.1.X_GponInterafceConfig.Stats.SBroadcastPackets,false,2026-07-08T16:02:08.806Z,false,2026-07-08T16:02:08.806Z,"""",,,,,,"
"InternetGatewayDevice.WANDevice.1.X_GponInterafceConfig.Stats.SMulticastPackets,false,2026-07-08T16:02:08.806Z,false,2026-07-08T16:02:08.806Z,"""",,,,,,"
"InternetGatewayDevice.WANDevice.1.X_GponInterafceConfig.Stats.SPausePackets,false,2026-07-08T16:02:08.806Z,false,2026-07-08T16:02:08.806Z,"""",,,,,,"
"InternetGatewayDevice.WANDevice.1.X_GponInterafceConfig.Stats.SUnicastPackets,false,2026-07-08T16:02:08.806Z,false,2026-07-08T16:02:08.806Z,"""",,,,,,"
"InternetGatewayDevice.WANDevice.1.X_GponInterafceConfig.Status,false,2026-07-08T16:02:08.806Z,false,2026-07-08T16:02:08.806Z,"""",,,,,,"
"InternetGatewayDevice.WANDevice.1.X_GponInterafceConfig.SupplyVoltage,false,2026-07-08T16:02:08.806Z,false,2026-07-08T16:02:08.806Z,"""",,,,,,"
"InternetGatewayDevice.WANDevice.1.X_GponInterafceConfig.TXPower,false,2026-07-08T16:02:08.806Z,false,2026-07-08T16:02:08.806Z,"""",,,,,,"
"InternetGatewayDevice.WANDevice.1.X_GponInterafceConfig.TransceiverTemperature,false,2026-07-08T16:02:08.806Z,false,2026-07-08T16:02:08.806Z,"""",,,,,,"
"InternetGatewayDevice.WANDevice.1.X_HW_PonInterface,true,2026-07-08T16:02:08.806Z,false,2026-07-08T16:02:08.806Z,"""",,,,,,"
"InternetGatewayDevice.WANDevice.1.X_HW_PonInterface.Stats,true,2026-07-08T16:02:08.806Z,false,2026-07-08T16:02:08.806Z,"""",,,,,,"
"InternetGatewayDevice.WANDevice.1.X_HW_PonInterface.Stats.BytesReceived,false,2026-07-08T16:02:08.806Z,false,2026-07-08T16:02:08.806Z,"""",,,,,,"
"InternetGatewayDevice.WANDevice.1.X_HW_PonInterface.Stats.BytesSent,false,2026-07-08T16:02:08.806Z,false,2026-07-08T16:02:08.806Z,"""",,,,,,"
"InternetGatewayDevice.WANDevice.1.X_HW_PonInterface.Stats.DropPackets,false,2026-07-08T16:02:08.806Z,false,2026-07-08T16:02:08.806Z,"""",,,,,,"
"InternetGatewayDevice.WANDevice.1.X_HW_PonInterface.Stats.DropRate,false,2026-07-08T16:02:08.806Z,false,2026-07-08T16:02:08.806Z,"""",,,,,,"
"InternetGatewayDevice.WANDevice.1.X_HW_PonInterface.Stats.ErrorRate,false,2026-07-08T16:02:08.806Z,false,2026-07-08T16:02:08.806Z,"""",,,,,,"
"InternetGatewayDevice.WANDevice.1.X_HW_PonInterface.Stats.FECError,false,2026-07-08T16:02:08.806Z,false,2026-07-08T16:02:08.806Z,"""",,,,,,"
"InternetGatewayDevice.WANDevice.1.X_HW_PonInterface.Stats.HECError,false,2026-07-08T16:02:08.806Z,false,2026-07-08T16:02:08.806Z,"""",,,,,,"
"InternetGatewayDevice.WANDevice.1.X_HW_PonInterface.Stats.PacketsReceived,false,2026-07-08T16:02:08.806Z,false,2026-07-08T16:02:08.806Z,"""",,,,,,"
"InternetGatewayDevice.WANDevice.1.X_HW_PonInterface.Stats.PacketsSent,false,2026-07-08T16:02:08.806Z,false,2026-07-08T16:02:08.806Z,"""",,,,,,"
"InternetGatewayDevice.WANDevice.1.X_HW_PonInterface.Stats.RBroadcastPackets,false,2026-07-08T16:02:08.806Z,false,2026-07-08T16:02:08.806Z,"""",,,,,,"
"InternetGatewayDevice.WANDevice.1.X_HW_PonInterface.Stats.RMulticastPackets,false,2026-07-08T16:02:08.806Z,false,2026-07-08T16:02:08.806Z,"""",,,,,,"
"InternetGatewayDevice.WANDevice.1.X_HW_PonInterface.Stats.RPausePackets,false,2026-07-08T16:02:08.806Z,false,2026-07-08T16:02:08.806Z,"""",,,,,,"
"InternetGatewayDevice.WANDevice.1.X_HW_PonInterface.Stats.RUnicastPackets,false,2026-07-08T16:02:08.806Z,false,2026-07-08T16:02:08.806Z,"""",,,,,,"
"InternetGatewayDevice.WANDevice.1.X_HW_PonInterface.Stats.SBroadcastPackets,false,2026-07-08T16:02:08.806Z,false,2026-07-08T16:02:08.806Z,"""",,,,,,"
"InternetGatewayDevice.WANDevice.1.X_HW_PonInterface.Stats.SMulticastPackets,false,2026-07-08T16:02:08.806Z,false,2026-07-08T16:02:08.806Z,"""",,,,,,"
"InternetGatewayDevice.WANDevice.1.X_HW_PonInterface.Stats.SPausePackets,false,2026-07-08T16:02:08.806Z,false,2026-07-08T16:02:08.806Z,"""",,,,,,"
"InternetGatewayDevice.WANDevice.1.X_HW_PonInterface.Stats.SUnicastPackets,false,2026-07-08T16:02:08.806Z,false,2026-07-08T16:02:08.806Z,"""",,,,,,"
"InternetGatewayDevice.WANDevice.1.X_HW_ShowInterface,true,2026-07-08T16:02:08.806Z,true,2026-07-08T16:02:08.806Z,"""",,,,,,"
"InternetGatewayDevice.WANDevice.1.X_HW_ShowInterface.1,true,2026-07-08T16:02:08.806Z,true,2026-07-08T16:02:08.806Z,"""",,,,,,"
"InternetGatewayDevice.WANDevice.1.X_HW_ShowInterface.1.AFTRName,false,2026-07-08T16:02:08.806Z,false,2026-07-08T16:02:08.806Z,"""",,,,,,"
"InternetGatewayDevice.WANDevice.1.X_HW_ShowInterface.1.IPv6DNS,false,2026-07-08T16:02:08.806Z,false,2026-07-08T16:02:08.806Z,"""",,,,,,"
"InternetGatewayDevice.WANDevice.1.X_HW_ShowInterface.3,true,2026-07-08T16:02:08.806Z,true,2026-07-08T16:02:08.806Z,"""",,,,,,"
"InternetGatewayDevice.WANDevice.1.X_HW_ShowInterface.3.AFTRName,false,2026-07-08T16:02:08.806Z,false,2026-07-08T16:02:08.806Z,"""",,,,,,"
"InternetGatewayDevice.WANDevice.1.X_HW_ShowInterface.3.IPv6DNS,false,2026-07-08T16:02:08.806Z,false,2026-07-08T16:02:08.806Z,"""",,,,,,"
"InternetGatewayDevice.WANDeviceNumberOfEntries,false,2026-07-08T16:02:08.806Z,false,2026-07-08T16:02:08.806Z,"""",,,,,,"
"InternetGatewayDevice.X_HW_ALG,true,2026-07-08T16:02:08.806Z,true,2026-07-08T16:02:08.806Z,"""",,,,,,"
"InternetGatewayDevice.X_HW_ALG.ALGInfo,true,2026-07-08T16:02:08.806Z,false,2026-07-08T16:02:08.806Z,"""",,,,,,"
"InternetGatewayDevice.X_HW_ALG.ALGInfo.1,true,2026-07-08T16:02:08.806Z,false,2026-07-08T16:02:08.806Z,"""",,,,,,"
"InternetGatewayDevice.X_HW_ALG.ALGInfo.1.ALGType,false,2026-07-08T16:02:08.806Z,false,2026-07-08T16:02:08.806Z,"""",,,,,,"
"InternetGatewayDevice.X_HW_ALG.ALGInfo.1.IPProtocolVersion,false,2026-07-08T16:02:08.806Z,false,2026-07-08T16:02:08.806Z,"""",,,,,,"
"InternetGatewayDevice.X_HW_ALG.ALGInfo.1.PortRange,false,2026-07-08T16:02:08.806Z,false,2026-07-08T16:02:08.806Z,"""",,,,,,"
"InternetGatewayDevice.X_HW_ALG.ALGInfo.1.Protocol,false,2026-07-08T16:02:08.806Z,false,2026-07-08T16:02:08.806Z,"""",,,,,,"
"InternetGatewayDevice.X_HW_ALG.ALGInfo.2,true,2026-07-08T16:02:08.806Z,false,2026-07-08T16:02:08.806Z,"""",,,,,,"
"InternetGatewayDevice.X_HW_ALG.ALGInfo.2.ALGType,false,2026-07-08T16:02:08.806Z,false,2026-07-08T16:02:08.806Z,"""",,,,,,"
"InternetGatewayDevice.X_HW_ALG.ALGInfo.2.IPProtocolVersion,false,2026-07-08T16:02:08.806Z,false,2026-07-08T16:02:08.806Z,"""",,,,,,"
"InternetGatewayDevice.X_HW_ALG.ALGInfo.2.PortRange,false,2026-07-08T16:02:08.806Z,false,2026-07-08T16:02:08.806Z,"""",,,,,,"
"InternetGatewayDevice.X_HW_ALG.ALGInfo.2.Protocol,false,2026-07-08T16:02:08.806Z,false,2026-07-08T16:02:08.806Z,"""",,,,,,"
"InternetGatewayDevice.X_HW_ALG.ALGInfo.3,true,2026-07-08T16:02:08.806Z,false,2026-07-08T16:02:08.806Z,"""",,,,,,"
"InternetGatewayDevice.X_HW_ALG.ALGInfo.3.ALGType,false,2026-07-08T16:02:08.806Z,false,2026-07-08T16:02:08.806Z,"""",,,,,,"
"InternetGatewayDevice.X_HW_ALG.ALGInfo.3.IPProtocolVersion,false,2026-07-08T16:02:08.806Z,false,2026-07-08T16:02:08.806Z,"""",,,,,,"
"InternetGatewayDevice.X_HW_ALG.ALGInfo.3.PortRange,false,2026-07-08T16:02:08.806Z,false,2026-07-08T16:02:08.806Z,"""",,,,,,"
"InternetGatewayDevice.X_HW_ALG.ALGInfo.3.Protocol,false,2026-07-08T16:02:08.806Z,false,2026-07-08T16:02:08.806Z,"""",,,,,,"
"InternetGatewayDevice.X_HW_ALG.ALGInfo.4,true,2026-07-08T16:02:08.806Z,false,2026-07-08T16:02:08.806Z,"""",,,,,,"
"InternetGatewayDevice.X_HW_ALG.ALGInfo.4.ALGType,false,2026-07-08T16:02:08.806Z,false,2026-07-08T16:02:08.806Z,"""",,,,,,"
"InternetGatewayDevice.X_HW_ALG.ALGInfo.4.IPProtocolVersion,false,2026-07-08T16:02:08.806Z,false,2026-07-08T16:02:08.806Z,"""",,,,,,"
"InternetGatewayDevice.X_HW_ALG.ALGInfo.4.PortRange,false,2026-07-08T16:02:08.806Z,false,2026-07-08T16:02:08.806Z,"""",,,,,,"
"InternetGatewayDevice.X_HW_ALG.ALGInfo.4.Protocol,false,2026-07-08T16:02:08.806Z,false,2026-07-08T16:02:08.806Z,"""",,,,,,"
"InternetGatewayDevice.X_HW_ALG.ALGInfo.5,true,2026-07-08T16:02:08.806Z,false,2026-07-08T16:02:08.806Z,"""",,,,,,"
"InternetGatewayDevice.X_HW_ALG.ALGInfo.5.ALGType,false,2026-07-08T16:02:08.806Z,false,2026-07-08T16:02:08.806Z,"""",,,,,,"
"InternetGatewayDevice.X_HW_ALG.ALGInfo.5.IPProtocolVersion,false,2026-07-08T16:02:08.806Z,false,2026-07-08T16:02:08.806Z,"""",,,,,,"
"InternetGatewayDevice.X_HW_ALG.ALGInfo.5.PortRange,false,2026-07-08T16:02:08.806Z,false,2026-07-08T16:02:08.806Z,"""",,,,,,"
"InternetGatewayDevice.X_HW_ALG.ALGInfo.5.Protocol,false,2026-07-08T16:02:08.806Z,false,2026-07-08T16:02:08.806Z,"""",,,,,,"
"InternetGatewayDevice.X_HW_ALG.ALGInfo.6,true,2026-07-08T16:02:08.806Z,false,2026-07-08T16:02:08.806Z,"""",,,,,,"
"InternetGatewayDevice.X_HW_ALG.ALGInfo.6.ALGType,false,2026-07-08T16:02:08.806Z,false,2026-07-08T16:02:08.806Z,"""",,,,,,"
"InternetGatewayDevice.X_HW_ALG.ALGInfo.6.IPProtocolVersion,false,2026-07-08T16:02:08.806Z,false,2026-07-08T16:02:08.806Z,"""",,,,,,"
"InternetGatewayDevice.X_HW_ALG.ALGInfo.6.PortRange,false,2026-07-08T16:02:08.806Z,false,2026-07-08T16:02:08.806Z,"""",,,,,,"
"InternetGatewayDevice.X_HW_ALG.ALGInfo.6.Protocol,false,2026-07-08T16:02:08.806Z,false,2026-07-08T16:02:08.806Z,"""",,,,,,"
"InternetGatewayDevice.X_HW_ALG.ALGInfo.7,true,2026-07-08T16:02:08.806Z,false,2026-07-08T16:02:08.806Z,"""",,,,,,"
"InternetGatewayDevice.X_HW_ALG.ALGInfo.7.ALGType,false,2026-07-08T16:02:08.806Z,false,2026-07-08T16:02:08.806Z,"""",,,,,,"
"InternetGatewayDevice.X_HW_ALG.ALGInfo.7.IPProtocolVersion,false,2026-07-08T16:02:08.806Z,false,2026-07-08T16:02:08.806Z,"""",,,,,,"
"InternetGatewayDevice.X_HW_ALG.ALGInfo.7.PortRange,false,2026-07-08T16:02:08.806Z,false,2026-07-08T16:02:08.806Z,"""",,,,,,"
"InternetGatewayDevice.X_HW_ALG.ALGInfo.7.Protocol,false,2026-07-08T16:02:08.806Z,false,2026-07-08T16:02:08.806Z,"""",,,,,,"
"InternetGatewayDevice.X_HW_ALG.ALGInfo.8,true,2026-07-08T16:02:08.806Z,false,2026-07-08T16:02:08.806Z,"""",,,,,,"
"InternetGatewayDevice.X_HW_ALG.ALGInfo.8.ALGType,false,2026-07-08T16:02:08.806Z,false,2026-07-08T16:02:08.806Z,"""",,,,,,"
"InternetGatewayDevice.X_HW_ALG.ALGInfo.8.IPProtocolVersion,false,2026-07-08T16:02:08.806Z,false,2026-07-08T16:02:08.806Z,"""",,,,,,"
"InternetGatewayDevice.X_HW_ALG.ALGInfo.8.PortRange,false,2026-07-08T16:02:08.806Z,false,2026-07-08T16:02:08.806Z,"""",,,,,,"
"InternetGatewayDevice.X_HW_ALG.ALGInfo.8.Protocol,false,2026-07-08T16:02:08.806Z,false,2026-07-08T16:02:08.806Z,"""",,,,,,"
"InternetGatewayDevice.X_HW_ALG.ALGInfo.9,true,2026-07-08T16:02:08.806Z,false,2026-07-08T16:02:08.806Z,"""",,,,,,"
"InternetGatewayDevice.X_HW_ALG.ALGInfo.9.ALGType,false,2026-07-08T16:02:08.806Z,false,2026-07-08T16:02:08.806Z,"""",,,,,,"
"InternetGatewayDevice.X_HW_ALG.ALGInfo.9.IPProtocolVersion,false,2026-07-08T16:02:08.806Z,false,2026-07-08T16:02:08.806Z,"""",,,,,,"
"InternetGatewayDevice.X_HW_ALG.ALGInfo.9.PortRange,false,2026-07-08T16:02:08.806Z,false,2026-07-08T16:02:08.806Z,"""",,,,,,"
"InternetGatewayDevice.X_HW_ALG.ALGInfo.9.Protocol,false,2026-07-08T16:02:08.806Z,false,2026-07-08T16:02:08.806Z,"""",,,,,,"
"InternetGatewayDevice.X_HW_ALG.FtpEnable,false,2026-07-08T16:02:08.806Z,true,2026-07-08T16:02:08.806Z,"""",,,,,,"
"InternetGatewayDevice.X_HW_ALG.FtpPort,false,2026-07-08T16:02:08.806Z,true,2026-07-08T16:02:08.806Z,"""",,,,,,"
"InternetGatewayDevice.X_HW_ALG.H323Enable,false,2026-07-08T16:02:08.806Z,true,2026-07-08T16:02:08.806Z,"""",,,,,,"
"InternetGatewayDevice.X_HW_ALG.H323Port,false,2026-07-08T16:02:08.806Z,true,2026-07-08T16:02:08.806Z,"""",,,,,,"
"InternetGatewayDevice.X_HW_ALG.IPSecForward,false,2026-07-08T16:02:08.806Z,true,2026-07-08T16:02:08.806Z,"""",,,,,,"
"InternetGatewayDevice.X_HW_ALG.L2TPForward,false,2026-07-08T16:02:08.806Z,true,2026-07-08T16:02:08.806Z,"""",,,,,,"
"InternetGatewayDevice.X_HW_ALG.L2TPPort,false,2026-07-08T16:02:08.806Z,true,2026-07-08T16:02:08.806Z,"""",,,,,,"
"InternetGatewayDevice.X_HW_ALG.PptpEnable,false,2026-07-08T16:02:08.806Z,true,2026-07-08T16:02:08.806Z,"""",,,,,,"
"InternetGatewayDevice.X_HW_ALG.PptpPort,false,2026-07-08T16:02:08.806Z,true,2026-07-08T16:02:08.806Z,"""",,,,,,"
"InternetGatewayDevice.X_HW_ALG.RTCPEnable,false,2026-07-08T16:02:08.806Z,true,2026-07-08T16:02:08.806Z,"""",,,,,,"
"InternetGatewayDevice.X_HW_ALG.RTCPPort,false,2026-07-08T16:02:08.806Z,true,2026-07-08T16:02:08.806Z,"""",,,,,,"
"InternetGatewayDevice.X_HW_ALG.RTSPEnable,false,2026-07-08T16:02:08.806Z,true,2026-07-08T16:02:08.806Z,"""",,,,,,"
"InternetGatewayDevice.X_HW_ALG.RTSPNATPolicy,false,2026-07-08T16:02:08.806Z,true,2026-07-08T16:02:08.806Z,"""",,,,,,"
"InternetGatewayDevice.X_HW_ALG.RTSPPort,false,2026-07-08T16:02:08.806Z,true,2026-07-08T16:02:08.806Z,"""",,,,,,"
"InternetGatewayDevice.X_HW_ALG.SipEnable,false,2026-07-08T16:02:08.806Z,true,2026-07-08T16:02:08.806Z,"""",,,,,,"
"InternetGatewayDevice.X_HW_ALG.SipPort,false,2026-07-08T16:02:08.806Z,true,2026-07-08T16:02:08.806Z,"""",,,,,,"
"InternetGatewayDevice.X_HW_ALG.TftpEnable,false,2026-07-08T16:02:08.806Z,true,2026-07-08T16:02:08.806Z,"""",,,,,,"
"InternetGatewayDevice.X_HW_ALG.TftpPort,false,2026-07-08T16:02:08.806Z,true,2026-07-08T16:02:08.806Z,"""",,,,,,"
"InternetGatewayDevice.X_HW_APDevice,true,2026-07-08T16:02:08.806Z,false,2026-07-08T16:02:08.806Z,"""",,,,,,"
"InternetGatewayDevice.X_HW_APMPolicy,true,2026-07-08T16:02:08.806Z,true,2026-07-08T16:02:08.806Z,"""",,,,,,"
"InternetGatewayDevice.X_HW_APMPolicy.EnablePowerSavingMode,false,2026-07-08T16:02:08.806Z,true,2026-07-08T16:02:08.806Z,"""",,,,,,"
"InternetGatewayDevice.X_HW_APService,true,2026-07-08T16:02:08.806Z,true,2026-07-08T16:02:08.806Z,"""",,,,,,"
"InternetGatewayDevice.X_HW_APService.MultiSrvPortList,true,2026-07-08T16:02:08.806Z,true,2026-07-08T16:02:08.806Z,"""",,,,,,"
"InternetGatewayDevice.X_HW_APService.MultiSrvPortList.AP,true,2026-07-08T16:02:08.806Z,true,2026-07-08T16:02:08.806Z,"""",,,,,,"
"InternetGatewayDevice.X_HW_APService.MultiSrvPortList.PhyPortName,false,2026-07-08T16:02:08.806Z,true,2026-07-08T16:02:08.806Z,"""",,,,,,"
"InternetGatewayDevice.X_HW_ARPPingDiagnostics,true,2026-07-08T16:02:08.806Z,true,2026-07-08T16:02:08.806Z,"""",,,,,,"
"InternetGatewayDevice.X_HW_AmpInfo,true,2026-07-08T16:02:08.806Z,true,2026-07-08T16:02:08.806Z,"""",,,,,,"
"InternetGatewayDevice.X_HW_AmpInfo.GemportRateLimitMode,false,2026-07-08T16:02:08.806Z,true,2026-07-08T16:02:08.806Z,"""",,,,,,"
"InternetGatewayDevice.X_HW_AmpInfo.RogueOntCheckSwitch,false,2026-07-08T16:02:08.806Z,true,2026-07-08T16:02:08.806Z,"""",,,,,,"
"InternetGatewayDevice.X_HW_AmpInfo.X_HW_Spec,true,2026-07-08T16:02:08.806Z,true,2026-07-08T16:02:08.806Z,"""",,,,,,"
"InternetGatewayDevice.X_HW_AmpInfo.X_HW_Spec.X_HW_EthSpec,true,2026-07-08T16:02:08.806Z,true,2026-07-08T16:02:08.806Z,"""",,,,,,"
"InternetGatewayDevice.X_HW_AmpInfo.X_HW_Spec.X_HW_EthSpec.1,true,2026-07-08T16:02:08.806Z,true,2026-07-08T16:02:08.806Z,"""",,,,,,"
"InternetGatewayDevice.X_HW_AmpInfo.X_HW_Spec.X_HW_EthSpec.1.X_HW_HGDetectEnable,false,2026-07-08T16:02:08.806Z,true,2026-07-08T16:02:08.806Z,"""",,,,,,"
"InternetGatewayDevice.X_HW_AmpInfo.X_HW_Spec.X_HW_EthSpec.2,true,2026-07-08T16:02:08.806Z,true,2026-07-08T16:02:08.806Z,"""",,,,,,"
"InternetGatewayDevice.X_HW_AmpInfo.X_HW_Spec.X_HW_EthSpec.2.X_HW_HGDetectEnable,false,2026-07-08T16:02:08.806Z,true,2026-07-08T16:02:08.806Z,"""",,,,,,"
"InternetGatewayDevice.X_HW_AmpInfo.X_HW_Spec.X_HW_EthSpec.3,true,2026-07-08T16:02:08.806Z,true,2026-07-08T16:02:08.806Z,"""",,,,,,"
"InternetGatewayDevice.X_HW_AmpInfo.X_HW_Spec.X_HW_EthSpec.3.X_HW_HGDetectEnable,false,2026-07-08T16:02:08.806Z,true,2026-07-08T16:02:08.806Z,"""",,,,,,"
"InternetGatewayDevice.X_HW_AmpInfo.X_HW_Spec.X_HW_EthSpec.4,true,2026-07-08T16:02:08.806Z,true,2026-07-08T16:02:08.806Z,"""",,,,,,"
"InternetGatewayDevice.X_HW_AmpInfo.X_HW_Spec.X_HW_EthSpec.4.X_HW_HGDetectEnable,false,2026-07-08T16:02:08.806Z,true,2026-07-08T16:02:08.806Z,"""",,,,,,"
"InternetGatewayDevice.X_HW_AmpInfo.X_HW_Spec.X_HW_EthTrapEnable,false,2026-07-08T16:02:08.806Z,true,2026-07-08T16:02:08.806Z,"""",,,,,,"
"InternetGatewayDevice.X_HW_AmpInfo.X_HW_Spec.X_HW_ForbidUploadOtherOLT,false,2026-07-08T16:02:08.806Z,false,2026-07-08T16:02:08.806Z,"""",,,,,,"
"InternetGatewayDevice.X_HW_AmpInfo.X_HW_Spec.X_HW_GemCarEnable,false,2026-07-08T16:02:08.806Z,true,2026-07-08T16:02:08.806Z,"""",,,,,,"
"InternetGatewayDevice.X_HW_AmpInfo.X_HW_Spec.X_HW_HGDetectEnable,false,2026-07-08T16:02:08.806Z,true,2026-07-08T16:02:08.806Z,"""",,,,,,"
"InternetGatewayDevice.X_HW_AmpInfo.X_HW_Spec.X_HW_HGVlan,false,2026-07-08T16:02:08.806Z,true,2026-07-08T16:02:08.806Z,"""",,,,,,"
"InternetGatewayDevice.X_HW_AmpInfo.X_HW_Spec.X_HW_PortPhyMode,true,2026-07-08T16:02:08.806Z,true,2026-07-08T16:02:08.806Z,"""",,,,,,"
"InternetGatewayDevice.X_HW_AmpInfo.X_HW_Spec.X_HW_PortPhyMode.1,true,2026-07-08T16:02:08.806Z,true,2026-07-08T16:02:08.806Z,"""",,,,,,"
"InternetGatewayDevice.X_HW_AmpInfo.X_HW_Spec.X_HW_PortPhyMode.1.X_HW_PortPhyModeSet,false,2026-07-08T16:02:08.806Z,true,2026-07-08T16:02:08.806Z,"""",,,,,,"
"InternetGatewayDevice.X_HW_AmpInfo.X_HW_Spec.X_HW_PortPhyMode.1.X_HW_RandomNumberRangeSet,false,2026-07-08T16:02:08.806Z,true,2026-07-08T16:02:08.806Z,"""",,,,,,"
"InternetGatewayDevice.X_HW_AmpInfo.X_HW_Spec.X_HW_PortPhyMode.2,true,2026-07-08T16:02:08.806Z,true,2026-07-08T16:02:08.806Z,"""",,,,,,"
"InternetGatewayDevice.X_HW_AmpInfo.X_HW_Spec.X_HW_PortPhyMode.2.X_HW_PortPhyModeSet,false,2026-07-08T16:02:08.806Z,true,2026-07-08T16:02:08.806Z,"""",,,,,,"
"InternetGatewayDevice.X_HW_AmpInfo.X_HW_Spec.X_HW_PortPhyMode.2.X_HW_RandomNumberRangeSet,false,2026-07-08T16:02:08.806Z,true,2026-07-08T16:02:08.806Z,"""",,,,,,"
"InternetGatewayDevice.X_HW_AmpInfo.X_HW_Spec.X_HW_PortPhyMode.3,true,2026-07-08T16:02:08.806Z,true,2026-07-08T16:02:08.806Z,"""",,,,,,"
"InternetGatewayDevice.X_HW_AmpInfo.X_HW_Spec.X_HW_PortPhyMode.3.X_HW_PortPhyModeSet,false,2026-07-08T16:02:08.806Z,true,2026-07-08T16:02:08.806Z,"""",,,,,,"
"InternetGatewayDevice.X_HW_AmpInfo.X_HW_Spec.X_HW_PortPhyMode.3.X_HW_RandomNumberRangeSet,false,2026-07-08T16:02:08.806Z,true,2026-07-08T16:02:08.806Z,"""",,,,,,"
"InternetGatewayDevice.X_HW_AmpInfo.X_HW_Spec.X_HW_PortPhyMode.4,true,2026-07-08T16:02:08.806Z,true,2026-07-08T16:02:08.806Z,"""",,,,,,"
"InternetGatewayDevice.X_HW_AmpInfo.X_HW_Spec.X_HW_PortPhyMode.4.X_HW_PortPhyModeSet,false,2026-07-08T16:02:08.806Z,true,2026-07-08T16:02:08.806Z,"""",,,,,,"
"InternetGatewayDevice.X_HW_AmpInfo.X_HW_Spec.X_HW_PortPhyMode.4.X_HW_RandomNumberRangeSet,false,2026-07-08T16:02:08.806Z,true,2026-07-08T16:02:08.806Z,"""",,,,,,"
"InternetGatewayDevice.X_HW_AppRemoteManage,true,2026-07-08T16:02:08.806Z,true,2026-07-08T16:02:08.806Z,"""",,,,,,"
"InternetGatewayDevice.X_HW_AppRemoteManage.Ability,false,2026-07-08T16:02:08.806Z,true,2026-07-08T16:02:08.806Z,"""",,,,,,"
"InternetGatewayDevice.X_HW_AppRemoteManage.Appmodel,false,2026-07-08T16:02:08.806Z,true,2026-07-08T16:02:08.806Z,"""",,,,,,"
"InternetGatewayDevice.X_HW_AppRemoteManage.CurrentMgtURL,false,2026-07-08T16:02:08.806Z,true,2026-07-08T16:02:08.806Z,"""",,,,,,"
"InternetGatewayDevice.X_HW_AppRemoteManage.CurrentPort,false,2026-07-08T16:02:08.806Z,true,2026-07-08T16:02:08.806Z,"""",,,,,,"
"InternetGatewayDevice.X_HW_AppRemoteManage.FirstBindCheckPassword,false,2026-07-08T16:02:08.806Z,true,2026-07-08T16:02:08.806Z,"""",,,,,,"
"InternetGatewayDevice.X_HW_AppRemoteManage.Heartbeat,false,2026-07-08T16:02:08.806Z,true,2026-07-08T16:02:08.806Z,"""",,,,,,"
"InternetGatewayDevice.X_HW_AppRemoteManage.HostingQRcodeEnable,false,2026-07-08T16:02:08.806Z,true,2026-07-08T16:02:08.806Z,"""",,,,,,"
"InternetGatewayDevice.X_HW_AppRemoteManage.JsonRegEnable,false,2026-07-08T16:02:08.806Z,true,2026-07-08T16:02:08.806Z,"""",,,,,,"
"InternetGatewayDevice.X_HW_AppRemoteManage.LocalPortEnable,false,2026-07-08T16:02:08.806Z,true,2026-07-08T16:02:08.806Z,"""",,,,,,"
"InternetGatewayDevice.X_HW_AppRemoteManage.LocatePort,false,2026-07-08T16:02:08.806Z,true,2026-07-08T16:02:08.806Z,"""",,,,,,"
"InternetGatewayDevice.X_HW_AppRemoteManage.MgtURL,false,2026-07-08T16:02:08.806Z,true,2026-07-08T16:02:08.806Z,"""",,,,,,"
"InternetGatewayDevice.X_HW_AppRemoteManage.PhoneAppURL,false,2026-07-08T16:02:08.806Z,true,2026-07-08T16:02:08.806Z,"""",,,,,,"
"InternetGatewayDevice.X_HW_AppRemoteManage.PlatExportType,false,2026-07-08T16:02:08.806Z,true,2026-07-08T16:02:08.806Z,"""",,,,,,"
"InternetGatewayDevice.X_HW_AppRemoteManage.PlatformType,false,2026-07-08T16:02:08.806Z,true,2026-07-08T16:02:08.806Z,"""",,,,,,"
"InternetGatewayDevice.X_HW_AppRemoteManage.Port,false,2026-07-08T16:02:08.806Z,true,2026-07-08T16:02:08.806Z,"""",,,,,,"
"InternetGatewayDevice.X_HW_AppRemoteManage.SSN,false,2026-07-08T16:02:08.806Z,false,2026-07-08T16:02:08.806Z,"""",,,,,,"
"InternetGatewayDevice.X_HW_AppRemoteManage.SecondMgtURL,false,2026-07-08T16:02:08.806Z,true,2026-07-08T16:02:08.806Z,"""",,,,,,"
"InternetGatewayDevice.X_HW_AppRemoteManage.Version,false,2026-07-08T16:02:08.806Z,false,2026-07-08T16:02:08.806Z,"""",,,,,,"
"InternetGatewayDevice.X_HW_AppRemoteManage.X_HW_WANInterface,false,2026-07-08T16:02:08.806Z,true,2026-07-08T16:02:08.806Z,"""",,,,,,"
"InternetGatewayDevice.X_HW_Arp,true,2026-07-08T16:02:08.806Z,true,2026-07-08T16:02:08.806Z,"""",,,,,,"
"InternetGatewayDevice.X_HW_AutoReboot,true,2026-07-08T16:02:08.806Z,true,2026-07-08T16:02:08.806Z,"""",,,,,,"
"InternetGatewayDevice.X_HW_AutoReboot.DelayMode,false,2026-07-08T16:02:08.806Z,true,2026-07-08T16:02:08.806Z,"""",,,,,,"
"InternetGatewayDevice.X_HW_AutoReboot.Enable,false,2026-07-08T16:02:08.806Z,true,2026-07-08T16:02:08.806Z,"""",,,,,,"
"InternetGatewayDevice.X_HW_AutoReboot.RebootEndTime,false,2026-07-08T16:02:08.806Z,true,2026-07-08T16:02:08.806Z,"""",,,,,,"
"InternetGatewayDevice.X_HW_AutoReboot.RebootStartTime,false,2026-07-08T16:02:08.806Z,true,2026-07-08T16:02:08.806Z,"""",,,,,,"
"InternetGatewayDevice.X_HW_AutoReboot.RunningDays,false,2026-07-08T16:02:08.806Z,true,2026-07-08T16:02:08.806Z,"""",,,,,,"
"InternetGatewayDevice.X_HW_AutoReboot.TrafficKeepTime,false,2026-07-08T16:02:08.806Z,true,2026-07-08T16:02:08.806Z,"""",,,,,,"
"InternetGatewayDevice.X_HW_AutoReboot.TrafficLimit,false,2026-07-08T16:02:08.806Z,true,2026-07-08T16:02:08.806Z,"""",,,,,,"
"InternetGatewayDevice.X_HW_CHL_SCAN,true,2026-07-08T16:02:08.806Z,true,2026-07-08T16:02:08.806Z,"""",,,,,,"
"InternetGatewayDevice.X_HW_CHL_SCAN.APScanWaitTime,false,2026-07-08T16:02:08.806Z,true,2026-07-08T16:02:08.806Z,"""",,,,,,"
"InternetGatewayDevice.X_HW_CHL_SCAN.BackScanTime,false,2026-07-08T16:02:08.806Z,true,2026-07-08T16:02:08.806Z,"""",,,,,,"
"InternetGatewayDevice.X_HW_CHL_SCAN.BackWaitTime,false,2026-07-08T16:02:08.806Z,true,2026-07-08T16:02:08.806Z,"""",,,,,,"
"InternetGatewayDevice.X_HW_CHL_SCAN.DFSChScanTime,false,2026-07-08T16:02:08.806Z,true,2026-07-08T16:02:08.806Z,"""",,,,,,"
"InternetGatewayDevice.X_HW_CHL_SCAN.Enable,false,2026-07-08T16:02:08.806Z,true,2026-07-08T16:02:08.806Z,"""",,,,,,"
"InternetGatewayDevice.X_HW_CHL_SCAN.FrontScanTime2G,false,2026-07-08T16:02:08.806Z,true,2026-07-08T16:02:08.806Z,"""",,,,,,"
"InternetGatewayDevice.X_HW_CHL_SCAN.FrontScanTime5G,false,2026-07-08T16:02:08.806Z,true,2026-07-08T16:02:08.806Z,"""",,,,,,"
"InternetGatewayDevice.X_HW_CHL_SCAN.NonDFSChAPScanTime,false,2026-07-08T16:02:08.806Z,true,2026-07-08T16:02:08.806Z,"""",,,,,,"
"InternetGatewayDevice.X_HW_DHCPSLVSERVER,true,2026-07-08T16:02:08.806Z,true,2026-07-08T16:02:08.806Z,"""",,,,,,"
"InternetGatewayDevice.X_HW_DHCPSLVSERVER.DHCPEnable,false,2026-07-08T16:02:08.806Z,true,2026-07-08T16:02:08.806Z,"""",,,,,,"
"InternetGatewayDevice.X_HW_DHCPSLVSERVER.DNSList,false,2026-07-08T16:02:08.806Z,true,2026-07-08T16:02:08.806Z,"""",,,,,,"
"InternetGatewayDevice.X_HW_DHCPSLVSERVER.DynamicPortMappingEnable,false,2026-07-08T16:02:08.806Z,true,2026-07-08T16:02:08.806Z,"""",,,,,,"
"InternetGatewayDevice.X_HW_DHCPSLVSERVER.EndIP,false,2026-07-08T16:02:08.806Z,true,2026-07-08T16:02:08.806Z,"""",,,,,,"
"InternetGatewayDevice.X_HW_DHCPSLVSERVER.LeaseTime,false,2026-07-08T16:02:08.806Z,true,2026-07-08T16:02:08.806Z,"""",,,,,,"
"InternetGatewayDevice.X_HW_DHCPSLVSERVER.NTPList,false,2026-07-08T16:02:08.806Z,true,2026-07-08T16:02:08.806Z,"""",,,,,,"
"InternetGatewayDevice.X_HW_DHCPSLVSERVER.NormalUserEnable,false,2026-07-08T16:02:08.806Z,true,2026-07-08T16:02:08.806Z,"""",,,,,,"
"InternetGatewayDevice.X_HW_DHCPSLVSERVER.Option43,false,2026-07-08T16:02:08.806Z,true,2026-07-08T16:02:08.806Z,"""",,,,,,"
"InternetGatewayDevice.X_HW_DHCPSLVSERVER.Option60,false,2026-07-08T16:02:08.806Z,true,2026-07-08T16:02:08.806Z,"""",,,,,,"
"InternetGatewayDevice.X_HW_DHCPSLVSERVER.PortMappingMaxPort,false,2026-07-08T16:02:08.806Z,true,2026-07-08T16:02:08.806Z,"""",,,,,,"
"InternetGatewayDevice.X_HW_DHCPSLVSERVER.PortMappingStartPort,false,2026-07-08T16:02:08.806Z,true,2026-07-08T16:02:08.806Z,"""",,,,,,"
"InternetGatewayDevice.X_HW_DHCPSLVSERVER.PortMappingWan,false,2026-07-08T16:02:08.806Z,true,2026-07-08T16:02:08.806Z,"""",,,,,,"
"InternetGatewayDevice.X_HW_DHCPSLVSERVER.StartIP,false,2026-07-08T16:02:08.806Z,true,2026-07-08T16:02:08.806Z,"""",,,,,,"
"InternetGatewayDevice.X_HW_DHCP_PING_EMULATOR,true,2026-07-08T16:02:08.806Z,true,2026-07-08T16:02:08.806Z,"""",,,,,,"
"InternetGatewayDevice.X_HW_DHCP_PING_EMULATOR.ClasslessRoute1DestIP,false,2026-07-08T16:02:08.806Z,false,2026-07-08T16:02:08.806Z,"""",,,,,,"
"InternetGatewayDevice.X_HW_DHCP_PING_EMULATOR.ClasslessRoute1Mask,false,2026-07-08T16:02:08.806Z,false,2026-07-08T16:02:08.806Z,"""",,,,,,"
"InternetGatewayDevice.X_HW_DHCP_PING_EMULATOR.ClasslessRoute1NextHop,false,2026-07-08T16:02:08.806Z,false,2026-07-08T16:02:08.806Z,"""",,,,,,"
"InternetGatewayDevice.X_HW_DHCP_PING_EMULATOR.ClasslessRoute2DestIP,false,2026-07-08T16:02:08.806Z,false,2026-07-08T16:02:08.806Z,"""",,,,,,"
"InternetGatewayDevice.X_HW_DHCP_PING_EMULATOR.ClasslessRoute2Mask,false,2026-07-08T16:02:08.806Z,false,2026-07-08T16:02:08.806Z,"""",,,,,,"
"InternetGatewayDevice.X_HW_DHCP_PING_EMULATOR.ClasslessRoute2NextHop,false,2026-07-08T16:02:08.806Z,false,2026-07-08T16:02:08.806Z,"""",,,,,,"
"InternetGatewayDevice.X_HW_DHCP_PING_EMULATOR.ClasslessRoute3DestIP,false,2026-07-08T16:02:08.806Z,false,2026-07-08T16:02:08.806Z,"""",,,,,,"
"InternetGatewayDevice.X_HW_DHCP_PING_EMULATOR.ClasslessRoute3Mask,false,2026-07-08T16:02:08.806Z,false,2026-07-08T16:02:08.806Z,"""",,,,,,"
"InternetGatewayDevice.X_HW_DHCP_PING_EMULATOR.ClasslessRoute3NextHop,false,2026-07-08T16:02:08.806Z,false,2026-07-08T16:02:08.806Z,"""",,,,,,"
"InternetGatewayDevice.X_HW_DHCP_PING_EMULATOR.ClientID,false,2026-07-08T16:02:08.806Z,true,2026-07-08T16:02:08.806Z,"""",,,,,,"
"InternetGatewayDevice.X_HW_DHCP_PING_EMULATOR.ClientIDType,false,2026-07-08T16:02:08.806Z,true,2026-07-08T16:02:08.806Z,"""",,,,,,"
"InternetGatewayDevice.X_HW_DHCP_PING_EMULATOR.DHCPServerIP,false,2026-07-08T16:02:08.806Z,false,2026-07-08T16:02:08.806Z,"""",,,,,,"
"InternetGatewayDevice.X_HW_DHCP_PING_EMULATOR.DefaultGateway,false,2026-07-08T16:02:08.806Z,false,2026-07-08T16:02:08.806Z,"""",,,,,,"
"InternetGatewayDevice.X_HW_DHCP_PING_EMULATOR.DiagnosticsState,false,2026-07-08T16:02:08.806Z,true,2026-07-08T16:02:08.806Z,"""",,,,,,"
"InternetGatewayDevice.X_HW_DHCP_PING_EMULATOR.GroupIpAddr,false,2026-07-08T16:02:08.806Z,true,2026-07-08T16:02:08.806Z,"""",,,,,,"
"InternetGatewayDevice.X_HW_DHCP_PING_EMULATOR.IGMPVersion,false,2026-07-08T16:02:08.806Z,true,2026-07-08T16:02:08.806Z,"""",,,,,,"
"InternetGatewayDevice.X_HW_DHCP_PING_EMULATOR.InnerPri,false,2026-07-08T16:02:08.806Z,true,2026-07-08T16:02:08.806Z,"""",,,,,,"
"InternetGatewayDevice.X_HW_DHCP_PING_EMULATOR.InnerVlan,false,2026-07-08T16:02:08.806Z,true,2026-07-08T16:02:08.806Z,"""",,,,,,"
"InternetGatewayDevice.X_HW_DHCP_PING_EMULATOR.LocalAddress,false,2026-07-08T16:02:08.806Z,false,2026-07-08T16:02:08.806Z,"""",,,,,,"
"InternetGatewayDevice.X_HW_DHCP_PING_EMULATOR.OuterPri,false,2026-07-08T16:02:08.806Z,true,2026-07-08T16:02:08.806Z,"""",,,,,,"
"InternetGatewayDevice.X_HW_DHCP_PING_EMULATOR.OuterVlan,false,2026-07-08T16:02:08.806Z,true,2026-07-08T16:02:08.806Z,"""",,,,,,"
"InternetGatewayDevice.X_HW_DHCP_PING_EMULATOR.PingDest1SuccCount,false,2026-07-08T16:02:08.806Z,false,2026-07-08T16:02:08.806Z,"""",,,,,,"
"InternetGatewayDevice.X_HW_DHCP_PING_EMULATOR.PingDest1TotalCount,false,2026-07-08T16:02:08.806Z,false,2026-07-08T16:02:08.806Z,"""",,,,,,"
"InternetGatewayDevice.X_HW_DHCP_PING_EMULATOR.PingDest2SuccCount,false,2026-07-08T16:02:08.806Z,false,2026-07-08T16:02:08.806Z,"""",,,,,,"
"InternetGatewayDevice.X_HW_DHCP_PING_EMULATOR.PingDest2TotalCount,false,2026-07-08T16:02:08.806Z,false,2026-07-08T16:02:08.806Z,"""",,,,,,"
"InternetGatewayDevice.X_HW_DHCP_PING_EMULATOR.PingDest3SuccCount,false,2026-07-08T16:02:08.806Z,false,2026-07-08T16:02:08.806Z,"""",,,,,,"
"InternetGatewayDevice.X_HW_DHCP_PING_EMULATOR.PingDest3TotalCount,false,2026-07-08T16:02:08.806Z,false,2026-07-08T16:02:08.806Z,"""",,,,,,"
"InternetGatewayDevice.X_HW_DHCP_PING_EMULATOR.PingDest4SuccCount,false,2026-07-08T16:02:08.806Z,false,2026-07-08T16:02:08.806Z,"""",,,,,,"
"InternetGatewayDevice.X_HW_DHCP_PING_EMULATOR.PingDest4TotalCount,false,2026-07-08T16:02:08.806Z,false,2026-07-08T16:02:08.806Z,"""",,,,,,"
"InternetGatewayDevice.X_HW_DHCP_PING_EMULATOR.PingDest5SuccCount,false,2026-07-08T16:02:08.806Z,false,2026-07-08T16:02:08.806Z,"""",,,,,,"
"InternetGatewayDevice.X_HW_DHCP_PING_EMULATOR.PingDest5TotalCount,false,2026-07-08T16:02:08.806Z,false,2026-07-08T16:02:08.806Z,"""",,,,,,"
"InternetGatewayDevice.X_HW_DHCP_PING_EMULATOR.PingDestIPAddress1,false,2026-07-08T16:02:08.806Z,true,2026-07-08T16:02:08.806Z,"""",,,,,,"
"InternetGatewayDevice.X_HW_DHCP_PING_EMULATOR.PingDestIPAddress2,false,2026-07-08T16:02:08.806Z,true,2026-07-08T16:02:08.806Z,"""",,,,,,"
"InternetGatewayDevice.X_HW_DHCP_PING_EMULATOR.PingDestIPAddress3,false,2026-07-08T16:02:08.806Z,true,2026-07-08T16:02:08.806Z,"""",,,,,,"
"InternetGatewayDevice.X_HW_DHCP_PING_EMULATOR.PingDestIPAddress4,false,2026-07-08T16:02:08.806Z,true,2026-07-08T16:02:08.806Z,"""",,,,,,"
"InternetGatewayDevice.X_HW_DHCP_PING_EMULATOR.PingDestIPAddress5,false,2026-07-08T16:02:08.806Z,true,2026-07-08T16:02:08.806Z,"""",,,,,,"
"InternetGatewayDevice.X_HW_DHCP_PING_EMULATOR.Port,false,2026-07-08T16:02:08.806Z,true,2026-07-08T16:02:08.806Z,"""",,,,,,"
"InternetGatewayDevice.X_HW_DHCP_PING_EMULATOR.PrimaryDNSServerIP,false,2026-07-08T16:02:08.806Z,false,2026-07-08T16:02:08.806Z,"""",,,,,,"
"InternetGatewayDevice.X_HW_DHCP_PING_EMULATOR.RelayAgentIP,false,2026-07-08T16:02:08.806Z,false,2026-07-08T16:02:08.806Z,"""",,,,,,"
"InternetGatewayDevice.X_HW_DHCP_PING_EMULATOR.Result,false,2026-07-08T16:02:08.806Z,false,2026-07-08T16:02:08.806Z,"""",,,,,,"
"InternetGatewayDevice.X_HW_DHCP_PING_EMULATOR.ResultRate,false,2026-07-08T16:02:08.806Z,false,2026-07-08T16:02:08.806Z,"""",,,,,,"
"InternetGatewayDevice.X_HW_DHCP_PING_EMULATOR.SecondaryDNSServerIP,false,2026-07-08T16:02:08.806Z,false,2026-07-08T16:02:08.806Z,"""",,,,,,"
"InternetGatewayDevice.X_HW_DHCP_PING_EMULATOR.SourceIpaddr,false,2026-07-08T16:02:08.806Z,true,2026-07-08T16:02:08.806Z,"""",,,,,,"
"InternetGatewayDevice.X_HW_DHCP_PING_EMULATOR.SubnetMask,false,2026-07-08T16:02:08.806Z,false,2026-07-08T16:02:08.806Z,"""",,,,,,"
"InternetGatewayDevice.X_HW_DHCP_PING_EMULATOR.TagNum,false,2026-07-08T16:02:08.806Z,true,2026-07-08T16:02:08.806Z,"""",,,,,,"
"InternetGatewayDevice.X_HW_DHCP_PING_EMULATOR.UserMac,false,2026-07-08T16:02:08.806Z,true,2026-07-08T16:02:08.806Z,"""",,,,,,"
"InternetGatewayDevice.X_HW_DHCP_PING_EMULATOR.VendorClassID,false,2026-07-08T16:02:08.806Z,true,2026-07-08T16:02:08.806Z,"""",,,,,,"
"InternetGatewayDevice.X_HW_DNS,true,2026-07-08T16:02:08.806Z,true,2026-07-08T16:02:08.806Z,"""",,,,,,"
"InternetGatewayDevice.X_HW_DNS.AntiDNSRebind,true,2026-07-08T16:02:08.806Z,true,2026-07-08T16:02:08.806Z,"""",,,,,,"
"InternetGatewayDevice.X_HW_DNS.AntiDNSRebind.Enable,false,2026-07-08T16:02:08.806Z,true,2026-07-08T16:02:08.806Z,"""",,,,,,"
"InternetGatewayDevice.X_HW_DNS.AntiDNSRebind.SafeDomainName,true,2026-07-08T16:02:08.806Z,true,2026-07-08T16:02:08.806Z,"""",,,,,,"
"InternetGatewayDevice.X_HW_DNS.AntiDNSRebind.SafeDomainNameNumberOfEntries,false,2026-07-08T16:02:08.806Z,false,2026-07-08T16:02:08.806Z,"""",,,,,,"
"InternetGatewayDevice.X_HW_DNS.CacheReset,false,2026-07-08T16:02:08.806Z,true,2026-07-08T16:02:08.806Z,"""",,,,,,"
"InternetGatewayDevice.X_HW_DNS.Client,true,2026-07-08T16:02:08.806Z,true,2026-07-08T16:02:08.806Z,"""",,,,,,"
"InternetGatewayDevice.X_HW_DNS.Client.Server,true,2026-07-08T16:02:08.806Z,true,2026-07-08T16:02:08.806Z,"""",,,,,,"
"InternetGatewayDevice.X_HW_DNS.DnsServerEnable,false,2026-07-08T16:02:08.806Z,true,2026-07-08T16:02:08.806Z,"""",,,,,,"
"InternetGatewayDevice.X_HW_DNS.HOSTS,true,2026-07-08T16:02:08.806Z,true,2026-07-08T16:02:08.806Z,"""",,,,,,"
"InternetGatewayDevice.X_HW_DNS.LocalDNSPolicy,false,2026-07-08T16:02:08.806Z,true,2026-07-08T16:02:08.806Z,"""",,,,,,"
"InternetGatewayDevice.X_HW_DNS.SearList,true,2026-07-08T16:02:08.806Z,true,2026-07-08T16:02:08.806Z,"""",,,,,,"
"InternetGatewayDevice.X_HW_DNS.SupportedRecordTypes,false,2026-07-08T16:02:08.806Z,true,2026-07-08T16:02:08.806Z,"""",,,,,,"
"InternetGatewayDevice.X_HW_FeatureList,true,2026-07-08T16:02:08.806Z,true,2026-07-08T16:02:08.806Z,"""",,,,,,"
"InternetGatewayDevice.X_HW_FeatureList.BBSPCustomization,true,2026-07-08T16:02:08.806Z,true,2026-07-08T16:02:08.806Z,"""",,,,,,"
"InternetGatewayDevice.X_HW_FeatureList.BBSPCustomization.DiscoverInterval,false,2026-07-08T16:02:08.806Z,true,2026-07-08T16:02:08.806Z,"""",,,,,,"
"InternetGatewayDevice.X_HW_FeatureList.BBSPCustomization.GenericL3Accelerate,false,2026-07-08T16:02:08.806Z,true,2026-07-08T16:02:08.806Z,"""",,,,,,"
"InternetGatewayDevice.X_HW_FeatureList.BBSPCustomization.HGUInteropPolicy,false,2026-07-08T16:02:08.806Z,true,2026-07-08T16:02:08.806Z,"""",,,,,,"
"InternetGatewayDevice.X_HW_FeatureList.BBSPCustomization.IPSecAlgFilterExtend,false,2026-07-08T16:02:08.806Z,true,2026-07-08T16:02:08.806Z,"""",,,,,,"
"InternetGatewayDevice.X_HW_FeatureList.BBSPCustomization.IPv6DefaultFwdAction,false,2026-07-08T16:02:08.806Z,true,2026-07-08T16:02:08.806Z,"""",,,,,,"
"InternetGatewayDevice.X_HW_FeatureList.BBSPCustomization.InteroperabilityPolicy,false,2026-07-08T16:02:08.806Z,true,2026-07-08T16:02:08.806Z,"""",,,,,,"
"InternetGatewayDevice.X_HW_FeatureList.BBSPCustomization.LanSideIPv6RDNSSOption,false,2026-07-08T16:02:08.806Z,true,2026-07-08T16:02:08.806Z,"""",,,,,,"
"InternetGatewayDevice.X_HW_FeatureList.BBSPCustomization.MSSAutoAdjust,false,2026-07-08T16:02:08.806Z,true,2026-07-08T16:02:08.806Z,"""",,,,,,"
"InternetGatewayDevice.X_HW_FeatureList.BBSPCustomization.PortalMaxRetryTimes,false,2026-07-08T16:02:08.806Z,true,2026-07-08T16:02:08.806Z,"""",,,,,,"
"InternetGatewayDevice.X_HW_FeatureList.BBSPCustomization.PortalUserAgentString,false,2026-07-08T16:02:08.806Z,true,2026-07-08T16:02:08.806Z,"""",,,,,,"
"InternetGatewayDevice.X_HW_FeatureList.BBSPCustomization.ProtocolFltSupport,false,2026-07-08T16:02:08.806Z,true,2026-07-08T16:02:08.806Z,"""",,,,,,"
"InternetGatewayDevice.X_HW_FeatureList.BBSPCustomization.RenewDhcpOnGemAdd,false,2026-07-08T16:02:08.806Z,true,2026-07-08T16:02:08.806Z,"""",,,,,,"
"InternetGatewayDevice.X_HW_FeatureList.BBSPCustomization.RingCheck,true,2026-07-08T16:02:08.806Z,true,2026-07-08T16:02:08.806Z,"""",,,,,,"
"InternetGatewayDevice.X_HW_FeatureList.BBSPCustomization.RingCheck.CheckInterval,false,2026-07-08T16:02:08.806Z,true,2026-07-08T16:02:08.806Z,"""",,,,,,"
"InternetGatewayDevice.X_HW_FeatureList.BBSPCustomization.RingCheck.DefaultSpecifidVlan,false,2026-07-08T16:02:08.806Z,true,2026-07-08T16:02:08.806Z,"""",,,,,,"
"InternetGatewayDevice.X_HW_FeatureList.BBSPCustomization.RingCheck.EponRingCheckSwitch,false,2026-07-08T16:02:08.806Z,true,2026-07-08T16:02:08.806Z,"""",,,,,,"
"InternetGatewayDevice.X_HW_FeatureList.BBSPCustomization.RingCheck.EthType,false,2026-07-08T16:02:08.806Z,true,2026-07-08T16:02:08.806Z,"""",,,,,,"
"InternetGatewayDevice.X_HW_FeatureList.BBSPCustomization.RingCheck.GponRingCheckSwitch,false,2026-07-08T16:02:08.806Z,true,2026-07-08T16:02:08.806Z,"""",,,,,,"
"InternetGatewayDevice.X_HW_FeatureList.BBSPCustomization.RingCheck.PkgPerSec,false,2026-07-08T16:02:08.806Z,true,2026-07-08T16:02:08.806Z,"""",,,,,,"
"InternetGatewayDevice.X_HW_FeatureList.BBSPCustomization.RingCheck.RingPortReCheckInterval,false,2026-07-08T16:02:08.806Z,true,2026-07-08T16:02:08.806Z,"""",,,,,,"
"InternetGatewayDevice.X_HW_FeatureList.BBSPCustomization.SameSubnetWorkMode,false,2026-07-08T16:02:08.806Z,true,2026-07-08T16:02:08.806Z,"""",,,,,,"
"InternetGatewayDevice.X_HW_FeatureList.BBSPCustomization.Tr143AckTimes,false,2026-07-08T16:02:08.806Z,true,2026-07-08T16:02:08.806Z,"""",,,,,,"
"InternetGatewayDevice.X_HW_FeatureList.BBSPCustomization.WanAccessForceCloseEnable,false,2026-07-08T16:02:08.806Z,true,2026-07-08T16:02:08.806Z,"""",,,,,,"
"InternetGatewayDevice.X_HW_IPTV,true,2026-07-08T16:02:08.806Z,true,2026-07-08T16:02:08.806Z,"""",,,,,,"
"InternetGatewayDevice.X_HW_IPTV.Filter,true,2026-07-08T16:02:08.806Z,true,2026-07-08T16:02:08.806Z,"""",,,,,,"
"InternetGatewayDevice.X_HW_IPTV.Filter.PPPoEIGMPTransparent,false,2026-07-08T16:02:08.806Z,true,2026-07-08T16:02:08.806Z,"""",,,,,,"
"InternetGatewayDevice.X_HW_IPTV.Filter.SourceIPExcludeFilter,false,2026-07-08T16:02:08.806Z,true,2026-07-08T16:02:08.806Z,"""",,,,,,"
"InternetGatewayDevice.X_HW_IPTV.RemarkNNI8021P,false,2026-07-08T16:02:08.806Z,true,2026-07-08T16:02:08.806Z,"""",,,,,,"
"InternetGatewayDevice.X_HW_IPTV.RemarkNNIDSCP,false,2026-07-08T16:02:08.806Z,true,2026-07-08T16:02:08.806Z,"""",,,,,,"
"InternetGatewayDevice.X_HW_IPTV.RemarkNNIIPPrecedence,false,2026-07-08T16:02:08.806Z,true,2026-07-08T16:02:08.806Z,"""",,,,,,"
"InternetGatewayDevice.X_HW_IPTV.RemarkUNI8021P,false,2026-07-08T16:02:08.806Z,true,2026-07-08T16:02:08.806Z,"""",,,,,,"
"InternetGatewayDevice.X_HW_IPTV.RemarkUNIDSCP,false,2026-07-08T16:02:08.806Z,true,2026-07-08T16:02:08.806Z,"""",,,,,,"
"InternetGatewayDevice.X_HW_IPTV.RemarkUNIIPPrecedence,false,2026-07-08T16:02:08.806Z,true,2026-07-08T16:02:08.806Z,"""",,,,,,"
"InternetGatewayDevice.X_HW_IPv6,true,2026-07-08T16:02:08.806Z,true,2026-07-08T16:02:08.806Z,"""",,,,,,"
"InternetGatewayDevice.X_HW_IPv6.IPv6Capable,false,2026-07-08T16:02:08.806Z,false,2026-07-08T16:02:08.806Z,"""",,,,,,"
"InternetGatewayDevice.X_HW_IPv6Layer3Forwarding,true,2026-07-08T16:02:08.806Z,true,2026-07-08T16:02:08.806Z,"""",,,,,,"
"InternetGatewayDevice.X_HW_IPv6Layer3Forwarding.ForwardNumberOfEntries,false,2026-07-08T16:02:08.806Z,false,2026-07-08T16:02:08.806Z,"""",,,,,,"
"InternetGatewayDevice.X_HW_IPv6Layer3Forwarding.Forwarding,true,2026-07-08T16:02:08.806Z,true,2026-07-08T16:02:08.806Z,"""",,,,,,"
"InternetGatewayDevice.X_HW_IperfSpeedTest,true,2026-07-08T16:02:08.806Z,true,2026-07-08T16:02:08.806Z,"""",,,,,,"
"InternetGatewayDevice.X_HW_IperfSpeedTest.IperfClient,true,2026-07-08T16:02:08.806Z,true,2026-07-08T16:02:08.806Z,"""",,,,,,"
"InternetGatewayDevice.X_HW_IperfSpeedTest.IperfClient.Bandwidth,false,2026-07-08T16:02:08.806Z,true,2026-07-08T16:02:08.806Z,"""",,,,,,"
"InternetGatewayDevice.X_HW_IperfSpeedTest.IperfClient.DestMac,false,2026-07-08T16:02:08.806Z,true,2026-07-08T16:02:08.806Z,"""",,,,,,"
"InternetGatewayDevice.X_HW_IperfSpeedTest.IperfClient.DiagnosticsState,false,2026-07-08T16:02:08.806Z,true,2026-07-08T16:02:08.806Z,"""",,,,,,"
"InternetGatewayDevice.X_HW_IperfSpeedTest.IperfClient.ErrorDescription,false,2026-07-08T16:02:08.806Z,false,2026-07-08T16:02:08.806Z,"""",,,,,,"
"InternetGatewayDevice.X_HW_IperfSpeedTest.IperfClient.MaxTime,false,2026-07-08T16:02:08.806Z,true,2026-07-08T16:02:08.806Z,"""",,,,,,"
"InternetGatewayDevice.X_HW_IperfSpeedTest.IperfClient.Parallel,false,2026-07-08T16:02:08.806Z,true,2026-07-08T16:02:08.806Z,"""",,,,,,"
"InternetGatewayDevice.X_HW_IperfSpeedTest.IperfClient.Port,false,2026-07-08T16:02:08.806Z,true,2026-07-08T16:02:08.806Z,"""",,,,,,"
"InternetGatewayDevice.X_HW_IperfSpeedTest.IperfClient.ProtocolType,false,2026-07-08T16:02:08.806Z,true,2026-07-08T16:02:08.806Z,"""",,,,,,"
"InternetGatewayDevice.X_HW_IperfSpeedTest.IperfClient.ReportTime,false,2026-07-08T16:02:08.806Z,false,2026-07-08T16:02:08.806Z,"""",,,,,,"
"InternetGatewayDevice.X_HW_IperfSpeedTest.IperfClient.Result,false,2026-07-08T16:02:08.806Z,false,2026-07-08T16:02:08.806Z,"""",,,,,,"
"InternetGatewayDevice.X_HW_IperfSpeedTest.IperfClient.ServerAddr,false,2026-07-08T16:02:08.806Z,true,2026-07-08T16:02:08.806Z,"""",,,,,,"
"InternetGatewayDevice.X_HW_IperfSpeedTest.IperfClient.TestMode,false,2026-07-08T16:02:08.806Z,true,2026-07-08T16:02:08.806Z,"""",,,,,,"
"InternetGatewayDevice.X_HW_IperfSpeedTest.IperfClient.TestResult,false,2026-07-08T16:02:08.806Z,false,2026-07-08T16:02:08.806Z,"""",,,,,,"
"InternetGatewayDevice.X_HW_IperfSpeedTest.IperfServer,true,2026-07-08T16:02:08.806Z,true,2026-07-08T16:02:08.806Z,"""",,,,,,"
"InternetGatewayDevice.X_HW_IperfSpeedTest.IperfServer.DestMac,false,2026-07-08T16:02:08.806Z,true,2026-07-08T16:02:08.806Z,"""",,,,,,"
"InternetGatewayDevice.X_HW_IperfSpeedTest.IperfServer.DiagnosticsState,false,2026-07-08T16:02:08.806Z,true,2026-07-08T16:02:08.806Z,"""",,,,,,"
"InternetGatewayDevice.X_HW_IperfSpeedTest.IperfServer.ErrorDescription,false,2026-07-08T16:02:08.806Z,false,2026-07-08T16:02:08.806Z,"""",,,,,,"
"InternetGatewayDevice.X_HW_IperfSpeedTest.IperfServer.MaxTime,false,2026-07-08T16:02:08.806Z,true,2026-07-08T16:02:08.806Z,"""",,,,,,"
"InternetGatewayDevice.X_HW_IperfSpeedTest.IperfServer.Port,false,2026-07-08T16:02:08.806Z,true,2026-07-08T16:02:08.806Z,"""",,,,,,"
"InternetGatewayDevice.X_HW_IperfSpeedTest.IperfServer.ReportTime,false,2026-07-08T16:02:08.806Z,false,2026-07-08T16:02:08.806Z,"""",,,,,,"
"InternetGatewayDevice.X_HW_IperfSpeedTest.IperfServer.Result,false,2026-07-08T16:02:08.806Z,false,2026-07-08T16:02:08.806Z,"""",,,,,,"
"InternetGatewayDevice.X_HW_IperfSpeedTest.IperfServer.ServerIP,false,2026-07-08T16:02:08.806Z,false,2026-07-08T16:02:08.806Z,"""",,,,,,"
"InternetGatewayDevice.X_HW_IperfSpeedTest.IperfServer.ServerPort,false,2026-07-08T16:02:08.806Z,false,2026-07-08T16:02:08.806Z,"""",,,,,,"
"InternetGatewayDevice.X_HW_IperfSpeedTest.IperfServer.TestResult,false,2026-07-08T16:02:08.806Z,false,2026-07-08T16:02:08.806Z,"""",,,,,,"
"InternetGatewayDevice.X_HW_KMC,true,2026-07-08T16:02:08.806Z,true,2026-07-08T16:02:08.806Z,"""",,,,,,"
"InternetGatewayDevice.X_HW_KMC.Domain,true,2026-07-08T16:02:08.806Z,true,2026-07-08T16:02:08.806Z,"""",,,,,,"
"InternetGatewayDevice.X_HW_KMC.Domain.1,true,2026-07-08T16:02:08.806Z,true,2026-07-08T16:02:08.806Z,"""",,,,,,"
"InternetGatewayDevice.X_HW_KMC.Domain.1.Description,false,2026-07-08T16:02:08.806Z,true,2026-07-08T16:02:08.806Z,"""",,,,,,"
"InternetGatewayDevice.X_HW_KMC.Domain.1.ID,false,2026-07-08T16:02:08.806Z,false,2026-07-08T16:02:08.806Z,"""",,,,,,"
"InternetGatewayDevice.X_HW_KMC.Domain.1.MK,true,2026-07-08T16:02:08.806Z,true,2026-07-08T16:02:08.806Z,"""",,,,,,"
"InternetGatewayDevice.X_HW_KMC.Domain.1.MK.1,true,2026-07-08T16:02:08.806Z,true,2026-07-08T16:02:08.806Z,"""",,,,,,"
"InternetGatewayDevice.X_HW_KMC.Domain.1.MK.1.Active,false,2026-07-08T16:02:08.806Z,true,2026-07-08T16:02:08.806Z,"""",,,,,,"
"InternetGatewayDevice.X_HW_KMC.Domain.1.MK.1.ID,false,2026-07-08T16:02:08.806Z,true,2026-07-08T16:02:08.806Z,"""",,,,,,"
"InternetGatewayDevice.X_HW_KMC.Domain.1.MK.1.Key,false,2026-07-08T16:02:08.806Z,true,2026-07-08T16:02:08.806Z,"""",,,,,,"
"InternetGatewayDevice.X_HW_KMC.Domain.1.Source,false,2026-07-08T16:02:08.806Z,false,2026-07-08T16:02:08.806Z,"""",,,,,,"
"InternetGatewayDevice.X_HW_KMC.Domain.1.UpdateMode,false,2026-07-08T16:02:08.806Z,true,2026-07-08T16:02:08.806Z,"""",,,,,,"
"InternetGatewayDevice.X_HW_KMC.Domain.1.UpdateTime,false,2026-07-08T16:02:08.806Z,true,2026-07-08T16:02:08.806Z,"""",,,,,,"
"InternetGatewayDevice.X_HW_KMC.Domain.2,true,2026-07-08T16:02:08.806Z,true,2026-07-08T16:02:08.806Z,"""",,,,,,"
"InternetGatewayDevice.X_HW_KMC.Domain.2.Description,false,2026-07-08T16:02:08.806Z,true,2026-07-08T16:02:08.806Z,"""",,,,,,"
"InternetGatewayDevice.X_HW_KMC.Domain.2.ID,false,2026-07-08T16:02:08.806Z,false,2026-07-08T16:02:08.806Z,"""",,,,,,"
"InternetGatewayDevice.X_HW_KMC.Domain.2.MK,true,2026-07-08T16:02:08.806Z,true,2026-07-08T16:02:08.806Z,"""",,,,,,"
"InternetGatewayDevice.X_HW_KMC.Domain.2.MK.1,true,2026-07-08T16:02:08.806Z,true,2026-07-08T16:02:08.806Z,"""",,,,,,"
"InternetGatewayDevice.X_HW_KMC.Domain.2.MK.1.Active,false,2026-07-08T16:02:08.806Z,true,2026-07-08T16:02:08.806Z,"""",,,,,,"
"InternetGatewayDevice.X_HW_KMC.Domain.2.MK.1.ID,false,2026-07-08T16:02:08.806Z,true,2026-07-08T16:02:08.806Z,"""",,,,,,"
"InternetGatewayDevice.X_HW_KMC.Domain.2.MK.1.Key,false,2026-07-08T16:02:08.806Z,true,2026-07-08T16:02:08.806Z,"""",,,,,,"
"InternetGatewayDevice.X_HW_KMC.Domain.2.MK.2,true,2026-07-08T16:02:08.806Z,true,2026-07-08T16:02:08.806Z,"""",,,,,,"
"InternetGatewayDevice.X_HW_KMC.Domain.2.MK.2.Active,false,2026-07-08T16:02:08.806Z,true,2026-07-08T16:02:08.806Z,"""",,,,,,"
"InternetGatewayDevice.X_HW_KMC.Domain.2.MK.2.ID,false,2026-07-08T16:02:08.806Z,true,2026-07-08T16:02:08.806Z,"""",,,,,,"
"InternetGatewayDevice.X_HW_KMC.Domain.2.MK.2.Key,false,2026-07-08T16:02:08.806Z,true,2026-07-08T16:02:08.806Z,"""",,,,,,"
"InternetGatewayDevice.X_HW_KMC.Domain.2.Source,false,2026-07-08T16:02:08.806Z,false,2026-07-08T16:02:08.806Z,"""",,,,,,"
"InternetGatewayDevice.X_HW_KMC.Domain.2.UpdateMode,false,2026-07-08T16:02:08.806Z,true,2026-07-08T16:02:08.806Z,"""",,,,,,"
"InternetGatewayDevice.X_HW_KMC.Domain.2.UpdateTime,false,2026-07-08T16:02:08.806Z,true,2026-07-08T16:02:08.806Z,"""",,,,,,"
"InternetGatewayDevice.X_HW_KMC.Domain.3,true,2026-07-08T16:02:08.806Z,true,2026-07-08T16:02:08.806Z,"""",,,,,,"
"InternetGatewayDevice.X_HW_KMC.Domain.3.Description,false,2026-07-08T16:02:08.806Z,true,2026-07-08T16:02:08.806Z,"""",,,,,,"
"InternetGatewayDevice.X_HW_KMC.Domain.3.ID,false,2026-07-08T16:02:08.806Z,false,2026-07-08T16:02:08.806Z,"""",,,,,,"
"InternetGatewayDevice.X_HW_KMC.Domain.3.MK,true,2026-07-08T16:02:08.806Z,true,2026-07-08T16:02:08.806Z,"""",,,,,,"
"InternetGatewayDevice.X_HW_KMC.Domain.3.MK.1,true,2026-07-08T16:02:08.806Z,true,2026-07-08T16:02:08.806Z,"""",,,,,,"
"InternetGatewayDevice.X_HW_KMC.Domain.3.MK.1.Active,false,2026-07-08T16:02:08.806Z,true,2026-07-08T16:02:08.806Z,"""",,,,,,"
"InternetGatewayDevice.X_HW_KMC.Domain.3.MK.1.ID,false,2026-07-08T16:02:08.806Z,true,2026-07-08T16:02:08.806Z,"""",,,,,,"
"InternetGatewayDevice.X_HW_KMC.Domain.3.MK.1.Key,false,2026-07-08T16:02:08.806Z,true,2026-07-08T16:02:08.806Z,"""",,,,,,"
"InternetGatewayDevice.X_HW_KMC.Domain.3.Source,false,2026-07-08T16:02:08.806Z,false,2026-07-08T16:02:08.806Z,"""",,,,,,"
"InternetGatewayDevice.X_HW_KMC.Domain.3.UpdateMode,false,2026-07-08T16:02:08.806Z,true,2026-07-08T16:02:08.806Z,"""",,,,,,"
"InternetGatewayDevice.X_HW_KMC.Domain.3.UpdateTime,false,2026-07-08T16:02:08.806Z,true,2026-07-08T16:02:08.806Z,"""",,,,,,"
"InternetGatewayDevice.X_HW_KMC.Domain.4,true,2026-07-08T16:02:08.806Z,true,2026-07-08T16:02:08.806Z,"""",,,,,,"
"InternetGatewayDevice.X_HW_KMC.Domain.4.Description,false,2026-07-08T16:02:08.806Z,true,2026-07-08T16:02:08.806Z,"""",,,,,,"
"InternetGatewayDevice.X_HW_KMC.Domain.4.ID,false,2026-07-08T16:02:08.806Z,false,2026-07-08T16:02:08.806Z,"""",,,,,,"
"InternetGatewayDevice.X_HW_KMC.Domain.4.MK,true,2026-07-08T16:02:08.806Z,true,2026-07-08T16:02:08.806Z,"""",,,,,,"
"InternetGatewayDevice.X_HW_KMC.Domain.4.Source,false,2026-07-08T16:02:08.806Z,false,2026-07-08T16:02:08.806Z,"""",,,,,,"
"InternetGatewayDevice.X_HW_KMC.Domain.4.UpdateMode,false,2026-07-08T16:02:08.806Z,true,2026-07-08T16:02:08.806Z,"""",,,,,,"
"InternetGatewayDevice.X_HW_KMC.Domain.4.UpdateTime,false,2026-07-08T16:02:08.806Z,true,2026-07-08T16:02:08.806Z,"""",,,,,,"
"InternetGatewayDevice.X_HW_KMC.Domain.5,true,2026-07-08T16:02:08.806Z,true,2026-07-08T16:02:08.806Z,"""",,,,,,"
"InternetGatewayDevice.X_HW_KMC.Domain.5.Description,false,2026-07-08T16:02:08.806Z,true,2026-07-08T16:02:08.806Z,"""",,,,,,"
"InternetGatewayDevice.X_HW_KMC.Domain.5.ID,false,2026-07-08T16:02:08.806Z,false,2026-07-08T16:02:08.806Z,"""",,,,,,"
"InternetGatewayDevice.X_HW_KMC.Domain.5.MK,true,2026-07-08T16:02:08.806Z,true,2026-07-08T16:02:08.806Z,"""",,,,,,"
"InternetGatewayDevice.X_HW_KMC.Domain.5.MK.1,true,2026-07-08T16:02:08.806Z,true,2026-07-08T16:02:08.806Z,"""",,,,,,"
"InternetGatewayDevice.X_HW_KMC.Domain.5.MK.1.Active,false,2026-07-08T16:02:08.806Z,true,2026-07-08T16:02:08.806Z,"""",,,,,,"
"InternetGatewayDevice.X_HW_KMC.Domain.5.MK.1.ID,false,2026-07-08T16:02:08.806Z,true,2026-07-08T16:02:08.806Z,"""",,,,,,"
"InternetGatewayDevice.X_HW_KMC.Domain.5.MK.1.Key,false,2026-07-08T16:02:08.806Z,true,2026-07-08T16:02:08.806Z,"""",,,,,,"
"InternetGatewayDevice.X_HW_KMC.Domain.5.Source,false,2026-07-08T16:02:08.806Z,false,2026-07-08T16:02:08.806Z,"""",,,,,,"
"InternetGatewayDevice.X_HW_KMC.Domain.5.UpdateMode,false,2026-07-08T16:02:08.806Z,true,2026-07-08T16:02:08.806Z,"""",,,,,,"
"InternetGatewayDevice.X_HW_KMC.Domain.5.UpdateTime,false,2026-07-08T16:02:08.806Z,true,2026-07-08T16:02:08.806Z,"""",,,,,,"
"InternetGatewayDevice.X_HW_KMC.Domain.6,true,2026-07-08T16:02:08.806Z,true,2026-07-08T16:02:08.806Z,"""",,,,,,"
"InternetGatewayDevice.X_HW_KMC.Domain.6.Description,false,2026-07-08T16:02:08.806Z,true,2026-07-08T16:02:08.806Z,"""",,,,,,"
"InternetGatewayDevice.X_HW_KMC.Domain.6.ID,false,2026-07-08T16:02:08.806Z,false,2026-07-08T16:02:08.806Z,"""",,,,,,"
"InternetGatewayDevice.X_HW_KMC.Domain.6.MK,true,2026-07-08T16:02:08.806Z,true,2026-07-08T16:02:08.806Z,"""",,,,,,"
"InternetGatewayDevice.X_HW_KMC.Domain.6.Source,false,2026-07-08T16:02:08.806Z,false,2026-07-08T16:02:08.806Z,"""",,,,,,"
"InternetGatewayDevice.X_HW_KMC.Domain.6.UpdateMode,false,2026-07-08T16:02:08.806Z,true,2026-07-08T16:02:08.806Z,"""",,,,,,"
"InternetGatewayDevice.X_HW_KMC.Domain.6.UpdateTime,false,2026-07-08T16:02:08.806Z,true,2026-07-08T16:02:08.806Z,"""",,,,,,"
"InternetGatewayDevice.X_HW_KMC.Domain.7,true,2026-07-08T16:02:08.806Z,true,2026-07-08T16:02:08.806Z,"""",,,,,,"
"InternetGatewayDevice.X_HW_KMC.Domain.7.Description,false,2026-07-08T16:02:08.806Z,true,2026-07-08T16:02:08.806Z,"""",,,,,,"
"InternetGatewayDevice.X_HW_KMC.Domain.7.ID,false,2026-07-08T16:02:08.806Z,false,2026-07-08T16:02:08.806Z,"""",,,,,,"
"InternetGatewayDevice.X_HW_KMC.Domain.7.MK,true,2026-07-08T16:02:08.806Z,true,2026-07-08T16:02:08.806Z,"""",,,,,,"
"InternetGatewayDevice.X_HW_KMC.Domain.7.Source,false,2026-07-08T16:02:08.806Z,false,2026-07-08T16:02:08.806Z,"""",,,,,,"
"InternetGatewayDevice.X_HW_KMC.Domain.7.UpdateMode,false,2026-07-08T16:02:08.806Z,true,2026-07-08T16:02:08.806Z,"""",,,,,,"
"InternetGatewayDevice.X_HW_KMC.Domain.7.UpdateTime,false,2026-07-08T16:02:08.806Z,true,2026-07-08T16:02:08.806Z,"""",,,,,,"
"InternetGatewayDevice.X_HW_KMC.Domain.8,true,2026-07-08T16:02:08.806Z,true,2026-07-08T16:02:08.806Z,"""",,,,,,"
"InternetGatewayDevice.X_HW_KMC.Domain.8.Description,false,2026-07-08T16:02:08.806Z,true,2026-07-08T16:02:08.806Z,"""",,,,,,"
"InternetGatewayDevice.X_HW_KMC.Domain.8.ID,false,2026-07-08T16:02:08.806Z,false,2026-07-08T16:02:08.806Z,"""",,,,,,"
"InternetGatewayDevice.X_HW_KMC.Domain.8.MK,true,2026-07-08T16:02:08.806Z,true,2026-07-08T16:02:08.806Z,"""",,,,,,"
"InternetGatewayDevice.X_HW_KMC.Domain.8.Source,false,2026-07-08T16:02:08.806Z,false,2026-07-08T16:02:08.806Z,"""",,,,,,"
"InternetGatewayDevice.X_HW_KMC.Domain.8.UpdateMode,false,2026-07-08T16:02:08.806Z,true,2026-07-08T16:02:08.806Z,"""",,,,,,"
"InternetGatewayDevice.X_HW_KMC.Domain.8.UpdateTime,false,2026-07-08T16:02:08.806Z,true,2026-07-08T16:02:08.806Z,"""",,,,,,"
"InternetGatewayDevice.X_HW_KMC.RK,true,2026-07-08T16:02:08.806Z,true,2026-07-08T16:02:08.806Z,"""",,,,,,"
"InternetGatewayDevice.X_HW_KMC.RK.CreateTime,false,2026-07-08T16:02:08.806Z,false,2026-07-08T16:02:08.806Z,"""",,,,,,"
"InternetGatewayDevice.X_HW_KMC.RK.ExpiredTime,false,2026-07-08T16:02:08.806Z,false,2026-07-08T16:02:08.806Z,"""",,,,,,"
"InternetGatewayDevice.X_HW_KMC.RK.Iterations,false,2026-07-08T16:02:08.806Z,true,2026-07-08T16:02:08.806Z,"""",,,,,,"
"InternetGatewayDevice.X_HW_KMC.RK.LifeDays,false,2026-07-08T16:02:08.806Z,true,2026-07-08T16:02:08.806Z,"""",,,,,,"
"InternetGatewayDevice.X_HW_KMC.RK.Source,false,2026-07-08T16:02:08.806Z,false,2026-07-08T16:02:08.806Z,"""",,,,,,"
"InternetGatewayDevice.X_HW_KMC.RK.Version,false,2026-07-08T16:02:08.806Z,false,2026-07-08T16:02:08.806Z,"""",,,,,,"
"InternetGatewayDevice.X_HW_MainUPnP,true,2026-07-08T16:02:08.806Z,true,2026-07-08T16:02:08.806Z,"""",,,,,,"
"InternetGatewayDevice.X_HW_MainUPnP.Enable,false,2026-07-08T16:02:08.806Z,true,2026-07-08T16:02:08.806Z,"""",,,,,,"
"InternetGatewayDevice.X_HW_NSS,true,2026-07-08T16:02:08.806Z,true,2026-07-08T16:02:08.806Z,"""",,,,,,"
"InternetGatewayDevice.X_HW_NSS.X_HW_IPTrafficList,true,2026-07-08T16:02:08.806Z,true,2026-07-08T16:02:08.806Z,"""",,,,,,"
"InternetGatewayDevice.X_HW_NeighborDiscovery,true,2026-07-08T16:02:08.806Z,true,2026-07-08T16:02:08.806Z,"""",,,,,,"
"InternetGatewayDevice.X_HW_NeighborDiscovery.InterfaceSetting,true,2026-07-08T16:02:08.806Z,true,2026-07-08T16:02:08.806Z,"""",,,,,,"
"InternetGatewayDevice.X_HW_NetInfo_Acquisition,true,2026-07-08T16:02:08.806Z,true,2026-07-08T16:02:08.806Z,"""",,,,,,"
"InternetGatewayDevice.X_HW_NetInfo_Acquisition.UserAgentEnable,false,2026-07-08T16:02:08.806Z,true,2026-07-08T16:02:08.806Z,"""",,,,,,"
"InternetGatewayDevice.X_HW_Option,true,2026-07-08T16:02:08.806Z,true,2026-07-08T16:02:08.806Z,"""",,,,,,"
"InternetGatewayDevice.X_HW_Option.Element,true,2026-07-08T16:02:08.806Z,true,2026-07-08T16:02:08.806Z,"""",,,,,,"
"InternetGatewayDevice.X_HW_Option.Profile,true,2026-07-08T16:02:08.806Z,true,2026-07-08T16:02:08.806Z,"""",,,,,,"
"InternetGatewayDevice.X_HW_Option.Time,false,2026-07-08T16:02:08.806Z,true,2026-07-08T16:02:08.806Z,"""",,,,,,"
"InternetGatewayDevice.X_HW_POTSDeviceNumber,false,2026-07-08T16:02:08.806Z,false,2026-07-08T16:02:08.806Z,"""",,,,,,"
"InternetGatewayDevice.X_HW_PPPOE_EMLUATOR,true,2026-07-08T16:02:08.806Z,true,2026-07-08T16:02:08.806Z,"""",,,,,,"
"InternetGatewayDevice.X_HW_PPPOE_EMLUATOR.DefaultGateway,false,2026-07-08T16:02:08.806Z,false,2026-07-08T16:02:08.806Z,"""",,,,,,"
"InternetGatewayDevice.X_HW_PPPOE_EMLUATOR.DiagnosticsState,false,2026-07-08T16:02:08.806Z,true,2026-07-08T16:02:08.806Z,"""",,,,,,"
"InternetGatewayDevice.X_HW_PPPOE_EMLUATOR.EmStackType,false,2026-07-08T16:02:08.806Z,true,2026-07-08T16:02:08.806Z,"""",,,,,,"
"InternetGatewayDevice.X_HW_PPPOE_EMLUATOR.ExternalIPAddress,false,2026-07-08T16:02:08.806Z,false,2026-07-08T16:02:08.806Z,"""",,,,,,"
"InternetGatewayDevice.X_HW_PPPOE_EMLUATOR.GroupIpAddr,false,2026-07-08T16:02:08.806Z,true,2026-07-08T16:02:08.806Z,"""",,,,,,"
"InternetGatewayDevice.X_HW_PPPOE_EMLUATOR.IGMPVersion,false,2026-07-08T16:02:08.806Z,true,2026-07-08T16:02:08.806Z,"""",,,,,,"
"InternetGatewayDevice.X_HW_PPPOE_EMLUATOR.PPPAuthenticationProtocol,false,2026-07-08T16:02:08.806Z,true,2026-07-08T16:02:08.806Z,"""",,,,,,"
"InternetGatewayDevice.X_HW_PPPOE_EMLUATOR.PPPSessionID,false,2026-07-08T16:02:08.806Z,false,2026-07-08T16:02:08.806Z,"""",,,,,,"
"InternetGatewayDevice.X_HW_PPPOE_EMLUATOR.Password,false,2026-07-08T16:02:08.806Z,true,2026-07-08T16:02:08.806Z,"""",,,,,,"
"InternetGatewayDevice.X_HW_PPPOE_EMLUATOR.Port,false,2026-07-08T16:02:08.806Z,true,2026-07-08T16:02:08.806Z,"""",,,,,,"
"InternetGatewayDevice.X_HW_PPPOE_EMLUATOR.Priority,false,2026-07-08T16:02:08.806Z,true,2026-07-08T16:02:08.806Z,"""",,,,,,"
"InternetGatewayDevice.X_HW_PPPOE_EMLUATOR.Result,false,2026-07-08T16:02:08.806Z,false,2026-07-08T16:02:08.806Z,"""",,,,,,"
"InternetGatewayDevice.X_HW_PPPOE_EMLUATOR.ResultRate,false,2026-07-08T16:02:08.806Z,false,2026-07-08T16:02:08.806Z,"""",,,,,,"
"InternetGatewayDevice.X_HW_PPPOE_EMLUATOR.RetryTimes,false,2026-07-08T16:02:08.806Z,true,2026-07-08T16:02:08.806Z,"""",,,,,,"
"InternetGatewayDevice.X_HW_PPPOE_EMLUATOR.SourceIpAddr,false,2026-07-08T16:02:08.806Z,true,2026-07-08T16:02:08.806Z,"""",,,,,,"
"InternetGatewayDevice.X_HW_PPPOE_EMLUATOR.Username,false,2026-07-08T16:02:08.806Z,true,2026-07-08T16:02:08.806Z,"""",,,,,,"
"InternetGatewayDevice.X_HW_PPPOE_EMLUATOR.VLANID,false,2026-07-08T16:02:08.806Z,true,2026-07-08T16:02:08.806Z,"""",,,,,,"
"InternetGatewayDevice.X_HW_PPPoE_BridgeWAN_AutoEmulator,true,2026-07-08T16:02:08.806Z,true,2026-07-08T16:02:08.806Z,"""",,,,,,"
"InternetGatewayDevice.X_HW_PPPoE_BridgeWAN_AutoEmulator.Enable,false,2026-07-08T16:02:08.806Z,true,2026-07-08T16:02:08.806Z,"""",,,,,,"
"InternetGatewayDevice.X_HW_PPPoE_BridgeWAN_AutoEmulator.FailedRetryTimeList,false,2026-07-08T16:02:08.806Z,true,2026-07-08T16:02:08.806Z,"""",,,,,,"
"InternetGatewayDevice.X_HW_PPPoE_BridgeWAN_AutoEmulator.Password,false,2026-07-08T16:02:08.806Z,true,2026-07-08T16:02:08.806Z,"""",,,,,,"
"InternetGatewayDevice.X_HW_PPPoE_BridgeWAN_AutoEmulator.TimeList,false,2026-07-08T16:02:08.806Z,true,2026-07-08T16:02:08.806Z,"""",,,,,,"
"InternetGatewayDevice.X_HW_PPPoE_BridgeWAN_AutoEmulator.Username,false,2026-07-08T16:02:08.806Z,true,2026-07-08T16:02:08.806Z,"""",,,,,,"
"InternetGatewayDevice.X_HW_PonQualityMonitor,true,2026-07-08T16:02:08.806Z,true,2026-07-08T16:02:08.806Z,"""",,,,,,"
"InternetGatewayDevice.X_HW_PonQualityMonitor.BERThreshold,false,2026-07-08T16:02:08.806Z,true,2026-07-08T16:02:08.806Z,"""",,,,,,"
"InternetGatewayDevice.X_HW_PonQualityMonitor.Enable,false,2026-07-08T16:02:08.806Z,true,2026-07-08T16:02:08.806Z,"""",,,,,,"
"InternetGatewayDevice.X_HW_PonQualityMonitor.MonitorInterval,false,2026-07-08T16:02:08.806Z,true,2026-07-08T16:02:08.806Z,"""",,,,,,"
"InternetGatewayDevice.X_HW_Security,true,2026-07-08T16:02:08.806Z,true,2026-07-08T16:02:08.806Z,"""",,,,,,"
"InternetGatewayDevice.X_HW_Security.ARPFilter,true,2026-07-08T16:02:08.806Z,true,2026-07-08T16:02:08.806Z,"""",,,,,,"
"InternetGatewayDevice.X_HW_Security.ARPFilter.ARPAutoBindEnable,false,2026-07-08T16:02:08.806Z,true,2026-07-08T16:02:08.806Z,"""",,,,,,"
"InternetGatewayDevice.X_HW_Security.ARPFilter.Enable,false,2026-07-08T16:02:08.806Z,true,2026-07-08T16:02:08.806Z,"""",,,,,,"
"InternetGatewayDevice.X_HW_Security.ARPFilter.LimitNumber,false,2026-07-08T16:02:08.806Z,true,2026-07-08T16:02:08.806Z,"""",,,,,,"
"InternetGatewayDevice.X_HW_Security.ARPFilter.SendFreeArp,true,2026-07-08T16:02:08.806Z,true,2026-07-08T16:02:08.806Z,"""",,,,,,"
"InternetGatewayDevice.X_HW_Security.AclServices,true,2026-07-08T16:02:08.806Z,true,2026-07-08T16:02:08.806Z,"""",,,,,,"
"InternetGatewayDevice.X_HW_Security.AclServices.AccessControl,true,2026-07-08T16:02:08.806Z,true,2026-07-08T16:02:08.806Z,"""",,,,,,"
"InternetGatewayDevice.X_HW_Security.AclServices.AccessControl.AccessControlListEnable,false,2026-07-08T16:02:08.806Z,true,2026-07-08T16:02:08.806Z,"""",,,,,,"
"InternetGatewayDevice.X_HW_Security.AclServices.AccessControl.AccessControlListNumberOfEntries,false,2026-07-08T16:02:08.806Z,false,2026-07-08T16:02:08.806Z,"""",,,,,,"
"InternetGatewayDevice.X_HW_Security.AclServices.AccessControl.List,true,2026-07-08T16:02:08.806Z,true,2026-07-08T16:02:08.806Z,"""",,,,,,"
"InternetGatewayDevice.X_HW_Security.AclServices.AccessControl.List.2,true,2026-07-08T16:02:08.806Z,true,2026-07-08T16:02:08.806Z,"""",,,,,,"
"InternetGatewayDevice.X_HW_Security.AclServices.AccessControl.List.2.DynamicWanServiceType,false,2026-07-08T16:02:08.806Z,true,2026-07-08T16:02:08.806Z,"""",,,,,,"
"InternetGatewayDevice.X_HW_Security.AclServices.AccessControl.List.2.Mode,false,2026-07-08T16:02:08.806Z,true,2026-07-08T16:02:08.806Z,"""",,,,,,"
"InternetGatewayDevice.X_HW_Security.AclServices.AccessControl.List.2.Priority,false,2026-07-08T16:02:08.806Z,true,2026-07-08T16:02:08.806Z,"""",,,,,,"
"InternetGatewayDevice.X_HW_Security.AclServices.AccessControl.List.2.ServicePort,false,2026-07-08T16:02:08.806Z,true,2026-07-08T16:02:08.806Z,"""",,,,,,"
"InternetGatewayDevice.X_HW_Security.AclServices.AccessControl.List.2.ServiceProto,false,2026-07-08T16:02:08.806Z,true,2026-07-08T16:02:08.806Z,"""",,,,,,"
"InternetGatewayDevice.X_HW_Security.AclServices.AccessControl.List.2.ServiceProtoPort,false,2026-07-08T16:02:08.806Z,true,2026-07-08T16:02:08.806Z,"""",,,,,,"
"InternetGatewayDevice.X_HW_Security.AclServices.AccessControl.List.2.SrcIp,false,2026-07-08T16:02:08.806Z,true,2026-07-08T16:02:08.806Z,"""",,,,,,"
"InternetGatewayDevice.X_HW_Security.AclServices.AccessControl.List.2.SrcMac,false,2026-07-08T16:02:08.806Z,true,2026-07-08T16:02:08.806Z,"""",,,,,,"
"InternetGatewayDevice.X_HW_Security.AclServices.AccessControl.List.2.SrcPortName,false,2026-07-08T16:02:08.806Z,true,2026-07-08T16:02:08.806Z,"""",,,,,,"
"InternetGatewayDevice.X_HW_Security.AclServices.AccessControl.List.2.SrcPortType,false,2026-07-08T16:02:08.806Z,true,2026-07-08T16:02:08.806Z,"""",,,,,,"
"InternetGatewayDevice.X_HW_Security.AclServices.FTPLanEnable,false,2026-07-08T16:02:08.806Z,true,2026-07-08T16:02:08.806Z,"""",,,,,,"
"InternetGatewayDevice.X_HW_Security.AclServices.FTPWanEnable,false,2026-07-08T16:02:08.806Z,true,2026-07-08T16:02:08.806Z,"""",,,,,,"
"InternetGatewayDevice.X_HW_Security.AclServices.HTTPLanEnable,false,2026-07-08T16:02:08.806Z,true,2026-07-08T16:02:08.806Z,"""",,,,,,"
"InternetGatewayDevice.X_HW_Security.AclServices.HTTPSLanEnable,false,2026-07-08T16:02:08.806Z,true,2026-07-08T16:02:08.806Z,"""",,,,,,"
"InternetGatewayDevice.X_HW_Security.AclServices.HTTPWanEnable,false,2026-07-08T16:02:08.806Z,true,2026-07-08T16:02:08.806Z,"""",,,,,,"
"InternetGatewayDevice.X_HW_Security.AclServices.SSHLanEnable,false,2026-07-08T16:02:08.806Z,true,2026-07-08T16:02:08.806Z,"""",,,,,,"
"InternetGatewayDevice.X_HW_Security.AclServices.SSHWanEnable,false,2026-07-08T16:02:08.806Z,true,2026-07-08T16:02:08.806Z,"""",,,,,,"
"InternetGatewayDevice.X_HW_Security.AclServices.SamBaLanEnable,false,2026-07-08T16:02:08.806Z,true,2026-07-08T16:02:08.806Z,"""",,,,,,"
"InternetGatewayDevice.X_HW_Security.AclServices.SamBaWanEnable,false,2026-07-08T16:02:08.806Z,true,2026-07-08T16:02:08.806Z,"""",,,,,,"
"InternetGatewayDevice.X_HW_Security.AclServices.TELNETLanEnable,false,2026-07-08T16:02:08.806Z,true,2026-07-08T16:02:08.806Z,"""",,,,,,"
"InternetGatewayDevice.X_HW_Security.AclServices.TELNETWanEnable,false,2026-07-08T16:02:08.806Z,true,2026-07-08T16:02:08.806Z,"""",,,,,,"
"InternetGatewayDevice.X_HW_Security.AclServices.WanAccess,true,2026-07-08T16:02:08.806Z,true,2026-07-08T16:02:08.806Z,"""",,,,,,"
"InternetGatewayDevice.X_HW_Security.Dosfilter,true,2026-07-08T16:02:08.806Z,true,2026-07-08T16:02:08.806Z,"""",,,,,,"
"InternetGatewayDevice.X_HW_Security.Dosfilter.IcmpEchoReplyEn,false,2026-07-08T16:02:08.806Z,true,2026-07-08T16:02:08.806Z,"""",,,,,,"
"InternetGatewayDevice.X_HW_Security.Dosfilter.IcmpRedirectEn,false,2026-07-08T16:02:08.806Z,true,2026-07-08T16:02:08.806Z,"""",,,,,,"
"InternetGatewayDevice.X_HW_Security.Dosfilter.LandEn,false,2026-07-08T16:02:08.806Z,true,2026-07-08T16:02:08.806Z,"""",,,,,,"
"InternetGatewayDevice.X_HW_Security.Dosfilter.PingSweepEn,false,2026-07-08T16:02:08.806Z,true,2026-07-08T16:02:08.806Z,"""",,,,,,"
"InternetGatewayDevice.X_HW_Security.Dosfilter.SmurfEn,false,2026-07-08T16:02:08.806Z,true,2026-07-08T16:02:08.806Z,"""",,,,,,"
"InternetGatewayDevice.X_HW_Security.Dosfilter.SynFloodEn,false,2026-07-08T16:02:08.806Z,true,2026-07-08T16:02:08.806Z,"""",,,,,,"
"InternetGatewayDevice.X_HW_Security.Dosfilter.WinnukeEn,false,2026-07-08T16:02:08.806Z,true,2026-07-08T16:02:08.806Z,"""",,,,,,"
"InternetGatewayDevice.X_HW_Security.FirewallLog,true,2026-07-08T16:02:08.806Z,true,2026-07-08T16:02:08.806Z,"""",,,,,,"
"InternetGatewayDevice.X_HW_Security.FirewallLog.FirewallLogRight,false,2026-07-08T16:02:08.806Z,true,2026-07-08T16:02:08.806Z,"""",,,,,,"
"InternetGatewayDevice.X_HW_Security.FirewallLog.FirewallLogRuleNumberOfEntries,false,2026-07-08T16:02:08.806Z,false,2026-07-08T16:02:08.806Z,"""",,,,,,"
"InternetGatewayDevice.X_HW_Security.FirewallLog.Rules,true,2026-07-08T16:02:08.806Z,true,2026-07-08T16:02:08.806Z,"""",,,,,,"
"InternetGatewayDevice.X_HW_Security.ParentalCtrl,true,2026-07-08T16:02:08.806Z,true,2026-07-08T16:02:08.806Z,"""",,,,,,"
"InternetGatewayDevice.X_HW_Security.ParentalCtrl.MAC,true,2026-07-08T16:02:08.806Z,true,2026-07-08T16:02:08.806Z,"""",,,,,,"
"InternetGatewayDevice.X_HW_Security.ParentalCtrl.Templates,true,2026-07-08T16:02:08.806Z,true,2026-07-08T16:02:08.806Z,"""",,,,,,"
"InternetGatewayDevice.X_HW_Security.ParentalCtrl.Templates.1,true,2026-07-08T16:02:08.806Z,true,2026-07-08T16:02:08.806Z,"""",,,,,,"
"InternetGatewayDevice.X_HW_Security.ParentalCtrl.Templates.1.Duration,true,2026-07-08T16:02:08.806Z,true,2026-07-08T16:02:08.806Z,"""",,,,,,"
"InternetGatewayDevice.X_HW_Security.ParentalCtrl.Templates.1.DurationPolicy,false,2026-07-08T16:02:08.806Z,true,2026-07-08T16:02:08.806Z,"""",,,,,,"
"InternetGatewayDevice.X_HW_Security.ParentalCtrl.Templates.1.DurationRight,false,2026-07-08T16:02:08.806Z,true,2026-07-08T16:02:08.806Z,"""",,,,,,"
"InternetGatewayDevice.X_HW_Security.ParentalCtrl.Templates.1.Name,false,2026-07-08T16:02:08.806Z,true,2026-07-08T16:02:08.806Z,"""",,,,,,"
"InternetGatewayDevice.X_HW_Security.ParentalCtrl.Templates.1.UrlFilter,true,2026-07-08T16:02:08.806Z,true,2026-07-08T16:02:08.806Z,"""",,,,,,"
"InternetGatewayDevice.X_HW_Security.ParentalCtrl.Templates.1.UrlFilterPolicy,false,2026-07-08T16:02:08.806Z,true,2026-07-08T16:02:08.806Z,"""",,,,,,"
"InternetGatewayDevice.X_HW_Security.ParentalCtrl.Templates.1.UrlFilterRight,false,2026-07-08T16:02:08.806Z,true,2026-07-08T16:02:08.806Z,"""",,,,,,"
"InternetGatewayDevice.X_HW_Security.WANSrcWhiteList,true,2026-07-08T16:02:08.806Z,true,2026-07-08T16:02:08.806Z,"""",,,,,,"
"InternetGatewayDevice.X_HW_Security.WANSrcWhiteList.List,true,2026-07-08T16:02:08.806Z,true,2026-07-08T16:02:08.806Z,"""",,,,,,"
"InternetGatewayDevice.X_HW_Security.WANSrcWhiteList.WANSrcWhiteListEnable,false,2026-07-08T16:02:08.806Z,true,2026-07-08T16:02:08.806Z,"""",,,,,,"
"InternetGatewayDevice.X_HW_Security.WANSrcWhiteList.WANSrcWhiteListNumberOfEntries,false,2026-07-08T16:02:08.806Z,false,2026-07-08T16:02:08.806Z,"""",,,,,,"
"InternetGatewayDevice.X_HW_Security.X_HW_FirewallLevel,false,2026-07-08T16:02:08.806Z,true,2026-07-08T16:02:08.806Z,"""",,,,,,"
"InternetGatewayDevice.X_HW_Security.X_HW_IPv6FWDFireWallEnable,false,2026-07-08T16:02:08.806Z,true,2026-07-08T16:02:08.806Z,"""",,,,,,"
"InternetGatewayDevice.X_HW_ServiceManage,true,2026-07-08T16:02:08.806Z,true,2026-07-08T16:02:08.806Z,"""",,,,,,"
"InternetGatewayDevice.X_HW_ServiceManage.FtpEnable,false,2026-07-08T16:02:08.806Z,true,2026-07-08T16:02:08.806Z,"""",,,,,,"
"InternetGatewayDevice.X_HW_ServiceManage.FtpPassword,false,2026-07-08T16:02:08.806Z,true,2026-07-08T16:02:08.806Z,"""",,,,,,"
"InternetGatewayDevice.X_HW_ServiceManage.FtpPort,false,2026-07-08T16:02:08.806Z,true,2026-07-08T16:02:08.806Z,"""",,,,,,"
"InternetGatewayDevice.X_HW_ServiceManage.FtpRoorDir,false,2026-07-08T16:02:08.806Z,true,2026-07-08T16:02:08.806Z,"""",,,,,,"
"InternetGatewayDevice.X_HW_ServiceManage.FtpUserName,false,2026-07-08T16:02:08.806Z,true,2026-07-08T16:02:08.806Z,"""",,,,,,"
"InternetGatewayDevice.X_HW_SlvUPnP,true,2026-07-08T16:02:08.806Z,true,2026-07-08T16:02:08.806Z,"""",,,,,,"
"InternetGatewayDevice.X_HW_SlvUPnP.Enable,false,2026-07-08T16:02:08.806Z,true,2026-07-08T16:02:08.806Z,"""",,,,,,"
"InternetGatewayDevice.X_HW_SmartCAT,true,2026-07-08T16:02:08.806Z,true,2026-07-08T16:02:08.806Z,"""",,,,,,"
"InternetGatewayDevice.X_HW_SmartCAT.Enable,false,2026-07-08T16:02:08.806Z,true,2026-07-08T16:02:08.806Z,"""",,,,,,"
"InternetGatewayDevice.X_HW_SmartCAT.IncrPercentToSwitch,false,2026-07-08T16:02:08.806Z,true,2026-07-08T16:02:08.806Z,"""",,,,,,"
"InternetGatewayDevice.X_HW_SmartCAT.LowRateThrehold,false,2026-07-08T16:02:08.806Z,true,2026-07-08T16:02:08.806Z,"""",,,,,,"
"InternetGatewayDevice.X_HW_SmartCAT.MaxRetryTimes,false,2026-07-08T16:02:08.806Z,true,2026-07-08T16:02:08.806Z,"""",,,,,,"
"InternetGatewayDevice.X_HW_SmartCAT.MeasureTimeLength,false,2026-07-08T16:02:08.806Z,true,2026-07-08T16:02:08.806Z,"""",,,,,,"
"InternetGatewayDevice.X_HW_SmartCAT.PacketLossRateThrehold,false,2026-07-08T16:02:08.806Z,true,2026-07-08T16:02:08.806Z,"""",,,,,,"
"InternetGatewayDevice.X_HW_SmartCAT.PerformCycle2G,false,2026-07-08T16:02:08.806Z,true,2026-07-08T16:02:08.806Z,"""",,,,,,"
"InternetGatewayDevice.X_HW_SmartCAT.PerformCycle5G,false,2026-07-08T16:02:08.806Z,true,2026-07-08T16:02:08.806Z,"""",,,,,,"
"InternetGatewayDevice.X_HW_SmartRemoteManage,true,2026-07-08T16:02:08.806Z,true,2026-07-08T16:02:08.806Z,"""",,,,,,"
"InternetGatewayDevice.X_HW_SmartRemoteManage.Enable,false,2026-07-08T16:02:08.806Z,true,2026-07-08T16:02:08.806Z,"""",,,,,,"
"InternetGatewayDevice.X_HW_SmartRemoteManage.PlatAddress,false,2026-07-08T16:02:08.806Z,true,2026-07-08T16:02:08.806Z,"""",,,,,,"
"InternetGatewayDevice.X_HW_SmartRemoteManage.PlatExportType,false,2026-07-08T16:02:08.806Z,true,2026-07-08T16:02:08.806Z,"""",,,,,,"
"InternetGatewayDevice.X_HW_SmartTopo,true,2026-07-08T16:02:08.806Z,true,2026-07-08T16:02:08.806Z,"""",,,,,,"
"InternetGatewayDevice.X_HW_SslConfig,true,2026-07-08T16:02:08.806Z,true,2026-07-08T16:02:08.806Z,"""",,,,,,"
"InternetGatewayDevice.X_HW_SslConfig.EnableDeprecatedCipher,false,2026-07-08T16:02:08.806Z,true,2026-07-08T16:02:08.806Z,"""",,,,,,"
"InternetGatewayDevice.X_HW_SslConfig.EnableDeprecatedVersion,false,2026-07-08T16:02:08.806Z,true,2026-07-08T16:02:08.806Z,"""",,,,,,"
"InternetGatewayDevice.X_HW_UplinkQos,true,2026-07-08T16:02:08.806Z,true,2026-07-08T16:02:08.806Z,"""",,,,,,"
"InternetGatewayDevice.X_HW_UplinkQos.PeakRate,true,2026-07-08T16:02:08.806Z,false,2026-07-08T16:02:08.806Z,"""",,,,,,"
"InternetGatewayDevice.X_HW_UplinkQos.PeakRate.Downstream,false,2026-07-08T16:02:08.806Z,false,2026-07-08T16:02:08.806Z,"""",,,,,,"
"InternetGatewayDevice.X_HW_UplinkQos.PeakRate.Upstream,false,2026-07-08T16:02:08.806Z,false,2026-07-08T16:02:08.806Z,"""",,,,,,"
"InternetGatewayDevice.X_HW_WiFiDiagnostic,true,2026-07-08T16:02:08.806Z,true,2026-07-08T16:02:08.806Z,"""",,,,,,"
"InternetGatewayDevice.X_HW_WiFiDiagnostic.DiagnosticsState,false,2026-07-08T16:02:08.806Z,true,2026-07-08T16:02:08.806Z,"""",,,,,,"
"InternetGatewayDevice.X_HW_WiFiDiagnostic.DiagnosticsType,false,2026-07-08T16:02:08.806Z,true,2026-07-08T16:02:08.806Z,"""",,,,,,"
"InternetGatewayDevice.X_HW_WifiCoverService,true,2026-07-08T16:02:08.806Z,true,2026-07-08T16:02:08.806Z,"""",,,,,,"
"InternetGatewayDevice.X_HW_eMDI,true,2026-07-08T16:02:08.806Z,true,2026-07-08T16:02:08.806Z,"""",,,,,,"
"InternetGatewayDevice.X_HW_eMDI.ConsecutiveLost,false,2026-07-08T16:02:08.806Z,false,2026-07-08T16:02:08.806Z,"""",,,,,,"
"InternetGatewayDevice.X_HW_eMDI.DIP,false,2026-07-08T16:02:08.806Z,true,2026-07-08T16:02:08.806Z,"""",,,,,,"
"InternetGatewayDevice.X_HW_eMDI.DPort,false,2026-07-08T16:02:08.806Z,true,2026-07-08T16:02:08.806Z,"""",,,,,,"
"InternetGatewayDevice.X_HW_eMDI.DiagnosingDIP,false,2026-07-08T16:02:08.806Z,false,2026-07-08T16:02:08.806Z,"""",,,,,,"
"InternetGatewayDevice.X_HW_eMDI.DiagnosingMvlan,false,2026-07-08T16:02:08.806Z,false,2026-07-08T16:02:08.806Z,"""",,,,,,"
"InternetGatewayDevice.X_HW_eMDI.DiagnosingSIP,false,2026-07-08T16:02:08.806Z,false,2026-07-08T16:02:08.806Z,"""",,,,,,"
"InternetGatewayDevice.X_HW_eMDI.ELF_F,false,2026-07-08T16:02:08.806Z,false,2026-07-08T16:02:08.806Z,"""",,,,,,"
"InternetGatewayDevice.X_HW_eMDI.Enable,false,2026-07-08T16:02:08.806Z,true,2026-07-08T16:02:08.806Z,"""",,,,,,"
"InternetGatewayDevice.X_HW_eMDI.Interval,false,2026-07-08T16:02:08.806Z,true,2026-07-08T16:02:08.806Z,"""",,,,,,"
"InternetGatewayDevice.X_HW_eMDI.LostPackets,false,2026-07-08T16:02:08.806Z,false,2026-07-08T16:02:08.806Z,"""",,,,,,"
"InternetGatewayDevice.X_HW_eMDI.MVlanId,false,2026-07-08T16:02:08.806Z,true,2026-07-08T16:02:08.806Z,"""",,,,,,"
"InternetGatewayDevice.X_HW_eMDI.OutOfOrder,false,2026-07-08T16:02:08.806Z,false,2026-07-08T16:02:08.806Z,"""",,,,,,"
"InternetGatewayDevice.X_HW_eMDI.SIP,false,2026-07-08T16:02:08.806Z,true,2026-07-08T16:02:08.806Z,"""",,,,,,"
"InternetGatewayDevice.X_HW_eMDI.Thresholdpkts,false,2026-07-08T16:02:08.806Z,true,2026-07-08T16:02:08.806Z,"""",,,,,,"
"InternetGatewayDevice.X_HW_eMDI.Time,false,2026-07-08T16:02:08.806Z,false,2026-07-08T16:02:08.806Z,"""",,,,,,"
"InternetGatewayDevice.X_HW_eMDI.TotalPackets,false,2026-07-08T16:02:08.806Z,false,2026-07-08T16:02:08.806Z,"""",,,,,,"
"InternetGatewayDevice.X_HW_eMDI.WindowPackets,false,2026-07-08T16:02:08.806Z,true,2026-07-08T16:02:08.806Z,"""",,,,,,"
"InternetGatewayDevice.X_HW_iaccess,true,2026-07-08T16:02:08.806Z,true,2026-07-08T16:02:08.806Z,"""",,,,,,"
"InternetGatewayDevice.X_HW_iaccess.Enable,false,2026-07-08T16:02:08.806Z,true,2026-07-08T16:02:08.806Z,"""",,,,,,"
"InternetGatewayDevice.X_HW_iaccess.SecPlatEnable,false,2026-07-08T16:02:08.806Z,true,2026-07-08T16:02:08.806Z,"""",,,,,,"
"InternetGatewayDevice.X_HW_iaccess.SecPlatStatus,false,2026-07-08T16:02:08.806Z,false,2026-07-08T16:02:08.806Z,"""",,,,,,"
